id,host name,price per night
40021037,Arnol,2202
51612192,Tussan,1466
50593346,Jared,834
54153495,David,2398
35398711,Janet,1332
35124935,"John, Colleen",628
49088597,Rachel,900
52561743,Sheila,1086
14797528,Wendy,2202
7697751,Ilya,558
10829706,Jose,214
18919951,Melissa,1320
16572949,Bj,1110
37460790,Ash,1536
23469061,Sara,2024
6384579,Wynpoints,716
35459183,Nina,434
38432313,Kevin,174
18707993,Lauren,664
56249538,Allegra,596
31252593,"Adi, Evangel",628
9244585,Jean,1654
39670756,Jay,2266
12887195,Erin,1696
56612464,Hank,934
29832951,Nicole,186
31976581,James,1104
49962147,Tashi,1184
38269461,Athelstan,2124
47726359,Amanda Reil,1720
10296210,John,348
9419110,Sara,1726
38459065,Roman,1274
7658240,Marie,1958
31518710,Christy,1078
35282795,Carlos,590
16607535,Yoni,2240
7355504,Anna,2330
5463509,Eliahu,934
6063908,D,258
33301452,Tomas,2372
50851570,Ben,2220
44408999,Jay,2370
13603611,Ramsay,692
29539797,Mamun,2170
32428398,Eileen,1734
16343188,Michelle,2204
25948803,Carrie,494
39468608,Peter,1120
8103828,Taylor,1956
20274289,Tracey,882
41836856,Alan,1060
10553141,Larry,758
42519646,Rachel,1800
24407486,Charles,152
33534956,Jacob,1902
20901312,Randy,120
43938371,Kraja,416
23393191,Wanhsuan,568
26724031,Shelley,1776
14303656,Earl,2112
4948449,Richard,1794
25024376,Laura,1954
20095377,David,1142
1559786,Lorna,400
55215877,Michael,388
16697116,"Anna, Ben",122
23395599,Linda,1136
40828038,Ismael,1510
53375875,Emily,2344
34340041,Carina,354
16029544,Yerddy,1674
27142360,Lolita,650
24454221,Danilo,108
32866651,Sharlene,2140
14938311,Darya,1774
33104895,Lori,816
18856116,Marcela,1500
40121691,Vanessa,934
28477811,John,1582
28119312,"Brian, Rachel",382
1380891,Sergii,2330
26409195,John,890
23401727,Bryant,1432
37373884,Jannices,1026
13626255,Harvey,612
39375385,Liana,2048
6474226,Michelle,900
27550495,Lara,2252
45714864,David,2376
52933826,Alexandra,534
28575204,Lloyd,480
30273899,"Jessy, Christian",1968
33472664,"Ron, Leetal",1234
31144573,David,2344
1974388,Miralva,196
22967286,Aaron,778
52068393,El,860
39535694,Laura,2194
4088217,"Kevin, Kitty",1974
32451398,John,986
52246443,David,250
15302056,Andrea,2338
10605137,Margaret,1238
53460497,Morgan,150
22889994,Felecia,1956
35151903,Kisha,636
12215177,Johnny,158
11842149,Nora,1190
18847284,Edmund,1048
44120227,Ania,2216
33254819,David,594
20887963,Gretchen,1706
8155507,Matt,2190
50512709,"Aponte, Tat",1448
45713771,Kledi,2202
6470674,Michelle,782
26249516,Eduardo,2356
30098966,Levi,256
23376819,Kathryn,2148
52120301,Kelly,2108
26986665,David,516
20691473,Katherine,2304
54804466,Justin,722
10378728,Marta,1582
29644059,Yoshi,1866
15972786,Forest,346
29584997,Yizak,2336
45260173,Fred,2076
43529192,Han,1770
34003472,Caitlin,1826
46421718,Jessie,1532
48588853,Brianna,226
38073489,Danni,2224
44161932,Isabelle,2116
56685526,Kim,1884
50296987,Neal,2198
15944232,Ziv,974
3515323,Quisqueya,2084
47813514,Judy,802
31830813,Rated,700
43207369,Robianddebbie,744
21081583,B.,1084
6681048,Wilson,1346
21870479,Alana,1268
46441417,Maria Fernanda,1758
7001678,Mo,818
54570521,Karen,176
10075509,John,1852
33328849,Meng,818
14009677,Jennifer,1502
23399024,Tanya,2064
20899858,Shirley,774
4390513,Luca,1480
25641540,Vh,1012
15922675,Kazuya,400
14260412,David,512
44073268,Rasul,272
47722949,Michael,2138
4848687,Shasha,1060
25525171,Ken,302
20915310,Jessie,1726
40841481,Christine,1278
46500464,Vivian,1054
38820956,Blueground,2286
5686615,Heidi,928
34800682,Gabriella,1202
34848906,Sydney,272
16804071,Janae,1838
28805836,Karen,1838
4104125,Omari,1706
27320765,David,1924
29615082,Dasha,1898
44458087,Rose,128
47199370,Art,1310
32511473,"Inese, Michæl",1590
26157005,Emily,1718
24601404,James,1594
34578984,Anna,1462
29926898,Myra,558
39995530,John,1924
40058212,Mariano,2118
42631426,Kevin,1996
56110797,Debra,1404
45053489,Sophie,1070
46868540,Mariela,1698
3853338,Michelle,1118
30680420,Cleo,2136
38353106,David,1676
50417709,Richard,252
1610074,Coco,1258
29200938,David,1956
4669426,Fowler,880
45458354,Mercedes,1566
18977401,Jeniffer,2326
51992697,Ana,1540
54490804,Clay,964
48976323,Joel,602
55740466,David,322
51122039,Amiee,258
21338247,Sofia,1656
32003423,Lucy,1970
8830040,Dixon,430
54087340,Kim,174
2835185,Michael,126
12319314,Joni,358
57246497,Candia,1590
17607619,Christine,664
22620078,Catherine,1698
28463099,Natalie,644
52528536,Wendy,2278
3145604,Lorene,1724
1428663,Maybee,300
47590854,Mungyu,1130
37400174,Christian,2240
42838471,Paula,1308
31322259,Juliana,1162
3682051,Sam,2346
47312899,Richard,2126
51546130,V.Stephan,860
30890468,Meng,1580
25993660,Ivan,786
30701336,Mark,788
26899153,Shara,1950
45676166,Tov,2052
13778157,Michelle,914
52060769,Jeannine,894
25532263,Meng,1868
3548698,Sasha,1288
53608599,David,412
4353868,Kerem,826
47058659,Chris,1772
9834264,Corporate Housing,1022
47203371,Mizue,782
50267149,Marina,1256
28173661,Zane,2240
21507470,Faye,2356
37003740,Kyle,768
2273955,Perry,2058
22747309,Lee,252
33642506,Katri,486
26515769,Diego,358
26858240,Stanley,870
33621239,Sharon,500
47903452,Adriano,716
18673604,Kara,2368
30580791,Artem,1670
10199692,Dan,1766
22758316,Joshua,1808
18168724,Leatha,146
27251966,Guelma,2310
52925567,"Blake, Madia",1578
38991151,Oscar,1500
42339186,Mike,434
7378929,Blueground,1746
45191386,Murah,1506
45238938,Mira,670
39996818,Ling,1030
57141483,D,1798
48838935,Mutale,1602
53218246,Fozia,1114
2404200,"Will, Kim",1258
4199577,Nour,2024
47648900,Adrien,2136
8348537,Aaron,1298
10367954,Leona,1220
4053808,Rani,1916
43450776,Mark,2232
17375526,Cory,2400
37670529,Landon,274
1308280,Gal,1064
17593050,Ariel,1254
31873515,Lala,1876
14884117,Alejandra,1380
38178748,Rhonda,1904
35025119,Mark,154
12575021,Justin,1178
54674181,Heejun,1538
33967367,Bryan,1284
21961777,Vero,366
42778065,Philip,506
25384694,Gino,1188
16277337,Rich,1710
31756509,Sehai,1374
41982432,Laure,2290
7040464,Youge,1722
26723086,Spencer,1094
49653419,Alicia,2260
29510066,Sarah,742
15905573,Piya,282
17533097,"Anh, David",216
16273689,Victor,2008
29376805,Sam,1186
40135747,Ezequiel,1946
2801876,Ken,1944
10432970,Remy,974
24787072,Patrick,338
40179014,Evelyn,446
9651586,Luke,1964
25433844,Diana Carolina,2068
40202129,Adrienne,914
32387647,David,1276
37360695,Marina,1884
39891452,Pablo,756
19158988,Lo,1246
45622776,Ray,592
13879173,Nabil,592
10175169,Cory,280
33148556,Anisha,1052
12036422,"Lorenzo, Alex",1912
28316807,Josh,2394
4984591,"Charlotte, Aaron",186
21709327,Jeanie,954
55580535,Charlotte,362
22275392,John,1420
51367801,Antonio,980
24704347,Sarina,2388
22926403,Stephanie,1172
28457790,Chloe,590
56012209,Pamilitta,784
48802674,Farah,1874
21971516,Maya,1110
16952163,"M, L",998
45886119,Lidia,1748
37857648,Andrew,290
54346658,Koen,676
5117260,Yana,1666
24358293,Allegra,662
31833660,Darlena,1492
19904404,Laura,810
28744560,Hakan,1788
45060545,Hannah,396
41184536,Leslie,610
10286072,Ali,1614
9166640,Cupid,1980
44643887,Chris,542
6657712,Sonder NYC,614
34108782,Shampa,170
13845730,Sonder,1282
39244063,Errol,2282
28715184,Oliver,396
36797390,Heather,1430
24006066,Mostafa,2050
15897709,Dani,1224
4606155,Andrea,1700
8335398,Jeniffer,2084
22618264,Fernando,978
26074065,Gianluca,1826
50795831,Nicola,914
23710087,Evan,716
7777989,Carlos,838
28582453,Maria,2132
15758222,Clarissa,1860
30993768,"Laura, Jake",1362
15278000,Arash,1538
46372612,Cristina,2014
29269327,Rachel,1894
45561856,Sen,2226
39597567,Niki,2380
13538431,Patrick,848
6615871,Beth,2128
42280976,Carlos,472
24741395,Ali,720
36582218,Shahar,1762
5988673,"Ronald, Cookie",1158
26349863,David,1708
20668607,Ayodele,1392
24778632,Merrily,444
43423280,Wolf,756
13103414,Liz,1726
40197727,Jesse,740
40162109,Armando,420
2662978,Jolie,1200
20044569,Joe,2018
48942757,Farhan,1042
6269166,Mukaram,366
23560889,Lidia,1690
37005113,Alice,1624
29887498,Selina,1246
47127616,Daniella,2180
10285576,Sue,1188
2870010,Keon,528
42798513,Pietro,320
23253765,Lidia,1476
11777821,Mauricio,1548
31359336,Jeniffer,1066
9025074,Antonio,2170
37565554,Danielle,946
46918722,Matthew,2230
19514455,Ricky,954
19233074,Fabio,2092
56376213,Tommy,480
14770007,Alexandra,1014
17024491,Christie,1964
51172074,Jess,936
8104342,Jolie,710
21758708,Jordan,222
4933476,Kizzie,1558
45609305,Cynthia,322
55229790,Jackie,1480
13727232,Omri,778
7777049,Lily,156
30668210,Jay,1772
2633542,"Gideon, Chantal",982
56388490,Laura,888
45041942,April,1268
19576312,Shalisa,2196
39164471,Marshall,1284
36612472,David,2172
50549939,Lorna,1938
42134046,Charles,452
43833012,Stat,2138
44479321,Kara,1278
8159866,Natassha,666
8856131,Amado,1908
39732342,Elias,1530
26111577,Brenton,672
3318973,Stanley,602
39202422,Scott,1762
39896316,Saad,898
10574151,Gillian,962
16739943,Adam,422
57236806,Vida,1080
22959636,Ava,2400
42355633,David,370
30417073,Lindsay,262
28024557,Veronica Gallardo,464
54002962,Adriana,2354
4887842,Sen,1984
36538888,Sean,214
50675650,Ronald,910
36716417,Lauro,2032
51744636,Henry,1048
45150948,Laura,984
40452681,Peter,828
55251594,Viviana,1506
4614338,Eli,324
56830069,Jenita,1008
11751758,Yaacov,260
36749129,Juan,1350
54492536,Peter,1516
15802467,Natalia,1504
29303930,Carla,2348
31786387,Nour,1764
57297148,Dustin,1272
18705914,Jeff,878
33709007,Natalie,1972
30345681,Alex,1278
7712793,Andrew,500
27166660,David,1470
5839754,Sissy,862
51278995,Iris,424
18209542,David,278
7253867,Mamun,1936
47928923,Shirley,2080
21883974,Lana,1596
43786622,Iza,1848
9196113,Bobby,1162
26503860,M David,1318
20839441,Zhoe,710
52682084,Ute,1498
28634276,Chayla,1016
42381813,美德,1370
32465581,Edward,1268
39265531,Zahir,218
7057022,Winston,1296
29469789,"Todd, Ashta",1852
21444820,Marc,1420
48901778,"Charlie, Selena",2038
47975560,Cynthia,1938
45262344,George,1582
40301333,Jack,932
18688523,Jeremy,1222
11833011,Jordan,1216
19125202,Gal,304
43458314,Melissa,358
43657068,James,1700
1569133,Adrianne,384
35694399,Nadine,1612
21052429,Sarahya,2200
16376913,Barrie,452
34934870,Lenissima,1618
40450909,Vanessa,1512
44929097,Clayton,1510
18819786,Kimberlee,1672
45531464,Alanna,1594
2402607,Maura,1134
36088245,Elisha,1496
14398899,Mifan,1444
1668728,Joonas,674
10384874,Brian,222
10575157,Jack,736
3279850,Luca,428
8835379,Josephine,300
26687523,Michael,866
36332409,Leonard,2090
41478996,Katie Graham,2306
24785087,Joann,2344
36164776,CRNY Monthly Rentals,1594
50855960,Jocelyn,2132
24468194,Zoey,1492
45663539,Hutch,118
26009320,Sunshine,784
51417486,Amanda,1812
19345674,Mark,876
48062175,Stacy,728
20203950,Carlota,250
53858095,Helena,2124
2543988,Ana Maria,256
14819993,Guadalupe,932
33667925,Cory,1786
21906176,Marie,1226
54325640,Chantelle,2260
30645805,Lucy,1880
42477788,Krzysztof,714
9679181,Annie,788
41576735,Lyuda,1902
13159415,Matan,1320
27054783,Andrey,204
37528254,Tanya,2148
51760092,Pamela,242
14589273,Bianca,1118
5795247,Israel,2216
52975383,Javier,1472
40759314,Sonder NYC,658
39052283,Cici,1880
35565281,Assaf,978
20987751,Guelma,1898
31650690,Jocelyne,2168
6073309,Amy,368
36959734,Anting,1394
26118531,Baboucarr,1444
49786758,Eric,2114
25261409,Enid,2336
22194302,Reina,1482
34034680,Malik,2158
30741838,Laura,770
48679807,"Jeff, Elita",848
27273257,Lyshaan,484
27041687,Petr,2046
9452701,"Jess, Ana",506
9848626,Titus,220
56867173,Michelle,682
29422381,Rebeca,1786
4732259,Sonder NYC,1290
44689684,Meng,1422
50998650,Bella,1518
25772890,Yaacov,2284
45452650,Alana,1232
5055148,Hadas,166
13218741,Felicity,1842
49078860,Brenton,2178
53379235,Derek,2034
40204274,Tangier,246
20346302,Yan,1932
38447161,Liron,1624
46631416,David,1006
35371854,Rick,2244
29400964,Chase,2384
17799003,Michael,754
46530292,Seana,452
43982386,Sonder NYC,2110
5443969,Gabriel,716
44002815,Matilde,596
45805024,Andrea,1852
52568685,Magdalena,786
29289988,Jennifer,1614
27462378,John,820
52176715,Joyce,1432
32615404,Sophia,1922
7040384,Rasheeda,1818
40548363,Timothy,1562
6096366,Yul,424
23231431,Steven,244
27893947,Saiful,880
45112721,Charles,1244
40395244,Heena,646
14679611,Ryan,1734
56420787,Antonia,2370
35609424,Natasha,1522
48858420,Byron,812
20953307,Simon,454
4204605,"Lillybeth, Crystal",1682
47536791,Eada,1552
48825489,"Jim, Lisa",2172
22530296,Fran,376
55722724,"J.D., Stephanie",1270
2871866,Allan,574
38887275,Ken,522
27171809,Joseph,1360
13160639,Vee,1588
31299667,Jennifer,494
51183358,Emanuel,1712
39293333,Owen,264
45791934,Melissa,1664
35679423,Sabine,674
53814296,Joanne,296
27091191,Sinaly,910
49764296,Alberto,1104
27699298,Peter,2166
29560588,Lisa,1626
47475462,AFI Apartments,396
7905556,Lucas,2326
39710028,Stefy,2194
33437727,Lina,922
14425817,Fay,2366
40000878,Ivia,600
38566323,Mar,1342
39925457,Sarah,1856
49390686,Nevine,2294
5198045,Matthew,1888
55598886,Shannon,2242
9951362,Allan,1292
24546332,Chris,2334
20406454,Suzette,2132
56956579,Kristen,1462
29483659,Barbara,2400
29812583,"Emanuel, Orion",200
32359649,Sami,1052
36947677,Estie,486
44228552,Jean,1680
37943009,Betsy,1574
23421875,Gill,1362
35923803,Ian,1682
43374845,"Renata, Howard",1678
8004242,Paula,994
55686000,Agus,260
18958783,Amo,2260
51539748,John,676
50674909,Collin,686
17681535,Wendell,1144
52883993,Jonathan,1402
56024166,Sam,244
40508427,Victor,2194
3246793,Nataliya,1946
24195514,Liberty,1070
36702634,Axel,1282
24070684,Anna,950
49910448,Victoria,1008
56615572,Luc,1958
12414169,Paul,2024
11570504,David,1608
18798188,Humberto,1394
10459534,Taylor,670
15478580,Jing,154
28491434,Jason,234
11923230,正川,408
38171920,Ral,1812
18176288,Alosha,1270
31457139,Greg,360
11396073,Linda,1290
55626896,Devi,934
23621534,Lidia,2058
6090013,Cesar,1216
31658622,Natasha,1944
14639732,Kate,296
43603677,Morgan,508
33474077,Sharon,544
50295828,Danielle,1140
36307544,Ha,2068
21503423,"Leah, Reed",914
8268230,Carlos Ivan,1080
31178692,Crispy,206
35267372,Elena,1684
45834353,Jessica,1254
13793487,Sebastian,1348
24199333,Xavier,1244
27308185,Nicole,2274
20284351,Steven,1890
2305965,Tanya,670
47616399,Grace,2260
18863042,Artie,2230
54290673,Thomas,966
40477020,Henry,1392
52603673,Paola,2068
52402267,B.,1042
10582309,Sarah,2238
36892292,Julia,1374
50298047,Dadrine,1774
33512968,Wynpoints,954
5360688,Sarah,1052
23529750,Ollie,952
28607104,Alvin,106
54040946,Freehand,1402
53630175,Diane,768
44167937,Halima,2260
15555204,Sonder,2082
6552374,Mimi,1438
39077531,Lee,1716
45041814,Mrs. Alabi,1142
10356839,Miranda,1114
46564388,Molly,844
2507319,Yaacov,2230
36502004,Dani,1454
46286497,JoAnn,1838
46880112,Natalia,1524
44110915,Yonette,880
40320739,"Chito, Xavier",292
5717833,Natalia,1068
53789925,Evelyn,1550
3444927,Vin,214
36124335,Gal,1708
49584363,Alex,906
49722987,Ellie,1036
18443892,Latoya,1418
56525209,Julia,2154
36461109,Calvin,718
13813161,Phyllis,210
36432252,Charles,1478
31316560,Laura,2340
17242541,Ines,1112
31159500,Andrea,586
15393847,"Jeffrey, Casandra",782
6073781,Sasan,184
17638365,Regina,1284
32002220,Jeremy,982
27603302,Homero,658
35531455,Rogers,1982
9718991,Ann,122
7687217,Alfred,904
44767972,Maraliz,448
20821918,Dine,2074
4050172,Kori,686
14547626,Jose,1474
55133761,Arthouse Hotel,1840
32697612,Reynaldo,2322
18112463,Parnell,334
7866246,Christina,700
48804148,Ava,200
1966245,Mercedes,1992
18373298,C.D.,2324
15916086,John,430
42846824,Anh,2062
43811778,Emil,2268
35468675,David,954
29214179,"Andy, Friends",2086
20586323,Charlotte,1082
45525691,Kusang,2304
29553053,Danielle,516
8020274,Sarah,2136
55029566,Melissa,1744
31291885,Kdn,1812
20965217,Xris,1714
12378684,Jamiel,2066
21960777,Reed,936
22465325,Greg,1574
36521277,Shama,388
33196105,Michi,854
28038028,Amarjit S,724
10528474,Jeanine,110
41193924,Paul,1510
29175240,David,980
39708478,David,1060
25098161,Stanley,1384
10840905,Gerta,2258
27974687,Cebile,300
42875012,Rosalia,1288
54719250,Nutrice,1146
54812924,Jim,540
33786243,Charles,2160
53463205,Jordana,554
3667367,Tommy,1972
19306826,Rayna,434
2724807,Dani,1150
35005053,Ryan,252
39874286,Jade,2378
34416140,Cinthya,1714
56298619,"Aaron, Ivy",570
23372544,Mariano,966
41386424,Aswad,146
52857461,Irina,1116
55125157,Alan,558
19159791,Eka,2218
27683305,Linna,830
55337174,Paulina,516
47774957,Lori,600
17478418,Michelle,192
28472781,Jane,2110
26673476,Stephanie,448
4453146,Sebastian,1358
54627039,Martín,1796
22286126,Esteban,2036
2962991,Qingming,2150
49700036,Shea,1938
41425903,Isik,740
43690079,Rae,770
39541370,Avi,2048
1733816,Shane,2284
11703639,Chandtisse,1222
38479922,Howard,2134
5658981,Gena,1784
10952969,Jasmine,1886
20250269,Roman,1538
35712050,"Dee Daisy, Peter",1440
21929919,Jasna,2132
44103809,"Yi, Chen",1700
3101801,Caroline,2290
46685911,Brandon,844
5558690,Kate,144
52699247,Steve,1188
45188496,Victoria,2112
14301882,"Kevin, Karen",952
35676465,Michon,1282
46063083,Genny,1602
27202670,Brown,1384
1618846,Dominique,326
52268174,Gregory,1528
30487523,Jackie,466
36608723,Pete,1160
54102977,Sally,2242
39727897,Felipe,200
25031895,Timothy,1292
56392188,Raj,448
51678783,Monica,1246
55898593,Meredith,2142
1355545,Mimie,1586
15014696,Jeremy,1510
36598805,Carlos,958
21462022,Alan,1194
44697894,Kim,2234
23806653,Bryan,1080
27173895,David,1744
16339138,Emma,1162
21386297,Axel,1212
12688892,Liqin,2012
48058674,Liliana,2112
32016298,Moses,2272
27663825,Ki,1328
38587385,Richard,518
8728204,Alicia,2198
2607898,Cristiano,2176
12315741,Joo,2016
2979754,David,1328
9230669,"Joel, Marie",124
11872838,David,2052
9902672,Britta,304
15062020,Mila,450
19140425,Taylor,194
23027056,Saleem,1598
31638921,Tyrone,1524
57048474,Muath,472
26082363,Hawkins,1288
23188056,Toby,222
20275865,Funda,1438
29010505,Evan,1170
19111303,Konni,2186
38302463,Jordania,1488
21251660,Alessandro,1832
52069184,Gh,114
25469061,Brandon,1252
17385176,Jamiel,470
50626490,Charlene,976
53805364,Liberty,2274
39049771,Gaia,548
45293101,Hana,350
48509388,Camille,1822
25532537,Suzanne,1342
23554695,Ki,2198
47199317,Cody,712
14281048,"Hurriyet Aydın,",1168
38325943,Alex,326
44628073,Masoud,952
20987289,Daniele,2340
55506664,Chialing,334
28610710,Larysa,990
21018941,Petar,2328
12978288,Isai Jesse,1054
4366843,Yosef,126
30752886,James,2034
46556473,Jimmy,184
41297382,Esteban,2218
30768716,Brendan,1188
50125439,Hannah,1696
27826460,Kathleen,770
37467050,Julian,180
5865657,Jennifer,1924
51886604,Elena,286
30422816,Rossana,660
13177241,S.A.,854
32804496,Robert,1374
16560740,Raquel,536
5909750,Walter,1206
41857766,Laura,996
4574270,Carrie,1136
12863009,April,134
13852532,Judith,912
50166741,Izumi,1504
11087405,Maria,1332
10182348,Felicia,344
26453796,David,2236
48494154,Yun,682
32915714,Steven,2218
33713963,Erica,2224
55621008,David,1000
11561214,Eric,1562
30458860,Alex,106
15314162,Anita,1686
55496523,Jesse,684
20967935,Valerie,1042
42488430,Steve,240
38735533,Patricia,2054
17789969,Michael,672
26742989,Nancy,928
15847785,Paul,2138
24193588,Irina,1052
35956567,Anatha Angèle,1118
52089921,Sahar,1312
33445618,Carol,618
15434511,Rita,940
12281325,Talita,2044
33944429,Felix,492
44074427,Will,392
17434913,Lauren,1748
51725556,Seyoum,1296
28297776,Aaron,874
42292860,Aaron,792
15343257,Toby Steven,978
36871889,David,2250
10245070,Dine,2036
12754622,Alex,710
43608642,Lisa,170
1148480,Kay,1442
39695456,"Jessy, Christian",260
45263982,Laurie,900
56055832,Rory,1682
28901099,Anthony,1866
38242731,Katie Rose,484
33370222,Charles,1038
10888453,Amira,934
20462272,Dedy,2266
2053861,J,1736
3411818,Christina,440
20354641,Riley,1114
47607098,Safa,538
54661099,Jason,232
9358916,Levi,394
21861875,Taz,1770
43205385,Elissa,162
23766607,Jean,2276
10483293,Ketia,2288
38308090,Ismael,696
39663073,Lauren,112
28043886,Mark,206
46021562,Velma,998
4950831,Sasha,964
28317214,Yaacov,1394
5989942,SamariSankofa,320
42661374,Tim,1346
9514867,Osa,1306
5469801,Yahaira,394
55095208,Cadet,2008
19562769,Kevin4,1258
45917386,"Wesly, Jessica",1136
27947259,"Michelle, Eddie",1990
34134893,Rene,2314
21713827,Julia,904
20009483,Kurtis,950
54669057,Carolyn,1686
11322602,"Laura, John",426
18587602,Tim,176
46416030,Andy,1786
24262949,Clare,610
53374086,Susan,412
25594070,Sidiq,2124
24299877,David,1708
27472324,Yvonne,2238
54393791,Jermaine,1936
2739708,Natalie,488
14163171,Manuel,1304
14479912,Swati,1210
22060721,Christopher,556
14049757,Sandrine,1312
49546702,"Evan, Maria",498
41076323,Natalie,942
16558238,Monique,818
50905158,Devony,480
36284072,Netanya,2164
3702237,Daan,194
30295291,Christina,2112
1915608,Vie,1270
56085862,Natalie,1096
32849154,Razia,1086
6098695,Jas,1034
12376494,Bojana,1990
41002434,Carlton,186
56612138,Brock,544
31474389,Krzysztof,1940
39697811,Karilyn,1894
8445454,Adria,386
2840379,Melissa,1974
55765995,Azure,1060
6906828,Candace,338
3218226,Jacob,1490
23017822,David,2070
12216585,Mila,1208
55581494,Emily,228
1260280,Hua,2186
22881706,Chelsea,920
44857473,Sarah,2360
28957129,Kane,1368
5059538,Rasmus,606
10291009,Eka,1652
14592927,Tim,350
11841885,Jackie,636
15867119,Craig,466
26303289,Susan,1256
26615534,Mike,784
9009671,Weihao,948
54509944,Sam,516
14252866,Daniel,1328
54455327,Charles,1652
39617152,Glenn,2266
26889924,Gabi,308
52643629,Ariel,1616
17910537,Stanley,100
29499051,Pamela,1068
56763191,Raymond,498
55455836,Morgan,1902
45672418,Anna,1532
43223249,Alexa,872
24267683,Miriam,1746
52401324,Quisqueya,1602
35258862,Jasmine,1504
51472302,"Ben, Jess",1622
4826832,Athena,2198
8263764,Maria,1144
1068687,Kit,2190
55859285,Lara,1166
31758102,Natalie,1344
31506237,Simona,1418
54360633,Emory,1770
28753252,Ania,1550
46006815,Aaron,568
54496220,Charles,118
27849399,Victor,922
26709813,Yoav,484
4410592,Tracie,416
21706293,Ari,128
18650346,Sonder NYC,1010
25666225,Anthony,308
2755089,Rem,566
7288471,Ben,1674
12931172,Josh+Emily,670
40959996,Cinthia,354
40798387,Madelyn,1300
25222973,Chris,2226
49443672,Desmond,2136
53441334,David,2306
41894043,Brandon,394
46300467,Joseph,676
25985700,S,112
25254807,Breath Beyond,1076
19702255,Fred,1968
17257775,"Hurriyet Aydın,",950
25297396,Siji,1492
49442452,Hypha,1906
32717533,Armando,2232
39355217,"Andrew, Stine",434
50524723,Marielle,950
40231563,Jake,1406
25138820,Martita,1216
7413503,John,526
24645889,Jason,508
13313591,Monica,1254
23517413,Andrés,388
37721394,Marie,774
25562251,Chantelle,1594
39890271,David,2048
40689102,Colin,168
11190941,Jay,998
18926044,Carol Gloria,1178
24549724,Izi,1902
49942963,Jason,1594
31396067,S. N,160
29285881,Jean Victor,1380
9211966,Ingrid,2226
27018911,Terrie,612
48135203,Charles,1846
40087553,Anthony,2072
34604691,Francis,2356
28405129,Sarah,1762
36178031,John,2116
2833098,John,1316
39127449,Christina,1712
17129713,Marina,1306
37640551,Sandy,2162
20902810,Sara,1224
44874737,Carolyn,178
26915519,Zach,660
32190614,"Michelle, Evelyn",1646
15035639,Susan,384
5385938,Lucy,810
5385787,Kaptan,2046
53529578,Adam,338
36509086,Chioma,1696
31239682,Jourdain,198
18058578,Diana,796
22689014,Chad,512
3175385,David,1416
38611386,Chelsea,2012
3702823,Amy,1308
56764369,Joana,2076
22142885,Musieka,2252
50047608,David,636
3441899,Cherie,1414
46465829,"Laverne, David",464
21858418,Nicholas,1312
1061920,Angela,2262
32278922,Myles,380
43326455,Jodi,1366
5792231,Ros,754
53866116,J,1724
21452515,Anthony,678
14316874,Claudia,338
10136382,Harry,424
33980480,Tarin,1882
49454155,Samuel,300
20829655,ResortShare5,1060
2203548,Corporate Housing,1680
40139973,Mollie,1656
53748313,Sophie,1826
23552364,Dieudonne,1888
34261167,Stephanie,1886
13902296,Chandler,2082
47642378,Amanda,1564
33832811,Maritza,1288
54593366,Cole,1602
13900490,Gladys,206
17849102,Gabriela,422
37034468,Mark,1222
51655336,Daljit,2134
22471558,"Steven, Jon",266
32286895,Ritchy,2066
4204583,Philip,2006
12338561,Christina,2002
14556904,Lili,120
16593770,"Jess, Hagan",1652
38076401,Ira,1536
8850859,K,1186
14871609,Natalie,110
34234347,Lauren,546
21095604,Eden,678
13302016,Bryan,422
5986317,Nanie,1674
15970001,Glasshouse,1690
52982311,Bryan,2112
38723085,Luke,568
14646177,Qusuquzah,1864
37420887,Jane Anne,1696
14615360,Walid,1500
11018862,Trevor,204
54757058,Ociel,178
48829272,Janet,1610
31343508,Camila,2116
56178043,Conny,1746
15351386,Imran,1536
11793817,Mark,638
26662248,"David, Annette",1604
43837516,"Anamaria, Ricardo",1356
47167081,Cici,1368
46472125,Abbie,852
10890935,Christina,2224
41930266,Kate,728
20501118,Amber,802
11296865,"Jeremy, Laura",2198
39335999,Tricia,1026
34044087,Arthur,316
35644550,Ema,2072
28444303,Renat,1432
30681055,Fotini,124
20354244,Beatriz,1114
36379574,Tangier,636
42763496,Camilo,2186
44305695,Todd,250
47835526,"Dee Daisy, Peter",1160
2881549,Carlos,952
15416353,Matan,2214
26073410,"Ken, Andy",1322
36938576,Reed,426
30055089,Mercedes,1926
9638428,Anchor,2356
29212310,Meng,220
5640528,Abraham,714
4594123,Laura,156
18470738,Tanya,1844
54614986,Sofia,1536
19442356,Mich,1894
5788905,Christos,2112
18488646,Aj,2214
48396168,Wendy,536
11430499,Corey,384
22615357,ResortShare5,1902
47305115,"Maytal, Ken",2390
13638606,Ikkyukim,700
16680410,Xavier,1614
20809875,Charles,1836
31714088,Augie,742
12222378,Rhonda,2034
29040867,Michael,1184
9534982,Masahiro,862
56943081,Gerry,1794
28543834,David,928
49711925,Anna,1524
11543534,Maryse,1484
42016769,Michi,380
55464695,Fernando,1282
50862096,Diane,896
54581790,Katie Graham,1530
17331293,John,308
19369112,Brian,1830
21632218,Shahar,2094
28793098,Rachel,950
26486610,Andrew,2310
18515049,Zichen,2084
5860095,Valentin,2310
35584310,Luis,1806
50478633,Ana,228
11597442,Annika,512
9520387,Sandra,828
31300459,Vida,272
21215021,Kudjo,1448
21242472,Alexa,1708
19885970,"Brian, Jonathan",1158
42147427,Alan,2070
9772326,"Dave, Nat",776
7317954,Jessica,1882
57106938,"Jeremy, Laura",502
22066415,Harrison,700
34609852,Tomislav,1452
32091088,Karl,882
56663715,BeautifulHarlem,2274
54785487,Anna,2342
55323696,Aj,1786
21301090,Andre,1840
26573943,Alfredo,946
15197527,David,376
2709779,Lisa,624
1976515,David,1248
10060235,"David, Derek",1208
30165610,Nicholas,1076
56988250,Ali,998
38993646,Regi,114
14143876,Ronald,852
17778963,Basil Walker,1392
47061706,Omar,182
26810396,Catarina,1856
3937596,Autumn,552
39308841,Alvina Da Silva,656
35364106,Melinda,522
28144626,Minnie,1288
30255225,Alejandro,2394
51102330,Leli,2116
48727446,Matt,324
41843968,"Jeremy, Laura",1462
55981092,John,936
18140234,Paul,402
32981217,Yan,250
47619484,Marielle,1108
11647625,"Tal, Amarelle",1352
10458195,Harry,1776
48061019,Sabrina,1820
18669029,Melissa,496
47921238,Vanessa,1946
18551103,Chris,1596
19890421,ShawnTa,2296
6644788,Zoe,638
42835627,Emma,1724
12141557,Melly,948
16798348,Branden,1480
42839941,Enyinne,682
2478399,Daveyjoe!,1738
9043646,Caroline,2230
18599089,Marcy,832
46496495,Vida,1268
33210224,Sharon,1116
1044543,Beatrice,696
39041710,Sarah,1994
37494087,David,814
8953640,Shuly,1978
14264369,Yelle,1538
27100274,Steven,1410
28386274,"Merylin, David",1862
51857172,Denise,1802
37169117,Rebeka,1784
49111729,Angela,1214
18973124,Ouii,1448
49019433,Michael,216
45636344,Tanya,1358
8993458,Steven,1782
17036944,Kate,1282
41436198,Mercedes,1060
38342266,UBliss,394
27050660,Diane,2350
1880108,Andrea,2398
30956336,Shirley,2310
51021703,Jose C.,974
43950807,Kelly,158
36811637,Christelle,246
56841876,Felami,2340
36469913,W. Alvaro,606
3109546,Sam,338
23151750,Anna,1826
54708817,"Chito, Xavier",2310
19509042,Ava,1358
20357438,Alex,326
21296533,Joshua,1842
3486439,M,1238
11342390,Zoey,2098
32590128,Wright,1908
32103311,Melissa,1352
26169922,Carmine,2014
36535036,Julie,2044
42625082,John,1864
29537075,Irena,1318
25017900,Patricio,196
43584967,Irwing,594
4225051,Donald,1388
26218691,Francesca,2048
40518976,Marie,1698
3312997,Harymir,208
4906277,Stanton,772
46803468,Kyunam,1780
51612328,Steven,1826
18016983,Maya,2132
56560926,Maria,570
2398234,Jeniffer,750
26204398,Eva,1082
31892054,Angelica,1170
18797431,Host,1032
26177236,Mada,1028
32434077,Maksum,630
33606017,Aleksandra,2114
41867708,Courtney,2140
18151862,Tony,168
20758945,David,924
27441131,Ro,396
34044875,ResortShare5,1854
1798817,Adrian,1792
56682061,Annajan,400
48714889,Shira,446
47737292,Abdulla,1832
22055616,Adisson,720
27614437,Weisbrod,120
7593444,Gúney,584
40622337,Vin,1878
35360096,Amy,1174
30879111,"Charlotte, Aaron",1038
7073482,Emily,338
22890900,Mark,890
30323820,Michael,2038
4044666,Host,1886
43522109,Henry,1382
54698888,Kurt,1378
26527149,Blake,428
23028697,Jenny,314
39156621,"Clotilde, Nicolas",1196
22720464,Stephany,1660
8770003,Alex,2184
33179224,Mada,1686
19494942,Alfonso,1060
6973360,Bond,416
25892791,Nick,440
36059715,Jirapong,1404
38785145,Kevin,544
11420448,Lev,1016
26304975,Jerick,158
48421938,Anna,1360
18805216,Aditi,254
11673722,Rory,2310
12806449,Richards,338
14150805,Maya,1508
45283756,Mikalena,1606
47650123,Cat,256
49682887,Estie,904
20175517,Katie Graham,1228
54916813,Sarah,2320
38357647,Lisanne,2256
32498562,Kim,1410
22391556,Elisia,2184
27047329,Mat,1308
7799784,Joel,1866
12310406,Yang,344
32185746,Mike,1504
53857753,Kc,670
28017042,Alice,2070
55048627,Sylvia,484
43677281,Yun,954
41507991,Yerddy,754
45662980,David,1262
46771431,Joei,222
35202647,Ioannis,1798
25259101,David,2052
42635941,Mia,1182
21862256,Red Awning,1052
7717377,Marie,802
47623228,Zdenka,686
32958119,Carol,2212
20490867,Susy,526
50589426,Lenissima,714
7644910,Philip,1536
47745484,Claire,1036
27118393,Karen,1044
44021732,Samera,1338
53417016,David,652
52427443,Kerry,1428
32845649,Xi,1288
5233414,Danica,1728
12746602,Martin,770
12116152,Vida,536
36398728,Fatima,634
17214523,Alan,1402
12994854,Nuoya,1894
38276911,Pierpaolo,1950
11196244,"Gaia, Pietro",290
39022997,Juan,2338
34991895,CRNY Monthly Rentals,1914
8372409,Jonathan,1570
50524743,Charlotte,1620
32911637,Andrea,1944
26798863,Rose,1222
57251699,Rebecca,2064
28350828,Charles,2320
20775996,Ivan,1426
55382957,Chris,2280
38588510,Mollie,1722
13141756,Joel,1716
24631250,Kimberly,344
20486471,Izi,908
38062557,Byron,1730
48521423,Kai,464
19216074,Rebecca,248
17226046,Dominik,1606
8724268,Joe,928
16141045,Concetta,932
48935719,Brett,514
36036236,Tom,410
37009449,Sonder NYC,230
36265234,Dan,1882
5801235,Shanice,1680
26058901,Lauren,1286
56713562,"Ali, SweetPea",980
30684257,Paulette,300
26967492,Ouii,618
41099553,Clark,2046
36428521,Dan,1958
45724674,Faith,1124
37112004,Mehdi,2052
1106272,Kamil,810
14737568,Jeny,324
37660004,Linda,1236
33755110,Jeanne,1538
42464112,Nix,476
27049720,Danny,1444
52745665,Stanley,1350
23932441,D,124
27667541,Paula,592
18665590,Kevin,2334
50722056,Prav,1806
13586682,Liset,552
24606351,Suanny,1900
2541336,Enyinne,1516
32725603,Brett,560
50947291,David,242
5023814,Pietro,1330
54572856,Arturo,708
4640586,R,420
43650231,Sonia,2198
15308514,Sophia,1784
28522413,David,1442
5812607,Raymond,1162
24124154,Andres,184
36859131,Ismail,1974
12054871,"Omar, Kareema",2014
10490365,Mo,1740
25566150,Mo,260
20861581,Machel,1526
34718286,Kara,508
19195274,Kate,614
12811295,Angie,2000
16252431,Lina,1908
49639793,Miguel,862
43916923,Arthur,1518
36805297,Chris,2076
49480374,Rebecca,2112
29545746,Sarah,320
4255591,Charlie,1580
3344456,Tyni,402
39959994,Esteban,1198
28865117,Dee,2088
36264298,Jason,568
8117815,Nicolas,2040
44605920,Rose,1052
24094698,Dalton,1460
42680767,Litza,568
28200800,Jessica,108
54362623,Jennifer,210
57014461,Eric,282
9339959,Mark,2184
31054187,Jenny,2266
48763989,Zachary,1322
18412290,Gilberto,2088
47301228,Roxanna,1860
56149428,Frank,812
45187358,Alana,1572
49064337,Eja,1090
16470088,Desmond,2070
30456260,Ori,342
2754762,Russell,448
42289403,Andrea,1484
19573403,Ingrid,230
34513513,Micah,1108
15855374,Daniel,748
27567867,Dee,1054
3081565,Cari,240
51681908,"Jeremy, Laura",2266
27936151,Greg,2198
45168276,David,312
5614851,Naz,624
45640778,Nina,2316
39356670,Erez,474
19318228,Analia,174
2077901,Chelsea,2186
56909395,Pam,628
20877954,Rahel,1132
18589184,"Mark, Stoph",1376
8774090,Bart,1256
8117550,Martin,1214
48445939,Gunnar,1504
31413480,Erica,2276
14780745,Natalia,1448
27420904,Dafni,1944
55218224,Darlene,1522
37234296,Delanique,2002
32476742,David,1650
41003254,David,806
8908333,Tessa,256
56246052,Trey,2182
11197058,"Miguel, Marisol",902
6160821,Miriam,478
14981139,Tk,1840
20235348,"Tim, MaryAnn",414
10222227,Daisy,490
32512668,Etwin,1690
8123891,Bianca,116
15392713,Fana,172
28138619,Lily,816
27656973,James,1360
6425131,Shatese,1026
53226343,Lenny,1854
32582082,Daniel,1556
46354409,Chelsea,802
16881457,Paula,2116
12364619,Florence,2390
31937178,Jeny,1154
49191500,Amaya,1386
14649237,Junior,1352
10007017,Albert,1990
45958735,Melanie,2064
52233169,Paula,288
4685063,Troy,1930
36012578,Mj,1702
34726700,Tirinda,1486
5309320,Robert,1796
4532697,Eni,2238
4806163,Israel,880
12299071,John,1756
14665384,Bianca,104
40741763,"Marcelo, Lucio",202
2526369,"Lauren, Ben",140
46738387,Steven,1236
55587161,Karen,2032
28605237,Christopher,1958
36624980,Kc,2040
56476380,"Seun, Marie",1682
32893518,Jeniffer,466
28357783,Mario,336
16656638,Aron,1410
2941817,Catherine,2198
19430135,Talia,1632
47727731,Baron,1582
44100837,Pauline,1938
44808491,Michelle,2378
1454915,Steve,2046
45361715,Sarah,2198
55209683,Cody,1718
18014781,Linda,1116
4008739,Gus,1924
55669873,Jojo,120
1694370,Sam,1104
6102363,"Deborah, Aston",1294
9356455,Sarah,1616
13763970,Gibson,654
4403198,Alan,1030
26598651,Kayla,1414
46744819,"Michelle, Eddie",824
47078799,"Lucy, Rodo",786
40481328,"Terrence, Skye",1198
25343510,Wanhsuan,792
40628436,Sonder NYC,1920
19193519,Oge,1504
23443664,Marla,2274
54238885,Caroline,268
2656916,Jonathan,2002
49717639,George,256
53602304,Eric,2162
56405030,"Pi, Leo",1772
24899398,"Sharon, Erika",348
27395160,Martha,400
25901356,Ferris,702
53818235,Olivera,2216
30079520,"Sharon, Erika",1682
28517215,Chris,1268
19655925,Ramiro,2022
46951395,Tanya,1008
22329463,Toli,914
2820988,W. Alvaro,1726
34202269,Sunshine,460
37884407,Nuttamon,780
5100564,David,1504
56949843,Melissa,568
37533274,Eric,312
47305964,Diane,2316
12060060,David,2204
29010432,Laura,1184
50820578,"Diane, Brice",1120
9954031,Isabella,2056
44610205,Jackie,2288
45168995,Luke,1358
5197854,"Bel, Camila",1298
51947054,Linda,1662
3287747,Tunzil,1016
34693401,Marie,2000
48601890,Mo,1622
42368995,Anchor,1950
35390397,Han,374
45272969,Alexandra,244
46416547,"Paul, Elena",646
9136836,Joel,542
48617832,Stevens,358
55078478,Chad,1876
21438269,"Natalia, Gustavo",1372
28238524,Michael,358
3257494,Dim,1838
26145362,Mila,414
3162890,"Mark, Josephine",1414
16779683,Nazma,718
12062839,Tommy,2316
10123399,Kinser,1900
15270794,Rose,306
20153509,Isabelle,730
41218232,Allan,290
26225136,David,1302
9479882,Nora,570
49903203,Kali,730
21942644,Elika,1970
46717357,R R,752
13622198,Etwin,2302
49741899,Kay,216
27740050,David,1176
38903090,Aurora,1122
39805381,Aaron,2364
9975103,Jose,284
19849223,Yve,2072
37114521,Lux,1196
24481047,Victoria,432
29811251,Julie,1002
26747302,Andrew,520
33807091,Monica,386
7198184,Rasmus,294
56112579,Lara,1530
24903242,Renee,1132
24297909,Esther,1108
9729477,"A, B",2274
11070472,The Manhattan Club,1070
55483563,Ms. Debra,1858
23694371,Inna,746
13297829,Suzy,1770
15947028,Alexandra,700
34681944,Yuna,750
15956789,Sethu,888
28708688,Yogi,616
31872699,Andrea,472
50277931,Sophia,1458
33603420,Sunshine,1028
48841271,Monica,1812
21329950,Emilio,1978
4463129,Antonio,1128
51444682,Ross,596
3265097,Jessica,1804
42544984,Joe,144
46224341,Jerry,2112
25841727,Honey,360
28030543,Stanley,710
9410307,Daniel,1492
16298472,Fleur,1786
35136158,Haruhisa,2048
7068132,Sara,1812
8341614,Elizabeth,1444
34894325,Ashley,1128
40225151,Vanessa,1012
17921167,Stat,1126
47803629,Sophie,1172
24277137,Brock,1882
47372648,Veronica,1334
2245485,Nikolas,344
39560902,Sebastian,1096
45858847,Marina,1478
28305118,Fer,232
33162600,Linda,2186
18218965,Carlos,1872
8982687,Sonder,1514
49494151,Crystal,790
23575545,Elizabeth,2222
8580229,Harold,1016
39335172,Alexandra,412
24705465,John,794
34810618,Lauren,1380
2445812,Pamela,844
5959507,Zack,980
43418179,SamariSankofa,272
7445981,Sergii,2360
29604291,Connie,2262
25773697,Analia,1252
27133589,Tiffany,2054
24598130,Andrew,1382
54730166,Vinneth,460
40881139,Jennifer,2390
52381971,Stefanie,1708
50784837,Katia,1236
44017787,Torell,1310
43148446,Wenying,1534
13453348,Theodore,1518
52883125,Dimitry,2052
16836820,Paula,442
10258361,Krzysztof,1478
52973993,Emily,290
32717272,Kuma,546
20011094,Sophie,516
23068887,Adedeji,1634
42166267,Dan,226
40939328,"Shay, Adam",1720
8353689,Ikwo,1434
32774591,Michael,1076
37009584,Jonathan,1456
41762815,Stacy,1560
13980334,Kris,1654
39256622,Andre,814
56220743,Rosalia,1276
2943140,Rachel,406
7083515,Sandra,2314
43432508,Ilsa,1558
17236523,Rachel,1210
35441468,Sueann,2262
43695373,Evgenia,2126
27795544,Owen,970
42426565,"Lisa, Jonathan",174
27555053,Katlyn,1422
28647201,Charles,1238
43957938,Antonio,872
8911216,Analisa,126
15628789,Fred,1192
25937140,"Tom, Lily",2290
5028981,Bea,1610
40127459,Carlos,1614
54575647,"Luke, Madia",134
20407927,Telitha,2274
56140703,Mirco,1344
21845761,John,2166
10658338,"Laverne, David",2104
11744350,Nir,1936
3824919,Birgitta,2214
25724853,Elise,2212
52518879,Christian,2016
54865787,Jed,2354
45419965,John,1134
31486775,Jeniffer,426
10896070,Fernanda,184
40314864,Nilu,2070
36043217,Paris,1774
15681405,Fred,1312
7347653,Bret,1226
31771387,Alexandra,1618
47724675,Claudia,2358
50220076,Jenson,902
39298292,Torell,1710
31900381,Feliz,368
35173300,Mitsu,860
18502256,"Sen, Ti",960
24378455,Laura,1322
7790472,Edyta,372
37422961,"Tamara, Fran",2346
26869083,Melissa,2354
18099164,Kizzie,2240
11502809,Tny,186
7904687,Javier,1442
47569398,Izabel,2278
49237994,Eric,596
55333862,Cassa Times Square Hotel,972
26962986,Laura,1766
45378123,Gautier,1742
44436265,Karen,2332
3475094,Andrea,170
56007425,Elizabeth,738
43632910,Connor,310
5774323,Shana,548
41425462,Russell,1434
2988925,Esther,882
4673563,Nikki,116
28097110,Emily,1848
9881250,Modesta,544
29168690,Charley,1928
37826494,Joseph,210
49258454,Kevin,152
32709000,Bluebird,1968
45421057,Sally,758
53030981,Lyshaan,2076
36185115,Giana,1596
44119616,Tanya,2138
56210190,Sne,944
32701916,Mary,2274
8515214,Max,1310
50774305,John,506
56568053,Lidia,464
24316952,Georges,1440
56903189,Lauren,2266
18010229,Suhel,166
57135262,Anting,2216
30572457,Liz,1248
15545524,Jean Charles,414
54235758,Kristin,398
12782582,Myrna,2012
14888503,Nurcan,1558
6828500,Waldy,1602
1418572,Ali,1938
35719581,Satish,1984
42422826,JohnP,416
10390369,Michelle,1232
9148675,Safa,1088
32866017,Jimmy,2138
23239263,Annick,160
35412247,Yekta,2122
24170354,Bryant,1664
20250057,Juan,1088
16101344,Kaan,1674
28027585,Zoe,1716
12432177,Dana,1716
37743501,Marni,778
15958088,LaToya,1230
24334458,Bianca,1058
30393280,Tina,844
35023538,Bryan,1692
6516758,Evelyn,138
38268746,Beth,1486
38190007,Drew,2378
10642173,Margaret,2244
23080512,Marcel,1168
28746471,Darlene,704
44568038,Janae,1430
12736480,Jacob,2398
47012155,Christopher,2116
6847202,Bea Ebony,658
53587823,Gal,1580
55987016,Shola,102
29902298,Rogers,2398
35437816,Bridget,1544
10995890,Charlotta,488
6784954,Matt,290
4492532,Esteban,1422
49554811,"Alex, Zeena",1258
42381477,Johny,1588
16801206,Sabina,2186
46945036,Mark,452
3463061,George,988
49848209,Christophe,1342
20490130,Inez,250
16129618,Kimberlee,1400
42281542,Piero,260
19959011,Susan,2054
52248455,Stanley,380
39662443,Jeff,880
7065207,Eva,822
47127138,Ruben,1578
36396057,Kelsye,660
28358020,Michael,1410
25388232,Lawrence,318
3202230,Madeline,2182
36091176,Jen,1300
29686870,Marie,1592
9667167,Ana,1752
12637782,Miyu,1196
55569578,Saiful,966
25347427,Javier,168
30045241,Tiphaine,142
3644008,Emma,2202
52653960,Aaron,1624
37672113,"Stacy, Simon",300
54498172,"John, Colleen",1946
10770672,Sean,1154
50229235,Mungyu,524
43032390,Victor,1962
21966169,Alona,2116
52407456,Hongzhi,184
37751642,"Hassan, Patti",2100
32447519,Lucky Day,276
31810350,Nikki,1158
9736705,Matt,1652
27847357,Katherine,116
27047010,Angelica,1418
51415297,"Jean, Gabriel",1222
36394128,Teddy,502
28004413,Meg,2352
42014626,Josie,656
43914910,Emma,1230
38056069,Rose,622
26260321,David,2238
4721622,"Ken, Andy",1526
19001080,Lora,714
32569218,Jorge,2350
52608583,Yan,1280
26052712,Oriana Alexandra,380
43427219,Ameer,1750
33979863,Rachel,2266
47593649,Goodyoga,662
39345244,Ade,284
36364221,Lauren,1340
54332309,David,766
9798226,Alberto,1870
50296179,Juan,2196
17328152,Maria,1536
27829001,Suket,618
45854068,Pat,436
18914756,Armando,2350
26343499,Florencia,540
35380921,Trilla,1282
40286057,Alexandra,2380
24067834,Peter,2076
56681445,Andrews,104
25861433,"Graham, Ben",1546
47120572,Taryn,1802
9783764,Maireni,2354
35579479,David,2154
33777618,Glory,1738
1146958,Elena,1960
12164450,Karen,424
7391463,Mark,558
55659916,Mervin Michael,268
35612567,Nana,2208
48645676,Daniela,416
42869932,Svetlana,848
49944079,Jacques,854
55773393,Dimitrios,2262
56525118,Angelika,1376
19727376,Mathew,1454
24084998,Sid,2012
41590327,Lucy,926
37311896,Adisson,970
15689052,Marian,446
28443613,Yohan,1650
54266136,Martin,1060
31488447,Henry Norman,1426
19842266,Dipti,1284
17783413,Hayley,1064
50729352,Monica,1746
55124593,Yukee,628
35244118,Alpana,2290
9769677,Alexandra,1522
29153003,"Tania, Juan",564
38600762,Jaime,1938
27885089,Natalie,1522
1492969,Pauline,396
20704406,Robert,2378
45494222,Kat,294
44273245,Seth,542
9978886,A.J.,556
41365618,Amos Rothschild,1766
47705380,Austin,844
54766768,Richard,1346
44786488,Jibari,1514
28108856,Zach,1778
17920979,Marisa,158
49237093,Chelsea,444
44963307,Pamilitta,1340
30145489,Vivianne,2346
52840853,Elaine,636
56943059,Migdalia,184
24297297,"Umut, Deniz",814
50783719,Zhaoyan,324
49929209,Pao,1616
51671510,Gerardo,2074
34817353,SamariSankofa,522
26447378,Gracie,606
28306276,Edwards,856
37800376,Sacha,410
56343715,Adeyemi,1190
2919954,Elizabeth,1244
46979039,Anne,826
10018079,Bruna,1356
55081719,Rachael,2090
48488838,Kevin,104
31603911,Jonathan,746
21050875,Ami,524
35868090,Stanley,1972
38360753,Hillary,638
54899096,Bedly Bushwick,122
30637820,Orit,1032
11936701,Nadine,906
16273384,Muath,1968
35966434,Ali,940
12142289,Bea,1880
41770498,"Chris, Celia",568
8302522,ResortShare5,2040
47227083,Jacob,486
34427154,Meng,2044
2918251,Ana,1826
27608329,"Clotilde, Nicolas",182
10708839,"John, Christine",102
6242203,"Gool, Jitzu",1352
53971753,Felipe,1132
16301501,Katie Graham,546
46540920,Han,1772
55116050,Leo,1786
54311723,Jackie,440
33615953,Carmen,1262
40348503,Brooke,252
12248876,Zack,1944
25464812,Alex,1698
53894037,FuKang,1350
43634951,Dadrine,1168
48117428,Drew,1520
28964469,Lucia,976
38560886,Sergii,1066
56837341,Chemme,686
44463918,"Brooklyn,  Breakfast   , Len,",1408
6360855,Tomas,1876
10570823,Angela,2170
30545279,Mattie,1528
7922401,Angela,264
38029748,Richard,738
19426060,Gala,256
22546612,"Max, Katie",460
28254532,"Sara, Hila",426
35185715,Monica,1250
22424994,Bianca,538
10127204,Nichola,1052
21809832,Brendan,986
32899208,Andi,1226
35135601,Davis,408
45690159,Yinny,1762
10596246,"Kamilla, John",362
41387104,"Mark, Annunziata",116
11042261,"Graham, Ben",1198
2991619,Katie,910
46572496,Jay,2002
12905609,Jaime,2062
50451160,Sophie,260
40270837,Linna,2276
30669753,Edwin’S Place,2018
31352952,Mike,1638
36307665,常春,2294
51101080,Kv,316
15160635,Foster,1720
15432074,Wynpoints,1342
48569029,Shahed,1034
25693546,Josh,1478
42028232,"Lorenzo, Alex",1464
33971157,Corporate Housing,1250
34265225,"Jenny, Lynne",382
55267543,Eduardo,544
30230468,Jonathan,904
55596642,Tamara,1654
17152103,Meghan,1226
2171071,Nina,2116
36387746,Shuly,1614
38720021,Sari,1000
26406136,Sonder NYC,780
22147248,"Omar, Kareema",1650
19564380,Kris,714
28240905,Heidi,654
4801526,Nekhena,1564
41900667,Jenn,1852
47164291,Sara,464
11812742,Gabriele,578
5433633,Gregory,856
2221982,David,194
47865731,Molly,498
21559901,"Pat, Shelly",1416
45245935,Saki,988
5444958,Brian,1644
11866322,Mark,678
9832144,Lorna,1956
45081714,Dan,730
30175109,Cameron,488
33884868,Helen,1462
57223263,Lin,1774
54631594,Rochel,1882
35209481,Kat,1982
46882173,Julie,1656
53657214,Natasha,1500
22925644,Bryant,2010
44517574,Annie,314
33252124,Hitalo,2250
38529428,Lauren,2318
50420317,Courtney,1110
14411380,Brandon,442
12573164,Eun M,2210
40734072,Ben,568
25473119,Michael,2154
18657016,Carine,1802
53679052,Jon,2144
52665845,Billy,722
36270147,LeeAna,2054
28412682,Paul,2164
26332864,Elizabeth,1244
41477316,Anna,2204
54506063,Joy,1310
39110420,Cristiana,2086
36637267,Chiara,872
32292103,Chaz,2264
13352056,Charlotte,1322
39530309,Wes,1874
22412647,Lola,1830
17038012,Elena,276
46552060,Onome,1570
36165413,Anjela,1776
1793852,Hitalo,968
31378726,Maha,1588
37838704,Angelo,1644
49450319,Kris,1568
19953954,Rebecca,650
9910786,Augusto M Gallardo,2184
26112310,Danlin,576
10103995,Anthony J,1182
22306257,Corporate Housing,1140
53183840,Charles,1330
20052623,Aleks,1474
33366668,Frank,552
29755997,Mark,1344
28098161,Erin,376
31167457,Tina,846
2967222,Al,1172
20081883,Chiara,1702
35879013,Hugo,674
23286474,Bani,456
53294549,Eugene,2104
19056861,Chris,2356
53827252,"Cameron, Dione",1838
8286230,David,2252
24954899,Celeste,256
4468809,Kevin,560
22317705,Poma,1318
13823468,Blueground,1308
18469986,Angie,2020
23021128,Raphael,464
31754799,Jp,990
19784923,Deborah,296
39093344,Joris,1076
35822024,Yvette,272
34048249,Bettina,378
40767324,Ruth,2072
22484196,Nick,114
50232798,Nicolas,1310
13909979,Haim,1076
23700614,Mike,438
47234360,Wilson,350
31248522,Kara,1086
15749368,Alex,2140
11628422,Nabil,1990
52503850,Buke,1204
18090298,Mekkie,210
3405508,Kandi,404
12841546,"Daniel, Helene",540
18194934,Mariah,930
35439977,Sonder,1184
11641744,Ayo,276
46362026,Leonice,1494
31327544,Antonella,416
13313483,Victoria,2380
12182227,Monika,2032
25766781,Nuttamon,288
26632692,Ingrid,710
13515225,Haley,1780
36734096,Eliahu,1298
26227968,Michele,304
28937238,Joel,122
12117184,WeWork,842
45439253,"Donna, Joaquin",1226
17096412,K.C.,2282
8006245,Griffin,980
31155066,Anda,1860
24521273,StayWithaTravelWriter,1262
37074779,Carmela,2092
25353392,Isabel,206
29008454,Melissa,1944
52013254,Jimmy,842
10132796,"Pam, Dali",1374
22630264,Daniel,1434
18028551,Sueann,1564
40077025,Tye,1760
19472918,"Graham, Ben",960
53659340,Daniel,1506
51232508,Jeremy,2344
23601293,Sharmila,1014
41786795,Donna,1200
26747678,Tomas,2064
35537104,Madison,1740
45779645,Michael,888
33739809,Gúney,1616
36621533,Anthony J,1056
26608707,Beatriz,670
46318575,Giovanni,1704
47229156,Maria,2158
36036443,Ada,100
15834012,David,1464
17325996,Adam,1242
38292690,Yury,1918
4727449,Fabricio,1674
47197011,Danielle,1250
41432259,Raj,428
23140795,Melissa,2050
36729896,Aracelis,1048
12513125,Shelley,2116
56364863,Jonathan,602
22596348,David,606
1204767,Angelle,1098
39538577,Alex,1078
50399959,Thorill,328
38717060,Veralisa,1016
16750890,Roberto,820
53368566,Melvis,1206
24441161,Sine,596
4743735,Shylie,896
16450129,Jason,232
25633177,Jacob,2216
50730873,Ero,572
52089097,"Nicole, Jason",558
56162003,Juan Carlos,878
31538373,David,1300
11138974,Yaacov,2102
10153862,"Pablo, Anastasiya",376
37289647,Susan,486
27540394,Eduardo,2020
4067484,Marcus,394
45583194,Kate,1940
40055155,Lyuda,266
18937969,Mik,874
5294494,Joe,1888
31541442,Cristian,1022
48032341,Arthur,548
41705792,Clint,306
10471184,Enyinne,416
48385402,Doug,2270
9253084,Stephanie,220
1073792,Mo,1382
23140079,Brian,1222
9219209,Anh,484
23535544,Jared,1420
1699482,Marsha,780
35018282,Nadine,1386
39680098,Quisqueya,992
17723275,Morgan,594
29622011,Masahiro,624
20215390,"Keren, Mikey",1466
50902644,Ava,432
2049835,Jonathan,1736
43059719,Majsan,2064
13549100,Felicity,1580
16387131,Sylvain,568
23012986,Chris,1478
25120856,Sonder NYC,2282
29398600,Otto,118
54790535,Tessa,730
27843479,Viviana,368
33102294,Mauro,1564
28911181,David,1268
2433953,Koen,1262
18672341,Carla,728
51053320,Leonard,112
19513304,Odit Andy,2096
28293661,Sophia,1964
30671326,Monique,1616
46106304,Sonder,1898
35515124,Andrews,1418
17162158,Neena,2398
17631766,Maureen,2116
44528340,Sophia,2276
35901720,Chris,994
55013947,Andre,1348
2069298,Gulcin,410
53714578,Lauren,2058
7782983,Stefanie,1888
16144406,Jessica,1040
36788910,Carolyn,694
50538405,Yu,770
16273172,Spencer,2362
13013175,Carly,674
11149193,Shola,1894
16909333,Brett,442
35998368,Ade,1468
3799911,Danielle,796
19896638,Harrison,1712
46044262,"Sol, Coach",2074
53324651,Louise,2022
33672965,Vinicius,1614
19756822,Yoga,2116
28989308,Zlatko,1386
34832902,Rachel,1134
24805435,Ler,1470
53592230,David,1332
17792840,"Will, Clara",2362
44140852,Caroline,1412
36392546,Lindsay,170
33762014,Lea,664
25218649,Julie,2298
5917252,Irina,628
4688898,Nikolas,1218
23100853,Maria,1648
48089608,Sarah,2190
24584940,Maria,466
11738327,Asaf,426
37112238,Nicole,2106
33485967,John,356
33979340,V,1924
56185733,Emmanuel,1412
7180808,Alexandra,1636
47768660,Lena,1426
5881646,Jessica,2238
31899551,Jerry,972
36816428,Dani,2132
28314821,Stat,1590
23445304,Talia,400
30253424,Peter,636
52648403,Sally,1338
29778410,Chadanut,938
50415571,William,1076
56484229,Charlie,368
32542098,Derick,998
48078277,Samantha,144
31627841,J,2020
33150713,Myko,2324
46036459,Will,1874
48694154,Victor,522
36882498,Samantha,2212
23920042,Troy,2272
8647957,Timo,1776
47899268,Lindsay,506
24923378,Kat,172
17302298,Tny,1542
31141100,Debra,1708
36330675,Tess,2334
57261556,Selina,486
43237109,Manisha,314
20819101,G. Angela,1604
42371582,John,1584
22675893,KImberly,128
42825980,Ava,740
3433890,Kevin,1984
52645888,Kelly,1450
40617255,George,772
27548995,Vera,2118
5109948,Tanya,1688
37272342,David,1076
38164636,Mamadou,1944
20895749,Mason,978
35695813,Yvonne,854
18750443,"Michelle, Heddy",492
10340011,Tracie,1448
28138752,Rhonda,1304
40491685,Luca,1448
26074816,Jennifer,2248
33433946,Emily Wes,924
55114482,Masoud,240
35134347,Sarah,204
21329829,Simone,1616
22987594,Randaull,1624
41462796,Jenny,1944
49739980,Una,1012
7671678,"Josh, Madeleine",2202
30467456,Izi,1548
42969408,Rita,1726
56510507,Brian,1144
26378776,Leticia,1162
3275670,Antal,1190
56190418,Yosub,1814
40442736,Ange,2012
31978023,Zach,1302
37399094,Kyla,2164
36928014,Victor,894
42593126,Heather,1522
12906093,Ada,1772
8132210,Ayana,1668
3889997,Jessica,2160
37106088,Han Sheng,1376
40807357,Ingrid,1312
48260536,Emily,1732
17806365,Reed,2160
54184417,Jonathan,1582
28572228,Toby,968
29932362,David,222
50421745,Tim,1524
29728578,Sherry  W  X,902
43455328,William,1454
16893963,Shari,798
49624855,Christina,1754
2746891,Jared,2362
2885743,Emmanuel,378
47419460,Vancila,1384
28516422,Ziv,1312
27224091,Gina,1770
54139003,"David, Javier",1270
14488255,Mari,1972
25415431,Douglas,632
37145243,Alex,624
57017030,Susannah,1976
4005851,Hadar,284
40578076,Danny,990
29051811,The Wrights,2080
19560347,Carmen,1206
36242898,Anting,2380
42117275,Laurin,2130
17015696,Nawar,1336
20102437,Yotel,1652
52690905,Steph,286
15580832,Sarah,126
3782663,Mira,1294
48751788,Sing,132
50286934,Alyssa,2016
2459385,Kyle,666
6841478,Kristina,1776
16915422,Danni,948
1336629,Arthur,966
49868480,Jacqueline,1594
33771693,Chris,1376
31174523,Sandra,1802
8638250,Madeline,2186
54728684,Roman,2312
22742056,Marjorie,1202
2163499,Lana,1272
20924033,Dennis,872
4286101,Gerard,508
17744190,"Anu, Nicole",2126
8551889,David,626
46149503,Elizabeth,1630
54186550,Kelly,340
13970399,Mark,312
20257701,Kersaint,114
31036575,Sara,300
52243560,Johnny,1868
12041901,Silvia,1092
10474676,Chad,1692
56060135,Mitchell,1496
34079415,Olga,234
51061558,CZ Casa,1086
54736164,Melissa,906
20228046,Marilyn,114
21518544,Tasmia,1828
20897851,Andres,612
1568062,Carlita,2202
48195527,Phoebe,1934
10735179,Diana,2266
45579131,Brian,1166
33661332,Michele,1968
23921851,Amanda,954
47165001,Molly,1994
23862391,Jessica,560
4545370,John,1292
43216924,Monica,1918
36486300,Molly,1752
9182549,Victoria,1376
31654844,Gk,686
12461073,Lisa,1080
55022136,Rosa,664
22353525,Patrick,322
10796505,Xing,1888
5312844,Ben,680
56250266,Yuliya,1980
55959629,Dennis,2070
25359190,Anna,1992
7742121,Corporate Housing,2292
43854273,"Robbie, Apples",664
35613582,Troy,1460
10408119,Gina,328
3360469,Lola,524
5813613,Courtney,1834
9326468,Ben,434
46552224,Matt,1892
37758569,David,1764
16705756,Miles,138
56484907,Juel,456
45703919,Thomas,1494
36363330,Corporate Housing,806
11164214,David,416
4910568,Karen,1694
20239428,Alison,248
52046264,Tye,2178
35185457,Lana,1702
9850151,Luis Enrique,120
28984915,Andrew,618
5761279,Francisca,1836
33788082,Kimesha,232
40364186,Brette,1072
46386173,Anne,1200
7318898,Carlos,1804
46147540,Monica,1582
35789112,Arthur,1278
23595447,Jasmine,2258
18390629,David,682
33704587,Vera,698
29149684,Katharina,1026
46343201,Ari,1300
47083468,Antonella,2394
37931574,William,846
39574491,Jacqueline Mia,586
2442425,Cathy,740
35495237,Clara,2148
50510063,Jeevan,222
4647619,Bob,448
22437111,Zain,1022
16466899,Jason,1850
49597009,Miguel,1066
18329125,Anhad,1530
36178970,Eréz,1642
27397359,Stanley,1652
36644439,Belinda,768
50607911,Cagkan,1470
13129365,Kara,1324
41071183,Joseph,1534
46390561,Jackson,2042
33162764,Faruk,640
3796990,Rupi,212
26620576,Vivi,1780
13519106,Malcolm,2012
56698200,John,1148
23047283,Ania,1000
56338209,Max,1068
13619263,James,1540
29736905,Bernarda,1392
13482276,Andrew,1444
18353883,Alex,388
32583035,Charlene,664
35273927,Lev,872
12102041,Nathan,210
21091982,Shola,2330
4658883,Loydeen,832
4560697,Julie,2366
52692873,Nadira,132
6574529,Sebastian,410
26336422,George,1568
7264234,"Jeremy, Laura",2334
7774491,David,2066
48382760,Kassidy,644
28261282,Rebekah,1302
23064638,Joy,252
56828812,Gúney,2302
46735243,Ellie,1870
39756367,Oscar,582
7839072,John,714
2563481,Dan,990
17333910,Barthelemy,2390
3286755,Jeffrey,2364
52838602,Jack,2298
26039627,Mihail,2120
8502435,Mike,1706
24693149,Zach,1414
54831735,Eleonora,2200
25062162,Angela,860
30789808,Ahmad,1186
8389020,Louisa,2142
28818301,Michelle Curran,2128
35881022,David,454
16750910,Emily,1356
22886826,Rachel,334
56857857,Annie,1096
45974311,James,732
48283783,Esther,958
10404402,Siyi,2214
10165638,John,1046
29431652,Chad Michael,1590
44683835,Grace,1046
39054625,Harvey,156
28448173,Blueground,624
52189551,Harry,128
36697072,Charles,666
48523315,Johannes,758
51860875,Henry Norman,1740
5870659,Armelle,2002
37266777,Anting,800
19762980,Pratik,1672
14621622,Faith,394
3716154,Jun,676
7383534,Mamiko,918
38805503,Ana,2060
24389760,Riley,2372
15358523,Marco,2350
35508619,Alvaro,184
34415394,Ellen,1300
46185970,Morgan,1804
36571685,Tony,810
38650014,"Yngrid, Jiovanni",1264
35630115,Pedro,416
53252609,Tanya,1122
4001922,Tatjana,222
41041674,Aude,1114
54651610,David,1088
43042261,Kelsey,278
32958636,Inna,1430
37445932,Viviana,586
27619442,"Anh, David",1758
46289770,Gaby,1662
28652401,Hakan,206
24718850,Tony,1498
3934163,Greg,1472
30931828,"Evan, Maria",1854
29754073,Denisse,1458
6202178,Natasha,2364
30307898,Sonder NYC,320
56314090,Dylan,528
7694234,Cynthia,2266
23629337,Brittney,618
16290021,Ferguson,1828
28703597,Javier,1954
40636562,Andrew,412
14294878,David,1926
35362364,Yoga,1436
38014802,Kelly,808
3399467,Dwane,974
5883133,Joni,1566
16045508,Jeff,2348
42455578,Alexey,2242
22906466,Darlena,1866
34765598,Yinny,424
47760911,G,1330
15229771,Rebecca,1508
46788360,Jasmine,1272
52252111,Huilin,774
34813810,Vivian Yuen Ting,1600
53673016,Ettrick,2022
43723529,Saya,1944
42523671,Joshua,1960
8310530,Nina,1138
57277398,Liz,1916
10265588,Elise,1174
5758668,Gennaro,1120
6177379,Silvia,160
18673969,Pedro Pablo,392
17844014,Candace,1808
51738344,Native,1078
37003512,Helen,468
53742604,Melissa,1944
15330089,Ashley,152
42257384,Marta,590
37559089,Mara,1522
2804096,Ivy,748
30528307,Emmie,2066
46077783,Jonathan,114
25005640,Batya,542
45823144,Brad,776
32727036,"Troy, Aki",2354
27759015,Colette,1970
23655976,Nicole,512
42118445,Jenna,2240
18009805,Vanessa,1158
56034504,Kara,1232
11753391,Paul,1318
11058940,Arian,708
21314302,Stanley,1026
38385392,Jay,2310
3510456,Van,1678
5858219,Diana,328
38870486,Rebecca,798
45221901,New York Italians,348
53539273,Marina,162
24252971,Matt,528
20610749,Vida,168
53949994,Nicole,2264
49503829,Dina,1616
56189783,Alexandra,2252
1867017,David,238
29011654,Rui,2046
40018652,Peggy,1106
20381885,Kdn,1270
12391005,"Gaia, Pietro",1556
44897051,Viki,2164
7489895,Rochi,480
7228095,Gopal,528
14717486,Maria,1502
14624578,Anna,862
55763876,Kyle,2380
48717601,Edwards,1402
42207599,Laura,1198
53823915,Arosha,1284
32835157,Jessica,2132
18973910,ResortShare5,578
2186567,Maiko,276
18848311,Timothy,1854
31430517,"Gennady, Laura",1336
29967938,David,932
45928235,Nathaniel,310
16522769,Jonathan,1130
18731348,Holly,1762
18817280,Mimi,110
39533503,Sheki,1500
26614865,Jon,1458
9835572,Jay,2212
25624776,Amy,2052
11111373,Ro,152
15705278,Mel,2094
29789777,David,532
4070023,Eliahu,648
56561072,Vitória,1906
31095528,James,434
28958788,Yizak,1504
54548639,Benjamin,554
16903373,T+Y+K+M,1724
48149748,Nassim,1304
39475948,"Laverne, David",1934
10867441,Nikki,254
12824884,Rafael,700
46703944,Jeffery,2260
14930340,Silvia,2398
16744960,Ian,1142
16645457,Jp,258
29776868,Yury,250
45850906,Pippa,200
16453373,Ashley,440
9330750,Ken,1348
41279014,Michael,1264
10185514,Siyi,1698
43887658,Valentin,134
57145805,"James, Shaun",1592
7819491,Melissa,1964
20596866,Ronald,1186
32469070,Phoebe,278
14305659,Tina,258
37115652,Aubrey,420
54834976,Dr.,1814
53505168,Christopher,1156
35886814,Steven,318
19364341,Tiffany,1046
21307761,Krzysztof,1906
46268109,Michael,1892
16188764,John,1006
27542949,Yuval,1996
21909057,Juel,2086
18475911,Katie,1630
43537338,Agnese,2372
51171672,Sara,1836
27275226,Mitch,1102
10123806,Stat,2262
18026440,Gina,794
49355308,Danese,1112
48136392,Karla,2260
51098742,Rory,2186
55849695,Bev,1468
18703311,Jivani,2070
28450659,Dine,448
40404816,Mishay,370
16011402,Michelle,1404
1888301,Carolyn,1196
18228472,Sait,338
57170320,Jeff,1462
52613804,Chi,2070
11490887,Michael,1762
31026390,Fé,1656
26747991,Joseph,1428
12346116,Trinize,1528
7836392,Brianna,1670
9561201,Julio,1232
16077972,Sean,420
46007268,Jake,786
51406600,Max,1216
22408960,Inna,2356
7754941,Kristen,302
3573392,Rong,1796
26251860,Josh,1746
24409035,Gabriel,1114
44051493,Eydie,870
42895243,"Pierre, Alexis",1244
1136852,Eliahu,756
15261783,Adriana,1988
26965366,Gaia,576
21295472,"Ainslie, John",2154
45154329,Nihad,352
49590323,Hakan,1992
23571960,Stanley,1954
41441324,Barbara,2262
28053222,Michael,2188
4532813,Ace,900
2996763,Joshua,1448
56723473,Rosa,1648
31842702,Ania,756
3962724,Linda,1590
28061379,Sam,528
39735699,"Erica, Tayo",196
54738901,Christina,2300
19401495,Khalil,548
35585833,Alex,2274
53934289,Jeffrey,1618
23607232,Dejuan,2094
14155048,Alex,1880
54541788,Adam,506
6083610,Matthew,2190
22136589,Carla,792
31389042,Fernando,1770
53740143,Michael,1308
49167691,"David, Suzanne",2062
21798104,Sherry,106
1974031,Patryk,232
27123878,Shimrit,1444
53753264,Cristina,962
5448708,Daniel,730
45015585,Timothy,1940
9326914,ResortShare5,134
5614752,Riki,476
12044165,Vijay,810
17713799,Errol,956
52729720,Meghan,542
46480614,Eduardo,406
2090212,Angela,546
33614419,Emily,1620
42497189,Nina,140
22537819,Cagkan,988
28137726,Adelina,1702
17054543,Ali,916
32065943,Honglip,380
40846843,Frankie,1436
42597621,Sofi,1630
44183000,Okhela,1708
33016306,Medena,1338
25362727,Elem,310
16766062,Tara,1420
35808781,Sharon,1682
26712573,Ryan,1224
15381152,Baboucarr,958
20547227,"Hurriyet Aydın,",1248
28257594,Linda,1050
42408658,Gosia,1210
42285211,Emily,1830
31933551,Bozhena,1528
16436189,Jasmina,1514
25918944,Molly,1684
35412830,Michelle,2324
11398349,"David, Annette",310
18733761,Adrien,276
42173834,David,596
23123108,Emmanuel,1750
35274076,Suhel,1444
40367483,Brooke,1808
51095653,Stephen,1856
5255651,Nina,1690
25192276,Kenneth,442
41832435,Alan,280
42392103,Angel,1740
25877411,Angie,356
52368909,Sergii,1978
27685127,Elizabeth,2370
17282123,Lauren,1780
21492493,Dan,184
30747676,Katarina,1150
27243401,Beth,1938
19511210,Jessamine,802
48945013,Lilian,1926
11167794,Kyle,114
11449956,Beatriz,1470
37480506,Katarina,716
38563111,David,762
5277746,Erick,2354
24916302,Nick,382
51133354,Mads,558
36802251,Marie,1620
56783853,Rupi,674
56863196,Laura,2052
18716361,Jennifer,608
48025258,David,488
44615632,Scott,1928
22790830,Eduardo,914
20700293,Jenny,798
49103783,Andy,1298
34514102,Nancy,1384
1646927,Lisa,268
33960825,Dimitriy,2072
11076860,Julie,648
2767630,Ruma,1954
37537533,Paulette,376
25476358,Michael,130
20281678,Doni,2086
43685773,Wynpoints,310
8640064,Hannah,1060
35707234,Gordon,1938
39438722,"Laverne, David",1308
8048979,Coco,1654
45531439,Kishore,1440
12586841,Andrew M.,438
32470327,Cesar,116
50574749,R Demetre,338
53897947,Chris,2108
52315780,Lee,1886
11210163,Maria,1748
52179921,Marta,1492
36165787,"Sonam, Roommates",1792
20277192,Aubrey,554
2309429,Georges,1234
5110968,Angelina,1174
32262021,Byron,1470
57317284,"Rebecca, Warren",2112
8314382,Theodoros,2204
36271349,Arthur,2350
34407286,Elina,2120
2587455,Henry,170
53237636,Monica,992
35674316,Elena,1528
33440495,ResortShare5,610
46083044,Arq,1158
50063951,Chiara,1448
3239864,"Jean, Noël",1372
47280143,Sanyika,1750
32933393,Thomas,388
38050288,Emily,778
35485018,Shahana,238
41129441,Andrea,156
9672033,Ferguson,758
11203486,John,1038
25786625,Joy,198
41157509,Rani,230
1432545,Stephanie,1826
2526436,Michael,1088
54561625,Miss. G.,952
27769391,Stephen,2276
14803078,Steven,1830
46037031,"Darlene, Richard",302
33231372,Guillermo,110
33989240,Charlie Manuel,1870
11089119,Paloma,1990
45574328,Clay,1212
8067308,David,1762
18679120,Florence,408
44491133,Dimitri,154
1196235,Jimmy,2052
34391379,Kevin,2054
16598654,"Jeremy, Laura",398
26302094,Carol,110
31924537,Mency,168
8399576,Nicole,1008
54721339,Ali,140
25299083,Kalim,2294
38084100,Lily,2250
30925031,Kate,1756
2615903,Lidia,162
36468874,David,1836
32149748,Mor,546
30660742,Adama,1050
18879912,Joy,1766
42829810,Jesse,494
50288477,Nick,2144
24317546,Danielle,1678
34097119,Sonder NYC,532
13374271,Rita,452
52593321,Caribnb Hazel,1232
50493919,Julio,118
4980767,Adam,630
9159153,Ken,1818
29021714,Pamela,1902
21003077,Guerline,774
44108123,Samantha,448
34213247,"Darwin, Nicole",738
9448678,Nika,1916
46507865,Erick,1776
24210015,Yaevette,1340
14237655,Camila,906
47246978,David,1168
1777469,Frank,2042
40542723,Theresa,1388
52558401,Frederick,1928
16356001,Arturo,1146
22006671,Brandon,2336
23399187,Lola,222
8010418,Diana,838
14559795,Ben,1388
55305444,Michael,184
51881963,"Marie, Adele",1620
5222300,Maya,1978
31197839,Ada,1104
13473304,"Kameryn, Rob",1166
9260483,Sarah,480
4394025,Imri,1866
38194217,Sarah,732
44718834,Wilson,1934
6517900,Alan,2370
35160435,Marissa,1330
44913649,Shachi,1762
12491880,Athena,694
12358321,Leslie,1736
46011043,Lea,2258
15548113,Javier,2160
47921638,Zak,786
39402970,Natalie,1350
43564123,Modupe,1020
33187621,Zuzi,720
5050295,Genevieve,1028
3717236,Ginger,2116
50467487,Iris,962
23894208,Julia,408
38985068,Miata,980
48232168,"Luis, Victor",2204
19022742,Joseph,1010
36686041,Chandle,2056
40310382,Abraham,1178
51121179,H,1768
48720097,Tamara,172
35426090,Megan,1604
43665366,Diana,860
55576690,Amy,1320
11705076,Shell,1448
20882011,Julien,706
44105573,Christina,1160
2305241,Beto,1470
41071249,Faye,2138
46388974,Ellis,508
35361003,John,1466
48020478,Miller,732
7493469,Krzysztof,1744
42885930,Maggie,1410
40003534,Mike,1422
42902056,Evelyn,2356
39241033,Dj,1520
30583908,Nora,2052
2920770,Brenda,1206
29722483,Gloria,1876
28175887,Eliza Alex,558
34457460,Mo,1120
46905572,Marie,358
48515463,Mateo,1100
10334267,Corporate Housing,1430
25984145,Zachary Robert,242
55517371,"Emily, Joel",1638
21429527,Myrta,1556
43183502,Brett,1092
3791026,Pauline,1974
39999129,Cordelia,2122
3893066,Frances,794
18362888,Rachel,2394
48028146,MyCity,1296
36022289,Cole,1328
32986048,Mytasha,2186
14399638,Maria,2312
42293882,Alessandra,2324
32270765,Crystal,144
32848558,Alan,670
9873112,Brian,978
7684242,Kv,1244
25963250,Saif,1670
47718066,Stephen,1054
5047576,Hanna,270
13629008,Katie,2136
38659492,Jeniffer,918
10162360,Meggan,1510
9232489,Gulshan,2208
43588407,Alvin,1414
42637106,Gasminee,408
46940127,Brock,1358
43971033,Kaptan,840
2001749,Edward,2012
26942686,Cathy,2162
33615968,"Sara, Kevin",512
14387755,Omwattie,1482
35332832,Frahydel,702
24460052,Siyi,1608
38973262,Helen,2066
6016774,Uri,2062
6349079,Jerry,744
9718403,Sara,510
39694461,Irina,1420
56727302,"Steven, Jon",1468
44324832,Margaret,1892
16037242,Jorge,1684
41354477,Hao,2378
32921725,Vanessa,266
51081711,Claire,2014
32560232,Corporate Housing,1990
50666101,Maria,1362
2327631,Anastasia,990
26284665,Liron,1942
53497870,Femi,284
32621089,Francesca,190
18852330,Ian,2232
13610880,Nina,338
24097304,Lilia,808
7346680,Annie,1078
21736829,Jane Anne,1888
50939481,Eli,858
37077209,Tina,1526
28942385,"Dave, Suzanne",2258
47853892,Nicole,640
29112113,Lila Eli,784
31164993,Melissa,1486
6647042,Orit,2008
38888370,Kris,1818
15574908,Robert,228
29786881,Shai,1804
10809339,Alexandra,722
4466808,Jerry,2172
5412881,Chloe,382
17553857,Nour,2324
14259987,Regina,2086
30706363,Maya,876
21094814,D,574
21085224,Adriano,338
16295187,Cameron,1814
37288208,Jardeen,1374
45005971,Jessica,598
44618503,Alex,738
16834141,Laurent,1346
42597944,Roselle,740
54248721,Sarah,1398
55917176,Susy,1714
52228707,Brendan,102
15835129,Yvette,1486
47941740,"Hod, Chaya",1438
18514754,Kara,630
14830633,Elena,1718
54968189,Matin,206
7766709,Wayne,2086
20033339,Nikki,2202
52821202,Triny,1114
51966195,David,596
29025639,Digna,2292
24722974,Dan,770
50517966,Red Awning,1756
12438951,Lena,684
42483991,Jackie,804
37303296,Carlos,2184
40168507,Mark,1820
46962840,Izi,624
4453295,Denise,2068
16105668,"Lisa, Jonathan",2348
50589908,Chelsea,800
24806203,Jeremy,686
9603195,Shasta,1674
24323435,Michelle,218
31172045,Kitt,1278
7483958,Richard,1504
11082445,Pedro J,430
47975709,Sophie,1086
37801581,Jonathan,1878
46148974,Blueground,998
51403842,Siyi,468
39736780,Igor,2190
35942106,Alosha,1654
7127916,Kyle,894
11665857,"Miguel, Marisol",870
54429949,Laura,2224
54384151,Shelia,1232
16930942,Armando,520
40753358,Amy,354
19512440,Maria,1860
29559575,John,1990
35892358,Jen,1988
44181125,Adriana,498
53430016,Orit,622
50813787,David,532
37803746,Dona,1618
9218360,Michael,1388
28067040,Hp,640
11330743,Louis,1772
7150687,Jazmin,1500
41964622,Brooke,1542
35898584,Doreen,1738
53187606,Amanda,1886
1825184,Nahuel,152
23243937,Goodyoga,2338
48445562,Jack,1360
5266726,Karl,204
52724606,Susan,480
21848752,Mitchell,1288
7211493,Lan,1448
20423419,Tanya,2006
12163539,Kyle,2306
13654626,J,834
4275838,Konstantin,394
19468036,Triny,2344
34706463,Nina,166
8351115,Abi,1830
2599817,Sahar,1168
36862149,Tania,896
20535775,Joshua,934
52701817,Patricia,1774
47245957,Sonder NYC,840
32722548,Shirley Fred,2266
44653903,Carlos,1280
47731216,David,1934
10251313,Gordon,394
7529529,Kyle,476
51305458,Jeff,1088
10112247,Teddy,2260
30583141,Lisa,1816
53663152,David,866
7608399,Lauren,362
46435808,Roman,1082
37144203,Melly,1212
9567118,Crystal,1112
32013686,Rachael,1902
41108410,Eugene,356
32344816,Sanket,1494
18913637,Viviane,896
9044706,Carlina,1452
51935267,Marcus,1670
5546586,Christine,604
36599402,Jessica,292
53683963,Tim,2208
7597507,Pamela,1236
34251235,Bryant,584
5845316,Nina,1858
1013744,Eric,494
37477903,Tamiris,2036
11198381,Yaacov,1042
7692423,Jay,1714
3233787,Gregory,1916
46669285,Giovanna,306
17132887,"Virginia, Steve",1338
52556673,Laura,1366
32516872,Eli,1234
30233578,Rene,1284
7229275,"Alex, Zeena",1364
23560255,Artnell,1056
9943783,Joseph,582
40740034,Sonder NYC,362
48083844,Emily,198
27303872,Richard,1346
35869470,Sophia,1340
54411064,Cassandra,510
42489300,Devon,352
16044481,Laura,958
19328101,Jamal,804
50593949,Lara,1194
4518353,Rachel,1336
20821003,Glenn,1126
6737115,Andrea,792
22046591,Evan,2224
49838069,Kerri,2024
34615035,Allan,376
1965748,Hao,2058
55513678,Maria,1300
40722484,Kevin,502
52873225,"Charlie, Selena",918
55070456,Cleo,2068
30483474,Adrien,1784
9537936,Silvia,2108
3298859,Mala,1784
55174908,Harvin,774
42414270,Corporate Housing,168
35019500,Eddie,210
26227279,Joyell,1320
18080027,Kanae,1352
3811310,Ariel,1416
28008060,Yahaira,1952
43564619,Becky,962
9968673,Jaime,854
40526010,Juliana,756
14204469,Reah,774
35513593,Tommy,1614
27697255,Michelle,1706
1115761,Reda,906
9055159,Katie,2290
40593791,Sara,2008
20548129,Ariel,1170
21761334,"Nowme, Ra",1504
42792459,Melissa,1994
46089226,"Rocio, James",1954
36290790,Jeff,102
29183711,Marina,1598
19578938,Esther,874
9566956,Cecilia,1074
10703677,Pete,1380
15756574,Brad,1496
11648893,Amir,2322
55538893,Maya,2202
27129272,Hudson River Hotel,462
32937605,Paula,1724
14736684,Nuttamon,1826
22348732,Connie,594
56272008,Jeremy,1874
13802390,"Bradley, Ana",2368
16268354,Danielle,1676
20558700,Julia,1476
54780823,Rohan,998
15707015,Kindra,2242
51453075,Rebecca,2346
36649094,Elisa,714
10812139,David,624
20667312,Morgan,1026
50143718,Matt,1966
44505953,Christienne,796
21858664,Gray,2198
44991746,Karen,2340
21832346,Michael,2144
11275133,Magdalena,1808
32659286,"Stacey, Ann",1620
44504004,Soren,300
27731969,Nick,2016
11628240,"Sarah, JC",2224
55751407,Greg,242
56242651,Juan,1872
11565362,Kristine,1614
23302070,Julia,496
25848070,Lexia,1750
15345390,Rafael,550
37571422,Vanessa,2400
44578071,Roberto,2320
42341698,Johanna,2354
18927195,"Chito, Xavier",1760
13975205,Chara,750
42655973,Maria,724
22959555,Kaori,1308
49132182,Nutrice,2054
21574585,Sam,540
56065844,William,1328
54554976,Hiroki,106
29571651,Yoni,1326
3220912,Daniele,2278
41326808,Seyhan,364
50714040,Kais,1192
54921444,Faith,1960
36765199,Ley,1220
2820654,Lin,1816
32480634,Nina,978
3765567,Anna,1934
5260574,Luisa,2208
39484821,Ana María,1836
53862401,James,1810
3994491,Joy,2054
21528779,Miyu,396
51357408,Nychele,136
33539347,Michelle,806
7133726,Kinga,520
15861423,Angie,1514
41024794,Mike,1128
28525134,Sarah,1266
2061647,Carolyn,956
21050021,Alex,1376
29838641,Chris,152
22898446,Matt,324
11089489,Mike,1850
46212979,Juan,712
4035557,"Luis, Oriana",1248
57166590,Maryam,2252
10032180,Armando,1044
38794843,Jamaul,1988
20149264,Lillian,782
19662043,Matthew,1334
35782347,David,2006
15929870,Christian,2228
48412116,Joseph,2376
10029420,Lucy,516
37119122,Lorna,542
7388729,Jourdan,540
48502934,Waly,1878
18499839,Yas,760
23539595,Eva,938
50690713,Sara,1786
53565870,Rosa,2392
53060486,Gregory,1528
8001045,Sandy,1678
42552168,Kimberley,308
38229159,Suhel,1846
52084828,Jesse,442
36164448,Kim,2186
41541862,Tyler,2234
24405211,Begum,1420
32942920,Zichen,746
13487245,Mollie,1338
6670784,"Jenny, Mark",1396
42092253,Andreias,1440
22146536,Kate,1258
11069700,Miguel,1076
42672195,Robert,728
55295252,"Jason, Kelly",1902
32635662,Ric,268
6569665,Yaacov,900
51391770,Ethan,1300
46204090,"Princess, Wynona",1870
37851657,Natti,412
49048409,Jasmine,1688
27382574,Gabrielle,2278
24672239,Jenn,836
46198424,Sebastian,296
29079942,Jed,1706
33110695,Alfred,1214
36426349,Simone,1774
54278253,Michael,642
37056077,John,1108
55975210,Adam,110
34545371,G,984
54211705,Pat,914
52845909,Jonathan,2288
28569099,Sara Cecilia,2356
3240308,Rafik,2038
7161424,Feather Factory Hotel,2096
4633746,Carolina,414
53914671,Christine,238
16134951,Crystal,600
11574940,Jeniffer,526
13972611,Angel,396
24449345,Gwendolyn,2320
34688662,C Lum,1124
45762769,Kara,2120
57351734,Julia,1882
23668831,Charles,2108
28159555,J,412
51951615,Arthur,1176
41497086,"Shay, Cam",1378
5167021,Anna Meng,428
2683288,K,798
21259502,Stephen,864
28356717,Cj,1528
43422975,Lydia,1682
30508326,Edward,1626
8123982,Chris,1490
26782607,Nora,1996
8502586,Angelica,676
10512259,Chaydha,1100
44277052,Lin,458
6732430,Kate,1232
41162165,Marcos,1902
16769852,Tussan,1894
44955345,Raymond,652
37973375,Kevin,2160
19638817,Jessica,148
24008272,David,528
35897574,Tyler,1446
18482416,Wendy,1852
41678234,Jim,1948
34953893,Harrie,1652
14660257,Maya,2366
10671958,ResortShare5,480
46775653,Rodolfo,840
54680687,Miriam,612
49744982,Vanessa,2356
44158567,Suzette,1774
45582810,"Jeff, Kelly",112
37363701,Tiffany,284
41963076,Melissa,1596
22772448,Miranda,1548
37159986,Sara,826
41409708,Alena Devi,1186
18992093,Wendy,346
40993050,Elena,1462
54970549,Reuben,1452
49178468,Michael,2072
33653145,Gladwyn,1886
30321179,Sean,1636
56315765,Obi,1422
31768916,Mizue,1938
55952516,Irina,2126
42268028,Melissa,1426
30964965,Marcela,278
16707470,Claudia,2390
53285926,Lucey,1964
18241161,Dominique,1196
20138314,Roger,2158
16020793,Esteban,2056
1326765,Dawn,1522
18874985,Laura,980
30529434,Roman,2022
18852901,Phillip,244
52962094,Will,2356
29675871,Angie,568
31142887,Delton,1354
14391659,"Jacqueline, Tyas",158
51440056,Elizabeth,2184
12811964,Anna,804
56413203,Miller,1516
13431793,Wilson,2352
52234388,Jci,1000
43209157,Natassha,1558
27072487,Corporate Housing,308
13323756,Doreen,160
53486828,Eileen,2162
35069358,Juliet,1126
13541801,Boer,112
35424156,Naz,1126
12961665,Maria,512
33014344,Cranford,2254
37105725,Anthony,108
12061556,Mo,2290
6837925,Benat,1832
50295558,Tiffanie,810
52735642,Kai,228
21446675,Alan,658
38303385,Kinga,2184
43494181,Christine,2260
14855350,Marilyn,154
33267008,Ha,1430
16749972,Anthony,930
24422457,Danny,1584
24955236,Chris,174
14687173,Stephenie,2080
45615559,Kalani,554
55499747,Regina,636
25590347,Mei,984
47507120,Jimmy,1356
47911176,Alessandro,2046
14090184,Luke,1056
34744452,Brittni,888
48564459,Lana,320
27394723,Richard,322
47239846,Albert,1608
50970323,Jorge,472
46447965,Sebastian,836
12012950,Jennifer,722
47325407,April,108
29658659,Tia,568
14476783,Brooke,984
26940345,Ana,1330
33490424,Mukaram,1128
2858072,Darris,2290
24750861,Rocio,276
3353349,Sonder NYC,228
46920103,John,1646
56685791,Diane,1878
34185039,David,2294
31338755,Massiel,576
45930600,Christopher,268
36090160,Val,986
48051767,Kristen,102
42616788,Yvette,1650
25584615,Andre,376
10646614,Kara,1538
19430581,Vanessa,1242
24347198,Emma,1734
32422644,Sheila,654
54798273,Claudio,978
18183662,Antia,2342
10712290,Rory,284
6117643,Howard,276
8821390,Nathaniel,1292
47459016,Leslie,1550
7882909,Kathy,1692
33312341,Jean,508
22436509,Zak,950
16767228,Medena,1162
9006067,Nepreil,612
5884293,M. Elizabeth,1448
46565201,Liliana,1786
17538714,David,1340
49021988,Nathaniel,730
54735222,Brooklyn,1716
6950089,Mariah,360
22398790,Annette,1124
35926944,Dasha,1160
44225287,Paul,1648
11788922,Christine,1914
26946813,Raquel,1558
1291086,Michelle,1174
34322496,Ruchi,1874
41256337,Phil,1946
35524987,Linda,994
15556120,Amy,2200
33789346,5 Star Stays,1184
28584741,Chayla,554
24711255,"Umut, Deniz",2240
33787972,Yuki,940
36557075,Irina,854
3724979,Angela,816
5344824,Sol,1838
27474999,Vivi,1538
20144047,Iza,1120
45658103,Sara,366
27004875,Dustin,1370
15093031,Izumi,1284
55881574,Lancelot,914
24186559,Chris,748
12118793,Lior,1586
48192447,Matt,1922
18449260,Vince,1534
7527315,"Dee Daisy, Peter",1948
21072198,Wynpoints,1522
48591527,Anderson,672
2604882,Ricardo,658
27164232,Regina,2190
45725854,Fmny,2088
7446670,Athelstan,500
1977132,Amy,256
42988726,Karron,1934
52672458,Kiela,276
37086184,Harry,2228
4657163,Mary,1276
37837073,Krzysztof,1334
2364949,Myriah,492
27644588,Eric,326
46211437,"Lucia, Rob",2068
17534679,Bryan,724
28578661,Zeyna,1040
16569430,Jordan,378
4252243,Ikrame,1418
30657457,Jennifer,1558
47408198,Cory,776
40207216,Avery,642
6188675,Autumn,692
33807829,Mila,328
44459786,"Richard, Anthony",410
51187260,Vincent,2328
54480810,Sonder NYC,618
1868461,"Molly, Mike",114
54083996,Silvia,1860
19131605,Thomas,880
55146112,Siyi,1614
34758846,Sonia,1840
37950613,Chadanut,1308
32808988,Sonia,204
13455964,Jessie,568
2125960,DuChess,2372
1268971,Danielle,1546
32269960,Maria,1408
29586584,Thomas,2320
36700883,Michi,714
16854595,Kim,2172
5628778,Krzysztof,732
38371162,Joshua,974
10104544,Helen,136
13224313,Sonia,584
53125709,"Jess, Hagan",2356
15857689,Karen,972
24729227,Nicole,150
33393511,David,610
26985396,Tim,2356
33321207,Mark,874
18499345,Thomas,2218
28508307,Rachel,1144
54570237,Vanessa,2100
15512707,Shahana,106
15882749,Warren,962
26893856,John,538
17722552,Pedro Pablo,1898
39579715,Ting,612
48260069,Robert,974
15695399,Coco,388
53336438,Sine,1768
55531125,Aishling,1148
24996777,Cady,2372
5129104,Logan,1120
51572243,Nir,618
11021014,Zuffina,762
57126029,Baboucarr,2200
30459657,Dasha,1020
30902427,Jacquelin And,2132
53423067,Max,1770
22996827,Jenny,1806
49231206,Sonder,1294
2231667,Zia,502
56383771,Evonne,540
21648228,Patricia,1130
56348442,Gurpreet  Singh,2094
57256528,Jeff,1726
47367256,Andreias,414
20029953,Williams,1438
40569387,Joule,2106
26458271,NoHo,774
36542895,Alessandro,1292
52836415,Ephraim,1922
6097042,David,1676
39185554,Paula,1440
34332547,Robert,1734
18857371,Sarah,1928
1296067,Yukee,466
46493008,Daniela,548
56492140,Carol Gloria,2250
13136031,Kevin,900
50160187,Margaret,204
3932328,"Chito, Xavier",602
50398263,"Umut, Deniz",2226
22302856,Goerge,1282
15594317,Allison,2304
9660327,Aracelis,1350
2449171,Dom,708
6724895,Melanie,2048
35691563,Chris,168
44013413,"Manny, Gemma",1046
24559804,Andrzej,2336
13469446,Shell,1100
14919500,Gianni,1836
51184250,Liza,1784
52834429,Donna,514
36025677,Jovenne Naldrey,1396
40162883,Tanya,1714
7623257,Ez,304
2502852,John,1692
5210177,Young,2324
40179017,Malik,1768
43996606,Pieter,956
39689743,Harry,2300
25334810,"Valerie Lynn, McDonough",160
34164257,Sarah,1638
43431358,Kate,934
16335643,Joel,1534
38455744,Eddie,2206
53427926,Max,1426
37996766,Tessa,896
3442278,Kimberly,1744
24270949,Samanta,1442
51882557,Elena,780
12761394,Lucky,2094
3915361,Erik,124
56257196,Digna,456
18183534,"Michelle, Evelyn",150
55296644,Katka,1982
38903293,Elizabeth,1580
12107077,Mike,446
41101065,Dasha,310
19469123,Marlice,2248
42990448,Nadia,504
22460657,Micah,1372
40815658,Igor,592
13466353,Alex,676
10511948,Host,2122
40566087,Stanley,980
5966603,Kyle,1836
10469978,Guy,2176
28153334,Zachary,498
15721163,Jose,946
8360413,Maki,1696
2649526,Cesar,1116
54136472,Yitzchok,668
11113651,Laura,110
42010087,Ayla Silvia,632
26303078,Nora,1770
46827864,Rebecca,2082
29726082,Lana,698
35857200,Jazzy,784
15528013,Cunningham,2060
1133145,Lore,592
1674605,Kumar,824
52387161,Yesenia,2334
6806638,Antonella,2008
33890660,Paul,1740
16323599,Abdirazak,312
28914807,Janine,2142
12003333,Akini,2054
37703554,Suri,1114
27823620,Jamie,1692
52591064,Joao,1362
57323778,Nicole,614
52651477,Attika,974
6937630,David,954
49618108,"Anne, Marie",928
4574076,Sadie,1882
5641978,Chantal,2042
52067396,Stanley,1630
14805114,Whit,590
10644216,"Janet, David",2164
9963442,Marianne,904
22363686,Tanya,2002
8015295,Ernesto,1126
54151875,Roseanne,232
11518084,Subhana,1088
20013747,Bea Ebony,966
56936556,Anna,506
8910550,Brian,136
12059142,George,1800
27182253,Philip,1196
37891135,Jennifer,2084
39966622,Vin,1130
48768881,Host,816
36353823,Sergii,2134
56014240,Tracy,1678
27625900,Nikki,1684
24297194,Nepreil,1802
30277529,Nina,1172
32219223,Maggie,1210
42116220,Chris,616
48604458,Joy,1724
4683295,Shanae,1296
5596107,Daré,254
8139316,Paula,1204
37961690,Row NYC,356
15480872,Erjon,1104
8215411,Lyuda,734
6245789,Wilson,2130
12779239,"Erin, Brad",508
25842293,Francesca,540
35193652,Sonder,1286
2629826,Michael,2388
14040276,青明,464
43072162,Sarah,1826
15868711,Jack,606
15424039,Jowelle,234
24444468,Julia,1766
34538800,Peter,2154
12777281,Stephanie,1996
20737610,Renee,1802
29379140,Chadanut,2050
6456751,John,1556
30638963,Krystle,1062
56794942,"Leo, Family",126
43289014,Richard,1316
2329126,Katie,1218
40026438,Anselmo,1030
33005548,Kara,1336
20973860,Rick,1286
28482808,Brittany,1104
25254454,"Josh, Jessica",410
46390260,Mr. G,414
53647851,Bridgette,452
30114214,Daniel,1580
55431747,Ling,414
13613541,David,972
2969645,Aleida,1892
28263140,Emanuel,518
32223360,Akinwole,274
37256329,TamiandIvana,1402
44631649,Jack,1458
25750861,Anna,252
23211185,Makis,1400
14428069,"Jessy, Christian",260
47650256,Fumiko,492
49011010,Ed,1276
55574350,Severine,118
17668947,Shopper,1364
17620920,Reesey,1172
6149576,Qusuquzah,694
28012562,Leslie,738
36318531,Harper,782
8072124,Sean,1872
15876069,Robert,1398
10102129,Ricardo,888
29288813,Kenzi,2098
8687190,Selina,318
34865866,Sonder NYC,488
27313313,Chris,2282
25125781,Ava,478
54597543,Angele,894
46512068,Chike,1346
6699192,Julien,1722
45101674,Laramie,1876
16736882,Lilian,1356
52204937,Oriana Alexandra,1012
6120439,Michelle,2370
3299625,"Stephane, Hana",278
1271816,Salem,1942
17167157,Andrew,1610
40903382,Freehand,1598
34320633,Nicole,2368
13584839,Carol,1150
28409612,Gordon,1460
19712968,"Brian,Gigi, Clementine",782
13159877,Roy,2056
8971770,Danielle,1550
2456926,Madeline,1554
24724013,Yety,924
31204660,Raynald,1302
47872440,Ade,1068
39337812,Badrul,150
17746490,Siddhartha,1550
2965830,Tupac,268
47599651,Lin,1844
20000808,Trevor,1260
26699207,John,168
11394112,Jared,1246
44971703,Kandi,1226
3531930,Sarah,436
40771859,Jeffrey,1292
42576376,Belkis,266
47065442,Michele,1612
22258537,Ameer,1740
31773785,Elika,1982
29140105,Matthew,1824
6332487,Sharik,1872
22998840,Estie,2098
45777779,Jasmine,2142
28013150,Pau,1352
31391410,Corporate Housing,1670
7054219,Karlee,1368
6352963,Kathleen,806
16073041,Trish,1830
29477351,Dee,2282
18428494,"Laure, Anne",1552
31164820,Andrew,1470
18187802,Frances,1804
32865902,Kazuya,970
40734655,Nikki,1416
54267357,Mateo,1432
30790199,Victoria,816
40578444,Abraham,1162
56671881,Gerardo,1624
39635385,Jazil,1900
13415511,Fred,2376
34015445,Stacey,2002
38997562,Ral,2160
39091833,"Blake, Madia",706
3989152,Rebecca,256
33161057,"Sharon, Dave",2156
28975381,Brandon,816
10314852,Cleonides,1164
1930373,Wendy,2216
13162055,Angela,1218
54725591,Liron,1704
55960580,Uri,858
36933631,Nick,338
56083997,Sumana,1816
48458232,Thaya,1108
22655005,Tiba,642
7938599,Jasmina,1038
28160427,"Pete, Chloe",834
22902219,Meredith,1350
8477238,Jessica,228
11785033,Miles,1510
19337441,Max,1560
27529361,Elizabeth,454
51885039,"Jess, Ana",902
48344880,Nelmir,1018
18420423,Shell,1604
54502460,Mike,1092
51925680,Bond,1370
51964143,Stat,1764
47283134,April,310
19247412,Solange,1358
56207023,NY Blue House,376
22632257,Xin,720
53495471,Sam,972
33433537,Melani,720
36528822,Michael,1996
54199031,Mia,2308
12164959,Irving,1588
1134329,Sonder,824
56314002,Gino,954
54682124,Corporate Housing,1614
16658046,Natasha,972
14380595,Andria,1902
30225951,Iva,1266
42365748,Meghan,1638
26141736,Mercedes,2192
51584994,Maya,328
6631133,Hugh,1712
48915794,Harrie,1184
48917125,Ys,246
43609061,Cate,1550
50952887,Angela,1616
12352526,Qusuquzah,2086
8253005,David,1542
21600982,Garth,1700
39998789,Lolita,122
24266500,Dylan,946
46923006,Figo,1726
43174551,Andrew,1974
42565259,Elle,1692
42068656,Liza,1836
40330863,Chloe,1008
16557983,Kaet,1670
7806352,Charley,456
53565268,Camilla,2238
37948606,Erin,1264
18218535,Atul,1504
5381046,Joe,1056
12148700,Marla,2354
7696928,Kristina,1580
31075897,Catherine,2372
21200863,René,2280
54718258,Angie,994
39839079,Matthew,1830
47934486,David,2070
37207284,Tony,1040
27600026,Sam,1066
18007557,Emily,2268
4488276,Jennifer,1378
33034515,Ana,1626
14948468,"Maytal, Ken",2038
14843810,Peter,1336
18123882,Fabio,794
25967248,Emma,278
30446929,Faith,2120
14954657,Emily,124
34244041,Nahuel,1178
53090422,Shane,782
45545617,Candice,916
52779096,Lei,1066
56972605,Randy,2290
22468527,Cheryl,896
51113656,Nina,1678
26946266,Ajna,2386
56287961,Anne,2104
54603561,Regina,2348
43467154,Sebastian,314
12825741,Elizabeth,1694
13468301,Jean,544
55128166,Trish,1314
53372664,"Timothy, Natalia",1118
28751674,Elaine,480
51697062,Julia,2240
3635061,Azza,114
39105295,Greg,738
42395241,Hunt,1684
24876779,Amado,2276
53858584,Gregory,344
30855435,Masha,2146
21286388,Emily Wes,2222
19576991,Amy,548
25573852,Gautam,1334
13630309,Igor,838
39434521,Vince,308
45963491,Yan,410
29194795,Maria,2286
8597147,East Village,1616
52916457,Jasmin,714
39602624,John,1054
22284039,Pierre,1546
53041387,Casey,1374
30465883,Tracey,1202
9271994,Edgar,2180
18455635,Kelly,1344
50822271,Nikita,1464
10450752,Lorcan,1206
1462198,Karen,412
10014040,"Andy, Friends",484
3249189,Julia,1702
4821501,Jorge,484
5984680,Priscila,1514
35940423,Polina,1314
44582036,Allie,1642
5863160,William,846
55662489,Spencer,1262
13079980,Sergii,2258
16824901,Jacob,814
27615209,Mia,932
30037473,Fanny,726
1035328,Jasmine,1394
25280543,Ociel,1384
8827306,Jay,544
26529247,David,1238
22564229,Alexander,1094
56929485,Luis,152
14249210,Michael,1380
29330172,William,1238
34811285,Brendan,1268
5249759,Ayo,2216
50745071,"Will, Clara",1304
54356845,David,1522
33969908,Elizabeth,1078
5826431,Philippa,268
32204317,Michael,892
54170531,Funda,2390
38123016,Nia,202
43779544,Alan,892
18965655,Jennifer,1316
39399640,Michael,1892
33515936,Yaacov,1834
31752710,Al,684
17994223,Simon,1732
37166223,Chaya,2048
37218570,Caitlin,988
27413140,Xier,936
24662490,Dadrine,284
55973503,Jp,2020
4764340,Brad,1524
32730652,Pp,1828
35107752,Sen,1466
34431494,Robert,804
55323879,Angela,1820
40835741,Arkadiy,1416
24832556,Didi,2300
35697611,Tammie,494
16385754,Peter,1414
34646575,CZ Casa,2252
36834064,Lucy,854
45914988,Corporate Housing,256
47699383,Raymond,2252
3465948,Sherry,454
56451928,Robert,1438
17754924,Benedetta,2278
6444454,Mary Kate,366
28420114,Peter,1736
49968417,Chanae,150
56503422,Luke,1624
19659786,Taka,1956
53377558,Pp,1172
19192529,Lalo,1790
10692407,Maria,1024
41622316,Juliana,236
22785989,Jessica,916
3508304,Lord Daniel,1204
40357842,"Natalia, Gustavo",1880
56611523,S.A.,742
10423690,Inna,1444
31999716,Alexa,1082
55398678,Mabel,1914
16027641,Terry,1790
8794281,Angel,1316
11892498,Elyssa,212
19732059,David,2334
14781668,Vancila,892
25125673,Levi,1014
44607892,Reggie,1484
19750699,Anita,1568
23487081,Vida,814
42618814,Cando,576
2114934,Benjamin,798
1845500,David,1826
37542697,Arielle,1950
52078931,Stewart Hotel,2278
19960461,Daniel,1422
11037976,Patrick,842
22041689,Ben,1246
3520692,Renat,1078
24363440,"Jery, Dave",2290
44850413,Michelle,1098
25169884,Warren,450
19418874,Sylvia,388
3197738,Sara,154
9242148,Enid,384
42156706,Mohammed,282
13059890,Philip,694
31772345,Nassim,1938
23644118,Shirley,194
46548529,Liliana,254
51684095,Amanda,100
22467310,Juliana,576
43317355,Any,1136
12570500,Cecilia,1336
43413984,"Marilee, Gene",1376
6432707,Kenneth,308
57030602,Georges,1638
39514972,Barbara,494
2882259,Mina,1460
29166890,Anna,2010
20039283,Angie,1542
16278593,"Julie, Brian",1450
16157785,Shirah,134
28165684,Victor,826
47863958,Mona,1302
8591161,Imani,1022
11356430,Pablo,1294
37975836,"Tom, Jennifer",386
9726788,Alison,1832
39226655,Hawkins,394
33187345,Francisca,1204
7229968,Lianne,1546
6086605,Avon,466
17970283,Alexandre,2168
33933924,Juel,1730
37998116,Ilya,830
2496586,Eliahu,1714
57155917,Veronique Camille,2400
14830989,Mich,1572
41267284,Kazuya,1458
13249009,Katrina,208
49730920,"Michal, John",1352
2164594,Sonder NYC,442
31277054,"Brooklyn,  Breakfast   , Len,",122
46964732,Sarah,1218
10499233,Sophia,2364
28988995,Alex,260
20846013,Luc,2014
37740993,Hupeto,1116
56713224,Max,2158
9357402,Kelley,1632
38081872,Melissa,2170
44848904,Errol,2164
39136581,Yanina,1828
28197703,Anna B,2332
18571882,"Sho, Boo Of Sho, Boo Suite",1616
29178525,Hanya,1910
51547031,Anchor,1076
2361406,Ryan,2186
17645472,Roy,2272
50627547,Veronica Gallardo,1030
51430042,Troy,1560
44373286,Andrew,2324
20832859,Sherley,1742
1712456,Lindsey,936
10507283,Rose,1774
26865892,Christiana,2354
27276090,Ethan,1318
9598309,Eric,1744
25475379,Susan,204
28359494,Alexandra,300
48569443,Adolfo,1326
51347682,Brittany,2400
32594424,Jack Andrew,1796
3273713,Alexandra,164
28542821,Marycatherine,516
56814756,Karla,1046
7515743,John,1556
38611139,Alicia,1526
53668635,Zachary,550
22535353,Javier,694
42871450,Alexandra,2184
31545204,Jermaine Antonio,1912
53190173,Beebe,610
5824547,Zoe,2046
39570256,Laurence,2130
23487203,JoAnn,1486
47497181,Jose,624
8578392,Camille,1628
17359592,Paulina,2344
11587557,"En, Lora",1046
37424143,Rebecca,280
11108354,Peter,1422
37619391,Geo,532
25227269,Patricia,1888
9069115,"Levi, Kaz",1874
26914358,Belkis,1716
23452060,Hayes,1242
33921427,Genesis,1266
40997656,Morgan,2292
29649652,Christine,186
6042493,Tia,1052
11232352,Ben,1054
30989951,Eej,1330
44203647,Studioplus,1880
17100763,Tim,1178
20793540,Michele,2102
49673645,Victoria,1768
25549497,"Jeannie, Everett",2348
35991125,Topu,268
28446697,Sadecia,1808
45429623,Zander,950
26668154,Paloma,844
24162960,Aaron,2316
5744999,Jessica,528
3515783,Thiago,1574
43757745,Raul,1072
55580598,Randy,2376
10808527,Chris,860
40843065,Andrew,1576
24277905,Shiva,1804
24417703,Lilian,358
2277239,Harrison,2016
10173734,Cecille,760
29843147,"Andreas, Bella",1802
50901145,Jungyen,1964
15826749,Barbara,2146
38625020,Nikolas,774
32244236,Alex,290
46987730,Tom,1236
53682271,Michael,1656
20797976,Jeerathinan,2042
52274964,Kelly,1738
40998020,David,648
17162836,Brian,1666
30741227,Courtney,154
17888964,Micah,870
45515795,Leigh,2236
31699425,Katherine,1030
9146520,Jennifer,1060
14241570,Viviana,1414
45274757,Toni,2310
21790705,Olu,1178
30097035,Bryant,1138
29736180,Brittney,2112
18993507,Amarjit S,734
17077676,"Jill, Kerry",270
17312953,Alexandra,544
29248153,Julianna,1030
18627574,Viviane,1392
49181980,"En, Lora",154
53354831,Zachariah,850
15011602,Sonder NYC,1928
57071290,Lilia,716
5948737,Brian,1990
28719247,Mike,1360
56029528,Chris,1964
28986836,Blanca,1318
43571593,Grover,1942
25618565,Sunshine,1708
8324892,Jeff,1882
5454594,Aaron,2278
23668957,Elizabeth,270
5949332,Frank,1104
35650196,Goerge,1498
10041337,"Chad, Noel",1770
44821378,"Molly, Mike",2098
38181692,James,1200
4484985,Laura,1938
3064289,Raanan,2378
23176286,David,1308
20542682,Jean,888
39063870,Jayu,1594
6354238,Fran,1356
11018893,Kerem,572
28764451,Camila,142
19205470,Philbert,568
15591274,Silvia,466
31147983,Cam,1364
21777097,Host,792
49657244,Jill,1864
39420214,Tajudeen,540
17975703,Tess,2148
54472868,Marilyn,2380
34401536,Guyen,1160
12424999,"Chris, Celia",880
30059645,Krzysztof,292
19045689,David,2252
21988920,Ashley,534
27133427,Steven,2066
56992729,Tiffany,2190
33159756,Chester,2228
26079958,Ash,744
5379778,Jason,2198
40459770,"Lauren, Ben",1536
14658145,Arkadiy,2204
15766415,Francesca,1090
31019076,Joseph,2054
54079641,"Andreas, Bella",1984
1614628,Andre,1786
30642992,Friday,284
15219513,Lee,2102
32480216,Ben,618
5835151,Glory,1840
54005574,Daniella,536
42277984,Kim,642
49969068,Alona,1386
29476622,Nick,356
4842834,Jessica,198
53196797,Kimberly,822
40379923,MyCity,1644
39034636,Charlie,1910
3001283,The,1980
33123089,Manne,498
28601960,Barbara,468
55042483,Shylie,1956
19084281,Evelyn,644
36538020,Douglas,1916
21003705,Alexandra,2078
41837532,Megwyn,392
29087798,Karlene,342
13212962,Lynn Liz,1548
36575914,Ez,676
8607908,Nick,2164
3661536,Sonder NYC,1630
53372447,Ralph,1476
24465898,Ada,1354
19943501,Artem,974
42011625,Aj,2382
29816996,David,2378
56347527,Stella,832
33032211,Joseph,1826
42459085,Armando,294
33285399,Freda,220
22320405,"Jeremy, Laura",122
35953071,Victoria,930
36078689,Petek,1130
15910881,Roberto,354
13938185,Lucky,2396
6333083,Roberto,1616
18105538,Candace,1046
21823270,Shilpa,2208
30638336,Rosemarie,2320
12209133,Sara,624
41383625,Cori,934
56693631,Devon,1818
55997426,Corporate Housing,1710
17863980,Matias,1236
24554529,Solange,2064
5089828,Host,1374
7742118,Tristan,1250
55284098,Peter,208
20765369,Monika,1598
12119108,Heather,1954
19460575,Mamadou,520
23549638,Lori,420
41724077,"Dee Daisy, Peter",162
34384235,Liat,2032
26787524,Filiz,430
51216561,Francesca,1608
30722544,Samuel,1888
45087399,Laura,700
15263090,Steven,1638
55608351,Pamela,1934
43638077,Ramon,1388
26616022,Mil,1670
52650454,Kathy,882
34941178,Adil,2080
46238911,Alexander,650
44689112,Kimberly,1784
23468010,David,730
42546635,Kimberly,1150
17424989,Katya,1026
26446131,Alex,1174
40191655,Colette,1854
7391382,Anna,336
38683009,Sophia,1848
7540885,Diana,762
3832893,Lord Daniel,376
8809823,Carol,1132
32035832,Britta,470
44725055,Amy,2344
47736915,Elias,1702
29154909,"Ksenia, Masha",1984
44813252,Jorge,476
49927867,Tracey,1642
54639591,Patrick,1224
12964059,Nora,1834
6789445,Kristine,1588
21241396,Candace,390
44905251,David,1302
2653740,Meeks,900
36211115,Callie,2268
31665487,Ling,1458
20765219,Zhen Zhen,1744
46398585,Waldemar,1286
56964445,Faith,570
49615196,Tsotne Tut,146
27453725,Nancy,2320
51792078,Sebastian,1580
12451367,Leona,820
9296153,"Juan Pablo, Andrea",1512
23182242,Jackee,446
43841538,Rebecca Marks,772
31785238,Cesar,1500
22496765,Evgenia,298
26668035,Dine,1854
45486444,Carole,2282
52997789,Henry,1624
29707291,Dorit,1980
50043116,Maggie,550
17860795,Joseph,1138
2191948,Michelle,1768
12441781,Linda,342
11246436,Lucky,486
23889176,Claire,1776
44600968,Enma,1118
25742816,"Dave, Suzanne",586
26016955,Paul,1366
8114490,Antoine,1926
56943722,Safa,1516
10862027,Aamito,1192
23724413,Jennifer,126
37057724,Nkatha,2194
19057345,Gina,1884
14980872,Arin,1566
1617944,Michael,1358
38057823,Christina,2384
6765956,Rum,448
45750451,Sophia,1606
49240081,Ken,918
41446163,David,1130
4062886,Sehai,792
1890684,Blan,2352
6972307,Braydon,2034
2093458,ResortShare5,1210
54247795,Kemar,540
16748150,Shai,2122
32490540,Jane,2354
5862342,Kristin,1948
13626252,Emily,1636
39769983,Karen,376
14051102,Kara,272
18049895,Alex,1690
19273218,Sandy,1224
35220815,"Georgia, Kevin",354
3936062,"Yasu, Akiko",2348
21874401,Morgan,592
4630552,Andrew,548
8309665,A,2026
37423913,"Pedro, Martha",1806
45373437,Gordon,1334
53523752,Josh,1814
53652563,Smith,1144
10710000,Lydie,1230
41281998,Sherry  W  X,2348
46464420,Lauren,1938
21412166,Fred,2394
55976600,Charles,1138
9639900,Chang,1330
15175208,Elena,962
4749572,Elwanda,1888
26674827,Laurel,1148
15182471,"Fernando, Ana",2114
26541734,Catherine,2186
44516795,Carol,436
22118763,Oscar,1142
10308445,Brian,2326
45093578,Danielle,260
6667641,Gautam,1870
51265700,Krystle,1464
14808350,Joseph,862
33174197,Eric,610
28421717,Carlos,462
35310249,Olabimpe,2398
48465393,Mike,924
6595288,ResortShare5,1354
14739389,Solange,172
41240659,Willow,676
37670204,Brad,1246
41709791,Zhenni,1654
46213772,Emmanuel,1128
19856363,"Victoria, Lovely",1736
33955355,Troy,1188
7669766,Lucy,2142
52150274,Jana,568
31899732,Inez,1636
47680211,Tasha,1746
45797208,Eleni,858
22602811,Anna,1484
35184639,Lisa,2202
9028663,Inna,2042
14027300,Amy,298
35610736,Izi,1930
3086565,Stephany,808
36148588,Kareem,740
2537424,R.Henry,1666
46542353,Alex,512
37801294,Alexander,400
18658872,Maria,1568
45305502,Jessie,918
40019439,Stewart Hotel,1486
28014359,Sonder NYC,1662
32072833,Maria,1238
52651484,Asif,1516
42371262,Vanessa,1076
32276468,Jeannie,1876
40391629,Carol Gloria,1944
22576142,Raanan,590
21170477,Anatha Angèle,720
32731659,Lonnie,1848
1007528,A.J.,1262
2979590,Stephen,654
7134896,Andrew,1104
42368368,Marcus,1198
30937133,Indira,1880
29296997,Sarah,382
12315993,Gaspard,774
54810140,Adelina,530
32455905,Rina,1250
20334572,Anderson,896
40466446,Pavle,1030
9839294,Andrea,288
38030714,Chi,934
40840494,Sean,2094
42425613,Martin,850
8627225,Andrew,242
20381492,AFI Apartments,1830
13881797,Pablo,1370
15310645,Violetta,276
13788711,Dylan,1282
32966231,Nancy,1970
36615630,Tiffany,1642
9970111,"Jean, Nicolas",1308
15320036,Jorge,1792
6498707,Juan Luis,514
45069107,Tommy,944
13731123,Bridge,1598
2574419,David,1294
27497186,Cristiane,1662
9855471,David,1236
4862747,Michel,1274
52989428,Bianca,426
22660904,Katy,1772
21297420,Mili,1378
35923583,Stacey,2206
38081283,Sarah,1304
40052566,Dolphy,2384
51260824,Nevena,1336
24675877,Eric,956
19478087,Simon,1276
30049834,Julie,1684
13782125,Emma,1026
53553826,Mary,1402
3210949,David,128
22489532,Sean,378
7118618,Yuval,974
8453439,Jason,1448
9267294,Fmny,300
1650965,Lakisha,470
47047272,Polly,2116
18549180,Adam,162
33503981,Sancar,1304
23239989,Brandon,1774
47813267,Reem,1700
35804580,Peter,1084
46198647,Eric,512
57016482,Amardeep,186
25566223,Marcelle,1090
45598065,Paula,256
1732710,Adi,1958
5227590,Cedar,954
17757514,David,526
26737654,Nicole,1358
19335857,Denise,854
5503103,Juan,2368
34376756,Sonder NYC,1134
44353057,Harry,1732
43689704,Henry,554
22417550,Ling,804
43909441,Francis,596
8594288,Richard,2040
14642886,Megan,2122
9162484,Eduardo,2086
8574170,David,2094
23367960,Suzy,1040
27457903,Marcus,2116
27978917,Daniela,222
24669665,Nico,964
9623259,Jay,2240
57096896,Maria,990
11728853,"Christian, Carla",854
15149424,"Kenya, Paul",1768
49212948,"Luca, Kameko",1784
4575315,Rusty,1034
34156615,Madeleine,380
45225365,Pedro,1728
3660964,Ronald,1882
21803421,Cate,1998
55082726,Lydia,338
40834039,Julia,514
9391794,Lisa,626
54973114,Lisa,350
53511657,Angelika,226
13488349,Jackie,360
46876728,Dwane,324
6933750,Asha,462
32025780,Devon,2160
43213792,"Tom, Claudia",296
53546461,David,184
33023416,Sonder NYC,2022
45145990,Luis,2180
55200161,Farrel,2092
54027693,Yoo MI,1124
35405084,Carli,1990
53574169,Nick,602
41066485,Ana,1072
55664617,Angela,1006
19035828,Kelly,1634
8362791,April,990
2242950,Saki,272
46695539,Ting,412
7643686,Ling,400
8949162,Jeff,1450
16404584,Daniela,922
14160077,Fozia,1322
24804465,Osh,1042
4362474,Tobey,756
41206512,George,556
14614416,Daniel,352
33099114,Patrick,2112
29736470,Holden,1596
8000976,Mona,490
31577694,Kennyd,772
25278248,Jessica,2044
22820064,Dadrine,816
11007730,Cici,814
41453094,Ian,2166
55016424,Gabi,328
2377101,Zhehui,1852
5343895,Dine,2052
28550283,Ley,1046
18002913,Yubo,1198
54004173,Amy,1898
42421675,Pietta,1982
3368989,Jim,1450
30711784,Alberta,586
44429998,Víctor,888
3145964,Rachel,540
47588152,Caroline,1700
24130297,Anne,1128
25088758,"T., Marnie",554
21790969,Jack,1434
54489735,Blondine,354
56665950,Angie,220
50689821,Bc,308
8172399,Shmuel,816
52241667,Patrick,336
18176856,Matthew,1454
35412326,Mamadou,1320
13306541,Joica,2338
36842527,Victoria,770
41833116,Sam,1094
18502607,Ted,256
19710907,Xi,1186
52541720,Lorraine,2050
21041113,J,1568
50720221,Karen,1172
51484572,David,1872
46594476,Sol,1342
34886892,Jibari,388
7451545,David,1214
35513353,Matilda,1140
47656724,Liz,1298
53827083,Ocean,1354
42401909,Conrad,2014
35054617,Sammy,2276
46054015,Rachel,872
18841777,Eugene,1492
27210505,Thiago,1414
55717612,Stephany,1694
20768757,Stanley,518
31565658,Xue,1208
31963234,"Stacy, Simon",910
57091926,Martita,1246
25704494,Velma,2200
37242305,Alexandra,2140
7989047,Morgan,2102
44507805,Jim,842
28985721,Emma,1760
32288053,Ruben,1512
41349486,Simon,1238
30763373,Sonder NYC,1338
54408423,Mostafa,1728
51994961,Md,456
23324255,Sonia,1136
32608596,Daniele,1798
14229802,Jianren,1952
46806834,Chen,2176
54645561,Valerie,1918
17776573,David,212
6088021,Fuda,368
9911898,Justin,1324
56169668,Angie,2266
39447731,Besinfe,598
12298935,Puja,556
28209765,Liset,934
31557500,Michael,2134
14616837,Michelle,1920
23834331,Caitlin,1582
27799729,Portia,1190
26235904,Judith,1894
22705215,Sonder NYC,320
31553491,Jacob,1772
12958479,David,1526
15968062,Devi,1122
55193010,Bilikis,1014
22324127,Nick,768
41895403,Robbin,960
5692497,Nawar,1630
57177888,Adam,936
21951844,Devika,760
22698557,Jacqueline,636
22101340,Janene,1430
37704817,Nancy,204
38627922,T.,1784
34548752,Mario,1840
34478464,Linnette,1264
15119951,Afrah,866
2143972,Anthony,538
42983215,Mama,566
32122294,Viktoria,1854
9603259,Nathan,746
9840677,"Wesly, Jessica",238
57012499,Maryam,414
24718891,Lindsey,2000
31477275,Martin,1510
55941958,Jack,184
49532731,Jessica,558
48497357,Sarah,1870
38912504,Michael,1398
3125280,Tana,1068
35569465,Uros,1332
6792210,Myrna,1438
45630146,Lyric At 70 Pine,1482
43643489,Norman,510
40306296,Mich,110
24588364,Susan,1182
2009761,David,1856
54220284,Marie,528
39009217,Herman,2078
27772816,Ted,2146
40078233,Ari,1140
49853882,Mary,834
3669291,"Mark, Will",612
38445827,Yukee,2208
43275618,Nompakamiso,1088
29806217,Marc,1542
31185532,"Jeremy, Laura",2144
46325897,Sue,2172
37720095,"Dave, Suzanne",198
4859484,"Hubert, Val",940
32169579,Oh,1990
44803383,Warren,830
3670570,Celeste,1096
31762935,Josh,812
48561086,Veronica,1310
39689143,Dada,1340
15273224,Karen,128
39335680,Natalia,1698
13406610,Megan,730
45130745,Justin,228
16331090,"June, Eunice",324
50577991,Daniel,1386
13730046,D,1258
18887916,Sophia,488
46717477,David,1452
20203668,Maria,304
22275218,Vida,408
17795536,Javier,660
21439695,Kathy,2270
11907920,Sonder NYC,1512
11515592,Jessy,1160
35638890,Emily,272
29637041,Costanza,790
8800972,Carla Isabel,1378
29277545,Emilie,882
52181631,Rebeca,1886
6649509,Lindy,2370
29446612,Hupeto,424
16372467,Chris,2072
40320811,Mark,942
45118512,Jime,1604
6623295,Annika,1630
19330597,"James, Shaun",624
30535659,Aurora,1606
42063784,Stephany,1438
29351403,Dominique,1838
36929242,Brendan,1610
37759953,Christine,1060
33221111,Silvia,1914
3896535,Hannah,1112
47754908,Virginie,1608
27138264,Alex,2380
31412278,David,816
56559268,Krystle,2288
52838443,Rebecca,1848
18707155,Zlatko,536
44159730,East Village,794
10063637,Amit,306
25621631,Xue,2310
43323446,"Alex, Zeena",1230
39218504,Pol,544
27517842,Rosa,1492
4223194,Cristine,614
50806430,Elizabeth,2248
44443852,Eric,1522
22805891,Karla,1708
48176235,Tyler,1526
28047556,Gian Marco,2318
21258721,Eric,934
40646061,Fiona,1246
28071379,Cleber,260
23376517,"Tania, Juan",468
32089399,Thomas,196
36603296,Evelyn,256
56006236,"Jonathan, Nancy",572
16765065,NY Blue House,1352
36276023,Bryan,1132
6081009,David,134
33501656,Esther,618
4465068,Gina,1762
23134535,Janet,264
27918879,John,296
55678104,Ana,2172
28503437,"Adesh, Viviana",882
42251850,Enrique,152
49276808,Sandy,1278
55573983,Genna,1252
36106904,"Harold, Rose",2036
28699221,5 Star Stays,1340
33326849,Cassidy,1586
7270639,David,1342
8260095,Marie,1838
54794062,"Michelle, Eddie",556
46659815,Nazma,1204
42375429,Alina,1780
29420658,Yu,1340
42166786,"Evan, Erika",710
19112153,Sherry  W  X,674
3523521,Ali,1862
55830047,Tina,2288
50157702,Harry,1100
52364106,"Mustak, Farzana",606
35942114,Amanda,800
55533699,Dalton,1696
5172054,Lisa,542
15182907,Javier,480
28554510,Bridge,1036
6631756,Javier,1660
34555674,Beth,318
54847978,Rawan,598
2596502,Karlene,1324
32782504,Benjamin,234
52756029,Vadim,1436
50212207,Mark,106
44001869,Janee,992
27760003,Nubia,102
12692631,Anastasiia,1020
31735892,Nam,514
14684800,Yaacov,200
32534750,Hardik,128
5677228,Sylvia,528
30608148,Vanja,1660
6491470,Chuck,2058
10531871,Celeste,1902
21738997,Holly,1662
30140792,Giona,2174
23889895,"Alex, Alena",872
37402233,Anthony J,850
43339677,Freddy,1036
51544751,Anne,492
27313424,Sonia,606
11343939,Mala,212
34406037,Lyndell,1740
43509166,Miguel,500
15557337,Paul,1518
31441828,Emilio,1942
39054110,Petros,192
47969771,Kazuya,694
3450732,Kathy,468
49321143,Anika,1334
2746160,Blueground,218
35335481,Nicholas,976
5465773,Eibhlin,1474
3280887,Ferguson,1436
37652899,Emani,228
37034425,Timo,1116
22750023,Jennifer,1496
1484262,Brian,1386
13168881,Melissa,1150
21303204,Sindre,2068
10097954,Siju,642
7279224,K,546
50677924,Marion,2112
8238296,Hamilton,1040
50600785,Boyd,498
5597072,Kirk,1026
50091042,Yan,1092
7825298,Host,1096
42798786,Michelle,1944
21928385,"Joy, Jesse",1546
18081430,Sam,1054
52122045,John,2250
19501757,"Giselle, Charles",1718
35910705,John,1008
31780964,Nikhil,2162
25673799,Jon,760
54846903,Charles,266
8081907,Muath,286
1275462,Emily,1200
7919504,Barbara,772
25834291,Bryant,1730
34518680,Rossana,1992
56246997,Sharon,1512
51571292,Sophia,428
5277308,Gena,2376
41815552,David,1072
15281030,Eric,1312
23059982,Hiasselen,2140
29689574,Gen,1886
42539119,MyCity,1296
52091880,Kristen,1384
25945956,"Lucy, Rodo",2132
45557073,Cleber,408
39753950,Danni,2078
14462815,Sharon,1258
13796821,Sergey,2398
52139263,Eldad,630
5217685,Kylie,974
55308971,James,1090
52968014,Beverly,2278
34727020,Jasmine,1216
43140395,Howard,2116
6649874,Carl,980
16615987,Valjean,268
27970450,Michelle,2368
23208512,David,814
29972174,Javerick,684
1905988,Samuel,790
23633503,Maud,2066
20051519,Will,1164
53836729,Cynthia,840
17043117,Elireth,1570
39610283,Renwick,532
52023881,Amiee,2036
54573498,Noah,774
55861392,Alison,1740
23466424,JuVita,1870
17506380,Kate,2314
14498747,Sarah,2052
37225519,Max,2304
31424759,Bar,1546
56973538,Amanda,670
52962103,Sarah,1834
9722898,Dafna Irit,998
50706014,Erez,1462
35746874,Kumar,722
2074513,Nicholas,1900
33425034,Peter,474
11492809,Kristen,588
29534679,Markus,1598
32289916,Leen,1456
40540988,Jasmine,142
47598812,Sonder NYC,1836
22296755,Julien,1742
50443181,Edwin,1500
44953393,Medina,782
28161959,Lidor,1986
11080929,Lee,2142
6845335,Caroline,908
52057134,Jacqueline,1116
6678028,David,432
53068018,Henrik,1976
26729604,Jason,752
35841756,Justin,2194
3166664,Jose,1726
17694394,Tyler,1832
21671863,Reno,584
42635144,"Suzie, Ryan",1076
27317727,Labeat,2394
10663235,Jiqiong,194
50665869,Cristina,1796
19801475,Clark,1276
9831308,Berat,270
6928432,Anna,2004
30696171,Ross,390
15867424,Bridge,602
20910679,Ian,1536
