id,area,pop,km2
1582356,Park Slope,150000,5
23711912,Upper West Side,210000,5
10981949,Jamaica,250000,7
7633907,Williamsburg,200000,4
54983138,Carroll Gardens,40000,2
1254842,Williamsburg,200000,4
7601321,Lower East Side,100000,3
49740706,Canarsie,120000,4
9700613,Astoria,250000,7
45590724,Hell's Kitchen,100000,3
21507130,Williamsburg,200000,4
20440639,Harlem,250000,8
49696522,Sunnyside,120000,5
47846317,Astoria,250000,7
54067977,Tompkinsville,60000,3
27418950,East New York,150000,5
5245762,Bushwick,120000,4
24688378,Chelsea,80000,3
9161016,Upper East Side,200000,6
22824918,Bedford-Stuyvesant,180000,4
21077993,Borough Park,250000,6
11408877,Upper West Side,210000,5
1545352,Harlem,250000,8
45672465,Woodside,150000,4
1548113,South Slope,100000,3
18337481,Chinatown,100000,3
14341038,Briarwood,80000,4
43691365,Fort Greene,70000,3
21179064,Lower East Side,100000,3
52018392,Harlem,250000,8
46703609,Hell's Kitchen,100000,3
2424613,Chelsea,80000,3
18884810,Harlem,250000,8
53937634,Hell's Kitchen,100000,3
3683305,West Village,100000,2
2836077,Upper West Side,210000,5
56082215,East Harlem,120000,5
9332782,Hell's Kitchen,100000,3
27764689,Financial District,40000,2
13511483,Ridgewood,100000,4
11512710,Bedford-Stuyvesant,180000,4
3283440,Chinatown,100000,3
26513178,Corona,200000,6
15379362,Highbridge,120000,4
17717248,Bedford-Stuyvesant,180000,4
49230381,Prospect Heights,90000,4
52652984,Midtown,250000,3
46293802,Mount Hope,80000,4
5533510,East Village,110000,3
45749234,Chelsea,80000,3
10109315,Tompkinsville,60000,3
52943494,Upper East Side,200000,6
2269417,Gramercy,50000,2
21172989,Borough Park,250000,6
55396811,Crown Heights,200000,5
46426354,Bedford-Stuyvesant,180000,4
48569278,Hell's Kitchen,100000,3
1860715,Prospect-Lefferts Gardens,80000,4
53775258,Norwood,100000,4
48223538,Chelsea,80000,3
21509892,Bay Ridge,200000,5
11395622,Bushwick,120000,4
45928732,East New York,150000,5
51455046,Upper East Side,200000,6
17657047,Sunset Park,250000,6
3502703,Williamsburg,200000,4
23058541,Flushing,200000,7
50041158,Greenwich Village,150000,3
22615044,Crown Heights,200000,5
25663188,Sheepshead Bay,100000,3
3943990,Upper East Side,200000,6
7541120,South Slope,100000,3
23231411,Chelsea,80000,3
2163375,Upper West Side,210000,5
8969920,Williamsburg,200000,4
52799344,Upper West Side,210000,5
26108894,Harlem,250000,8
7668149,Prospect-Lefferts Gardens,80000,4
11721479,Williamsburg,200000,4
55974517,Forest Hills,180000,6
1988296,Crown Heights,200000,5
46989148,Williamsburg,200000,4
17418454,Long Island City,180000,6
44282878,Gramercy,50000,2
42833090,East Flatbush,120000,5
4311270,Upper West Side,210000,5
5774865,Williamsburg,200000,4
6461374,Upper West Side,210000,5
19825929,Washington Heights,170000,6
4628290,Williamsburg,200000,4
5824572,Williamsburg,200000,4
6687817,Williamsburg,200000,4
51645589,Williamsburg,200000,4
5092774,Bedford-Stuyvesant,180000,4
52462993,Midtown,250000,3
7382058,Harlem,250000,8
14964032,Ditmars Steinway,80000,4
7073322,Upper East Side,200000,6
53137351,Williamsburg,200000,4
17198638,Upper East Side,200000,6
17376479,Jamaica,250000,7
5573275,Hell's Kitchen,100000,3
22862475,Hell's Kitchen,100000,3
9879559,Hell's Kitchen,100000,3
49922965,Chelsea,80000,3
4009714,Williamsburg,200000,4
18130921,Mott Haven,80000,3
48959754,Bushwick,120000,4
17236747,Fordham,200000,7
15557755,Nolita,40000,2
20705743,Fort Greene,70000,3
7969705,Upper West Side,210000,5
50492939,Windsor Terrace,30000,2
43704067,Greenwich Village,150000,3
20445610,Williamsburg,200000,4
48338417,East New York,150000,5
24324965,Hell's Kitchen,100000,3
9115728,Boerum Hill,50000,2
9940864,Brooklyn Heights,100000,3
56556088,Prospect-Lefferts Gardens,80000,4
55564158,Chelsea,80000,3
56365545,Harlem,250000,8
18922919,Greenpoint,30000,2
54984795,Bedford-Stuyvesant,180000,4
53675844,Prospect-Lefferts Gardens,80000,4
54223726,Upper East Side,200000,6
46569400,Bedford-Stuyvesant,180000,4
48239003,Bedford-Stuyvesant,180000,4
25322419,Gowanus,40000,2
18782635,Greenpoint,30000,2
46663291,East Village,110000,3
3614820,Chelsea,80000,3
1704966,Financial District,40000,2
11542534,Harlem,250000,8
15093823,Fort Greene,70000,3
17694604,Lower East Side,100000,3
3108913,Rego Park,150000,4
48150635,Chinatown,100000,3
14797238,Flatlands,50000,3
57131585,East New York,150000,5
1649736,Williamsburg,200000,4
15894658,Flushing,200000,7
8130977,Kips Bay,50000,2
24560245,Chelsea,80000,3
26304408,Midtown,250000,3
2636144,Nolita,40000,2
43881908,Bedford-Stuyvesant,180000,4
11008460,Ditmars Steinway,80000,4
11487856,West Brighton,150000,5
43341206,Bedford-Stuyvesant,180000,4
45008600,Bushwick,120000,4
53973534,East Village,110000,3
6705490,Financial District,40000,2
44476735,St. George,150000,5
23243009,Harlem,250000,8
24327174,Upper East Side,200000,6
9256012,Harlem,250000,8
46884763,Upper East Side,200000,6
5159603,Bedford-Stuyvesant,180000,4
20284338,Bedford-Stuyvesant,180000,4
57222715,Williamsburg,200000,4
55432710,Laurelton,120000,5
55698367,Bedford-Stuyvesant,180000,4
54551239,Chelsea,80000,3
6693892,Fort Greene,70000,3
55739237,East Harlem,120000,5
20980236,Long Island City,180000,6
8392215,Midtown,250000,3
55883939,Bushwick,120000,4
3953932,Columbia St,50000,2
9845316,Bushwick,120000,4
52518775,Jamaica,250000,7
2889650,Flatbush,180000,5
5207653,Upper West Side,210000,5
8674992,Hell's Kitchen,100000,3
9562538,Morningside Heights,150000,5
21954493,Bedford-Stuyvesant,180000,4
53919408,Gowanus,40000,2
18579388,South Ozone Park,150000,6
19169797,Clinton Hill,50000,3
52393403,Briarwood,80000,4
15123095,Harlem,250000,8
55182518,Greenpoint,30000,2
52457470,Sunnyside,120000,5
3906986,Mott Haven,80000,3
3635255,Williamsburg,200000,4
7265523,East Village,110000,3
7518476,East Village,110000,3
13947248,West Village,100000,2
47675104,Long Island City,180000,6
22300786,Prospect-Lefferts Gardens,80000,4
19880055,Williamsburg,200000,4
7618995,Williamsburg,200000,4
25594703,Crown Heights,200000,5
1206792,Greenpoint,30000,2
3734669,Lower East Side,100000,3
46907407,Harlem,250000,8
14291331,Prospect-Lefferts Gardens,80000,4
10902418,Hell's Kitchen,100000,3
5932270,Williamsburg,200000,4
7137389,Brooklyn Heights,100000,3
44064167,Bedford-Stuyvesant,180000,4
25316896,Bushwick,120000,4
46547308,Flatbush,180000,5
7527865,Upper East Side,200000,6
51214795,East Flatbush,120000,5
46724596,Queens Village,120000,4
25578134,Longwood,120000,4
47387356,Flushing,200000,7
7160586,Crown Heights,200000,5
42864019,Upper West Side,210000,5
25192628,Washington Heights,170000,6
55106853,Midtown,250000,3
53738254,Williamsburg,200000,4
24315576,Chelsea,80000,3
55260393,Hell's Kitchen,100000,3
48266065,Williamsburg,200000,4
8734088,Windsor Terrace,30000,2
11655203,Bedford-Stuyvesant,180000,4
26489981,Hell's Kitchen,100000,3
14406209,Rockaway Beach,60000,3
54212680,Harlem,250000,8
17267123,Williamsburg,200000,4
18341347,Williamsburg,200000,4
20515200,Bushwick,120000,4
24179710,East New York,150000,5
45042290,Harlem,250000,8
1971727,Greenwich Village,150000,3
4020760,Clason Point,80000,4
52552466,Chelsea,80000,3
21182930,Morningside Heights,150000,5
4537161,Fort Greene,70000,3
23140282,Long Island City,180000,6
54801984,Bedford-Stuyvesant,180000,4
44275698,Fordham,200000,7
23492097,Forest Hills,180000,6
10344043,Upper West Side,210000,5
27395201,Briarwood,80000,4
53490823,Williamsburg,200000,4
13882077,Williamsburg,200000,4
52808181,South Ozone Park,150000,6
3797631,Windsor Terrace,30000,2
47762368,Bushwick,120000,4
4842583,Bedford-Stuyvesant,180000,4
14370310,East Harlem,120000,5
47957330,Midtown,250000,3
17642135,Upper East Side,200000,6
50611131,Woodside,150000,4
7071665,Gramercy,50000,2
15234107,Midtown,250000,3
9766337,Flatbush,180000,5
10353432,Morningside Heights,150000,5
15808499,Gowanus,40000,2
52684465,Harlem,250000,8
23066273,Harlem,250000,8
2805148,Greenpoint,30000,2
55645898,Upper West Side,210000,5
6810980,Lower East Side,100000,3
11022267,Upper West Side,210000,5
9294673,Hell's Kitchen,100000,3
15229689,Greenwich Village,150000,3
2036346,Upper West Side,210000,5
22196401,Elmhurst,120000,5
12797912,Harlem,250000,8
1930857,Flatbush,180000,5
18023222,Kingsbridge,50000,3
3081298,Harlem,250000,8
24783926,Bushwick,120000,4
25065599,Harlem,250000,8
4545997,Lower East Side,100000,3
3374017,Hell's Kitchen,100000,3
51839446,Middle Village,120000,5
53588581,East Village,110000,3
44797069,East Harlem,120000,5
55984458,Rego Park,150000,4
48282634,Crown Heights,200000,5
18055808,Bedford-Stuyvesant,180000,4
13287802,Upper East Side,200000,6
21560704,Bushwick,120000,4
2571525,East Village,110000,3
45394658,Bushwick,120000,4
12307469,Hell's Kitchen,100000,3
14891681,Bronxdale,250000,6
12565393,Flatbush,180000,5
11638634,Harlem,250000,8
56813460,Flushing,200000,7
51652217,Brighton Beach,120000,5
21069157,Pelham Bay,200000,7
51962057,Upper East Side,200000,6
25334569,Harlem,250000,8
54602051,Washington Heights,170000,6
55632091,East New York,150000,5
1841384,Upper West Side,210000,5
53075494,Upper East Side,200000,6
24180815,East New York,150000,5
4523905,Hell's Kitchen,100000,3
23823477,Williamsburg,200000,4
48293680,Chelsea,80000,3
5283318,East Village,110000,3
2707391,Harlem,250000,8
47553046,Harlem,250000,8
6881674,Fort Greene,70000,3
21227114,Fordham,200000,7
19252642,Flatbush,180000,5
43163366,Williamsburg,200000,4
47746903,Fort Greene,70000,3
19834766,Bedford-Stuyvesant,180000,4
1288532,Hell's Kitchen,100000,3
18753915,Prospect-Lefferts Gardens,80000,4
48880775,East Village,110000,3
2474872,Prospect-Lefferts Gardens,80000,4
19533210,Allerton,60000,4
54710854,Bedford-Stuyvesant,180000,4
11720374,East Village,110000,3
43125257,St. Albans,70000,3
2590855,Park Slope,150000,5
50126764,Bedford-Stuyvesant,180000,4
23460616,Washington Heights,170000,6
52526508,Flushing,200000,7
4242785,Clason Point,80000,4
9257116,Inwood,60000,2
19399001,Upper West Side,210000,5
12201428,Sunnyside,120000,5
46314237,Columbia St,50000,2
46951591,Washington Heights,170000,6
47540896,Lower East Side,100000,3
4261563,Long Island City,180000,6
15980817,East Harlem,120000,5
56253428,Midtown,250000,3
13307685,Edenwald,100000,4
1787259,Crown Heights,200000,5
21637473,Williamsburg,200000,4
2261132,Harlem,250000,8
2635592,Harlem,250000,8
20502497,Hell's Kitchen,100000,3
56732272,Midtown,250000,3
49465109,Hell's Kitchen,100000,3
26732993,Harlem,250000,8
49367904,Upper West Side,210000,5
44671145,Bedford-Stuyvesant,180000,4
10076730,Ridgewood,100000,4
13599299,Crown Heights,200000,5
6124471,East Village,110000,3
26139271,Jamaica,250000,7
48711219,Bedford-Stuyvesant,180000,4
20379886,Cobble Hill,60000,2
49113294,South Slope,100000,3
18836760,Sunnyside,120000,5
14330544,Upper East Side,200000,6
14964585,Bedford-Stuyvesant,180000,4
49293896,Inwood,60000,2
49988137,Bedford-Stuyvesant,180000,4
55830366,Midtown,250000,3
20673157,Crown Heights,200000,5
26879353,Bedford-Stuyvesant,180000,4
54147508,Port Richmond,30000,2
16044883,Harlem,250000,8
3636912,Crown Heights,200000,5
1493988,Williamsburg,200000,4
47933581,Bushwick,120000,4
11282953,Bushwick,120000,4
19625997,Carroll Gardens,40000,2
13922395,Washington Heights,170000,6
50015752,Nolita,40000,2
6353675,East Flatbush,120000,5
55426083,Bedford-Stuyvesant,180000,4
42967852,Kingsbridge,50000,3
10932795,East Harlem,120000,5
26267956,Rego Park,150000,4
7368803,Canarsie,120000,4
44515396,Washington Heights,170000,6
27500138,Bedford-Stuyvesant,180000,4
6284086,Upper West Side,210000,5
44541907,Crown Heights,200000,5
16282372,Williamsburg,200000,4
9482455,Windsor Terrace,30000,2
13441894,Flushing,200000,7
15541186,Bedford-Stuyvesant,180000,4
46021518,Crown Heights,200000,5
2730035,East Village,110000,3
49762246,Bedford-Stuyvesant,180000,4
48664826,Harlem,250000,8
51762124,Bayside,120000,4
4586315,Williamsburg,200000,4
11736943,Nolita,40000,2
54574436,Williamsburg,200000,4
21310512,Upper West Side,210000,5
48401379,East Village,110000,3
46104916,Boerum Hill,50000,2
56411938,Chelsea,80000,3
19500072,Clinton Hill,50000,3
52569587,Nolita,40000,2
23787577,Crown Heights,200000,5
24275258,Bedford-Stuyvesant,180000,4
54133148,Windsor Terrace,30000,2
53089301,East New York,150000,5
57259166,Washington Heights,170000,6
24688931,East Harlem,120000,5
11686684,Corona,200000,6
16459661,Financial District,40000,2
54371742,Gowanus,40000,2
23541251,Cobble Hill,60000,2
18456778,Bedford-Stuyvesant,180000,4
44898692,Flushing,200000,7
56798548,Harlem,250000,8
12987351,Harlem,250000,8
10291022,Downtown Brooklyn,150000,5
18195540,Midtown,250000,3
26649043,Rockaway Beach,60000,3
19553645,Jackson Heights,180000,5
3784376,East Harlem,120000,5
52165856,Harlem,250000,8
6542562,East Village,110000,3
51994643,Fordham,200000,7
17200295,Inwood,60000,2
24370254,Stuyvesant Town,150000,5
42919249,SoHo,120000,4
18410937,East Harlem,120000,5
16586137,Bedford-Stuyvesant,180000,4
16245368,Harlem,250000,8
24248748,Upper West Side,210000,5
4425044,Rego Park,150000,4
2094890,Bedford-Stuyvesant,180000,4
46988596,Bushwick,120000,4
50209609,Inwood,60000,2
54524729,Flushing,200000,7
25665397,Upper East Side,200000,6
8640197,Bedford-Stuyvesant,180000,4
10806318,Midtown,250000,3
52664583,South Slope,100000,3
10315323,Bushwick,120000,4
53126305,Bushwick,120000,4
9276999,Vinegar Hill,30000,2
50667466,South Beach,150000,5
8898674,Crown Heights,200000,5
1084181,Fort Greene,70000,3
45250507,Rockaway Beach,60000,3
5092222,Williamsburg,200000,4
1398440,Harlem,250000,8
15231898,Financial District,40000,2
50181442,Washington Heights,170000,6
6942979,Williamsbridge,80000,4
2583123,Williamsburg,200000,4
3458519,East Village,110000,3
44174627,East Flatbush,120000,5
15057371,Harlem,250000,8
53311326,Prospect-Lefferts Gardens,80000,4
21334813,Gowanus,40000,2
18265682,Canarsie,120000,4
9014104,Crown Heights,200000,5
1295160,Chelsea,80000,3
13973758,Prospect-Lefferts Gardens,80000,4
55487940,Elmhurst,120000,5
55400125,East Elmhurst,100000,3
54098353,Harlem,250000,8
20298146,New Dorp Beach,150000,5
9048347,Murray Hill,60000,2
12813928,Chelsea,80000,3
48386467,West Village,100000,2
45355997,Rosedale,150000,6
1834204,Mariners Harbor,50000,3
47685046,Kips Bay,50000,2
22188116,Astoria,250000,7
20580371,Bushwick,120000,4
55976173,East Elmhurst,100000,3
3783271,Park Slope,150000,5
4408475,Upper West Side,210000,5
48258333,Williamsburg,200000,4
19239939,Bushwick,120000,4
3767807,Washington Heights,170000,6
43110345,Manhattan Beach,100000,4
47093533,Belmont,120000,5
8159696,Prospect-Lefferts Gardens,80000,4
53035728,Upper East Side,200000,6
46310923,Park Slope,150000,5
21946761,Bushwick,120000,4
43905105,Greenpoint,30000,2
8280650,Bedford-Stuyvesant,180000,4
43741072,Upper East Side,200000,6
23011596,Hell's Kitchen,100000,3
18593748,Jamaica,250000,7
12609577,Sunset Park,250000,6
26721947,Harlem,250000,8
9119041,Hell's Kitchen,100000,3
11725897,Midtown,250000,3
5361745,Upper East Side,200000,6
5079519,Hell's Kitchen,100000,3
23707494,Bedford-Stuyvesant,180000,4
1941903,Prospect Heights,90000,4
47440377,East Village,110000,3
56647218,Rosedale,150000,6
3885999,Bedford-Stuyvesant,180000,4
43522361,Upper West Side,210000,5
3140394,Kips Bay,50000,2
8526424,Bedford-Stuyvesant,180000,4
19602800,Sunnyside,120000,5
25256143,Bedford-Stuyvesant,180000,4
53129619,Gowanus,40000,2
47112863,Bedford-Stuyvesant,180000,4
4547102,West Village,100000,2
1247110,Harlem,250000,8
20896287,Brownsville,180000,7
53723894,Flatbush,180000,5
3001767,Prospect-Lefferts Gardens,80000,4
3572845,Prospect Heights,90000,4
17985666,Greenpoint,30000,2
23669385,Flushing,200000,7
46635124,Carroll Gardens,40000,2
51737271,Astoria,250000,7
20356137,Williamsburg,200000,4
24372463,Flatlands,50000,3
51455598,Upper East Side,200000,6
47689464,Upper East Side,200000,6
10661615,East Village,110000,3
47598887,Greenpoint,30000,2
13280070,Tribeca,100000,4
24110673,Sunnyside,120000,5
54394939,West Village,100000,2
3930735,Sunset Park,250000,6
24496730,Astoria,250000,7
2916712,Lower East Side,100000,3
8520348,Williamsburg,200000,4
57118882,Long Island City,180000,6
11609914,Harlem,250000,8
3832978,Bedford-Stuyvesant,180000,4
7163347,Queens Village,120000,4
5104373,Upper West Side,210000,5
8552934,South Slope,100000,3
2110907,Bushwick,120000,4
53110289,Murray Hill,60000,2
26851738,Flatbush,180000,5
24002422,Bushwick,120000,4
25881346,Bushwick,120000,4
6587298,Chelsea,80000,3
19370834,Cobble Hill,60000,2
14051080,Astoria,250000,7
14874007,Canarsie,120000,4
27307937,Midtown,250000,3
26571721,Bushwick,120000,4
50001392,Civic Center,80000,3
2758755,Gowanus,40000,2
45430557,East Village,110000,3
20539501,Gowanus,40000,2
7694660,South Slope,100000,3
14083114,Bedford-Stuyvesant,180000,4
51568819,Williamsburg,200000,4
1262574,Washington Heights,170000,6
20114230,East Flatbush,120000,5
13067434,Williamsburg,200000,4
57260823,Hell's Kitchen,100000,3
20884688,Bedford-Stuyvesant,180000,4
11762349,Bedford-Stuyvesant,180000,4
54149717,Kensington,35000,2
47760711,Clinton Hill,50000,3
15841637,Hell's Kitchen,100000,3
43157843,Bushwick,120000,4
12937644,Bedford-Stuyvesant,180000,4
55644793,Bedford-Stuyvesant,180000,4
47313348,Washington Heights,170000,6
18177866,East Village,110000,3
17789047,Washington Heights,170000,6
26082384,Flushing,200000,7
42940237,Chelsea,80000,3
19095789,Financial District,40000,2
17302471,Gramercy,50000,2
10178905,Bedford-Stuyvesant,180000,4
4858047,Upper East Side,200000,6
9330572,Sea Gate,30000,2
21860050,Williamsburg,200000,4
3095658,Carroll Gardens,40000,2
56338482,Astoria,250000,7
44171866,Greenpoint,30000,2
23867661,Financial District,40000,2
3878819,Flatbush,180000,5
2132999,Williamsburg,200000,4
24163693,East Harlem,120000,5
1575728,Prospect Heights,90000,4
26111103,Crown Heights,200000,5
3788242,Sunset Park,250000,6
46269501,Upper West Side,210000,5
43659331,Flatbush,180000,5
27005829,Borough Park,250000,6
48900658,Bedford-Stuyvesant,180000,4
24465802,SoHo,120000,4
53516782,Little Italy,60000,2
52255881,East Elmhurst,100000,3
3913062,Bushwick,120000,4
19877845,Hell's Kitchen,100000,3
50163768,West Village,100000,2
24522136,Vinegar Hill,30000,2
3327071,East Village,110000,3
2937700,NoHo,30000,2
56581494,Bayside,120000,4
3029934,Upper West Side,210000,5
16515995,Harlem,250000,8
50385241,Long Island City,180000,6
50438261,Williamsburg,200000,4
5857158,Upper West Side,210000,5
3696560,Williamsburg,200000,4
11819236,Kensington,35000,2
4696223,Bushwick,120000,4
1209001,Harlem,250000,8
10136930,Roosevelt Island,15000,2
5615250,Upper West Side,210000,5
49971568,Upper West Side,210000,5
11852926,East Harlem,120000,5
14948568,Murray Hill,60000,2
48740491,Hell's Kitchen,100000,3
53474807,Tribeca,100000,4
47303407,Lower East Side,100000,3
26195053,Harlem,250000,8
22655914,Upper West Side,210000,5
7064485,Morningside Heights,150000,5
7904534,Carroll Gardens,40000,2
20044088,Bedford-Stuyvesant,180000,4
52892130,Flushing,200000,7
50758595,Williamsburg,200000,4
53201971,Edenwald,100000,4
9126221,Washington Heights,170000,6
5337996,SoHo,120000,4
17755357,Upper East Side,200000,6
17349416,Bedford-Stuyvesant,180000,4
43754327,Sunset Park,250000,6
11036627,East Flatbush,120000,5
10205968,Kew Gardens Hills,120000,5
16314406,Park Slope,150000,5
47270269,West Village,100000,2
24769014,Financial District,40000,2
15730625,Upper East Side,200000,6
6979431,Midwood,180000,5
27030130,East New York,150000,5
49609259,Flushing,200000,7
43021425,Woodhaven,100000,4
2221367,Prospect-Lefferts Gardens,80000,4
52254776,Bedford-Stuyvesant,180000,4
2625650,Chelsea,80000,3
4782382,Gowanus,40000,2
48161681,Upper West Side,210000,5
17596846,Prospect-Lefferts Gardens,80000,4
5834513,Astoria,250000,7
52336516,Bedford-Stuyvesant,180000,4
4401847,Upper East Side,200000,6
55205163,Bushwick,120000,4
10686469,Bedford-Stuyvesant,180000,4
47432645,Williamsburg,200000,4
10659958,Canarsie,120000,4
45858590,Harlem,250000,8
2897934,East Harlem,120000,5
7732768,Williamsburg,200000,4
1645318,Gowanus,40000,2
19703319,Long Island City,180000,6
18867136,Harlem,250000,8
17732712,Lower East Side,100000,3
10963171,Bushwick,120000,4
3087925,Greenwich Village,150000,3
26504341,Columbia St,50000,2
20737777,Upper East Side,200000,6
10029784,Harlem,250000,8
47060947,Hell's Kitchen,100000,3
12899535,East New York,150000,5
52335412,Bedford-Stuyvesant,180000,4
4544893,Upper East Side,200000,6
18903036,Bedford-Stuyvesant,180000,4
12674749,Soundview,120000,5
3773882,Flatbush,180000,5
11425446,Bedford-Stuyvesant,180000,4
44978224,Hell's Kitchen,100000,3
15998490,Bushwick,120000,4
51453389,Williamsburg,200000,4
56704657,Crown Heights,200000,5
18962132,West Village,100000,2
55812693,Woodside,150000,4
21691046,Bedford-Stuyvesant,180000,4
8444683,Chelsea,80000,3
45381955,East Village,110000,3
8986489,Hell's Kitchen,100000,3
55823739,Bushwick,120000,4
2907323,Bedford-Stuyvesant,180000,4
50327249,Bedford-Stuyvesant,180000,4
7855379,Financial District,40000,2
13914110,Bensonhurst,180000,5
48736625,Williamsbridge,80000,4
2580362,Harlem,250000,8
15070626,East New York,150000,5
21440302,Midtown,250000,3
23086708,Hell's Kitchen,100000,3
8327043,Lower East Side,100000,3
45555929,East New York,150000,5
23001654,NoHo,30000,2
16037151,Ridgewood,100000,4
19279152,Bayswater,120000,4
21298913,Whitestone,120000,5
20826697,Flatbush,180000,5
18454016,Ridgewood,100000,4
5617459,Bedford-Stuyvesant,180000,4
20699668,Harlem,250000,8
18576627,Sunnyside,120000,5
4629395,Murray Hill,60000,2
50764118,Sunnyside,120000,5
10421365,Harlem,250000,8
3069147,Clinton Hill,50000,3
5585426,East Village,110000,3
2564345,Flatbush,180000,5
52685018,Chinatown,100000,3
56913979,Upper East Side,200000,6
16236532,Clinton Hill,50000,3
21573406,Upper West Side,210000,5
55144410,Tribeca,100000,4
47057633,Allerton,60000,4
45149989,Bedford-Stuyvesant,180000,4
7077741,Elmhurst,120000,5
18693162,East Village,110000,3
50819901,Clinton Hill,50000,3
43959230,Financial District,40000,2
16578958,Bay Ridge,200000,5
21296704,Bushwick,120000,4
20994044,East Flatbush,120000,5
15372182,Harlem,250000,8
3945095,Bedford-Stuyvesant,180000,4
56102650,Chelsea,80000,3
20290966,Ditmars Steinway,80000,4
5557259,Bedford-Stuyvesant,180000,4
19423855,Greenpoint,30000,2
26477830,Flushing,200000,7
14949120,Murray Hill,60000,2
2956478,Williamsburg,200000,4
53580296,Borough Park,250000,6
5019319,Midtown,250000,3
13444103,Upper West Side,210000,5
5878145,Flushing,200000,7
17133467,Two Bridges,40000,2
17861950,Greenwich Village,150000,3
52592784,East New York,150000,5
6068689,Upper East Side,200000,6
8703712,Williamsburg,200000,4
52844080,Canarsie,120000,4
23927309,East Village,110000,3
22576383,Washington Heights,170000,6
16958388,Williamsburg,200000,4
11630902,Upper East Side,200000,6
9589049,Upper West Side,210000,5
11263622,Flatlands,50000,3
52389537,Greenpoint,30000,2
6189090,Bedford-Stuyvesant,180000,4
51354527,Williamsburg,200000,4
26348592,Borough Park,250000,6
56837761,Bedford-Stuyvesant,180000,4
52752398,Crown Heights,200000,5
4745378,Bedford-Stuyvesant,180000,4
1127260,Roosevelt Island,15000,2
17141199,Flatiron District,50000,2
11935771,Clinton Hill,50000,3
4295253,Lower East Side,100000,3
11961730,Greenpoint,30000,2
19091370,East Flatbush,120000,5
18339690,Upper West Side,210000,5
3711472,Williamsburg,200000,4
3969396,Upper West Side,210000,5
9922086,Midtown,250000,3
8109437,Prospect-Lefferts Gardens,80000,4
50813273,Prospect-Lefferts Gardens,80000,4
25360528,Briarwood,80000,4
26635236,Cobble Hill,60000,2
5674346,Bedford-Stuyvesant,180000,4
53621719,Upper East Side,200000,6
25093767,Flatlands,50000,3
21060872,St. Albans,70000,3
26537479,East Village,110000,3
1947426,East Village,110000,3
14335515,Greenwich Village,150000,3
15440115,Upper West Side,210000,5
4690700,Windsor Terrace,30000,2
5181695,Hell's Kitchen,100000,3
19936942,Sheepshead Bay,100000,3
11217229,Bedford-Stuyvesant,180000,4
1392364,Bedford-Stuyvesant,180000,4
9407894,Upper West Side,210000,5
44300551,Hell's Kitchen,100000,3
54159106,Cobble Hill,60000,2
6202345,Williamsburg,200000,4
20979132,East Flatbush,120000,5
56626231,Concourse,80000,4
11833596,Williamsburg,200000,4
11965043,Bedford-Stuyvesant,180000,4
47542000,Williamsburg,200000,4
26232609,Rego Park,150000,4
14598410,Bushwick,120000,4
23708598,Fort Greene,70000,3
22833203,Financial District,40000,2
12985141,Harlem,250000,8
5447351,Washington Heights,170000,6
25756527,Long Island City,180000,6
3221582,Borough Park,250000,6
10805213,Upper West Side,210000,5
5996890,Mott Haven,80000,3
7743262,SoHo,120000,4
6745808,East Village,110000,3
46053552,Sunset Park,250000,6
18092260,Chinatown,100000,3
3120511,Williamsburg,200000,4
44449672,East Village,110000,3
15367764,Hell's Kitchen,100000,3
20991282,Williamsburg,200000,4
19723754,Bushwick,120000,4
8652348,Bushwick,120000,4
3265766,Fort Greene,70000,3
53077151,Washington Heights,170000,6
4848106,Astoria,250000,7
6926410,Sunset Park,250000,6
46994119,Greenpoint,30000,2
54478336,Astoria,250000,7
1394574,West Village,100000,2
50734846,West Village,100000,2
10209834,Harlem,250000,8
51658292,Bushwick,120000,4
15731729,Lower East Side,100000,3
20447267,Bushwick,120000,4
2838838,Williamsburg,200000,4
53969668,Williamsburg,200000,4
10261198,Boerum Hill,50000,2
9896680,East Harlem,120000,5
23914054,Financial District,40000,2
6988820,Upper West Side,210000,5
55623806,Sunnyside,120000,5
57195100,Briarwood,80000,4
20188790,Chinatown,100000,3
5877593,Upper West Side,210000,5
10645599,Flushing,200000,7
7247849,Carroll Gardens,40000,2
25393666,Upper West Side,210000,5
54523072,Upper East Side,200000,6
19676256,Bedford-Stuyvesant,180000,4
12916656,Lower East Side,100000,3
44650710,Lower East Side,100000,3
7363832,Harlem,250000,8
48055087,East Village,110000,3
49328138,Midtown,250000,3
13480002,Hell's Kitchen,100000,3
53995626,East Flatbush,120000,5
45777402,East New York,150000,5
48385915,Harlem,250000,8
3826903,Park Slope,150000,5
48615119,Ditmars Steinway,80000,4
21287315,Crown Heights,200000,5
48691889,Hell's Kitchen,100000,3
47092428,Park Slope,150000,5
11672324,Nolita,40000,2
26718633,Chelsea,80000,3
53343912,Williamsburg,200000,4
47548075,Williamsburg,200000,4
9301300,Upper East Side,200000,6
55427187,Kips Bay,50000,2
15300383,Chelsea,80000,3
18037030,Bedford-Stuyvesant,180000,4
22765270,Flatlands,50000,3
44757304,Williamsburg,200000,4
3578920,Park Slope,150000,5
1811560,West Village,100000,2
15860968,Brighton Beach,120000,5
18057465,Boerum Hill,50000,2
7678643,Hell's Kitchen,100000,3
26300542,Upper East Side,200000,6
48710115,East Village,110000,3
21957255,Bedford-Stuyvesant,180000,4
12132390,Greenwich Village,150000,3
12808958,Fordham,200000,7
7242878,Chinatown,100000,3
55530467,Elmhurst,120000,5
55240510,Carroll Gardens,40000,2
20549442,Fort Greene,70000,3
25734435,Bedford-Stuyvesant,180000,4
45003077,Prospect-Lefferts Gardens,80000,4
51664920,Sunnyside,120000,5
44017774,Ditmars Steinway,80000,4
7764802,West Village,100000,2
44729136,Upper East Side,200000,6
50938645,Hunts Point,80000,3
21498294,Harlem,250000,8
48203656,Harlem,250000,8
25872510,Midtown,250000,3
57334279,Sunnyside,120000,5
18157983,Harlem,250000,8
15039697,Greenpoint,30000,2
19587888,Chelsea,80000,3
7327380,Bushwick,120000,4
50527182,Upper West Side,210000,5
3987070,Bedford-Stuyvesant,180000,4
12790732,Brooklyn Heights,100000,3
3488343,Chelsea,80000,3
5993023,Bushwick,120000,4
9801684,Borough Park,250000,6
15010426,Hell's Kitchen,100000,3
48823888,Boerum Hill,50000,2
14498443,Williamsburg,200000,4
43994577,Longwood,120000,4
7901220,Chelsea,80000,3
8534708,South Slope,100000,3
25733330,Midtown,250000,3
2583676,Canarsie,120000,4
46919558,Kensington,35000,2
21675582,Upper East Side,200000,6
4591286,Upper West Side,210000,5
19661896,Hell's Kitchen,100000,3
1319461,Fort Hamilton,100000,4
52539211,Financial District,40000,2
4193078,Lower East Side,100000,3
10293231,East Flatbush,120000,5
4062183,Norwood,100000,4
2102070,Morningside Heights,150000,5
7072218,Bedford-Stuyvesant,180000,4
6190747,DUMBO,30000,1
18119322,Clinton Hill,50000,3
43910628,Chelsea,80000,3
52134927,Windsor Terrace,30000,2
23671594,Washington Heights,170000,6
52561855,Bedford-Stuyvesant,180000,4
20972504,Harlem,250000,8
23703075,Harlem,250000,8
49808087,Harlem,250000,8
47239892,East Harlem,120000,5
7006494,East Village,110000,3
7291481,East Village,110000,3
5440171,Williamsburg,200000,4
3819171,Upper East Side,200000,6
47741380,Greenpoint,30000,2
51939965,Howard Beach,80000,4
3714234,Inwood,60000,2
21270746,Upper West Side,210000,5
22446593,Harlem,250000,8
24254271,Ridgewood,100000,4
6265860,Rego Park,150000,4
11860659,Harlem,250000,8
15947679,Upper East Side,200000,6
54322587,Park Slope,150000,5
44306074,Maspeth,60000,3
2664864,East Village,110000,3
8574474,Bedford-Stuyvesant,180000,4
49972672,Cypress Hills,100000,4
18230887,Upper West Side,210000,5
1911526,Crown Heights,200000,5
18568342,Harlem,250000,8
45246641,Williamsburg,200000,4
17785181,Elmhurst,120000,5
9665818,Hell's Kitchen,100000,3
25670920,Hollis,200000,6
55657496,Bedford-Stuyvesant,180000,4
51802442,Kingsbridge,50000,3
53334523,Sunnyside,120000,5
1297369,Prospect-Lefferts Gardens,80000,4
18931203,Williamsburg,200000,4
44443045,Prospect Heights,90000,4
55566919,Bedford-Stuyvesant,180000,4
11632006,Long Island City,180000,6
19835318,Williamsburg,200000,4
19610532,Financial District,40000,2
7277673,Hell's Kitchen,100000,3
8609821,Washington Heights,170000,6
8494390,Chelsea,80000,3
4569194,Bushwick,120000,4
9586840,Upper West Side,210000,5
5664957,Sunset Park,250000,6
6338763,Gowanus,40000,2
57168589,Fresh Meadows,120000,4
19094684,Hell's Kitchen,100000,3
7066695,Upper West Side,210000,5
6668486,Randall Manor,60000,3
23338557,NoHo,30000,2
42862362,Jamaica,250000,7
47534820,Upper East Side,200000,6
47538686,Bedford-Stuyvesant,180000,4
14542075,Claremont Village,80000,4
50992218,Glendale,80000,3
46460044,Windsor Terrace,30000,2
55757463,East Flatbush,120000,5
5007168,Harlem,250000,8
12123001,Tompkinsville,60000,3
1397887,East Village,110000,3
44872734,Bensonhurst,180000,5
42968404,Bedford-Stuyvesant,180000,4
11876675,Sheepshead Bay,100000,3
10868176,Astoria,250000,7
6233274,Bushwick,120000,4
42957910,West Village,100000,2
49294448,East Village,110000,3
56404206,West Village,100000,2
47806552,Williamsburg,200000,4
2434555,Morningside Heights,150000,5
7398075,Bedford-Stuyvesant,180000,4
25059524,Hell's Kitchen,100000,3
8215479,East Harlem,120000,5
25187105,Gowanus,40000,2
16617066,Cypress Hills,100000,4
5007720,Crown Heights,200000,5
1640347,Upper West Side,210000,5
9484112,Harlem,250000,8
4975135,Harlem,250000,8
25676443,Crown Heights,200000,5
43883013,East Village,110000,3
4434985,Williamsburg,200000,4
20777542,Greenpoint,30000,2
56198198,Astoria,250000,7
11845194,East Flatbush,120000,5
43421842,East Harlem,120000,5
12823870,Upper East Side,200000,6
53124649,Williamsburg,200000,4
10361164,Kips Bay,50000,2
23886991,Financial District,40000,2
2681433,Upper East Side,200000,6
9476380,Jackson Heights,180000,5
57000690,Hell's Kitchen,100000,3
51740032,West Brighton,150000,5
44752333,Brighton Beach,120000,5
17371508,Bedford-Stuyvesant,180000,4
4092559,East Flatbush,120000,5
21346411,Bushwick,120000,4
49921861,Upper East Side,200000,6
47707690,Crown Heights,200000,5
55788944,Sunnyside,120000,5
22215731,Bedford-Stuyvesant,180000,4
16457452,Murray Hill,60000,2
46076748,Midtown,250000,3
47438168,Harlem,250000,8
12990664,Williamsburg,200000,4
27624405,Kips Bay,50000,2
10103792,Harlem,250000,8
11685027,Greenpoint,30000,2
54067425,Midtown,250000,3
56154014,Harlem,250000,8
9038958,Bedford-Stuyvesant,180000,4
48544977,Flatlands,50000,3
21239265,Williamsburg,200000,4
25111993,Chinatown,100000,3
52545838,Upper East Side,200000,6
55839755,Borough Park,250000,6
47526536,Chelsea,80000,3
11560207,Bedford-Stuyvesant,180000,4
25718418,Washington Heights,170000,6
2985750,Upper East Side,200000,6
11033866,Sheepshead Bay,100000,3
53938186,Bushwick,120000,4
52653537,Midtown,250000,3
19930314,Hell's Kitchen,100000,3
3586652,Williamsburg,200000,4
45436080,Gravesend,200000,6
3443054,Sunset Park,250000,6
19095236,Hell's Kitchen,100000,3
2083844,Flatbush,180000,5
20127485,East Harlem,120000,5
16584481,Bushwick,120000,4
16279059,Lower East Side,100000,3
47791087,Columbia St,50000,2
2075007,Greenwich Village,150000,3
17079341,Hell's Kitchen,100000,3
54645130,Fresh Meadows,120000,4
50154379,Williamsburg,200000,4
47410000,Canarsie,120000,4
6368035,Williamsburg,200000,4
23592615,Flushing,200000,7
47669029,Fort Hamilton,100000,4
8131529,Bushwick,120000,4
44639664,Huguenot,150000,5
23359545,Long Island City,180000,6
7367146,Astoria,250000,7
26411002,Midtown,250000,3
48050116,Midtown,250000,3
13318731,Hell's Kitchen,100000,3
56833343,Harlem,250000,8
22740416,Bedford-Stuyvesant,180000,4
1391812,Upper East Side,200000,6
44160820,Bedford-Stuyvesant,180000,4
10255123,Astoria,250000,7
52186291,Bushwick,120000,4
17918285,West Village,100000,2
17234538,Bushwick,120000,4
5872622,Williamsburg,200000,4
5219251,Tremont,100000,4
48646048,Inwood,60000,2
19049395,Bedford-Stuyvesant,180000,4
54288897,Washington Heights,170000,6
8282859,Lower East Side,100000,3
9321183,East Harlem,120000,5
55887805,Ditmars Steinway,80000,4
49179570,Springfield Gardens,150000,5
8544097,Washington Heights,170000,6
17388077,Flushing,200000,7
5159050,Bushwick,120000,4
46462254,Upper West Side,210000,5
4598466,Williamsburg,200000,4
3237599,Clinton Hill,50000,3
9656982,Bushwick,120000,4
18088393,Inwood,60000,2
51699162,Williamsburg,200000,4
51460569,Bedford-Stuyvesant,180000,4
21592185,Morningside Heights,150000,5
46430220,Sheepshead Bay,100000,3
6199584,Harlem,250000,8
51265607,Lower East Side,100000,3
10912360,Flatbush,180000,5
5374447,Bushwick,120000,4
24633701,Ridgewood,100000,4
18293297,Greenpoint,30000,2
7233489,Harlem,250000,8
2609081,Gramercy,50000,2
19555302,Columbia St,50000,2
26372341,Upper West Side,210000,5
6637558,Bedford-Stuyvesant,180000,4
3419305,Clinton Hill,50000,3
3492761,Harlem,250000,8
25930501,SoHo,120000,4
46442371,Astoria,250000,7
16994287,Greenpoint,30000,2
10473281,Theater District,120000,4
11358066,Jackson Heights,180000,5
52593336,Roosevelt Island,15000,2
55167054,Prospect-Lefferts Gardens,80000,4
26921880,Bushwick,120000,4
18036477,Astoria,250000,7
5276138,Williamsburg,200000,4
20793007,Prospect-Lefferts Gardens,80000,4
16560179,Bedford-Stuyvesant,180000,4
16789384,Bushwick,120000,4
45247746,Hell's Kitchen,100000,3
27258230,Bedford-Stuyvesant,180000,4
14458126,Chinatown,100000,3
3060863,Prospect-Lefferts Gardens,80000,4
27356540,Hell's Kitchen,100000,3
19297930,Bushwick,120000,4
44832969,Chelsea,80000,3
20796873,Hell's Kitchen,100000,3
1866790,Greenpoint,30000,2
43554946,Williamsburg,200000,4
57212773,East Flatbush,120000,5
17627223,Bushwick,120000,4
17011961,East Village,110000,3
43947632,Hunts Point,80000,3
12906715,Woodside,150000,4
5251837,Ridgewood,100000,4
1443176,Chelsea,80000,3
8608716,Park Slope,150000,5
4006953,Mott Haven,80000,3
45944749,Bedford-Stuyvesant,180000,4
14479113,Hell's Kitchen,100000,3
11460241,Bedford-Stuyvesant,180000,4
7406359,Greenpoint,30000,2
47900443,Elmhurst,120000,5
10832276,Harlem,250000,8
49237561,Flatlands,50000,3
46447342,Chelsea,80000,3
11849613,Lower East Side,100000,3
23571076,Harlem,250000,8
54429181,Sunset Park,250000,6
11029999,Ditmars Steinway,80000,4
43802377,Jackson Heights,180000,5
13571684,South Slope,100000,3
44840701,Long Island City,180000,6
3597146,Cypress Hills,100000,4
4092007,Upper East Side,200000,6
43892954,Williamsburg,200000,4
47572377,Williamsburg,200000,4
47410553,Williamsburg,200000,4
48020844,Harlem,250000,8
27042281,Midtown,250000,3
24219476,Jackson Heights,180000,5
8615896,Bedford-Stuyvesant,180000,4
24830320,East Harlem,120000,5
55406752,Hell's Kitchen,100000,3
24524345,Bedford-Stuyvesant,180000,4
49899217,Upper East Side,200000,6
52573453,Upper East Side,200000,6
55788391,Canarsie,120000,4
16998706,Bedford-Stuyvesant,180000,4
8761151,Bedford-Stuyvesant,180000,4
27355987,Fordham,200000,7
19161512,Gowanus,40000,2
20369392,Hell's Kitchen,100000,3
20251200,Bedford-Stuyvesant,180000,4
15004903,Flatbush,180000,5
9059945,Upper West Side,210000,5
22309070,Ridgewood,100000,4
25767573,Williamsburg,200000,4
44423714,Bushwick,120000,4
13051970,East Village,110000,3
46793634,Borough Park,250000,6
22658676,Upper West Side,210000,5
16344230,Lower East Side,100000,3
9240547,Sunnyside,120000,5
43235165,East Harlem,120000,5
7989036,Crown Heights,200000,5
54267910,Glendale,80000,3
9026807,Boerum Hill,50000,2
8906406,Bedford-Stuyvesant,180000,4
8705369,South Slope,100000,3
52645804,Washington Heights,170000,6
19050500,Crown Heights,200000,5
44557371,Williamsburg,200000,4
8287278,Kips Bay,50000,2
57169141,Williamsburg,200000,4
15088300,East Village,110000,3
3189549,Greenpoint,30000,2
20578162,East Harlem,120000,5
55941931,Williamsburg,200000,4
20649409,SoHo,120000,4
52385119,Bushwick,120000,4
3619238,Chelsea,80000,3
56954297,Bedford-Stuyvesant,180000,4
10706352,Bushwick,120000,4
51833923,Maspeth,60000,3
1355913,Williamsburg,200000,4
23383846,Bushwick,120000,4
51524083,Williamsburg,200000,4
17821080,Prospect Heights,90000,4
5296021,Flushing,200000,7
53991207,Harlem,250000,8
48739939,Sheepshead Bay,100000,3
23252951,East Flatbush,120000,5
4616692,Williamsburg,200000,4
47469097,Bedford-Stuyvesant,180000,4
53151159,Financial District,40000,2
44982642,Harlem,250000,8
13099468,Bedford-Stuyvesant,180000,4
9695090,Bedford-Stuyvesant,180000,4
53215778,Crown Heights,200000,5
6717089,Bushwick,120000,4
18262368,East Harlem,120000,5
53356062,Flushing,200000,7
44732450,Washington Heights,170000,6
6951816,Williamsburg,200000,4
19292960,Hell's Kitchen,100000,3
8851728,Roosevelt Island,15000,2
22680216,Williamsburg,200000,4
12434498,Washington Heights,170000,6
3974919,Chelsea,80000,3
47561331,Lower East Side,100000,3
25758736,Hell's Kitchen,100000,3
50025693,Sunnyside,120000,5
54859423,Dyker Heights,120000,5
10874251,Hell's Kitchen,100000,3
17742654,Flushing,200000,7
24685065,Gowanus,40000,2
16602154,Gramercy,50000,2
20409710,Kensington,35000,2
47307825,Harlem,250000,8
20963667,Greenpoint,30000,2
52058157,Sheepshead Bay,100000,3
16884379,Bedford-Stuyvesant,180000,4
55840860,Prospect-Lefferts Gardens,80000,4
51545623,Bedford-Stuyvesant,180000,4
26227639,Midtown,250000,3
9602304,Upper East Side,200000,6
56921159,East Harlem,120000,5
7695212,East Harlem,120000,5
53401903,East Flatbush,120000,5
46947173,Highbridge,120000,4
8915795,Upper West Side,210000,5
6675114,Bedford-Stuyvesant,180000,4
8657319,Chelsea,80000,3
55953529,Financial District,40000,2
1176415,Astoria,250000,7
54947791,Hell's Kitchen,100000,3
49537460,Kips Bay,50000,2
49232038,Flushing,200000,7
23774874,Williamsburg,200000,4
24153752,Rosedale,150000,6
52356399,Sunset Park,250000,6
17741549,Upper East Side,200000,6
16556866,Jamaica,250000,7
13336404,Bedford-Stuyvesant,180000,4
20413576,Stapleton,120000,5
3455205,Concourse Village,80000,5
48596893,Fort Greene,70000,3
47695540,Kingsbridge,50000,3
5577694,Upper West Side,210000,5
26894265,Rosedale,150000,6
44123815,Upper East Side,200000,6
19122299,Chinatown,100000,3
26049798,Midtown,250000,3
5103268,Harlem,250000,8
9463677,Bushwick,120000,4
19120090,Bushwick,120000,4
17217416,Bedford-Stuyvesant,180000,4
46916797,Morningside Heights,150000,5
2798520,Harlem,250000,8
24422722,Bay Ridge,200000,5
6733658,City Island,60000,2
45391344,Murray Hill,60000,2
19816540,Williamsburg,200000,4
44455195,NoHo,30000,2
51403129,East Village,110000,3
53148950,Windsor Terrace,30000,2
22454325,Hell's Kitchen,100000,3
7470978,East Village,110000,3
21639682,South Slope,100000,3
45354340,Boerum Hill,50000,2
18412041,Murray Hill,60000,2
11872257,Hell's Kitchen,100000,3
43250629,Williamsburg,200000,4
52299512,Williamsburg,200000,4
55483522,Long Island City,180000,6
2427927,Williamsburg,200000,4
6666277,Gramercy,50000,2
45810540,Flushing,200000,7
25594150,Sunnyside,120000,5
7352786,Borough Park,250000,6
47332678,Hell's Kitchen,100000,3
27780706,Forest Hills,180000,6
10366687,Bedford-Stuyvesant,180000,4
2640010,Prospect-Lefferts Gardens,80000,4
13317626,Stapleton,120000,5
54083441,Williamsburg,200000,4
2026405,Upper East Side,200000,6
53018607,Bedford-Stuyvesant,180000,4
5277795,Upper East Side,200000,6
50058279,Prospect-Lefferts Gardens,80000,4
43252838,Sheepshead Bay,100000,3
13668889,Bedford-Stuyvesant,180000,4
4165463,Crown Heights,200000,5
2754336,Bedford-Stuyvesant,180000,4
26660642,Crown Heights,200000,5
3613715,Kips Bay,50000,2
51350109,Upper East Side,200000,6
55865161,Crown Heights,200000,5
6446462,Clinton Hill,50000,3
24978888,Jamaica,250000,7
53784647,Ozone Park,150000,6
11009564,Murray Hill,60000,2
17446621,East Village,110000,3
5555050,Harlem,250000,8
8628599,East Harlem,120000,5
5262883,Williamsburg,200000,4
42999333,Harlem,250000,8
57103418,Prospect Heights,90000,4
3934601,Ditmars Steinway,80000,4
27271486,Bedford-Stuyvesant,180000,4
50432738,Murray Hill,60000,2
51824534,Kingsbridge,50000,3
48248944,Harlem,250000,8
4535504,Morningside Heights,150000,5
27066582,East Harlem,120000,5
5519702,Williamsburg,200000,4
1291846,Prospect Heights,90000,4
25226319,Cypress Hills,100000,4
22775211,Crown Heights,200000,5
52344801,Midtown,250000,3
27095854,Bushwick,120000,4
49550715,East Village,110000,3
48378735,Lower East Side,100000,3
17424529,East Harlem,120000,5
11438149,Williamsburg,200000,4
4663085,Williamsburg,200000,4
49460690,Washington Heights,170000,6
55667990,Wakefield,100000,4
6841356,West Village,100000,2
54480545,Elmhurst,120000,5
52395613,Midtown,250000,3
16898187,Bedford-Stuyvesant,180000,4
21988736,Bushwick,120000,4
2365517,Prospect Heights,90000,4
2770353,Fort Greene,70000,3
46827876,Kips Bay,50000,2
20557727,Astoria,250000,7
47841899,SoHo,120000,4
8596013,Crown Heights,200000,5
5480489,Harlem,250000,8
53728865,Midtown,250000,3
25731121,South Slope,100000,3
13530262,Hell's Kitchen,100000,3
14199097,Greenpoint,30000,2
46180581,East Village,110000,3
6753541,Upper East Side,200000,6
16582271,East Harlem,120000,5
3158620,Lower East Side,100000,3
9582421,Hell's Kitchen,100000,3
19203487,Greenwich Village,150000,3
9148866,Bedford-Stuyvesant,180000,4
13136472,Williamsburg,200000,4
3870535,Upper East Side,200000,6
7019749,Financial District,40000,2
18948877,Long Island City,180000,6
48126886,Crown Heights,200000,5
20323552,Crown Heights,200000,5
19091923,Flatbush,180000,5
6836386,Long Island City,180000,6
8804230,Washington Heights,170000,6
1788916,East Village,110000,3
6436520,Chinatown,100000,3
48405245,Hell's Kitchen,100000,3
7416301,Upper West Side,210000,5
10054638,Astoria,250000,7
55466953,Far Rockaway,250000,7
51105992,Lower East Side,100000,3
6350914,Greenpoint,30000,2
25976894,East Harlem,120000,5
8225972,Harlem,250000,8
18321464,East Harlem,120000,5
2461617,Greenpoint,30000,2
3494418,Lower East Side,100000,3
2429584,Williamsburg,200000,4
26079622,Morningside Heights,150000,5
14221741,Williamsburg,200000,4
50890043,Fort Greene,70000,3
25982417,Greenpoint,30000,2
19687302,Chelsea,80000,3
51196017,Hell's Kitchen,100000,3
20704639,Jamaica,250000,7
17668645,Flatbush,180000,5
48559337,Chelsea,80000,3
7168318,Astoria,250000,7
19629310,Bedford-Stuyvesant,180000,4
20955383,East Village,110000,3
49995317,Forest Hills,180000,6
26728022,Bushwick,120000,4
51671547,Ridgewood,100000,4
51860986,Astoria,250000,7
12829393,Astoria,250000,7
3307189,Greenpoint,30000,2
47464126,Gramercy,50000,2
23322541,East Harlem,120000,5
19794448,Jackson Heights,180000,5
51494811,Cobble Hill,60000,2
21948418,Upper West Side,210000,5
51131950,Cobble Hill,60000,2
54753934,Bushwick,120000,4
47296779,Murray Hill,60000,2
2628964,Prospect-Lefferts Gardens,80000,4
4106367,Bushwick,120000,4
3654033,Harlem,250000,8
23522473,Williamsburg,200000,4
49047570,Bedford-Stuyvesant,180000,4
52392851,Williamsburg,200000,4
2797968,Gowanus,40000,2
26828541,Hell's Kitchen,100000,3
22747044,Chelsea,80000,3
4005848,Fort Greene,70000,3
1976698,Upper East Side,200000,6
52845185,East Harlem,120000,5
21405507,Crown Heights,200000,5
49983166,Harlem,250000,8
25588627,Gravesend,200000,6
3927421,Canarsie,120000,4
6986611,Bushwick,120000,4
6718746,Bedford-Stuyvesant,180000,4
22167129,Midtown,250000,3
3783823,South Slope,100000,3
49596556,Sheepshead Bay,100000,3
53570355,Bedford-Stuyvesant,180000,4
17872444,Crown Heights,200000,5
1266440,South Slope,100000,3
47949598,Financial District,40000,2
2579809,Bedford-Stuyvesant,180000,4
20696906,Forest Hills,180000,6
57007870,Midtown,250000,3
22888433,Springfield Gardens,150000,5
26825779,Bushwick,120000,4
13225392,East Harlem,120000,5
7239565,SoHo,120000,4
1358122,Kingsbridge,50000,3
19209010,Williamsburg,200000,4
49146432,Crown Heights,200000,5
5101059,Crown Heights,200000,5
47039959,Chinatown,100000,3
45091445,Bushwick,120000,4
44988717,Hell's Kitchen,100000,3
10469415,Bedford-Stuyvesant,180000,4
57111702,Hell's Kitchen,100000,3
27518364,Flatbush,180000,5
16470154,Midtown,250000,3
14472485,Concord,60000,3
8406574,Harlem,250000,8
47618770,South Slope,100000,3
13330881,Flushing,200000,7
2073350,Williamsburg,200000,4
3538050,East Village,110000,3
43425708,Bedford-Stuyvesant,180000,4
7000971,Bedford-Stuyvesant,180000,4
17495776,St. Albans,70000,3
26009480,West Village,100000,2
27601761,Bedford-Stuyvesant,180000,4
49981509,Canarsie,120000,4
54653415,Concourse Village,80000,5
25701297,Financial District,40000,2
14601724,Bensonhurst,180000,5
3007290,Harlem,250000,8
21878828,Greenpoint,30000,2
2034689,Washington Heights,170000,6
44680534,Ridgewood,100000,4
55875103,East Harlem,120000,5
4912172,West Village,100000,2
52534240,East Elmhurst,100000,3
48199237,Astoria,250000,7
11439254,Ozone Park,150000,6
49719719,Bushwick,120000,4
45244432,Highbridge,120000,4
8037638,Williamsburg,200000,4
17518972,East Village,110000,3
15547813,Bushwick,120000,4
20396455,Bay Ridge,200000,5
27351017,Woodhaven,100000,4
13234229,Crown Heights,200000,5
48362166,Upper West Side,210000,5
21675030,Carroll Gardens,40000,2
54786519,Woodside,150000,4
5009929,Williamsburg,200000,4
43392570,Williamsburg,200000,4
13366228,Upper West Side,210000,5
16608782,Bedford-Stuyvesant,180000,4
51499782,Williamsburg,200000,4
53746538,Midtown,250000,3
53211360,Chinatown,100000,3
2975809,Greenwich Village,150000,3
6088019,Upper East Side,200000,6
23806355,Astoria,250000,7
53382020,Ridgewood,100000,4
8174056,Midtown,250000,3
50524972,Crown Heights,200000,5
3306636,Greenpoint,30000,2
48176041,Chelsea,80000,3
54985900,Gramercy,50000,2
26639654,Williamsburg,200000,4
23053018,Van Nest,60000,3
24682855,Hell's Kitchen,100000,3
56169478,Fort Greene,70000,3
51963714,Bedford-Stuyvesant,180000,4
5947183,East Flatbush,120000,5
21072470,Midtown,250000,3
21000119,Bedford-Stuyvesant,180000,4
4138952,Harlem,250000,8
47713213,Lower East Side,100000,3
8811410,Woodside,150000,4
43578695,Bedford-Stuyvesant,180000,4
26783805,Astoria,250000,7
26323739,Williamsburg,200000,4
26413764,Midtown,250000,3
13594328,Bushwick,120000,4
50116270,St. Albans,70000,3
25068361,Bedford-Stuyvesant,180000,4
44213288,Hell's Kitchen,100000,3
24262555,Long Island City,180000,6
26326500,Midtown,250000,3
46124798,Upper West Side,210000,5
2042422,Tribeca,100000,4
55469162,Harlem,250000,8
46833399,Murray Hill,60000,2
46844445,East Village,110000,3
52546943,Washington Heights,170000,6
19692273,Long Island City,180000,6
7611815,East Harlem,120000,5
12887937,Sunset Park,250000,6
4682416,Midtown,250000,3
8929603,Gramercy,50000,2
12133495,Harlem,250000,8
55819320,Crown Heights,200000,5
51367782,East Village,110000,3
2594169,Williamsburg,200000,4
15273320,Greenpoint,30000,2
52199546,Upper East Side,200000,6
2616814,Prospect-Lefferts Gardens,80000,4
26212174,Randall Manor,60000,3
5103820,Washington Heights,170000,6
12468741,Bedford-Stuyvesant,180000,4
23247980,Flatbush,180000,5
52403897,Tompkinsville,60000,3
5735652,Harlem,250000,8
7254477,Prospect Heights,90000,4
56607452,Crown Heights,200000,5
12891803,Upper East Side,200000,6
20910094,Wakefield,100000,4
6221123,Maspeth,60000,3
46439609,Lower East Side,100000,3
12892907,Upper East Side,200000,6
47839690,Vinegar Hill,30000,2
14765204,Lower East Side,100000,3
22781839,Bedford-Stuyvesant,180000,4
6597240,Woodside,150000,4
54650101,Hell's Kitchen,100000,3
44071899,Midtown,250000,3
20423518,Windsor Terrace,30000,2
44902006,Crown Heights,200000,5
17845381,West Village,100000,2
9304062,Elmhurst,120000,5
9082037,East Harlem,120000,5
7699630,Windsor Terrace,30000,2
6072002,Clinton Hill,50000,3
13108857,Ridgewood,100000,4
52575110,Williamsburg,200000,4
13021041,Harlem,250000,8
53630555,Financial District,40000,2
43822260,Prospect-Lefferts Gardens,80000,4
18703103,Bushwick,120000,4
3645748,Greenpoint,30000,2
43991816,Chelsea,80000,3
56454465,Harlem,250000,8
50977858,Rosedale,150000,6
15430726,Crown Heights,200000,5
1521603,Midtown,250000,3
25968610,Bedford-Stuyvesant,180000,4
53143979,Murray Hill,60000,2
25912828,Clinton Hill,50000,3
55360359,Bedford-Stuyvesant,180000,4
16451929,East Harlem,120000,5
19997695,Hell's Kitchen,100000,3
49030449,Elmhurst,120000,5
15453922,Carroll Gardens,40000,2
55824843,East Elmhurst,100000,3
6741942,Crown Heights,200000,5
45032901,Clinton Hill,50000,3
21657356,Midtown,250000,3
20999014,East Flatbush,120000,5
26688809,East Elmhurst,100000,3
53179326,Hell's Kitchen,100000,3
2870872,Astoria,250000,7
51506410,Washington Heights,170000,6
2495308,West Village,100000,2
52180768,Bedford-Stuyvesant,180000,4
47987154,Brooklyn Heights,100000,3
20350062,Elmhurst,120000,5
25301431,Williamsburg,200000,4
45769117,West Village,100000,2
47297884,Canarsie,120000,4
20775333,Williamsburg,200000,4
8965502,West Village,100000,2
44487781,Midtown,250000,3
8383378,Greenpoint,30000,2
18891438,Fort Greene,70000,3
10154052,Financial District,40000,2
19223922,Crown Heights,200000,5
43879699,East Village,110000,3
14238862,Flushing,200000,7
26487772,Morningside Heights,150000,5
18455673,Flatbush,180000,5
19658030,East Village,110000,3
52720917,Harlem,250000,8
24201802,Astoria,250000,7
12329561,Bushwick,120000,4
3862250,Hell's Kitchen,100000,3
13077928,Bushwick,120000,4
3136528,Hell's Kitchen,100000,3
24182472,Bushwick,120000,4
12781343,Rego Park,150000,4
56719569,East Elmhurst,100000,3
15742775,Crown Heights,200000,5
55119004,East Harlem,120000,5
43435097,East Village,110000,3
57067518,Hell's Kitchen,100000,3
8869954,Williamsburg,200000,4
15277739,Bushwick,120000,4
8562323,Far Rockaway,250000,7
22546007,Bushwick,120000,4
22343865,Rego Park,150000,4
25253381,East Flatbush,120000,5
24938018,Sheepshead Bay,100000,3
2430136,Fort Greene,70000,3
43163918,Harlem,250000,8
57117778,East Elmhurst,100000,3
42823149,Sunnyside,120000,5
5138615,Harlem,250000,8
4523353,Upper East Side,200000,6
27387469,East Village,110000,3
7135180,Red Hook,120000,5
48037966,Maspeth,60000,3
23328616,East Flatbush,120000,5
7050678,Upper West Side,210000,5
26932373,East New York,150000,5
4027940,East Village,110000,3
55598400,Upper East Side,200000,6
53955308,Crown Heights,200000,5
47797163,Flatiron District,50000,2
55281932,Crown Heights,200000,5
46103811,Williamsburg,200000,4
13398262,Bedford-Stuyvesant,180000,4
27347703,Greenpoint,30000,2
22919914,Kips Bay,50000,2
12139570,Bronxdale,250000,6
9023494,Jamaica,250000,7
7195933,Crown Heights,200000,5
10182771,Little Italy,60000,2
23435210,East Elmhurst,100000,3
2381534,Mott Haven,80000,3
8696532,Prospect Heights,90000,4
21919146,Harlem,250000,8
5165678,Bedford-Stuyvesant,180000,4
43678109,Astoria,250000,7
48707353,Upper West Side,210000,5
1524916,Williamsburg,200000,4
25890736,Kensington,35000,2
45347712,Sunset Park,250000,6
17141751,Bedford-Stuyvesant,180000,4
52740800,Bushwick,120000,4
6291818,East Village,110000,3
4652039,Bushwick,120000,4
9777383,Ditmars Steinway,80000,4
8319863,Bedford-Stuyvesant,180000,4
24174739,Prospect Heights,90000,4
21432570,Brooklyn Heights,100000,3
1693920,Prospect Heights,90000,4
8889837,East New York,150000,5
12211921,Upper East Side,200000,6
11138803,Bedford-Stuyvesant,180000,4
24192965,Financial District,40000,2
12881861,Williamsburg,200000,4
10267273,Prospect Heights,90000,4
23639561,Greenpoint,30000,2
50063802,Hell's Kitchen,100000,3
18211004,Bedford-Stuyvesant,180000,4
3131005,Williamsburg,200000,4
55098569,Midtown,250000,3
4670265,Williamsburg,200000,4
1207344,Upper West Side,210000,5
27577460,Chelsea,80000,3
43505239,Bushwick,120000,4
11192928,Prospect-Lefferts Gardens,80000,4
25265532,Chelsea,80000,3
15530140,Bushwick,120000,4
46806889,Midtown,250000,3
56151253,Bushwick,120000,4
1923125,Bushwick,120000,4
3868878,East Harlem,120000,5
52155362,Harlem,250000,8
2942118,Upper West Side,210000,5
49906396,Morningside Heights,150000,5
54430838,Sunset Park,250000,6
56042449,Nolita,40000,2
6142697,Park Slope,150000,5
7828316,Washington Heights,170000,6
4916038,Williamsburg,200000,4
55532124,Jamaica,250000,7
47587289,West Village,100000,2
25097080,Upper West Side,210000,5
24446471,Elmhurst,120000,5
10457817,Chinatown,100000,3
48079940,Bedford-Stuyvesant,180000,4
53456581,Upper West Side,210000,5
46748345,East Village,110000,3
14697824,Upper West Side,210000,5
21107265,Crown Heights,200000,5
4757528,Flatbush,180000,5
3682753,East Harlem,120000,5
3989831,Hell's Kitchen,100000,3
19957377,Harlem,250000,8
53086540,Harlem,250000,8
14984467,Crown Heights,200000,5
14337724,Chelsea,80000,3
9238338,Financial District,40000,2
56929443,Flatbush,180000,5
46573818,Flatbush,180000,5
46469986,Midtown,250000,3
22970725,Murray Hill,60000,2
1961233,Prospect-Lefferts Gardens,80000,4
25720075,Washington Heights,170000,6
24035008,Crown Heights,200000,5
23932832,East Flatbush,120000,5
4581345,Kips Bay,50000,2
14060470,Williamsburg,200000,4
53918856,Upper East Side,200000,6
44435313,Hell's Kitchen,100000,3
21065843,Bushwick,120000,4
44327614,Bedford-Stuyvesant,180000,4
51328017,Flatbush,180000,5
2433450,Crown Heights,200000,5
49336423,Theater District,120000,4
51488184,West Village,100000,2
56069512,Wakefield,100000,4
47984392,Financial District,40000,2
44785471,Nolita,40000,2
3931840,Greenwich Village,150000,3
13354078,St. George,150000,5
3768911,Upper East Side,200000,6
19915954,East Flatbush,120000,5
11693312,Prospect-Lefferts Gardens,80000,4
7850408,Lower East Side,100000,3
23769904,Theater District,120000,4
2184363,Astoria,250000,7
47767891,East Village,110000,3
3852309,Williamsburg,200000,4
14224503,Upper East Side,200000,6
53800664,East Flatbush,120000,5
56056809,Flushing,200000,7
23944983,East Elmhurst,100000,3
18530233,Greenpoint,30000,2
21699331,Jamaica,250000,7
57295066,East Village,110000,3
47105683,Harlem,250000,8
21817523,Sheepshead Bay,100000,3
52414391,Chelsea,80000,3
23210424,Williamsburg,200000,4
20748823,Jamaica,250000,7
13640722,Crown Heights,200000,5
18814668,Kensington,35000,2
50548169,Kew Gardens Hills,120000,5
4903336,Upper East Side,200000,6
53709534,Belle Harbor,150000,5
1983325,Washington Heights,170000,6
26046484,Washington Heights,170000,6
5168440,Upper East Side,200000,6
2503040,Williamsburg,200000,4
50435500,Williamsburg,200000,4
50265391,Kingsbridge,50000,3
25385933,Ridgewood,100000,4
9209066,Upper West Side,210000,5
13502647,Canarsie,120000,4
20411920,Williamsburg,200000,4
47414971,Canarsie,120000,4
7599664,Lower East Side,100000,3
4279237,Greenpoint,30000,2
6588403,Inwood,60000,2
3963321,Bushwick,120000,4
49443017,Upper East Side,200000,6
54519206,Hell's Kitchen,100000,3
12840439,East Village,110000,3
21506578,Sunset Park,250000,6
26087907,West Village,100000,2
3115540,Upper East Side,200000,6
6569625,Crown Heights,200000,5
43073341,SoHo,120000,4
7620099,Kingsbridge,50000,3
9663609,Prospect-Lefferts Gardens,80000,4
56885259,Park Slope,150000,5
48416291,Financial District,40000,2
19881159,Bedford-Stuyvesant,180000,4
48097062,Financial District,40000,2
22942558,Upper West Side,210000,5
43121391,Bushwick,120000,4
16379577,Flushing,200000,7
24656345,Greenwich Village,150000,3
50636537,Upper East Side,200000,6
21136537,Williamsburg,200000,4
23212633,Tompkinsville,60000,3
3770016,Bedford-Stuyvesant,180000,4
19672942,Sunset Park,250000,6
23575494,Bushwick,120000,4
43040203,East Village,110000,3
53706773,Long Island City,180000,6
50074848,Sheepshead Bay,100000,3
44508216,Fresh Meadows,120000,4
25610719,Chelsea,80000,3
25305298,Financial District,40000,2
55728743,Borough Park,250000,6
4349931,Harlem,250000,8
22034025,Upper East Side,200000,6
56245696,Astoria,250000,7
10409214,Upper East Side,200000,6
53078255,Upper East Side,200000,6
46212062,Upper East Side,200000,6
10366135,Upper West Side,210000,5
13998060,Washington Heights,170000,6
7257790,Harlem,250000,8
25183239,Williamsburg,200000,4
3741296,West Village,100000,2
18929546,Tribeca,100000,4
11322718,Williamsburg,200000,4
4075438,Jackson Heights,180000,5
56841628,Sunset Park,250000,6
53082121,Lower East Side,100000,3
19923134,Crown Heights,200000,5
56897410,Chinatown,100000,3
1600029,Inwood,60000,2
6683398,Bushwick,120000,4
5667719,Williamsburg,200000,4
21407164,Crown Heights,200000,5
46452312,Jamaica,250000,7
8191730,Lower East Side,100000,3
15318609,Canarsie,120000,4
52064233,Upper West Side,210000,5
53873567,Claremont Village,80000,4
18087841,Maspeth,60000,3
15037488,Greenwich Village,150000,3
48041832,Gramercy,50000,2
15418023,University Heights,150000,6
3988174,East Harlem,120000,5
16371845,East Village,110000,3
8877686,East Village,110000,3
23100516,Queens Village,120000,4
53831593,West Village,100000,2
54792042,Flushing,200000,7
17416244,Boerum Hill,50000,2
6617122,Eastchester,120000,5
54657281,Harlem,250000,8
44708149,Williamsburg,200000,4
51605271,Downtown Brooklyn,150000,5
7605187,Greenpoint,30000,2
8343612,Murray Hill,60000,2
53068314,Crown Heights,200000,5
24161484,Murray Hill,60000,2
7035214,Clinton Hill,50000,3
24857935,Port Morris,50000,3
23862138,Forest Hills,180000,6
47356427,East Harlem,120000,5
46937232,Ridgewood,100000,4
7698526,Williamsburg,200000,4
12829945,Bedford-Stuyvesant,180000,4
2817298,Lower East Side,100000,3
7746024,Williamsburg,200000,4
27953576,Great Kills,180000,6
15794692,Lighthouse Hill,150000,6
23996899,Financial District,40000,2
53822203,St. George,150000,5
2793550,Harlem,250000,8
4713897,Williamsburg,200000,4
56166717,Williamsburg,200000,4
20144606,Windsor Terrace,30000,2
15785855,Upper West Side,210000,5
11294551,Prospect-Lefferts Gardens,80000,4
7536702,Chelsea,80000,3
17440546,East Flatbush,120000,5
57284020,East Village,110000,3
6162027,SoHo,120000,4
22721638,Crown Heights,200000,5
25723389,Upper West Side,210000,5
51208720,Williamsburg,200000,4
1632063,Clinton Hill,50000,3
13040924,Williamsburg,200000,4
55037816,Longwood,120000,4
53879643,Chinatown,100000,3
15048534,East Morrisania,150000,5
13711416,Upper East Side,200000,6
55123975,Chelsea,80000,3
48605730,Inwood,60000,2
2885231,Lower East Side,100000,3
24325517,Sheepshead Bay,100000,3
9904964,Williamsburg,200000,4
4905545,Bay Terrace,60000,3
44995345,Dongan Hills,150000,5
50296320,Crown Heights,200000,5
46972027,Jamaica,250000,7
24499492,Williamsburg,200000,4
50073191,Murray Hill,60000,2
18876526,Tribeca,100000,4
5741727,Sunset Park,250000,6
50056070,Bushwick,120000,4
12512925,Inwood,60000,2
56015387,Arverne,40000,2
16076365,Upper West Side,210000,5
55081447,Crown Heights,200000,5
47639757,Lower East Side,100000,3
47485666,Hell's Kitchen,100000,3
6801038,Williamsburg,200000,4
20774781,West Village,100000,2
45536047,Greenpoint,30000,2
50946377,Williamsburg,200000,4
45164349,Vinegar Hill,30000,2
1142725,Williamsburg,200000,4
51876451,Ditmars Steinway,80000,4
57106732,Bushwick,120000,4
15062342,Midtown,250000,3
16724765,Harlem,250000,8
9123460,Sunnyside,120000,5
3322101,Bedford-Stuyvesant,180000,4
9553702,Astoria,250000,7
10635657,Clifton,30000,2
49845091,Harlem,250000,8
1666858,Prospect Heights,90000,4
7326276,Upper East Side,200000,6
3231523,Bedford-Stuyvesant,180000,4
5705827,Ditmars Steinway,80000,4
43235717,Williamsburg,200000,4
5225879,SoHo,120000,4
44987060,East Flatbush,120000,5
19797762,Williamsburg,200000,4
6591717,Harlem,250000,8
5707484,Prospect Heights,90000,4
25358871,Upper East Side,200000,6
54281165,Williamsburg,200000,4
47690017,East Flatbush,120000,5
42993257,Bushwick,120000,4
21653490,Elmhurst,120000,5
50120137,Midtown,250000,3
19015153,Greenpoint,30000,2
3990384,Chinatown,100000,3
26328157,East Village,110000,3
52797135,Midwood,180000,5
23683192,Park Slope,150000,5
24537048,Harlem,250000,8
13016623,Gramercy,50000,2
4627738,Prospect-Lefferts Gardens,80000,4
25359975,Crown Heights,200000,5
49729108,Flushing,200000,7
54921833,Woodhaven,100000,4
17335609,Hell's Kitchen,100000,3
7557137,Upper East Side,200000,6
55099673,Bronxdale,250000,6
10894134,Vinegar Hill,30000,2
20788588,Sunset Park,250000,6
3103942,Upper East Side,200000,6
24795525,East Harlem,120000,5
19262583,Bay Ridge,200000,5
13541308,Bedford-Stuyvesant,180000,4
6663516,Lower East Side,100000,3
14776803,Chelsea,80000,3
27581878,Flushing,200000,7
51469405,Woodside,150000,4
23808012,Williamsburg,200000,4
19179738,Hell's Kitchen,100000,3
16713166,Clinton Hill,50000,3
45465904,Williamsburg,200000,4
45993903,Harlem,250000,8
6578461,Williamsburg,200000,4
9299091,Hell's Kitchen,100000,3
18489916,Bedford-Stuyvesant,180000,4
8327596,East Village,110000,3
15214224,Hell's Kitchen,100000,3
48144559,Bedford-Stuyvesant,180000,4
48247840,Upper East Side,200000,6
27667485,Rockaway Beach,60000,3
53592447,Harlem,250000,8
9402371,East Village,110000,3
44770559,Bayside,120000,4
15090509,Astoria,250000,7
20575953,Chelsea,80000,3
9350455,Columbia St,50000,2
53313535,Sunnyside,120000,5
20886898,Bedford-Stuyvesant,180000,4
44657337,Jamaica,250000,7
20976370,Hell's Kitchen,100000,3
3431456,Upper East Side,200000,6
5148557,Bedford-Stuyvesant,180000,4
44469555,Bedford-Stuyvesant,180000,4
14486845,East Harlem,120000,5
24328831,Bedford-Stuyvesant,180000,4
53707325,Clinton Hill,50000,3
13435818,Harlem,250000,8
55502300,Bushwick,120000,4
49340289,Bedford-Stuyvesant,180000,4
19583470,Greenwich Village,150000,3
43022529,Upper West Side,210000,5
1497301,Upper East Side,200000,6
44535279,West Village,100000,2
48559889,Midtown,250000,3
47694435,East Village,110000,3
23136968,Bushwick,120000,4
3635807,Midtown,250000,3
56310867,Bedford-Stuyvesant,180000,4
47815389,West Village,100000,2
14584050,Cypress Hills,100000,4
56275520,Downtown Brooklyn,150000,5
50260973,Flatbush,180000,5
14459782,Prospect-Lefferts Gardens,80000,4
23771560,Williamsburg,200000,4
52633654,Corona,200000,6
9630471,Astoria,250000,7
20890764,Astoria,250000,7
10327474,Upper West Side,210000,5
23294926,Harlem,250000,8
1242139,Astoria,250000,7
50696185,Harlem,250000,8
5102164,Kensington,35000,2
48905629,Harlem,250000,8
22460400,Harlem,250000,8
23882020,Financial District,40000,2
6942427,Upper East Side,200000,6
7414644,Crown Heights,200000,5
4492424,Fort Greene,70000,3
44315464,Greenpoint,30000,2
2610738,Hell's Kitchen,100000,3
26819152,Harlem,250000,8
14321155,Williamsbridge,80000,4
22890090,Forest Hills,180000,6
50542646,East Village,110000,3
8901435,Gramercy,50000,2
56453361,Great Kills,180000,6
11027790,Hell's Kitchen,100000,3
25397532,East Flatbush,120000,5
46714655,Bushwick,120000,4
50821005,Elmhurst,120000,5
47178034,Murray Hill,60000,2
20952069,Elmhurst,120000,5
4013580,Theater District,120000,4
22204133,Harlem,250000,8
3856727,Williamsburg,200000,4
44835178,Chinatown,100000,3
15991863,Harlem,250000,8
18619706,East Elmhurst,100000,3
20824488,Upper West Side,210000,5
50198563,Williamsburg,200000,4
46352346,Bedford-Stuyvesant,180000,4
13526395,Williamsburg,200000,4
51460016,Concourse,80000,4
50524420,Greenpoint,30000,2
55617731,Harlem,250000,8
57176321,Chelsea,80000,3
5778179,South Slope,100000,3
54824628,Kensington,35000,2
56917293,East Flatbush,120000,5
24653584,Greenwich Village,150000,3
47539239,Hell's Kitchen,100000,3
25462703,Chelsea,80000,3
1558054,Prospect-Lefferts Gardens,80000,4
57077460,Hell's Kitchen,100000,3
26015555,Clinton Hill,50000,3
23135863,Flatbush,180000,5
45077085,Bedford-Stuyvesant,180000,4
44993136,Williamsburg,200000,4
48632240,Bensonhurst,180000,5
48926616,Washington Heights,170000,6
9212932,Prospect-Lefferts Gardens,80000,4
6137174,Upper East Side,200000,6
12956974,Crown Heights,200000,5
2717332,Bedford-Stuyvesant,180000,4
51625706,East Village,110000,3
26811972,East Village,110000,3
55017933,Bushwick,120000,4
20246230,SoHo,120000,4
16839091,Maspeth,60000,3
4065496,Crown Heights,200000,5
1943560,East Harlem,120000,5
7280987,Williamsburg,200000,4
21879381,Williamsburg,200000,4
19269211,Crown Heights,200000,5
54160763,Bedford-Stuyvesant,180000,4
15152919,Queens Village,120000,4
24348162,Greenpoint,30000,2
25763154,Ridgewood,100000,4
54050856,Hell's Kitchen,100000,3
47213934,Murray Hill,60000,2
14032855,Flatbush,180000,5
22888985,Astoria,250000,7
48232375,Harlem,250000,8
55155456,Norwood,100000,4
16034390,Cypress Hills,100000,4
55494568,Theater District,120000,4
25004846,Harlem,250000,8
51851597,Whitestone,120000,5
1949083,Williamsburg,200000,4
4514516,Bedford-Stuyvesant,180000,4
52744666,Williamsburg,200000,4
50451517,Crown Heights,200000,5
4059421,Financial District,40000,2
14078143,Lower East Side,100000,3
4573612,Astoria,250000,7
5330816,Fort Greene,70000,3
44994793,Flushing,200000,7
49682163,Prospect-Lefferts Gardens,80000,4
6325508,Astoria,250000,7
25823907,Lower East Side,100000,3
51740585,Upper West Side,210000,5
45186441,Williamsburg,200000,4
23902456,Financial District,40000,2
14286913,Harlem,250000,8
23971493,Lower East Side,100000,3
21515415,Morningside Heights,150000,5
20045192,East New York,150000,5
48518467,Fort Greene,70000,3
23108248,Crown Heights,200000,5
48110869,Crown Heights,200000,5
26397747,Rosedale,150000,6
18871555,Greenwich Village,150000,3
48753746,Flushing,200000,7
26236475,Prospect-Lefferts Gardens,80000,4
53739358,Morris Park,180000,6
56579285,Lower East Side,100000,3
6049910,Williamsburg,200000,4
50792286,Williamsburg,200000,4
4402952,Williamsbridge,80000,4
11450852,Upper West Side,210000,5
22776316,Harlem,250000,8
18888124,Bedford-Stuyvesant,180000,4
24508881,Lower East Side,100000,3
22718877,Lower East Side,100000,3
51648351,Jamaica,250000,7
43129123,Midtown,250000,3
8069671,Prospect Heights,90000,4
8536917,Fresh Meadows,120000,4
11128861,West Village,100000,2
51177791,Maspeth,60000,3
9135058,Flatiron District,50000,2
7298661,Clinton Hill,50000,3
46082271,Stapleton,120000,5
48294233,Harlem,250000,8
43617909,Harlem,250000,8
15762106,NoHo,30000,2
13934545,Long Island City,180000,6
24305082,Elmhurst,120000,5
9197468,South Slope,100000,3
53140665,Upper West Side,210000,5
12905058,St. George,150000,5
5346280,Washington Heights,170000,6
25728359,Bushwick,120000,4
23893619,Financial District,40000,2
48473178,Crown Heights,200000,5
1749150,Inwood,60000,2
8316550,Bedford-Stuyvesant,180000,4
9025150,Morningside Heights,150000,5
24510538,Williamsburg,200000,4
48293128,Elmhurst,120000,5
49107771,Long Island City,180000,6
52997620,Sunset Park,250000,6
14529925,Tribeca,100000,4
16987660,Ditmars Steinway,80000,4
49826313,Flatlands,50000,3
53016398,Flushing,200000,7
46203225,Williamsburg,200000,4
52016735,Forest Hills,180000,6
15009873,Harlem,250000,8
19199621,SoHo,120000,4
24408362,Harlem,250000,8
11520994,Upper East Side,200000,6
56492574,Harlem,250000,8
4332810,Midtown,250000,3
47501130,Midtown,250000,3
51442895,Bushwick,120000,4
9739827,Morningside Heights,150000,5
6855716,Bedford-Stuyvesant,180000,4
26458500,Concord,60000,3
52634206,West Village,100000,2
9497919,Williamsburg,200000,4
16965015,Bedford-Stuyvesant,180000,4
5376104,Astoria,250000,7
9133401,Greenpoint,30000,2
22529990,Williamsburg,200000,4
20672605,East New York,150000,5
54721900,Midtown,250000,3
45521687,Boerum Hill,50000,2
14483531,Upper East Side,200000,6
42851316,Bedford-Stuyvesant,180000,4
13361258,Greenpoint,30000,2
43330160,Hell's Kitchen,100000,3
10149633,Harlem,250000,8
44811981,Bedford-Stuyvesant,180000,4
57277945,Inwood,60000,2
15072835,Crown Heights,200000,5
50074296,Murray Hill,60000,2
3167457,Greenpoint,30000,2
4476408,East Elmhurst,100000,3
52018944,Lower East Side,100000,3
46973131,Astoria,250000,7
51553355,Williamsburg,200000,4
9566957,East Harlem,120000,5
16802087,East Harlem,120000,5
24445366,Bushwick,120000,4
45977887,Rockaway Beach,60000,3
47805447,Kensington,35000,2
1525469,Park Slope,150000,5
16424314,Washington Heights,170000,6
22321773,Upper West Side,210000,5
9585183,Greenwich Village,150000,3
46907960,Jamaica,250000,7
7418510,Fort Greene,70000,3
56546699,East Harlem,120000,5
16076917,Crown Heights,200000,5
57041008,Fordham,200000,7
25727255,Jackson Heights,180000,5
4777411,Midtown,250000,3
52719813,Wakefield,100000,4
9971793,Upper West Side,210000,5
23621335,Upper East Side,200000,6
11409982,Cypress Hills,100000,4
21939029,Flushing,200000,7
48340074,Ditmars Steinway,80000,4
11092409,Bedford-Stuyvesant,180000,4
8010023,Sunset Park,250000,6
22909420,Fort Greene,70000,3
11878885,Boerum Hill,50000,2
51093289,Harlem,250000,8
5504790,East Village,110000,3
57023887,Williamsburg,200000,4
10803004,Long Island City,180000,6
2714571,Stuyvesant Town,150000,5
23068483,Windsor Terrace,30000,2
26692675,East Elmhurst,100000,3
44393338,Williamsburg,200000,4
53452162,Lower East Side,100000,3
23339110,NoHo,30000,2
43147349,Two Bridges,40000,2
55053832,Bedford-Stuyvesant,180000,4
10343491,Financial District,40000,2
56775904,Harlem,250000,8
55836994,Borough Park,250000,6
9805550,Ridgewood,100000,4
5953258,Astoria,250000,7
27019084,Ozone Park,150000,6
49951685,Park Slope,150000,5
21404955,Chelsea,80000,3
9354874,East Village,110000,3
12892355,Upper East Side,200000,6
16936848,East Village,110000,3
22092016,Fort Greene,70000,3
5459502,Upper West Side,210000,5
4143371,Upper East Side,200000,6
15962591,Upper West Side,210000,5
51532920,Crown Heights,200000,5
4470885,Upper West Side,210000,5
25963639,Greenwich Village,150000,3
8070776,Crown Heights,200000,5
55582384,Upper West Side,210000,5
5576589,Two Bridges,40000,2
6256471,South Slope,100000,3
54429733,Bedford-Stuyvesant,180000,4
5489326,East Harlem,120000,5
43805138,Arverne,40000,2
50609474,Chelsea,80000,3
55272543,Greenpoint,30000,2
25047926,Financial District,40000,2
11641948,Chelsea,80000,3
56890782,Harlem,250000,8
44405488,Chelsea,80000,3
12453829,Crown Heights,200000,5
13574998,Harlem,250000,8
19052157,Park Slope,150000,5
25110336,Sea Gate,30000,2
25050687,Financial District,40000,2
7364937,Roosevelt Island,15000,2
43039098,Murray Hill,60000,2
4207438,Woodside,150000,4
48441697,Chelsea,80000,3
45909401,Chelsea,80000,3
18933965,Williamsburg,200000,4
55515555,Fort Greene,70000,3
7519028,Ditmars Steinway,80000,4
42868438,Greenpoint,30000,2
46488212,Bedford-Stuyvesant,180000,4
55611103,Hell's Kitchen,100000,3
6050463,Bedford-Stuyvesant,180000,4
47389013,Flatbush,180000,5
11652442,Upper East Side,200000,6
3034905,Upper West Side,210000,5
19894414,Williamsburg,200000,4
55648107,Bedford-Stuyvesant,180000,4
12103118,Morningside Heights,150000,5
16188481,Bushwick,120000,4
11962282,Crown Heights,200000,5
56192675,Flushing,200000,7
1630958,Civic Center,80000,3
14205724,East New York,150000,5
19253746,Bedford-Stuyvesant,180000,4
6132755,Greenpoint,30000,2
52776147,Tribeca,100000,4
48248392,Flushing,200000,7
52384567,Greenwich Village,150000,3
17937616,Clinton Hill,50000,3
1470791,Bedford-Stuyvesant,180000,4
26919118,Upper West Side,210000,5
18310970,East Flatbush,120000,5
9384145,Upper East Side,200000,6
17667541,Fordham,200000,7
3175189,Greenpoint,30000,2
5925643,Lower East Side,100000,3
54477231,West Village,100000,2
24361417,Kips Bay,50000,2
20642781,Bedford-Stuyvesant,180000,4
52402240,Bedford-Stuyvesant,180000,4
16027762,Bedford-Stuyvesant,180000,4
6736419,Gramercy,50000,2
7392552,Crown Heights,200000,5
19744189,Theater District,120000,4
7822793,East Harlem,120000,5
23753335,Ozone Park,150000,6
11372978,Williamsburg,200000,4
51442343,Hell's Kitchen,100000,3
11106769,Astoria,250000,7
56661578,Glendale,80000,3
21220487,East New York,150000,5
44910843,Chelsea,80000,3
4538818,Crown Heights,200000,5
20755450,Sunnyside,120000,5
11858449,Rosedale,150000,6
2683642,Williamsburg,200000,4
20859283,Crown Heights,200000,5
22663094,Lower East Side,100000,3
53495242,Harlem,250000,8
55585145,Hell's Kitchen,100000,3
52544181,Bushwick,120000,4
19623235,Flushing,200000,7
53092615,Chinatown,100000,3
55401781,Bedford-Stuyvesant,180000,4
16984346,Upper East Side,200000,6
55178100,East Flatbush,120000,5
2792997,Fort Greene,70000,3
53937082,Borough Park,250000,6
24357551,Bedford-Stuyvesant,180000,4
22991161,Midtown,250000,3
9613902,Midtown,250000,3
7004285,Bay Ridge,200000,5
46449551,East Village,110000,3
56015939,Bedford-Stuyvesant,180000,4
18731823,Bedford-Stuyvesant,180000,4
4816624,Lower East Side,100000,3
9983391,Financial District,40000,2
4538265,East Harlem,120000,5
15158442,Flatiron District,50000,2
18877630,Little Italy,60000,2
8364600,Bushwick,120000,4
49994212,Elmhurst,120000,5
47105131,Theater District,120000,4
42817074,Harlem,250000,8
14975631,Flatbush,180000,5
55932542,Upper West Side,210000,5
49481678,Nolita,40000,2
44464032,Upper East Side,200000,6
27475284,East Harlem,120000,5
8607059,Bushwick,120000,4
53965249,Bushwick,120000,4
46744479,East Village,110000,3
16001252,Springfield Gardens,150000,5
9195811,Midtown,250000,3
1715460,East Village,110000,3
19799971,Sunset Park,250000,6
19669076,Queens Village,120000,4
54162420,St. Albans,70000,3
5420841,East Elmhurst,100000,3
46384379,Chelsea,80000,3
7488100,Upper East Side,200000,6
24432664,Unionport,100000,4
6892168,Upper West Side,210000,5
48575906,Clinton Hill,50000,3
23583226,West Village,100000,2
3261348,Prospect Heights,90000,4
56171688,Bedford-Stuyvesant,180000,4
43828887,Clinton Hill,50000,3
21617590,Maspeth,60000,3
5507552,Williamsburg,200000,4
12322934,East Elmhurst,100000,3
18874316,Chinatown,100000,3
53522305,East Harlem,120000,5
12179888,Chelsea,80000,3
11598316,Springfield Gardens,150000,5
12283720,West Brighton,150000,5
45941987,East Harlem,120000,5
20040774,East Village,110000,3
7146226,Prospect-Lefferts Gardens,80000,4
22696785,Bushwick,120000,4
13841759,Sheepshead Bay,100000,3
26961645,East Flatbush,120000,5
6862896,Upper West Side,210000,5
25806786,Williamsburg,200000,4
55035054,Bedford-Stuyvesant,180000,4
16694388,Bensonhurst,180000,5
51505857,Bedford-Stuyvesant,180000,4
15999043,Bushwick,120000,4
48514600,Tribeca,100000,4
24306187,Harlem,250000,8
24715441,Hell's Kitchen,100000,3
25037432,Midtown,250000,3
4416207,Inwood,60000,2
8733536,Williamsburg,200000,4
44667279,Bushwick,120000,4
18391606,Sunnyside,120000,5
7571497,Kensington,35000,2
20019787,Flushing,200000,7
22151665,Financial District,40000,2
2764830,Bushwick,120000,4
55021247,Bedford-Stuyvesant,180000,4
55312861,Flatbush,180000,5
4575269,Hell's Kitchen,100000,3
7543330,Upper East Side,200000,6
1783393,Greenwich Village,150000,3
43443382,Chelsea,80000,3
13935650,Midtown,250000,3
22159397,Jackson Heights,180000,5
47835824,Fort Greene,70000,3
12966916,Astoria,250000,7
21725841,SoHo,120000,4
47697749,Flatiron District,50000,2
5896923,Gowanus,40000,2
18878735,Upper West Side,210000,5
51192703,Park Slope,150000,5
6323299,Carroll Gardens,40000,2
9011343,West Village,100000,2
48522333,Corona,200000,6
42878379,Harlem,250000,8
49523653,SoHo,120000,4
50320621,Maspeth,60000,3
13164639,Prospect-Lefferts Gardens,80000,4
25931606,Hell's Kitchen,100000,3
12305812,Washington Heights,170000,6
5062950,Upper West Side,210000,5
27176490,East Village,110000,3
44008385,Chinatown,100000,3
23772113,Hell's Kitchen,100000,3
43539482,Bedford-Stuyvesant,180000,4
47545314,Cobble Hill,60000,2
47544209,Upper West Side,210000,5
55960157,Astoria,250000,7
23363963,Belmont,120000,5
17786285,Bushwick,120000,4
7159481,East Village,110000,3
4620558,East Harlem,120000,5
12621728,Chelsea,80000,3
47990468,East Flatbush,120000,5
18448493,Midwood,180000,5
16828045,Crown Heights,200000,5
50981172,Chelsea,80000,3
10055190,Hell's Kitchen,100000,3
19002450,Williamsburg,200000,4
50265944,Randall Manor,60000,3
2541701,West Village,100000,2
1425502,Upper East Side,200000,6
48326266,Upper West Side,210000,5
45256030,Upper East Side,200000,6
46482136,Bedford-Stuyvesant,180000,4
44467346,East Village,110000,3
45536599,Williamsburg,200000,4
12195905,Williamsburg,200000,4
20853760,Fort Greene,70000,3
9126774,Upper East Side,200000,6
1252633,Chelsea,80000,3
54584930,Lower East Side,100000,3
14740351,West Village,100000,2
53168833,East Harlem,120000,5
27762480,Kips Bay,50000,2
6700520,West Village,100000,2
9764680,Upper East Side,200000,6
8624733,Bushwick,120000,4
53860312,Prospect-Lefferts Gardens,80000,4
7287062,Astoria,250000,7
50250479,Upper West Side,210000,5
11513814,Washington Heights,170000,6
26724709,Upper East Side,200000,6
48496927,Financial District,40000,2
4354902,Lower East Side,100000,3
9365367,Bedford-Stuyvesant,180000,4
9265401,Bedford-Stuyvesant,180000,4
19608323,Ridgewood,100000,4
47946836,Upper East Side,200000,6
21137089,Bedford-Stuyvesant,180000,4
24799391,Bedford-Stuyvesant,180000,4
12159453,Lower East Side,100000,3
47651356,Prospect-Lefferts Gardens,80000,4
56537863,Washington Heights,170000,6
52858440,Bedford-Stuyvesant,180000,4
24455308,Upper West Side,210000,5
1888330,Harlem,250000,8
8079613,Bushwick,120000,4
18254083,Bedford-Stuyvesant,180000,4
10217566,Downtown Brooklyn,150000,5
52201203,Upper West Side,210000,5
3741849,Prospect-Lefferts Gardens,80000,4
4489111,East Village,110000,3
45133972,Crown Heights,200000,5
51091080,Chelsea,80000,3
44351915,Rosedale,150000,6
48198685,Prospect-Lefferts Gardens,80000,4
53928245,Washington Heights,170000,6
18032611,Financial District,40000,2
17969649,Cypress Hills,100000,4
24509433,Williamsburg,200000,4
18544041,Greenpoint,30000,2
10677632,Upper East Side,200000,6
3173532,Tribeca,100000,4
22716667,Hell's Kitchen,100000,3
46819592,Bedford-Stuyvesant,180000,4
54987556,Chelsea,80000,3
51080034,Tribeca,100000,4
52311663,Williamsburg,200000,4
3965530,Clinton Hill,50000,3
27168758,East Village,110000,3
52881637,East Village,110000,3
50914896,West Village,100000,2
49213260,Upper East Side,200000,6
13604822,Clinton Hill,50000,3
2568763,Washington Heights,170000,6
5047486,Harlem,250000,8
8509302,Bedford-Stuyvesant,180000,4
55931989,Mott Haven,80000,3
18891990,Bushwick,120000,4
18639037,Windsor Terrace,30000,2
54853900,Brooklyn Heights,100000,3
21875515,Jamaica,250000,7
4141714,Upper West Side,210000,5
6390679,NoHo,30000,2
44253054,Harlem,250000,8
27695100,East Harlem,120000,5
3648510,Hell's Kitchen,100000,3
10949916,Prospect-Lefferts Gardens,80000,4
24686722,Greenwich Village,150000,3
27944187,Upper East Side,200000,6
1887225,Williamsburg,200000,4
1750255,Chelsea,80000,3
6579566,Harlem,250000,8
26874382,Greenwich Village,150000,3
47936895,Chelsea,80000,3
23700866,Edgemere,100000,4
20849893,Bedford-Stuyvesant,180000,4
45566975,Battery Park City,50000,2
9792295,Bedford-Stuyvesant,180000,4
53011427,East Flatbush,120000,5
51738376,Bath Beach,150000,5
7353891,Upper East Side,200000,6
16971643,East Harlem,120000,5
8841235,Queens Village,120000,4
50953005,East Harlem,120000,5
53628346,Sunnyside,120000,5
26306617,Fort Hamilton,100000,4
25694669,East Harlem,120000,5
22998893,Astoria,250000,7
5549527,Greenpoint,30000,2
20834429,Bushwick,120000,4
43351700,Lower East Side,100000,3
49735183,Fort Hamilton,100000,4
7310259,Prospect-Lefferts Gardens,80000,4
19121194,Woodhaven,100000,4
8989251,Hell's Kitchen,100000,3
10992995,East New York,150000,5
20017025,Breezy Point,150000,4
54277851,Sunset Park,250000,6
55626015,Jamaica,250000,7
48618433,Chelsea,80000,3
20740538,Hell's Kitchen,100000,3
24400630,Long Island City,180000,6
1743075,Williamsburg,200000,4
17559290,Washington Heights,170000,6
55294083,Washington Heights,170000,6
2852646,Williamsburg,200000,4
44024401,Sunnyside,120000,5
45531628,Bushwick,120000,4
6704938,Lower East Side,100000,3
47879455,Two Bridges,40000,2
23676565,Greenpoint,30000,2
22533304,Harlem,250000,8
11342601,SoHo,120000,4
19663001,Hell's Kitchen,100000,3
4597914,Tribeca,100000,4
24384613,Astoria,250000,7
25049030,Financial District,40000,2
25025834,Williamsburg,200000,4
3422067,Washington Heights,170000,6
49265176,Bedford-Stuyvesant,180000,4
5968722,Clinton Hill,50000,3
5329159,Borough Park,250000,6
11714299,Williamsburg,200000,4
49240323,Upper East Side,200000,6
56239068,Bedford-Stuyvesant,180000,4
21866125,Lower East Side,100000,3
53331209,Upper West Side,210000,5
52256433,Little Italy,60000,2
22847010,Harlem,250000,8
47417180,East Village,110000,3
8977100,Bushwick,120000,4
24844679,Flushing,200000,7
23164030,East Flatbush,120000,5
3890970,Chelsea,80000,3
10043039,Inwood,60000,2
51701924,Brooklyn Heights,100000,3
9854705,East Village,110000,3
1994924,Williamsburg,200000,4
12863083,Brooklyn Heights,100000,3
26051455,Flushing,200000,7
22327848,Lower East Side,100000,3
6712670,Bushwick,120000,4
53222958,Tompkinsville,60000,3
49514816,Harlem,250000,8
6039969,Upper West Side,210000,5
47184662,SoHo,120000,4
51437924,Fresh Meadows,120000,4
15194341,Prospect Heights,90000,4
23668833,East Village,110000,3
20179954,Hell's Kitchen,100000,3
16891559,Ozone Park,150000,6
5767685,Prospect-Lefferts Gardens,80000,4
49592690,Ditmars Steinway,80000,4
2472663,West Village,100000,2
44775529,Ridgewood,100000,4
27254917,Gowanus,40000,2
6113425,Bedford-Stuyvesant,180000,4
17858084,Clinton Hill,50000,3
5366715,East Harlem,120000,5
9548179,Crown Heights,200000,5
1950187,Flatbush,180000,5
21027182,Williamsburg,200000,4
13014413,Kips Bay,50000,2
2714018,Williamsburg,200000,4
48063371,Fort Greene,70000,3
8849519,Bedford-Stuyvesant,180000,4
52467964,East Harlem,120000,5
12002600,Bedford-Stuyvesant,180000,4
9818806,Bay Ridge,200000,5
47398954,Crown Heights,200000,5
21100638,Bedford-Stuyvesant,180000,4
2054020,Hell's Kitchen,100000,3
47972794,Ridgewood,100000,4
55474133,West Village,100000,2
43674796,Morningside Heights,150000,5
9732647,Gramercy,50000,2
15379914,Washington Heights,170000,6
2524027,Williamsburg,200000,4
5437410,Upper West Side,210000,5
21624218,Kensington,35000,2
10331340,East Village,110000,3
11323271,Ditmars Steinway,80000,4
18936726,East Village,110000,3
44508769,Williamsburg,200000,4
7752099,Upper East Side,200000,6
3565665,Midtown,250000,3
55751387,Midtown,250000,3
20273292,Flushing,200000,7
17389734,Williamsburg,200000,4
15726759,Murray Hill,60000,2
1698891,Williamsburg,200000,4
23403176,Long Island City,180000,6
48127438,Bedford-Stuyvesant,180000,4
55347656,East Elmhurst,100000,3
26212726,East Village,110000,3
12552691,Astoria,250000,7
7457723,Harlem,250000,8
3021097,Washington Heights,170000,6
9266506,Bedford-Stuyvesant,180000,4
50357073,Chelsea,80000,3
6099617,Springfield Gardens,150000,5
11331555,Hell's Kitchen,100000,3
18393263,Financial District,40000,2
7847095,Ditmars Steinway,80000,4
2513533,Nolita,40000,2
18437447,Bedford-Stuyvesant,180000,4
18878182,Bedford-Stuyvesant,180000,4
6586746,Bedford-Stuyvesant,180000,4
5755534,Bedford-Stuyvesant,180000,4
7033557,Hell's Kitchen,100000,3
48147873,Greenwich Village,150000,3
6393993,Hunts Point,80000,3
27379184,Williamsburg,200000,4
23843359,Murray Hill,60000,2
1371929,Greenpoint,30000,2
52735829,Bedford-Stuyvesant,180000,4
1437101,Bedford-Stuyvesant,180000,4
3898150,Clinton Hill,50000,3
23889753,Financial District,40000,2
8063044,Gowanus,40000,2
1513870,Greenwich Village,150000,3
45041186,Financial District,40000,2
54290554,Bedford-Stuyvesant,180000,4
57050949,Upper West Side,210000,5
16253101,Flushing,200000,7
22565337,Upper East Side,200000,6
56918950,Little Italy,60000,2
57188472,Far Rockaway,250000,7
49958313,Bushwick,120000,4
6595030,Bedford-Stuyvesant,180000,4
3049817,Kips Bay,50000,2
12511820,Chelsea,80000,3
54229801,Sheepshead Bay,100000,3
2630621,Chelsea,80000,3
15886926,Brooklyn Heights,100000,3
3267975,East Village,110000,3
22919362,Richmond Hill,180000,5
9735961,East Village,110000,3
19355922,Financial District,40000,2
54954971,Upper East Side,200000,6
18477765,Ridgewood,100000,4
50217894,Bedford-Stuyvesant,180000,4
3925212,Long Island City,180000,6
1794991,Harlem,250000,8
5966513,Harlem,250000,8
48121915,Bedford-Stuyvesant,180000,4
46837818,Flatbush,180000,5
7142912,Bedford-Stuyvesant,180000,4
21344202,Little Italy,60000,2
11190166,Bedford-Stuyvesant,180000,4
2638353,Financial District,40000,2
3280678,East Village,110000,3
20274949,Bushwick,120000,4
9027912,Crown Heights,200000,5
46429668,Richmond Hill,180000,5
15625688,Harlem,250000,8
47496159,Lower East Side,100000,3
44153087,Flushing,200000,7
8940649,Inwood,60000,2
9677969,Williamsburg,200000,4
19070383,Windsor Terrace,30000,2
53982923,Bushwick,120000,4
42899366,Crown Heights,200000,5
3724175,Harlem,250000,8
20558831,Long Island City,180000,6
23072901,Van Nest,60000,3
5171753,Flatbush,180000,5
55071506,Bedford-Stuyvesant,180000,4
17240061,Chelsea,80000,3
20038012,East Harlem,120000,5
48056191,Williamsburg,200000,4
7190962,Upper East Side,200000,6
17689633,Washington Heights,170000,6
55130050,East Harlem,120000,5
48955336,Lower East Side,100000,3
17521181,Greenwich Village,150000,3
17999473,Williamsburg,200000,4
5756087,Gramercy,50000,2
26282869,New Springville,150000,5
17900059,Midtown,250000,3
16906471,Bedford-Stuyvesant,180000,4
14864618,Bedford-Stuyvesant,180000,4
47972242,Midtown,250000,3
17063877,Williamsburg,200000,4
24767910,Financial District,40000,2
12964706,Upper West Side,210000,5
44939010,Bedford-Stuyvesant,180000,4
53663693,East Elmhurst,100000,3
22594057,Concourse Village,80000,5
4164358,Bushwick,120000,4
47486770,Upper East Side,200000,6
16074155,Harlem,250000,8
13198882,Bayside,120000,4
25126905,Bedford-Stuyvesant,180000,4
21357457,Upper West Side,210000,5
3901463,West Village,100000,2
53373736,Upper West Side,210000,5
1167578,Upper West Side,210000,5
48642182,Long Island City,180000,6
13117693,East Village,110000,3
14607799,Middle Village,120000,5
44810877,Williamsburg,200000,4
16326556,Kips Bay,50000,2
48558784,Park Slope,150000,5
2371040,Flatiron District,50000,2
1746941,Ridgewood,100000,4
45059412,Hell's Kitchen,100000,3
44140937,Cobble Hill,60000,2
24239911,Theater District,120000,4
10911807,Williamsburg,200000,4
25098185,East Village,110000,3
8449102,Bedford-Stuyvesant,180000,4
47682284,Williamsburg,200000,4
26448559,East Harlem,120000,5
24754654,Washington Heights,170000,6
55033950,Bay Ridge,200000,5
15298174,Crown Heights,200000,5
2604663,East Flatbush,120000,5
45383059,Long Island City,180000,6
23250189,Williamsburg,200000,4
55492911,Upper East Side,200000,6
22587429,Tribeca,100000,4
22937035,Upper East Side,200000,6
14257641,Crown Heights,200000,5
6387366,Crown Heights,200000,5
22827680,Harlem,250000,8
8546859,Bushwick,120000,4
18222050,Prospect-Lefferts Gardens,80000,4
20772019,Sunset Park,250000,6
47077516,Sunset Park,250000,6
50383584,Williamsburg,200000,4
21618143,Randall Manor,60000,3
22914391,Bedford-Stuyvesant,180000,4
23046391,West Farms,80000,3
16219963,Harlem,250000,8
14617188,Crown Heights,200000,5
3583891,Gravesend,200000,6
55291874,Midwood,180000,5
4433328,Upper East Side,200000,6
2619023,Chinatown,100000,3
52630340,Crown Heights,200000,5
18932308,Ditmars Steinway,80000,4
46239677,City Island,60000,2
53642706,Harlem,250000,8
47567406,Astoria,250000,7
49985928,Williamsburg,200000,4
46725701,Williamsburg,200000,4
47577347,East Village,110000,3
20293727,Woodside,150000,4
19711603,Williamsburg,200000,4
17396362,Harlem,250000,8
51270577,Windsor Terrace,30000,2
43351148,Williamsburg,200000,4
3539155,Midtown,250000,3
54597080,Greenwich Village,150000,3
9326154,East Village,110000,3
4543788,West Village,100000,2
24901566,Jamaica,250000,7
57247016,Greenpoint,30000,2
44457405,East Elmhurst,100000,3
23148566,Chelsea,80000,3
22881805,Chelsea,80000,3
7751547,East Village,110000,3
26705378,NoHo,30000,2
23368381,West Village,100000,2
3282887,Greenpoint,30000,2
24791659,Woodhaven,100000,4
24104597,Ditmars Steinway,80000,4
48589161,Upper East Side,200000,6
23907979,Financial District,40000,2
2602454,West Village,100000,2
5888639,Upper East Side,200000,6
17162186,Bedford-Stuyvesant,180000,4
48279321,Elmhurst,120000,5
46542889,Harlem,250000,8
44234828,Bushwick,120000,4
44374007,Fort Hamilton,100000,4
43490880,Bushwick,120000,4
7071113,Upper East Side,200000,6
43427917,Midtown,250000,3
47166988,Hell's Kitchen,100000,3
56669862,Williamsburg,200000,4
8673335,Bushwick,120000,4
1412247,Crown Heights,200000,5
51941622,Midtown,250000,3
4017446,Upper West Side,210000,5
24416095,Queens Village,120000,4
6555265,Upper West Side,210000,5
26600441,Bedford-Stuyvesant,180000,4
55131707,Throgs Neck,100000,4
22781287,Bedford-Stuyvesant,180000,4
48094300,Midtown,250000,3
27202448,Ozone Park,150000,6
15346776,Bushwick,120000,4
4157731,Upper West Side,210000,5
24865114,Prospect-Lefferts Gardens,80000,4
8140918,Upper West Side,210000,5
51393740,Carroll Gardens,40000,2
19426616,Murray Hill,60000,2
57055920,Upper East Side,200000,6
49806430,Harlem,250000,8
12026349,Lower East Side,100000,3
3946752,SoHo,120000,4
48340626,Williamsburg,200000,4
7068352,West Village,100000,2
23131997,SoHo,120000,4
6985507,Silver Lake,60000,2
11174150,Fort Hamilton,100000,4
12472607,Crown Heights,200000,5
11471839,East New York,150000,5
6025609,Astoria,250000,7
5473861,East Village,110000,3
42856839,Bedford-Stuyvesant,180000,4
24765148,Hell's Kitchen,100000,3
8742373,Bushwick,120000,4
51840551,Prospect Heights,90000,4
27422816,Pelham Gardens,150000,5
43181592,Harlem,250000,8
10326922,Greenpoint,30000,2
43129675,Woodhaven,100000,4
2077216,Washington Heights,170000,6
12085445,Chelsea,80000,3
6935247,Crown Heights,200000,5
16752932,Crown Heights,200000,5
1534858,Williamsburg,200000,4
52359713,Flatbush,180000,5
7730559,Bushwick,120000,4
6032237,Clinton Hill,50000,3
1093570,Harlem,250000,8
17297500,Queens Village,120000,4
50797256,East Village,110000,3
6880017,Upper East Side,200000,6
4088693,Inwood,60000,2
52034961,Murray Hill,60000,2
49590481,Hell's Kitchen,100000,3
24025066,Astoria,250000,7
9939759,East Village,110000,3
17110270,Chelsea,80000,3
48046802,Harlem,250000,8
2669282,East Village,110000,3
5819049,Chinatown,100000,3
23531862,Fort Greene,70000,3
12528942,East Harlem,120000,5
21424838,Greenpoint,30000,2
52168065,East Flatbush,120000,5
6398412,Bushwick,120000,4
16350305,Flatbush,180000,5
54679925,East Harlem,120000,5
18099992,Harlem,250000,8
45002525,Harlem,250000,8
13111066,Coney Island,200000,6
55333296,Upper West Side,210000,5
52543077,Elmhurst,120000,5
7332903,Harlem,250000,8
44740182,Bedford-Stuyvesant,180000,4
18910216,Williamsburg,200000,4
3148678,Flatbush,180000,5
2441182,Midtown,250000,3
3435322,Greenpoint,30000,2
20522380,South Ozone Park,150000,6
53340046,Bedford-Stuyvesant,180000,4
44629170,Bushwick,120000,4
49092859,Bedford-Stuyvesant,180000,4
5525225,Flatbush,180000,5
5879802,Woodhaven,100000,4
9786220,Murray Hill,60000,2
53801768,East Harlem,120000,5
3582234,Upper West Side,210000,5
53203627,Lower East Side,100000,3
49679401,East Village,110000,3
3801497,East Village,110000,3
44566760,Bushwick,120000,4
48381496,Bay Ridge,200000,5
55957948,Murray Hill,60000,2
5485460,Williamsburg,200000,4
44832416,Flatlands,50000,3
17137885,Ditmars Steinway,80000,4
52028333,Lower East Side,100000,3
10079491,Long Island City,180000,6
48069999,Williamsburg,200000,4
2155643,Harlem,250000,8
47588946,West Village,100000,2
44369037,East Flatbush,120000,5
5883668,Williamsburg,200000,4
6021743,South Slope,100000,3
20443401,Greenpoint,30000,2
45823795,Morningside Heights,150000,5
8865536,East Village,110000,3
10457264,Midwood,180000,5
4329496,East Village,110000,3
2044078,Long Island City,180000,6
54681030,Crown Heights,200000,5
6051015,Harlem,250000,8
17435575,Crown Heights,200000,5
1481285,Harlem,250000,8
43090462,Ditmars Steinway,80000,4
5605309,Bushwick,120000,4
13919081,Upper East Side,200000,6
45271495,Bedford-Stuyvesant,180000,4
5926195,Bedford-Stuyvesant,180000,4
8077956,Harlem,250000,8
7521238,Harlem,250000,8
47913146,Columbia St,50000,2
44747362,Bath Beach,150000,5
47967271,Astoria,250000,7
43210864,Harlem,250000,8
21339784,Inwood,60000,2
12266599,Bedford-Stuyvesant,180000,4
18021013,Bay Ridge,200000,5
51828400,Greenpoint,30000,2
15328550,Flatlands,50000,3
3001214,Harlem,250000,8
43094328,Bushwick,120000,4
52096266,Washington Heights,170000,6
8000634,Sheepshead Bay,100000,3
54129835,Rossville,200000,6
57214430,Gramercy,50000,2
47580661,Long Island City,180000,6
23479946,Washington Heights,170000,6
13807516,Forest Hills,180000,6
1136097,Harlem,250000,8
10393198,Borough Park,250000,6
21588871,East Flatbush,120000,5
48985712,Flatbush,180000,5
21028839,Financial District,40000,2
12390314,East Harlem,120000,5
20894630,Jackson Heights,180000,5
9896128,Chinatown,100000,3
54646787,Flatbush,180000,5
21004537,Williamsburg,200000,4
23395444,Inwood,60000,2
56936071,Fordham,200000,7
7255581,East Harlem,120000,5
47586184,Jamaica,250000,7
12969125,Prospect-Lefferts Gardens,80000,4
56223604,Upper West Side,210000,5
15294308,Cypress Hills,100000,4
25885765,Astoria,250000,7
20397560,Norwood,100000,4
22225120,Upper East Side,200000,6
1859610,Upper West Side,210000,5
26794851,Williamsburg,200000,4
42951283,Ridgewood,100000,4
57042112,Fordham,200000,7
15596416,Bedford-Stuyvesant,180000,4
2613500,East Harlem,120000,5
48317982,Prospect Heights,90000,4
43079968,Bedford-Stuyvesant,180000,4
55517764,Flushing,200000,7
49208289,Flushing,200000,7
2108145,Carroll Gardens,40000,2
52202308,Upper East Side,200000,6
10389884,Downtown Brooklyn,150000,5
11763454,Williamsburg,200000,4
18218736,Harlem,250000,8
49689895,Flushing,200000,7
50825424,Norwood,100000,4
54512026,Fort Greene,70000,3
14294092,Bedford-Stuyvesant,180000,4
43503583,Jackson Heights,180000,5
52766758,Chelsea,80000,3
20061761,Chelsea,80000,3
24459174,Harlem,250000,8
48126334,Hell's Kitchen,100000,3
25652694,Hell's Kitchen,100000,3
18487706,East Village,110000,3
20643333,Borough Park,250000,6
13557324,Harlem,250000,8
19454784,Harlem,250000,8
4851419,Williamsburg,200000,4
49157478,Washington Heights,170000,6
24026171,Astoria,250000,7
43292052,East Village,110000,3
9094188,Kips Bay,50000,2
6826444,South Slope,100000,3
43897372,East Elmhurst,100000,3
44808115,South Slope,100000,3
56292641,Williamsburg,200000,4
51071197,Bedford-Stuyvesant,180000,4
20608538,Arverne,40000,2
20459970,Clifton,30000,2
55601714,Midtown,250000,3
50886729,Prospect-Lefferts Gardens,80000,4
54407089,Flushing,200000,7
50625491,Midtown,250000,3
23754439,Greenpoint,30000,2
23311495,Midtown,250000,3
43513524,Harlem,250000,8
47995991,Bedford-Stuyvesant,180000,4
7797940,Bedford-Stuyvesant,180000,4
51754392,Bedford-Stuyvesant,180000,4
9191393,Gramercy,50000,2
56081663,Lower East Side,100000,3
15817336,Flatbush,180000,5
1645870,Williamsburg,200000,4
4080409,Roosevelt Island,15000,2
15643914,Murray Hill,60000,2
20852655,Harlem,250000,8
14019047,Hell's Kitchen,100000,3
9582973,Jackson Heights,180000,5
1567444,Bedford-Stuyvesant,180000,4
46139158,Midtown,250000,3
47680627,Gramercy,50000,2
48891821,Windsor Terrace,30000,2
26568960,Bushwick,120000,4
17697365,Bushwick,120000,4
50488521,Astoria,250000,7
46792529,Greenpoint,30000,2
23546222,West Village,100000,2
55378033,Maspeth,60000,3
26853947,Randall Manor,60000,3
5870413,Harlem,250000,8
51569924,Williamsburg,200000,4
13985357,Astoria,250000,7
50054965,Harlem,250000,8
14237206,East Harlem,120000,5
24992696,Hell's Kitchen,100000,3
18730718,Hell's Kitchen,100000,3
24718203,Crown Heights,200000,5
11428760,Prospect Heights,90000,4
44256920,East Flatbush,120000,5
48971353,Williamsburg,200000,4
8289487,East Harlem,120000,5
23433553,Upper East Side,200000,6
20485928,South Ozone Park,150000,6
55663572,Hell's Kitchen,100000,3
26501027,Fort Greene,70000,3
52124433,Harlem,250000,8
16251444,Upper West Side,210000,5
9243861,Williamsburg,200000,4
17683558,Woodhaven,100000,4
52121672,Kips Bay,50000,2
6920335,Brownsville,180000,7
20030833,West Village,100000,2
13626914,Schuylerville,60000,3
18623020,Clinton Hill,50000,3
1387394,St. Albans,70000,3
47201783,Canarsie,120000,4
5155184,Flatbush,180000,5
19257060,Harlem,250000,8
24944093,Gramercy,50000,2
7042393,Murray Hill,60000,2
57272422,Woodhaven,100000,4
52504416,Flatbush,180000,5
6038864,Harlem,250000,8
53573116,East Village,110000,3
22280903,Ditmars Steinway,80000,4
45483026,Sunset Park,250000,6
48855370,South Slope,100000,3
1609418,Williamsburg,200000,4
19179186,Borough Park,250000,6
53388648,Bushwick,120000,4
23817401,Upper West Side,210000,5
7813404,Prospect-Lefferts Gardens,80000,4
46308714,Midtown,250000,3
54436361,Clinton Hill,50000,3
1460297,Upper West Side,210000,5
6975013,Flatbush,180000,5
44543563,South Ozone Park,150000,6
18821848,Astoria,250000,7
23831761,Jackson Heights,180000,5
13715282,Williamsburg,200000,4
11239873,Crown Heights,200000,5
21239817,Fort Greene,70000,3
18778768,Bushwick,120000,4
3190101,Columbia St,50000,2
9964060,Park Slope,150000,5
24916478,Elmhurst,120000,5
49626933,Williamsburg,200000,4
49216021,Hell's Kitchen,100000,3
52081354,Bedford-Stuyvesant,180000,4
47524327,East Village,110000,3
13027669,Williamsburg,200000,4
19438767,Sunset Park,250000,6
21244236,Bushwick,120000,4
22934826,Fort Hamilton,100000,4
19096341,East Village,110000,3
20028623,Woodside,150000,4
48646600,Upper East Side,200000,6
51444552,Williamsburg,200000,4
2240145,Upper East Side,200000,6
21670059,Borough Park,250000,6
19018467,Clinton Hill,50000,3
53296414,Prospect Heights,90000,4
7618442,Washington Heights,170000,6
48534483,Upper West Side,210000,5
9438823,Crown Heights,200000,5
15067865,East New York,150000,5
3362419,Bedford-Stuyvesant,180000,4
18637380,Crown Heights,200000,5
45170976,Crown Heights,200000,5
15321923,Harlem,250000,8
18908559,Harlem,250000,8
7096519,Williamsburg,200000,4
10233583,Williamsburg,200000,4
11023372,Clinton Hill,50000,3
5851082,Lower East Side,100000,3
8505988,Bedford-Stuyvesant,180000,4
57293961,Longwood,120000,4
7357757,Prospect-Lefferts Gardens,80000,4
9649249,East Elmhurst,100000,3
24486789,Roosevelt Island,15000,2
22930408,Williamsburg,200000,4
54614202,Carroll Gardens,40000,2
51723463,Washington Heights,170000,6
21104504,Elmhurst,120000,5
20313058,Bedford-Stuyvesant,180000,4
1711042,Harlem,250000,8
7996768,Theater District,120000,4
49600975,Washington Heights,170000,6
4614483,Crown Heights,200000,5
51138025,Bushwick,120000,4
26303304,Nolita,40000,2
1138306,East Village,110000,3
25796292,Theater District,120000,4
52317186,Washington Heights,170000,6
15003798,Bedford-Stuyvesant,180000,4
21562360,Williamsburg,200000,4
24070355,East Flatbush,120000,5
18126502,Hell's Kitchen,100000,3
44517605,Astoria,250000,7
57205593,East Elmhurst,100000,3
8874373,Hell's Kitchen,100000,3
43296470,Tribeca,100000,4
49146984,Corona,200000,6
8985385,Williamsburg,200000,4
15428517,Midtown,250000,3
11094066,Upper East Side,200000,6
53054506,Wakefield,100000,4
26729127,Lower East Side,100000,3
17514001,Bedford-Stuyvesant,180000,4
4496843,Gramercy,50000,2
2458303,Prospect Heights,90000,4
47619874,Harlem,250000,8
42838061,Bedford-Stuyvesant,180000,4
11493379,Bushwick,120000,4
55061565,Borough Park,250000,6
1996581,Harlem,250000,8
13326463,Harlem,250000,8
53064448,Hell's Kitchen,100000,3
24740295,Upper West Side,210000,5
48442249,Hell's Kitchen,100000,3
16887141,East Village,110000,3
25356661,Gowanus,40000,2
26160258,Throgs Neck,100000,4
12918313,Fresh Meadows,120000,4
18343556,Midtown,250000,3
51130293,Bedford-Stuyvesant,180000,4
11325480,Chelsea,80000,3
14020152,Bushwick,120000,4
56026433,Chelsea,80000,3
47175273,Norwood,100000,4
50153827,Prospect-Lefferts Gardens,80000,4
49571150,Ditmars Steinway,80000,4
56496992,Bedford-Stuyvesant,180000,4
20202046,Williamsburg,200000,4
23053570,Bushwick,120000,4
11509396,Crown Heights,200000,5
22238376,Chelsea,80000,3
11418266,Upper East Side,200000,6
53213569,Flatbush,180000,5
14519983,Prospect-Lefferts Gardens,80000,4
17230119,Bedford-Stuyvesant,180000,4
53320715,Williamsburg,200000,4
12681376,Harlem,250000,8
20682547,Harlem,250000,8
47435406,East Harlem,120000,5
9507308,Williamsburg,200000,4
10015977,Williamsburg,200000,4
18739555,East Harlem,120000,5
54082889,Park Slope,150000,5
20533978,Midwood,180000,5
14949673,Prospect-Lefferts Gardens,80000,4
7422376,West Village,100000,2
23640665,South Slope,100000,3
42851869,Financial District,40000,2
7620652,East Village,110000,3
1608314,Bedford-Stuyvesant,180000,4
8108332,Bushwick,120000,4
4072676,Fort Greene,70000,3
8084031,East Harlem,120000,5
53187058,Arrochar,15000,2
6639214,Chelsea,80000,3
3180160,Park Slope,150000,5
17402989,Middle Village,120000,5
17550453,Bedford-Stuyvesant,180000,4
56356708,Cypress Hills,100000,4
2591408,Bedford-Stuyvesant,180000,4
19191889,Washington Heights,170000,6
53697384,Upper West Side,210000,5
45339980,Glendale,80000,3
7504669,Bushwick,120000,4
51476585,Midtown,250000,3
55169815,Williamsburg,200000,4
46899675,Ditmars Steinway,80000,4
22516735,Williamsburg,200000,4
26265747,Bay Ridge,200000,5
11134936,Maspeth,60000,3
25873062,Fordham,200000,7
7600769,Crown Heights,200000,5
9114071,Bedford-Stuyvesant,180000,4
44562342,Williamsburg,200000,4
7538911,Harlem,250000,8
57076355,Williamsburg,200000,4
20818412,Crown Heights,200000,5
19074801,Sunnyside,120000,5
25531741,Fort Hamilton,100000,4
8619762,Crown Heights,200000,5
26077965,Ridgewood,100000,4
50528839,Astoria,250000,7
2231308,Ditmars Steinway,80000,4
50182546,Williamsburg,200000,4
11072527,Harlem,250000,8
22515078,Chelsea,80000,3
22711144,Hell's Kitchen,100000,3
21249759,Brooklyn Heights,100000,3
8798155,East Village,110000,3
56274415,Upper East Side,200000,6
52974975,East Harlem,120000,5
43363298,West Village,100000,2
48600759,Upper West Side,210000,5
43982979,Williamsburg,200000,4
7345054,Park Slope,150000,5
46451208,Washington Heights,170000,6
43515733,Maspeth,60000,3
56319704,Flatbush,180000,5
14899413,Sunnyside,120000,5
48798483,Bedford-Stuyvesant,180000,4
44894274,West Village,100000,2
7199799,Upper East Side,200000,6
18370066,Upper East Side,200000,6
1741418,Williamsburg,200000,4
25324076,Midwood,180000,5
49032106,Bedford-Stuyvesant,180000,4
3249197,Greenpoint,30000,2
19355370,Bedford-Stuyvesant,180000,4
20228004,Gramercy,50000,2
13529157,Greenpoint,30000,2
3333699,East Village,110000,3
53396932,Windsor Terrace,30000,2
49249159,Bedford-Stuyvesant,180000,4
26576140,Crown Heights,200000,5
53108632,Upper East Side,200000,6
50669123,Astoria,250000,7
5119837,Washington Heights,170000,6
18091155,Williamsburg,200000,4
54571675,Bedford-Stuyvesant,180000,4
54677164,Flatbush,180000,5
4882348,Chinatown,100000,3
53228481,Hell's Kitchen,100000,3
56953744,Upper West Side,210000,5
4531085,Fort Greene,70000,3
47611038,Murray Hill,60000,2
12222415,Harlem,250000,8
24427693,Port Richmond,30000,2
47705481,Midtown,250000,3
18387188,Sheepshead Bay,100000,3
44085154,Schuylerville,60000,3
3774434,Bay Terrace,60000,3
46191627,East Harlem,120000,5
18941697,Washington Heights,170000,6
17923808,Harlem,250000,8
21287867,NoHo,30000,2
1476866,Upper West Side,210000,5
24237149,Chelsea,80000,3
17836545,Flatbush,180000,5
1479628,Greenpoint,30000,2
5550631,Greenwich Village,150000,3
9790086,Upper West Side,210000,5
15422441,Greenpoint,30000,2
5726815,Arverne,40000,2
20218062,Hell's Kitchen,100000,3
6433759,Williamsburg,200000,4
53265485,Bushwick,120000,4
47241549,Upper West Side,210000,5
55172025,Crown Heights,200000,5
51437372,Bushwick,120000,4
53678053,Sheepshead Bay,100000,3
26528642,Upper East Side,200000,6
2191543,Upper West Side,210000,5
1085286,Prospect Heights,90000,4
12116926,Midtown,250000,3
6706595,Lower East Side,100000,3
52530374,Hell's Kitchen,100000,3
57211669,Washington Heights,170000,6
23635142,Upper West Side,210000,5
22905002,Greenpoint,30000,2
13078480,Bushwick,120000,4
23632381,Upper West Side,210000,5
1429921,East Harlem,120000,5
55413932,Elmhurst,120000,5
13357392,Long Island City,180000,6
1696129,Astoria,250000,7
49612573,Financial District,40000,2
7234594,Harlem,250000,8
51739480,West Brighton,150000,5
55059355,Bayside,120000,4
6953473,West Village,100000,2
6829206,Gowanus,40000,2
49793175,Hell's Kitchen,100000,3
21201156,Carroll Gardens,40000,2
2895725,Upper West Side,210000,5
6077525,Morningside Heights,150000,5
2787474,Park Slope,150000,5
21633607,East Harlem,120000,5
11333212,Williamsburg,200000,4
48130200,Harlem,250000,8
3578368,Cobble Hill,60000,2
9547074,Longwood,120000,4
12023035,Bedford-Stuyvesant,180000,4
47306168,Bedford-Stuyvesant,180000,4
49764455,Upper East Side,200000,6
8764465,Upper East Side,200000,6
6197374,Fort Greene,70000,3
49041495,East New York,150000,5
15399797,Harlem,250000,8
53621166,Bedford-Stuyvesant,180000,4
23391026,Crown Heights,200000,5
1222256,Upper West Side,210000,5
57230999,Harlem,250000,8
56762649,Harlem,250000,8
18719672,Ridgewood,100000,4
54531909,Sunset Park,250000,6
20934948,Flatlands,50000,3
11465764,East Village,110000,3
54027659,Bedford-Stuyvesant,180000,4
21200052,Murray Hill,60000,2
16948446,East Harlem,120000,5
10272244,Williamsburg,200000,4
13632989,Park Slope,150000,5
7592484,Bushwick,120000,4
19667971,Williamsburg,200000,4
25781932,Flatbush,180000,5
6762377,Williamsburg,200000,4
52291228,Bedford-Stuyvesant,180000,4
24789449,Hell's Kitchen,100000,3
56172792,Upper East Side,200000,6
12200875,Murray Hill,60000,2
4177613,Prospect-Lefferts Gardens,80000,4
50184756,Crown Heights,200000,5
50659734,Sunset Park,250000,6
20948203,Hell's Kitchen,100000,3
16138222,Crown Heights,200000,5
4647621,Bay Ridge,200000,5
20111468,Middle Village,120000,5
56569896,Flatbush,180000,5
18733480,Schuylerville,60000,3
55165397,Williamsburg,200000,4
25031909,Hell's Kitchen,100000,3
45510088,Murray Hill,60000,2
55254870,Bushwick,120000,4
55254317,Hell's Kitchen,100000,3
48396408,Harlem,250000,8
4593495,Clinton Hill,50000,3
54417031,Clinton Hill,50000,3
17338370,Washington Heights,170000,6
53787961,Astoria,250000,7
14866275,East Harlem,120000,5
1526573,Greenpoint,30000,2
11678952,Williamsburg,200000,4
9745350,Williamsburg,200000,4
25552176,Upper East Side,200000,6
53953651,Kew Gardens Hills,120000,5
47722602,City Island,60000,2
9511727,East Village,110000,3
47951807,Harlem,250000,8
7565422,Carroll Gardens,40000,2
26135404,Ditmars Steinway,80000,4
45453754,Williamsburg,200000,4
50048890,Bedford-Stuyvesant,180000,4
27076524,Sunnyside,120000,5
1508900,Upper West Side,210000,5
19083086,East Village,110000,3
21562913,Kips Bay,50000,2
25139055,St. Albans,70000,3
10843874,Greenwich Village,150000,3
4712240,South Slope,100000,3
3522586,Upper East Side,200000,6
14619949,East Harlem,120000,5
4640441,Bushwick,120000,4
50196906,Flatbush,180000,5
9527191,Crown Heights,200000,5
4562014,Lower East Side,100000,3
2057334,Flatbush,180000,5
22828232,Harlem,250000,8
25405816,Midtown,250000,3
53031862,Gowanus,40000,2
17520077,Upper East Side,200000,6
46791977,Murray Hill,60000,2
54490486,Long Island City,180000,6
18409832,Midtown,250000,3
21990945,Sheepshead Bay,100000,3
11992106,Oakwood,120000,4
10424679,Long Island City,180000,6
8539126,Kips Bay,50000,2
6018429,Upper West Side,210000,5
9687910,Sunset Park,250000,6
49581644,Hell's Kitchen,100000,3
27299653,Harlem,250000,8
23307076,Gravesend,200000,6
43614043,Upper East Side,200000,6
51168402,Bedford-Stuyvesant,180000,4
49717510,East Flatbush,120000,5
5344071,Bedford-Stuyvesant,180000,4
50388554,Williamsburg,200000,4
9483007,Bushwick,120000,4
24768462,Financial District,40000,2
9724362,Wakefield,100000,4
6025057,Upper East Side,200000,6
23291612,Bedford-Stuyvesant,180000,4
8472850,Washington Heights,170000,6
49892037,West Brighton,150000,5
12379268,Harlem,250000,8
6299550,East Harlem,120000,5
54033182,Williamsburg,200000,4
24593383,Tribeca,100000,4
5540690,Nolita,40000,2
13853357,Financial District,40000,2
10704142,Ridgewood,100000,4
12725008,East Flatbush,120000,5
13502094,Harlem,250000,8
3085716,Jamaica,250000,7
20181610,Park Slope,150000,5
47715975,Rockaway Beach,60000,3
20896839,Bushwick,120000,4
14602276,Chelsea,80000,3
24120614,Bushwick,120000,4
3435874,Bensonhurst,180000,5
48514048,Gramercy,50000,2
14795029,East Harlem,120000,5
15663796,Parkchester,250000,7
8164115,East Village,110000,3
2826135,Greenwich Village,150000,3
51210929,Williamsburg,200000,4
11798249,Astoria,250000,7
57235417,East Village,110000,3
21233190,Bedford-Stuyvesant,180000,4
14235549,Hunts Point,80000,3
3864459,Bedford-Stuyvesant,180000,4
4916591,Park Slope,150000,5
17978486,Two Bridges,40000,2
22116317,Bushwick,120000,4
9333334,Williamsburg,200000,4
19671838,Bedford-Stuyvesant,180000,4
51849940,Canarsie,120000,4
10671557,Ditmars Steinway,80000,4
23519712,Williamsburg,200000,4
54599842,Brownsville,180000,7
17210236,Stapleton,120000,5
25715656,Upper East Side,200000,6
25092110,Borough Park,250000,6
47728678,Bushwick,120000,4
26321530,Upper East Side,200000,6
49028239,Harlem,250000,8
55310100,Springfield Gardens,150000,5
21683314,Cypress Hills,100000,4
8588833,Edgemere,100000,4
24424931,Bushwick,120000,4
25399189,Financial District,40000,2
55245481,Hell's Kitchen,100000,3
11197346,Harlem,250000,8
4814415,Bedford-Stuyvesant,180000,4
47448109,Harlem,250000,8
11717613,Sunnyside,120000,5
27417293,Williamsburg,200000,4
53113603,Woodhaven,100000,4
21189558,Gramercy,50000,2
8498256,Midtown,250000,3
11075288,Prospect-Lefferts Gardens,80000,4
6670696,East Village,110000,3
22650391,Rosedale,150000,6
13423115,Flushing,200000,7
55018485,Bedford-Stuyvesant,180000,4
53197000,Midtown,250000,3
25689698,Woodside,150000,4
51137473,Fort Greene,70000,3
51527397,Upper West Side,210000,5
48169965,Midtown,250000,3
13921290,Chelsea,80000,3
54410403,Crown Heights,200000,5
55661915,Hell's Kitchen,100000,3
23275595,Upper West Side,210000,5
50693424,Harlem,250000,8
43698544,Bedford-Stuyvesant,180000,4
26136509,Canarsie,120000,4
4841478,Greenpoint,30000,2
15191028,Morningside Heights,150000,5
54368980,Upper East Side,200000,6
12129076,Prospect Heights,90000,4
47975556,Upper West Side,210000,5
3418753,Clinton Hill,50000,3
19635938,Flatiron District,50000,2
47065365,St. Albans,70000,3
1450356,East Village,110000,3
3423172,West Village,100000,2
23390473,Claremont Village,80000,4
21791565,Forest Hills,180000,6
4099187,Bedford-Stuyvesant,180000,4
3344193,Nolita,40000,2
20551099,Upper West Side,210000,5
7321305,Park Slope,150000,5
19504491,Kensington,35000,2
22518944,Crown Heights,200000,5
46585417,Crown Heights,200000,5
7973019,Stapleton,120000,5
48986817,Bushwick,120000,4
52781118,Kingsbridge,50000,3
4474198,Jackson Heights,180000,5
2170003,Williamsburg,200000,4
52289571,Upper East Side,200000,6
1460850,Greenpoint,30000,2
53461552,Tribeca,100000,4
21741306,Bedford-Stuyvesant,180000,4
8314340,Upper West Side,210000,5
53455476,Cypress Hills,100000,4
9318974,Upper West Side,210000,5
16402774,Maspeth,60000,3
43422947,Theater District,120000,4
56580942,Bedford-Stuyvesant,180000,4
49214365,Bedford-Stuyvesant,180000,4
55072611,Bedford-Stuyvesant,180000,4
26770549,Chelsea,80000,3
55655839,Hell's Kitchen,100000,3
7756517,Bedford-Stuyvesant,180000,4
11681161,Sheepshead Bay,100000,3
50416722,Bedford-Stuyvesant,180000,4
8166876,SoHo,120000,4
42988287,East Harlem,120000,5
20066732,Kensington,35000,2
21376788,Gramercy,50000,2
52450843,Gowanus,40000,2
26432542,East Harlem,120000,5
3607640,Flatbush,180000,5
9210723,Greenwich Village,150000,3
23440180,Gramercy,50000,2
9763576,Upper West Side,210000,5
16769501,Upper West Side,210000,5
47661849,Upper West Side,210000,5
20033042,Longwood,120000,4
55440442,Harlem,250000,8
24233836,Chelsea,80000,3
15928348,Gowanus,40000,2
12613996,Prospect-Lefferts Gardens,80000,4
1803276,SoHo,120000,4
5248523,Nolita,40000,2
24039426,Midtown,250000,3
56462750,Jackson Heights,180000,5
54096697,Woodside,150000,4
48191505,Harlem,250000,8
18550116,Forest Hills,180000,6
22532199,Bushwick,120000,4
24503358,Theater District,120000,4
54271223,Gowanus,40000,2
49457929,Sheepshead Bay,100000,3
51392636,Bedford-Stuyvesant,180000,4
52001823,Greenpoint,30000,2
47284076,East New York,150000,5
21101742,Bedford-Stuyvesant,180000,4
45634356,West Village,100000,2
55227255,Hell's Kitchen,100000,3
4630499,Upper East Side,200000,6
50480236,Midtown,250000,3
47963405,Crown Heights,200000,5
45753100,Clinton Hill,50000,3
16314958,Harlem,250000,8
4159387,Williamsburg,200000,4
14992200,Upper East Side,200000,6
54950552,Kingsbridge,50000,3
51104335,Williamsburg,200000,4
7903981,Chelsea,80000,3
24480714,Williamsburg,200000,4
3778853,Financial District,40000,2
52656298,Midtown,250000,3
55614417,Rockaway Beach,60000,3
8539679,Astoria,250000,7
7031900,Bedford-Stuyvesant,180000,4
2182153,Harlem,250000,8
14841974,Hell's Kitchen,100000,3
21025525,Bayswater,120000,4
12844857,Sunset Park,250000,6
24021200,Harlem,250000,8
3068595,Williamsburg,200000,4
48278768,Harlem,250000,8
7082159,East Village,110000,3
3430904,Chinatown,100000,3
9075962,Hell's Kitchen,100000,3
21732469,East Flatbush,120000,5
51543966,Rego Park,150000,4
45949719,Forest Hills,180000,6
20923349,Bushwick,120000,4
17748729,Lower East Side,100000,3
13539651,Fort Greene,70000,3
5489878,Lower East Side,100000,3
4100291,Harlem,250000,8
53328447,East Village,110000,3
15543395,Williamsburg,200000,4
2842152,East Village,110000,3
53880195,Chinatown,100000,3
23684849,Harlem,250000,8
52158676,Lower East Side,100000,3
6627616,Washington Heights,170000,6
49053093,Midtown,250000,3
20807919,Soundview,120000,5
47637548,Bedford-Stuyvesant,180000,4
10303725,Hell's Kitchen,100000,3
3369046,Washington Heights,170000,6
55537095,SoHo,120000,4
5247971,Harlem,250000,8
13006129,Williamsburg,200000,4
18611422,Far Rockaway,250000,7
6055986,Astoria,250000,7
44837387,Greenpoint,30000,2
54191692,Williamsburg,200000,4
47782251,Upper East Side,200000,6
6125575,Flatbush,180000,5
2828344,East Village,110000,3
24781165,East Harlem,120000,5
4574165,East Harlem,120000,5
4701746,South Slope,100000,3
27215703,East Flatbush,120000,5
4824357,Bayside,120000,4
22879596,Williamsburg,200000,4
6669039,Boerum Hill,50000,2
21638026,Williamsburg,200000,4
43092671,Upper East Side,200000,6
43599683,Lower East Side,100000,3
1519393,Chinatown,100000,3
52259194,Hell's Kitchen,100000,3
12495804,Gowanus,40000,2
5702514,Tompkinsville,60000,3
57173008,Williamsburg,200000,4
19512223,Clason Point,80000,4
7111431,Midwood,180000,5
47113968,East Flatbush,120000,5
9574137,Chinatown,100000,3
13862746,East Elmhurst,100000,3
7915027,Brownsville,180000,7
5701409,Harlem,250000,8
19940808,Bedford-Stuyvesant,180000,4
19284675,East Village,110000,3
13775483,Upper East Side,200000,6
17312412,Williamsburg,200000,4
15933319,Woodside,150000,4
1717669,Upper West Side,210000,5
5435200,Williamsburg,200000,4
49633560,Midtown,250000,3
13673307,East Flatbush,120000,5
8271261,Midtown,250000,3
25482586,Bedford-Stuyvesant,180000,4
43559365,Astoria,250000,7
49837911,Theater District,120000,4
3355791,Upper West Side,210000,5
14739246,Park Slope,150000,5
16809267,Greenpoint,30000,2
47070336,Springfield Gardens,150000,5
1424950,Clinton Hill,50000,3
7036318,East Village,110000,3
54268462,Sheepshead Bay,100000,3
4686834,Astoria,250000,7
2033585,Clinton Hill,50000,3
7776400,East Harlem,120000,5
5117076,Bedford-Stuyvesant,180000,4
6030028,Upper West Side,210000,5
21329290,Bedford-Stuyvesant,180000,4
47686150,Sunnyside,120000,5
44728032,Upper East Side,200000,6
17226253,Upper West Side,210000,5
6454746,Bedford-Stuyvesant,180000,4
20601358,East Flatbush,120000,5
25496393,Murray Hill,60000,2
46252380,Bushwick,120000,4
5186113,Prospect-Lefferts Gardens,80000,4
54904711,Harlem,250000,8
2351710,Flatiron District,50000,2
18601480,Midtown,250000,3
18581045,Canarsie,120000,4
16651861,Washington Heights,170000,6
51000503,Williamsburg,200000,4
9006372,Williamsburg,200000,4
51426326,Hell's Kitchen,100000,3
13165744,Arrochar,15000,2
44172970,Harlem,250000,8
19060994,Bushwick,120000,4
55831471,Windsor Terrace,30000,2
8309922,Tribeca,100000,4
46560011,Harlem,250000,8
47011792,Upper West Side,210000,5
46027594,Williamsburg,200000,4
8822456,Bedford-Stuyvesant,180000,4
54612545,Jackson Heights,180000,5
50872921,Bedford-Stuyvesant,180000,4
51397054,Upper East Side,200000,6
21259700,Elmhurst,120000,5
22771897,South Slope,100000,3
20508572,East Flatbush,120000,5
44023297,Greenpoint,30000,2
27226749,West Village,100000,2
43052906,Harlem,250000,8
23756648,Ozone Park,150000,6
54803088,East New York,150000,5
5050247,Prospect Heights,90000,4
5474966,Washington Heights,170000,6
56773695,Williamsburg,200000,4
48520123,Hell's Kitchen,100000,3
8491629,Upper East Side,200000,6
9702823,Williamsburg,200000,4
15300935,Financial District,40000,2
3338117,Upper West Side,210000,5
9690672,Bedford-Stuyvesant,180000,4
50199115,Woodside,150000,4
5347937,Morningside Heights,150000,5
53620614,Bedford-Stuyvesant,180000,4
46483793,Flushing,200000,7
55407304,SoHo,120000,4
51540100,East Flatbush,120000,5
20478748,Clifton,30000,2
54095592,Arverne,40000,2
43547214,Williamsburg,200000,4
18565581,Brighton Beach,120000,5
5116523,Prospect-Lefferts Gardens,80000,4
16139327,Bushwick,120000,4
47116177,East New York,150000,5
12685243,East Flatbush,120000,5
22890642,St. George,150000,5
24022857,Bushwick,120000,4
6912603,Hell's Kitchen,100000,3
51943831,Bedford-Stuyvesant,180000,4
5610280,Williamsburg,200000,4
22722743,SoHo,120000,4
44652919,Glendale,80000,3
55020694,Bedford-Stuyvesant,180000,4
23282223,Upper East Side,200000,6
50105224,Harlem,250000,8
47780594,Upper East Side,200000,6
45899460,Elmhurst,120000,5
23449017,Ozone Park,150000,6
2569868,Port Richmond,30000,2
50423902,Lower East Side,100000,3
9934236,Financial District,40000,2
44764483,Harlem,250000,8
7002628,Hell's Kitchen,100000,3
26884876,Jackson Heights,180000,5
20616271,Ditmars Steinway,80000,4
19014048,East Village,110000,3
11169731,Chelsea,80000,3
1708832,Upper West Side,210000,5
4188659,Sunset Park,250000,6
53718371,Bedford-Stuyvesant,180000,4
19843051,Upper West Side,210000,5
23853301,Financial District,40000,2
48304174,Lower East Side,100000,3
48525646,Flatbush,180000,5
27729895,Cypress Hills,100000,4
51349004,Harlem,250000,8
10012663,Bedford-Stuyvesant,180000,4
17870787,Williamsburg,200000,4
23408147,East Flatbush,120000,5
19455336,Williamsburg,200000,4
11775604,St. Albans,70000,3
56760439,Chelsea,80000,3
1809903,Crown Heights,200000,5
5751116,Gowanus,40000,2
47493398,Longwood,120000,4
13068539,Park Slope,150000,5
24832529,East Harlem,120000,5
2870319,Chelsea,80000,3
18416460,Harlem,250000,8
46979206,Astoria,250000,7
25067256,Bedford-Stuyvesant,180000,4
18846149,Bedford-Stuyvesant,180000,4
25334017,Fordham,200000,7
53059477,Long Island City,180000,6
17205818,Bedford-Stuyvesant,180000,4
23379980,Williamsburg,200000,4
17800645,East New York,150000,5
48142903,Flushing,200000,7
20507467,Astoria,250000,7
19163722,Tribeca,100000,4
53210255,Bedford-Stuyvesant,180000,4
27199134,Tompkinsville,60000,3
22763613,Long Island City,180000,6
8963845,Chelsea,80000,3
54625248,Edenwald,100000,4
1479076,Upper West Side,210000,5
7172184,Washington Heights,170000,6
9182004,Hell's Kitchen,100000,3
21690494,Flatbush,180000,5
11443120,Midtown,250000,3
6496169,Williamsburg,200000,4
50349341,Carroll Gardens,40000,2
7098176,Upper East Side,200000,6
56513561,East Village,110000,3
54980929,Greenpoint,30000,2
1597820,Bedford-Stuyvesant,180000,4
7763145,East Village,110000,3
16712614,Bedford-Stuyvesant,180000,4
21483382,Bay Ridge,200000,5
14475247,Washington Heights,170000,6
19336039,Brighton Beach,120000,5
18806936,Bensonhurst,180000,5
55997713,Fort Greene,70000,3
14106310,East Flatbush,120000,5
11697178,Nolita,40000,2
48751537,Crown Heights,200000,5
1505034,Harlem,250000,8
4169881,Williamsburg,200000,4
3364628,Midtown,250000,3
19830900,Morris Park,180000,6
13085660,Jamaica,250000,7
7919998,Harlem,250000,8
48537245,Hell's Kitchen,100000,3
56784188,Upper East Side,200000,6
10510285,Midtown,250000,3
45872397,Midtown,250000,3
1989953,Chinatown,100000,3
53319058,Upper East Side,200000,6
8839578,East Village,110000,3
18335272,Murray Hill,60000,2
2229099,Harlem,250000,8
22855295,Maspeth,60000,3
45793418,Williamsburg,200000,4
15886373,Flushing,200000,7
10418051,Crown Heights,200000,5
45808883,East Harlem,120000,5
50072086,Crown Heights,200000,5
42959567,Forest Hills,180000,6
18362334,Harlem,250000,8
50120689,Woodhaven,100000,4
22325087,Elmhurst,120000,5
53330656,Flushing,200000,7
53015845,Williamsburg,200000,4
54704779,Williamsburg,200000,4
44730241,Jamaica,250000,7
44378978,Lower East Side,100000,3
20305326,Harlem,250000,8
2236279,East Flatbush,120000,5
44600450,Hell's Kitchen,100000,3
2058991,Clinton Hill,50000,3
51646694,Chelsea,80000,3
51298745,Chinatown,100000,3
18544593,Williamsburg,200000,4
20242916,Jamaica Estates,250000,7
11388994,Park Slope,150000,5
13069643,Upper West Side,210000,5
56258399,Lower East Side,100000,3
26610382,Crown Heights,200000,5
53218540,Ditmars Steinway,80000,4
50413960,Theater District,120000,4
48341731,Gowanus,40000,2
5181142,Crown Heights,200000,5
13710311,Bedford-Stuyvesant,180000,4
19133897,Brighton Beach,120000,5
17561499,Crown Heights,200000,5
6310596,Midtown,250000,3
11462450,Sunnyside,120000,5
54384445,Bedford-Stuyvesant,180000,4
24965081,East Village,110000,3
10245733,Harlem,250000,8
19732591,Long Island City,180000,6
46204330,East Village,110000,3
56004341,East Village,110000,3
10317532,Midtown,250000,3
2431241,Harlem,250000,8
3406603,Windsor Terrace,30000,2
6834176,Bushwick,120000,4
13919633,East Flatbush,120000,5
56801310,Cobble Hill,60000,2
21501055,Briarwood,80000,4
24793315,East Harlem,120000,5
3486686,Flatbush,180000,5
43269960,Flatbush,180000,5
8100048,Tribeca,100000,4
55791153,Washington Heights,170000,6
23145252,Lower East Side,100000,3
56062332,Midtown,250000,3
20754346,Bedford-Stuyvesant,180000,4
8549620,Upper West Side,210000,5
15605253,Belmont,120000,5
21036019,Maspeth,60000,3
25950384,Lower East Side,100000,3
3293933,Harlem,250000,8
44359095,Upper East Side,200000,6
2047945,West Village,100000,2
53044013,Harlem,250000,8
50587382,Clinton Hill,50000,3
54366771,Bedford-Stuyvesant,180000,4
11639186,Harlem,250000,8
1452013,Long Island City,180000,6
56643352,Williamsburg,200000,4
48546634,Long Island City,180000,6
49842330,Bedford-Stuyvesant,180000,4
57323233,Prospect-Lefferts Gardens,80000,4
51366125,Rego Park,150000,4
19725963,Bushwick,120000,4
51819564,Harlem,250000,8
9819358,Washington Heights,170000,6
56922263,East Harlem,120000,5
27094197,Bedford-Stuyvesant,180000,4
46547860,Greenwich Village,150000,3
5311485,Clinton Hill,50000,3
45861351,Lower East Side,100000,3
49832941,Hell's Kitchen,100000,3
8493838,East Village,110000,3
52768967,Crown Heights,200000,5
46016548,East Village,110000,3
9469752,Washington Heights,170000,6
11585613,Bushwick,120000,4
50716068,Brownsville,180000,7
5587635,Lower East Side,100000,3
48909495,Financial District,40000,2
44066929,Kensington,35000,2
5472757,Bedford-Stuyvesant,180000,4
27137829,Sunnyside,120000,5
46960981,East Harlem,120000,5
24517165,Park Slope,150000,5
23550088,West Village,100000,2
10936108,Crown Heights,200000,5
7505773,Bedford-Stuyvesant,180000,4
13632437,Williamsburg,200000,4
54463976,Elmhurst,120000,5
51135816,Upper West Side,210000,5
54896979,Harlem,250000,8
54776026,Little Italy,60000,2
19970080,Midtown,250000,3
8126006,East Village,110000,3
7655999,Astoria,250000,7
4927637,West Village,100000,2
44550743,East Harlem,120000,5
45184784,Greenpoint,30000,2
18368410,Bushwick,120000,4
54149165,Flatbush,180000,5
44731898,Bedford-Stuyvesant,180000,4
2234070,Gramercy,50000,2
18324226,Lower East Side,100000,3
48945947,Hell's Kitchen,100000,3
55336058,East Harlem,120000,5
8913586,Midtown,250000,3
5940003,East Harlem,120000,5
47194603,Hell's Kitchen,100000,3
50421692,Rosedale,150000,6
16413268,Park Slope,150000,5
23128131,Arrochar,15000,2
48681947,Prospect-Lefferts Gardens,80000,4
19991067,Harlem,250000,8
25819489,Midtown,250000,3
23841150,Harlem,250000,8
19619369,Jackson Heights,180000,5
10926167,Williamsburg,200000,4
5018214,Flushing,200000,7
19616608,East Village,110000,3
19280809,City Island,60000,2
2815089,Upper East Side,200000,6
15669872,Upper West Side,210000,5
13053074,Bedford-Stuyvesant,180000,4
6936904,Windsor Terrace,30000,2
53141770,Bushwick,120000,4
19151019,Bedford-Stuyvesant,180000,4
20964220,Bedford-Stuyvesant,180000,4
25770334,Theater District,120000,4
45667494,South Slope,100000,3
22291396,Midtown,250000,3
56888573,Park Slope,150000,5
54711959,Rockaway Beach,60000,3
11126100,West Village,100000,2
15986892,Red Hook,120000,5
21005090,Harlem,250000,8
20958144,East New York,150000,5
52216115,Long Island City,180000,6
48444458,Hell's Kitchen,100000,3
56284357,Williamsburg,200000,4
13492153,Harlem,250000,8
46639542,East New York,150000,5
45184231,Prospect Heights,90000,4
9524982,Astoria,250000,7
9351007,Upper West Side,210000,5
20942128,Hollis,200000,6
2138522,Upper West Side,210000,5
43443934,Hell's Kitchen,100000,3
23456749,Williamsburg,200000,4
18441865,Financial District,40000,2
9957433,Hell's Kitchen,100000,3
3884894,Lower East Side,100000,3
4024626,Flatlands,50000,3
14049424,West Village,100000,2
9225635,Elmhurst,120000,5
56255637,Lower East Side,100000,3
46900228,Flatlands,50000,3
25277683,Williamsburg,200000,4
4789562,Sunnyside,120000,5
46348480,Chelsea,80000,3
2509667,Williamsburg,200000,4
47760159,South Slope,100000,3
20045745,East New York,150000,5
44612049,Woodhaven,100000,4
18038686,University Heights,150000,6
3267423,South Slope,100000,3
1535410,Spuyten Duyvil,30000,2
54397700,West Village,100000,2
48540006,Hell's Kitchen,100000,3
9133954,Midtown,250000,3
17940377,Flatbush,180000,5
10996861,Greenpoint,30000,2
56399235,Harlem,250000,8
4356559,Flatbush,180000,5
56574867,Fordham,200000,7
46922872,Rosedale,150000,6
25871957,Chelsea,80000,3
48211940,East Elmhurst,100000,3
18209899,Battery Park City,50000,2
7127448,Harlem,250000,8
52313872,Richmond Hill,180000,5
50075400,Bedford-Stuyvesant,180000,4
17362119,Crown Heights,200000,5
57353057,Williamsburg,200000,4
24430454,Kew Gardens,120000,4
21733021,Chelsea,80000,3
5764371,Bedford-Stuyvesant,180000,4
14965137,West Village,100000,2
20207569,Kips Bay,50000,2
4061630,Greenwich Village,150000,3
53097586,Upper West Side,210000,5
7642191,Bushwick,120000,4
50660286,East Village,110000,3
45076533,South Slope,100000,3
22823814,Brooklyn Heights,100000,3
55206267,Hell's Kitchen,100000,3
44262443,Washington Heights,170000,6
5506447,Fort Greene,70000,3
22822157,Astoria,250000,7
53863626,Hell's Kitchen,100000,3
2484814,West Village,100000,2
12734397,Maspeth,60000,3
55812140,Crown Heights,200000,5
23825686,Hell's Kitchen,100000,3
9196363,Brighton Beach,120000,5
11762902,East Harlem,120000,5
26450215,Little Italy,60000,2
54763323,Ridgewood,100000,4
4169329,Crown Heights,200000,5
4531638,Park Slope,150000,5
6928067,Park Slope,150000,5
13170162,Upper West Side,210000,5
1092466,Upper East Side,200000,6
7707363,Bedford-Stuyvesant,180000,4
51403682,Greenpoint,30000,2
13063016,East Village,110000,3
11454166,Harlem,250000,8
56959267,Williamsburg,200000,4
11632559,St. Albans,70000,3
49773844,West Village,100000,2
4709478,Elmhurst,120000,5
14867932,Lower East Side,100000,3
23206558,Elmhurst,120000,5
18980910,Hell's Kitchen,100000,3
7558794,Bushwick,120000,4
18699237,Bedford-Stuyvesant,180000,4
47492293,Gramercy,50000,2
42892186,East Harlem,120000,5
49414297,Prospect-Lefferts Gardens,80000,4
15013187,Elmhurst,120000,5
56234650,Bedford-Stuyvesant,180000,4
5491535,Bedford-Stuyvesant,180000,4
48219672,Bushwick,120000,4
52736382,Two Bridges,40000,2
4642650,Prospect Heights,90000,4
55913211,Prospect Heights,90000,4
52462441,East Harlem,120000,5
2370488,Harlem,250000,8
47491741,Bedford-Stuyvesant,180000,4
44536384,Upper West Side,210000,5
11119472,Prospect-Lefferts Gardens,80000,4
53717819,Upper West Side,210000,5
55318936,Fort Greene,70000,3
46941650,Boerum Hill,50000,2
11533145,Williamsburg,200000,4
26949495,Midtown,250000,3
24227208,Bedford-Stuyvesant,180000,4
8847862,East Flatbush,120000,5
23380532,Harlem,250000,8
7769773,Harlem,250000,8
54369533,Bushwick,120000,4
48889060,Williamsburg,200000,4
5294916,Williamsburg,200000,4
16475677,Upper West Side,210000,5
1530439,Graniteville,15000,2
51990777,Fordham,200000,7
20253409,Lower East Side,100000,3
13113275,Flatiron District,50000,2
26779939,Canarsie,120000,4
20181058,Flushing,200000,7
8525871,Prospect Heights,90000,4
20210882,Fort Greene,70000,3
21844586,Bushwick,120000,4
26835721,Hell's Kitchen,100000,3
5026498,Hell's Kitchen,100000,3
47176930,Belmont,120000,5
47962300,Crown Heights,200000,5
48854265,Bedford-Stuyvesant,180000,4
45529971,Prospect Heights,90000,4
19096893,Hell's Kitchen,100000,3
51342929,Rosedale,150000,6
53774706,Morrisania,100000,4
20207016,Prospect-Lefferts Gardens,80000,4
5342414,Sunset Park,250000,6
24626521,Mount Hope,80000,4
21545239,Bushwick,120000,4
25568745,Hell's Kitchen,100000,3
48653780,Washington Heights,170000,6
14491816,Crown Heights,200000,5
9391878,Lower East Side,100000,3
27004725,Williamsburg,200000,4
48770315,Bushwick,120000,4
19427721,Ditmars Steinway,80000,4
9606722,Crown Heights,200000,5
3661213,Williamsburg,200000,4
25076093,Williamsburg,200000,4
50484655,Harlem,250000,8
27233929,Clinton Hill,50000,3
6324956,Sunset Park,250000,6
53509602,Bedford-Stuyvesant,180000,4
16633083,Greenpoint,30000,2
43657122,Chelsea,80000,3
6760720,Carroll Gardens,40000,2
43225776,Upper West Side,210000,5
25115859,Bushwick,120000,4
8773854,Chelsea,80000,3
43061190,Williamsburg,200000,4
26423153,Harlem,250000,8
10139140,Bedford-Stuyvesant,180000,4
46094974,East Harlem,120000,5
5607518,Murray Hill,60000,2
25064495,Chelsea,80000,3
2949298,Bushwick,120000,4
43258914,Carroll Gardens,40000,2
21603231,Gowanus,40000,2
13584939,Hell's Kitchen,100000,3
22008067,DUMBO,30000,1
43623432,Hell's Kitchen,100000,3
24802705,Williamsburg,200000,4
17868578,Lower East Side,100000,3
17083760,Jamaica,250000,7
3090135,Greenwich Village,150000,3
27328925,Crown Heights,200000,5
3865564,Upper East Side,200000,6
27191402,Chelsea,80000,3
5054666,South Slope,100000,3
26203337,Bedford-Stuyvesant,180000,4
45409570,Flatbush,180000,5
4694014,Midtown,250000,3
17121868,Clinton Hill,50000,3
49028792,Bedford-Stuyvesant,180000,4
6181910,Carroll Gardens,40000,2
5663853,Williamsburg,200000,4
7423480,East Harlem,120000,5
20345091,Hell's Kitchen,100000,3
43840486,Harlem,250000,8
12733293,Bay Ridge,200000,5
10006588,Hell's Kitchen,100000,3
51076168,Schuylerville,60000,3
8729118,Hell's Kitchen,100000,3
48299203,Williamsburg,200000,4
5889743,Greenpoint,30000,2
44088468,Lower East Side,100000,3
6339868,Harlem,250000,8
2244563,Midtown,250000,3
13301057,Bensonhurst,180000,5
21965539,Upper East Side,200000,6
24816512,Williamsburg,200000,4
8388901,Greenpoint,30000,2
51980283,Bedford-Stuyvesant,180000,4
51228050,Chinatown,100000,3
48699621,Roosevelt Island,15000,2
9553149,Hell's Kitchen,100000,3
17624461,Bedford-Stuyvesant,180000,4
19706080,Elmhurst,120000,5
16499979,SoHo,120000,4
7235146,Carroll Gardens,40000,2
56827820,Bushwick,120000,4
8447445,Chelsea,80000,3
7709572,Williamsburg,200000,4
5455083,Long Island City,180000,6
54427524,Crown Heights,200000,5
18458434,Upper West Side,210000,5
53178774,Washington Heights,170000,6
55222836,Bedford-Stuyvesant,180000,4
5255151,Williamsburg,200000,4
9047795,Prospect-Lefferts Gardens,80000,4
12523971,Far Rockaway,250000,7
19508909,East Village,110000,3
25061181,Upper West Side,210000,5
16894321,Williamsburg,200000,4
21166361,Mott Haven,80000,3
6483466,Little Italy,60000,2
7743814,Upper West Side,210000,5
46338538,Lower East Side,100000,3
23219813,Crown Heights,200000,5
24910955,Windsor Terrace,30000,2
48354986,Bedford-Stuyvesant,180000,4
23756096,Rego Park,150000,4
55838651,Prospect-Lefferts Gardens,80000,4
15813470,Harlem,250000,8
3292829,Midtown,250000,3
3181816,Greenpoint,30000,2
18273966,Gowanus,40000,2
55044443,Flatbush,180000,5
53415158,Ridgewood,100000,4
43281558,Fort Hamilton,100000,4
20922245,Bedford-Stuyvesant,180000,4
25294252,West Village,100000,2
11756274,Bedford-Stuyvesant,180000,4
53454924,Nolita,40000,2
7964734,Upper West Side,210000,5
21885456,Park Slope,150000,5
3839053,Upper East Side,200000,6
18265129,Arverne,40000,2
21343097,Bushwick,120000,4
18990299,Long Island City,180000,6
24806018,Lower East Side,100000,3
2606872,Shore Acres,30000,2
14554778,East Flatbush,120000,5
23167897,Midtown,250000,3
24273049,Greenpoint,30000,2
52120567,Canarsie,120000,4
1599477,East Village,110000,3
48036861,South Slope,100000,3
2025300,Williamsburg,200000,4
26417630,Hell's Kitchen,100000,3
19406734,West Brighton,150000,5
51662158,Bedford-Stuyvesant,180000,4
2935491,Williamsburg,200000,4
25374887,Washington Heights,170000,6
24982754,East Village,110000,3
48141798,East Village,110000,3
27050566,Bedford-Stuyvesant,180000,4
20263351,Bedford-Stuyvesant,180000,4
1513318,Sunset Park,250000,6
44383949,East Flatbush,120000,5
18960475,Bedford-Stuyvesant,180000,4
9306271,Crown Heights,200000,5
19331621,East Village,110000,3
51013206,Fieldston,50000,3
19599486,Lower East Side,100000,3
48913913,Chelsea,80000,3
1903242,Inwood,60000,2
11154267,East Village,110000,3
53723342,Upper West Side,210000,5
57187367,Far Rockaway,250000,7
10648912,Arverne,40000,2
14373624,East Harlem,120000,5
51846074,Middle Village,120000,5
47612695,Bedford-Stuyvesant,180000,4
22634375,Bedford-Stuyvesant,180000,4
7263313,Bushwick,120000,4
49609811,Bedford-Stuyvesant,180000,4
13526948,Financial District,40000,2
24576814,Chinatown,100000,3
23547327,Astoria,250000,7
24132765,Sunset Park,250000,6
8148098,Upper West Side,210000,5
6292922,Bedford-Stuyvesant,180000,4
8014441,Greenpoint,30000,2
5844455,Boerum Hill,50000,2
20794111,SoHo,120000,4
15288785,Arverne,40000,2
2379325,Bedford-Stuyvesant,180000,4
3885447,Midtown,250000,3
11166418,Flushing,200000,7
2141283,East Village,110000,3
16147611,Upper West Side,210000,5
3834635,West Village,100000,2
50127869,Midtown,250000,3
49840673,Lower East Side,100000,3
46755525,East Harlem,120000,5
47021734,Forest Hills,180000,6
5061293,Flushing,200000,7
16265251,Tribeca,100000,4
15902942,Belmont,120000,5
8873268,Lower East Side,100000,3
51733957,Bushwick,120000,4
23214290,Bushwick,120000,4
2684746,Crown Heights,200000,5
18000025,Williamsburg,200000,4
53710087,Upper West Side,210000,5
18587120,East Elmhurst,100000,3
43949841,East Village,110000,3
13384454,Bushwick,120000,4
5312590,West Village,100000,2
53975191,Inwood,60000,2
23896933,Financial District,40000,2
4109680,Bushwick,120000,4
25667606,Harlem,250000,8
46970370,Chinatown,100000,3
4226216,Hell's Kitchen,100000,3
4707269,Upper East Side,200000,6
10308696,Hell's Kitchen,100000,3
11245396,Harlem,250000,8
42918145,SoHo,120000,4
55107958,Elmhurst,120000,5
22357672,Bedford-Stuyvesant,180000,4
9098606,Morningside Heights,150000,5
43327399,Bedford-Stuyvesant,180000,4
20888554,Ridgewood,100000,4
20292623,Harlem,250000,8
17025768,Bedford-Stuyvesant,180000,4
14197440,West Village,100000,2
49662280,Throgs Neck,100000,4
7466560,Harlem,250000,8
8925184,East Village,110000,3
52753503,Hell's Kitchen,100000,3
1339344,East Harlem,120000,5
18925680,Boerum Hill,50000,2
13199434,Bayside,120000,4
8028801,Harlem,250000,8
6529307,Clinton Hill,50000,3
55083104,Woodside,150000,4
5391569,Harlem,250000,8
49129310,Upper East Side,200000,6
19026199,Hell's Kitchen,100000,3
6011249,Boerum Hill,50000,2
55163740,Brooklyn Heights,100000,3
54531357,Bedford-Stuyvesant,180000,4
13072405,Windsor Terrace,30000,2
18286117,Harlem,250000,8
43996234,Bedford-Stuyvesant,180000,4
8597118,Upper West Side,210000,5
1174206,Williamsburg,200000,4
50855248,Lower East Side,100000,3
20035803,Canarsie,120000,4
15308668,Bedford-Stuyvesant,180000,4
17616177,Maspeth,60000,3
1675142,Clinton Hill,50000,3
3544125,Washington Heights,170000,6
16192900,Bedford-Stuyvesant,180000,4
45396315,Rego Park,150000,4
56323018,Concord,60000,3
20340673,Midtown,250000,3
5502029,Washington Heights,170000,6
26484458,Hell's Kitchen,100000,3
11359170,Upper East Side,200000,6
44548534,Crown Heights,200000,5
49890380,Crown Heights,200000,5
16150925,Upper West Side,210000,5
2827792,East Village,110000,3
45921552,Bedford-Stuyvesant,180000,4
52276868,East Village,110000,3
21093458,Upper East Side,200000,6
13374513,Washington Heights,170000,6
53927140,SoHo,120000,4
50884520,Upper West Side,210000,5
18887572,Canarsie,120000,4
21417106,Midtown,250000,3
24979993,Financial District,40000,2
20310296,Bay Ridge,200000,5
19979469,East Village,110000,3
19319470,Bedford-Stuyvesant,180000,4
44503798,Cobble Hill,60000,2
23869870,Financial District,40000,2
2567107,Upper East Side,200000,6
9963508,Midtown,250000,3
48467103,Clinton Hill,50000,3
48944290,Fort Greene,70000,3
12834364,Upper East Side,200000,6
8200567,Washington Heights,170000,6
53052297,Upper West Side,210000,5
14177557,Chelsea,80000,3
54770503,Red Hook,120000,5
46267844,Bedford-Stuyvesant,180000,4
5321427,Greenpoint,30000,2
5041963,Astoria,250000,7
17245584,Bedford-Stuyvesant,180000,4
49521996,Chelsea,80000,3
13911901,East Flatbush,120000,5
14333858,Williamsburg,200000,4
20301460,Bayside,120000,4
2653818,Williamsburg,200000,4
3031591,Harlem,250000,8
25556594,Cypress Hills,100000,4
50872369,Clinton Hill,50000,3
45149437,Ditmars Steinway,80000,4
5344623,East Village,110000,3
2471006,Washington Heights,170000,6
48227404,Bedford-Stuyvesant,180000,4
18236962,Greenpoint,30000,2
3368494,Greenwich Village,150000,3
55700576,Flatlands,50000,3
4925428,Greenwich Village,150000,3
21699883,Bedford-Stuyvesant,180000,4
19322784,East Harlem,120000,5
2190990,Upper West Side,210000,5
13042581,Downtown Brooklyn,150000,5
11779471,Williamsburg,200000,4
45834289,Lower East Side,100000,3
7951479,Williamsburg,200000,4
51372201,Fordham,200000,7
15056266,Ozone Park,150000,6
20533426,East Flatbush,120000,5
17410169,East Flatbush,120000,5
4713344,East Village,110000,3
43204788,Maspeth,60000,3
48701278,Bedford-Stuyvesant,180000,4
15366659,Bedford-Stuyvesant,180000,4
43062847,Red Hook,120000,5
9731542,Harlem,250000,8
46336882,Lower East Side,100000,3
24901014,Bensonhurst,180000,5
6734762,Fort Greene,70000,3
21441407,Williamsburg,200000,4
15265588,Lower East Side,100000,3
47608828,Marble Hill,30000,2
46954905,Harlem,250000,8
5631819,Bushwick,120000,4
45473084,Borough Park,250000,6
12230700,Jackson Heights,180000,5
15471044,Long Island City,180000,6
48302517,Morningside Heights,150000,5
19968423,Midtown,250000,3
53997835,Bushwick,120000,4
45875711,East Harlem,120000,5
26206651,Midtown,250000,3
22883462,Crown Heights,200000,5
55896090,Nolita,40000,2
3807572,Williamsburg,200000,4
55635957,Far Rockaway,250000,7
48332341,Upper East Side,200000,6
5732338,West Village,100000,2
23896380,Financial District,40000,2
51958743,Midtown,250000,3
1832548,Ridgewood,100000,4
16955626,Ridgewood,100000,4
27830413,Midtown,250000,3
16637501,East Flatbush,120000,5
3331490,Flushing,200000,7
14944702,Fresh Meadows,120000,4
16450272,Murray Hill,60000,2
20414129,Crown Heights,200000,5
20315819,Elmhurst,120000,5
22312384,South Slope,100000,3
45148332,Williamsburg,200000,4
50654763,Bergen Beach,120000,4
18255740,Upper East Side,200000,6
15712951,Fort Hamilton,100000,4
46271710,Chinatown,100000,3
21921908,Woodhaven,100000,4
26242551,Sunnyside,120000,5
44454643,Chelsea,80000,3
43471549,Park Slope,150000,5
4586868,Bedford-Stuyvesant,180000,4
54093383,Williamsburg,200000,4
57140422,Sheepshead Bay,100000,3
9346037,Bedford-Stuyvesant,180000,4
54787624,Bedford-Stuyvesant,180000,4
45122926,Hell's Kitchen,100000,3
3837949,Brownsville,180000,7
50239433,Bedford-Stuyvesant,180000,4
3655138,Brownsville,180000,7
51596434,Midtown,250000,3
45046709,Bushwick,120000,4
20193209,Jackson Heights,180000,5
7401388,Upper West Side,210000,5
6501139,Harlem,250000,8
48579772,Hell's Kitchen,100000,3
53541083,Williamsburg,200000,4
1797200,Nolita,40000,2
17142856,Bushwick,120000,4
10535139,Maspeth,60000,3
15073940,Harlem,250000,8
8329252,Park Slope,150000,5
43040755,East Harlem,120000,5
13306580,Rego Park,150000,4
2181601,Fort Greene,70000,3
55923705,Morningside Heights,150000,5
18882601,Corona,200000,6
2466036,SoHo,120000,4
8257453,Crown Heights,200000,5
11563521,Midtown,250000,3
52475144,Bedford-Stuyvesant,180000,4
12309679,Clinton Hill,50000,3
26124911,Midtown,250000,3
13433609,West Village,100000,2
25099290,Springfield Gardens,150000,5
51599196,Astoria,250000,7
45100834,Greenpoint,30000,2
11495036,St. Albans,70000,3
51554460,Long Island City,180000,6
22521153,Concourse,80000,4
45313470,Hell's Kitchen,100000,3
5717978,Williamsburg,200000,4
24326070,Upper East Side,200000,6
3269080,Lower East Side,100000,3
4958013,East New York,150000,5
2029719,Bedford-Stuyvesant,180000,4
1278038,Greenpoint,30000,2
43986845,Rosedale,150000,6
44279564,Windsor Terrace,30000,2
3026620,Lower East Side,100000,3
48058401,Brownsville,180000,7
22496300,Williamsburg,200000,4
54938954,Flushing,200000,7
2303659,Ditmars Steinway,80000,4
4778516,Long Island City,180000,6
54404880,Williamsburg,200000,4
11771186,East Village,110000,3
3673916,Washington Heights,170000,6
13808621,Gramercy,50000,2
52293989,Crown Heights,200000,5
25848208,Upper East Side,200000,6
45325068,Downtown Brooklyn,150000,5
4883453,Bushwick,120000,4
3634702,Lower East Side,100000,3
3650719,Boerum Hill,50000,2
7334560,Harlem,250000,8
4134534,Bedford-Stuyvesant,180000,4
48889612,Greenpoint,30000,2
9534371,Financial District,40000,2
48467655,Williamsburg,200000,4
16187929,Midtown,250000,3
22753672,Fort Greene,70000,3
6786126,Prospect Heights,90000,4
47236578,Howard Beach,80000,4
13154145,Long Island City,180000,6
17465951,Bedford-Stuyvesant,180000,4
51081691,Chinatown,100000,3
9484664,Harlem,250000,8
10106002,East Flatbush,120000,5
50338295,St. Albans,70000,3
49309360,Hell's Kitchen,100000,3
51768752,Bushwick,120000,4
24471325,Chinatown,100000,3
7901772,West Village,100000,2
25230185,Washington Heights,170000,6
17249450,Battery Park City,50000,2
44069690,Midtown,250000,3
2443391,Cypress Hills,100000,4
13191702,Bedford-Stuyvesant,180000,4
51847731,West Village,100000,2
25951489,Long Island City,180000,6
17029634,Greenpoint,30000,2
16938505,Hell's Kitchen,100000,3
4206333,South Slope,100000,3
13436923,Bushwick,120000,4
44208317,Midtown,250000,3
50346580,Bedford-Stuyvesant,180000,4
53323477,Brighton Beach,120000,5
50666914,Concord,60000,3
47449766,Washington Heights,170000,6
45045052,Woodside,150000,4
8076299,Lower East Side,100000,3
10895238,Sheepshead Bay,100000,3
47574034,West Village,100000,2
19124508,Chinatown,100000,3
55596743,East New York,150000,5
46671023,Long Island City,180000,6
16815894,East New York,150000,5
11687236,Carroll Gardens,40000,2
26183455,Gravesend,200000,6
22203028,Upper East Side,200000,6
49353544,Harlem,250000,8
53416815,Harlem,250000,8
11386233,West Village,100000,2
11442015,Crown Heights,200000,5
6508872,Sunnyside,120000,5
9226740,Upper West Side,210000,5
53654857,Jamaica,250000,7
53314640,Kips Bay,50000,2
49697627,Maspeth,60000,3
47620979,Harlem,250000,8
54671089,Chelsea,80000,3
25414653,Bedford-Stuyvesant,180000,4
2124714,Greenpoint,30000,2
3003424,Clinton Hill,50000,3
44892617,East Harlem,120000,5
1128365,Ridgewood,100000,4
17503508,Gowanus,40000,2
3409364,Crown Heights,200000,5
50510613,East Harlem,120000,5
20378782,Woodside,150000,4
16978270,Williamsburg,200000,4
46893600,Harlem,250000,8
8666708,Concord,60000,3
47774518,Murray Hill,60000,2
45872950,Chelsea,80000,3
43409692,Harlem,250000,8
16440883,Far Rockaway,250000,7
18319255,Washington Heights,170000,6
24942436,Washington Heights,170000,6
7007046,Bedford-Stuyvesant,180000,4
47527088,Upper West Side,210000,5
48061714,Bedford-Stuyvesant,180000,4
26667822,Astoria,250000,7
55633747,Long Island City,180000,6
50247166,Williamsburg,200000,4
20410263,South Slope,100000,3
4098634,Chinatown,100000,3
54269566,Navy Yard,100000,3
45158826,Crown Heights,200000,5
2900143,Bushwick,120000,4
7798492,Hell's Kitchen,100000,3
21305541,Bedford-Stuyvesant,180000,4
21108922,SoHo,120000,4
2075560,Williamsburg,200000,4
52130509,Bushwick,120000,4
46173401,Bensonhurst,180000,5
11871705,Chelsea,80000,3
47711556,Bedford-Stuyvesant,180000,4
57342011,Upper East Side,200000,6
24438187,Ditmars Steinway,80000,4
52619846,Greenwich Village,150000,3
56682565,Fieldston,50000,3
47909280,Chelsea,80000,3
11187957,East Harlem,120000,5
1729267,Upper West Side,210000,5
2092129,Harlem,250000,8
46458388,Bedford-Stuyvesant,180000,4
56339587,Midtown,250000,3
3609297,Sunnyside,120000,5
15907361,Prospect-Lefferts Gardens,80000,4
13795918,Harlem,250000,8
19105730,Hell's Kitchen,100000,3
25799054,Theater District,120000,4
43295365,Murray Hill,60000,2
23167344,Bensonhurst,180000,5
9612245,Ridgewood,100000,4
9283627,Astoria,250000,7
19793344,Chelsea,80000,3
13676069,Hell's Kitchen,100000,3
22556500,Bedford-Stuyvesant,180000,4
16852346,Fort Greene,70000,3
47764577,East Harlem,120000,5
4183689,Midwood,180000,5
43293156,Williamsburg,200000,4
3762836,St. Albans,70000,3
17575859,East Elmhurst,100000,3
20747166,Harlem,250000,8
4008610,Battery Park City,50000,2
46509199,Upper East Side,200000,6
1501720,Flatbush,180000,5
2399207,Kensington,35000,2
6856821,Lower East Side,100000,3
3303875,Harlem,250000,8
16878856,Rego Park,150000,4
20552756,Upper West Side,210000,5
5373895,Upper West Side,210000,5
52153153,Norwood,100000,4
23903560,Financial District,40000,2
47522117,Prospect Heights,90000,4
43442277,Chelsea,80000,3
4846449,Prospect Heights,90000,4
53008113,West Village,100000,2
48289814,Midtown,250000,3
27141143,Williamsburg,200000,4
14914878,Woodhaven,100000,4
47224980,Flushing,200000,7
17637717,Midtown,250000,3
43180487,Jamaica,250000,7
24188547,Harlem,250000,8
49145327,Nolita,40000,2
26963854,Flushing,200000,7
45364834,East Harlem,120000,5
56738900,Washington Heights,170000,6
44851747,Tribeca,100000,4
12882966,Chelsea,80000,3
53489719,Bedford-Stuyvesant,180000,4
5578798,East Village,110000,3
9175928,Astoria,250000,7
10863757,Crown Heights,200000,5
26156944,Hell's Kitchen,100000,3
23579360,Chinatown,100000,3
17989532,Harlem,250000,8
57219401,Harlem,250000,8
18059122,Sunset Park,250000,6
13203852,Ridgewood,100000,4
16977166,Williamsburg,200000,4
23851092,Bedford-Stuyvesant,180000,4
5986948,Flatbush,180000,5
2468245,Bedford-Stuyvesant,180000,4
15680365,Upper East Side,200000,6
43654360,Crown Heights,200000,5
17803959,Bedford-Stuyvesant,180000,4
5661643,Chelsea,80000,3
26339755,Chelsea,80000,3
4164910,Williamsburg,200000,4
1739209,Greenpoint,30000,2
12348892,Bedford-Stuyvesant,180000,4
7538359,Fort Greene,70000,3
10899657,Crown Heights,200000,5
7729455,Sunnyside,120000,5
15261722,Murray Hill,60000,2
48098166,Inwood,60000,2
2404730,Clinton Hill,50000,3
56553327,Williamsburg,200000,4
46050238,Gowanus,40000,2
11950131,Hell's Kitchen,100000,3
21241474,Bushwick,120000,4
55576308,Crown Heights,200000,5
19265345,Harlem,250000,8
6287399,Williamsburg,200000,4
2103727,Williamsburg,200000,4
53813919,East Flatbush,120000,5
47621531,Midtown,250000,3
13788186,Crown Heights,200000,5
9106339,Fort Hamilton,100000,4
50260421,Flushing,200000,7
55450384,Greenpoint,30000,2
43632268,Williamsburg,200000,4
12970782,Upper East Side,200000,6
2032480,Gramercy,50000,2
3415439,Chelsea,80000,3
7491966,East Village,110000,3
53783542,Hell's Kitchen,100000,3
52901519,Chelsea,80000,3
44032134,Chelsea,80000,3
19367520,Long Island City,180000,6
49517577,Chelsea,80000,3
22200267,East Harlem,120000,5
5474414,Williamsburg,200000,4
52968900,Bedford-Stuyvesant,180000,4
5302648,Crown Heights,200000,5
51224737,Bedford-Stuyvesant,180000,4
7395865,Park Slope,150000,5
15192132,Fort Greene,70000,3
18129264,Ditmars Steinway,80000,4
51751078,Chelsea,80000,3
56500306,Ridgewood,100000,4
52990440,Greenpoint,30000,2
15603596,Norwood,100000,4
5468338,Flatbush,180000,5
18087289,East Harlem,120000,5
47228294,Harlem,250000,8
9179794,Harlem,250000,8
47989363,East Harlem,120000,5
56532340,Bushwick,120000,4
52198441,East Flatbush,120000,5
19320575,Upper East Side,200000,6
47997648,Williamsburg,200000,4
52848499,Upper West Side,210000,5
26367370,Crown Heights,200000,5
12486415,Long Island City,180000,6
25464360,Hell's Kitchen,100000,3
2500831,Harlem,250000,8
19954063,Rockaway Beach,60000,3
47603305,Gowanus,40000,2
56718465,Long Island City,180000,6
48547186,Manhattan Beach,100000,4
55584593,Flatbush,180000,5
15812917,Bellerose,100000,3
9875140,Williamsburg,200000,4
42898262,Bushwick,120000,4
46068464,Carroll Gardens,40000,2
54865498,South Ozone Park,150000,6
14131164,Ridgewood,100000,4
50965156,Chelsea,80000,3
3360762,Harlem,250000,8
24296798,East Village,110000,3
4026283,East Village,110000,3
16372950,Bedford-Stuyvesant,180000,4
55296292,Lower East Side,100000,3
1355360,Clinton Hill,50000,3
56827268,Bedford-Stuyvesant,180000,4
6878913,East Village,110000,3
43965858,Concourse,80000,4
52842976,Bedford-Stuyvesant,180000,4
7664283,Sunset Park,250000,6
24353132,Upper East Side,200000,6
55790601,South Slope,100000,3
44401622,Bedford-Stuyvesant,180000,4
3156963,Carroll Gardens,40000,2
10367239,Upper East Side,200000,6
45953033,Upper West Side,210000,5
13245827,Harlem,250000,8
48936558,Bedford-Stuyvesant,180000,4
43081625,Harlem,250000,8
6633139,Clinton Hill,50000,3
3101181,Murray Hill,60000,2
49056959,Upper East Side,200000,6
53008666,Bedford-Stuyvesant,180000,4
15870357,Cobble Hill,60000,2
55333849,Chelsea,80000,3
16122205,Harlem,250000,8
14754711,Brooklyn Heights,100000,3
7052335,Bushwick,120000,4
3539707,Murray Hill,60000,2
18457882,Crown Heights,200000,5
3686619,Eltingville,60000,3
57209459,East Flatbush,120000,5
5354565,Theater District,120000,4
49275118,Midwood,180000,5
45223445,Harlem,250000,8
21165809,Morningside Heights,150000,5
2580914,Williamsburg,200000,4
19612741,Bedford-Stuyvesant,180000,4
3169666,Upper West Side,210000,5
47824778,East Harlem,120000,5
14414494,Little Italy,60000,2
44549086,East Flatbush,120000,5
23969284,West Village,100000,2
47386804,East New York,150000,5
20388723,Bushwick,120000,4
3288963,Williamsburg,200000,4
4982867,Fort Greene,70000,3
5288841,Williamsburg,200000,4
9881215,Astoria,250000,7
9874588,Upper East Side,200000,6
21492218,Harlem,250000,8
7033004,Bellerose,100000,3
1906556,Harlem,250000,8
44147012,Bushwick,120000,4
2414119,Williamsburg,200000,4
51667129,Upper East Side,200000,6
22807797,Flatlands,50000,3
55295740,Astoria,250000,7
22774107,Midtown,250000,3
49129863,Bedford-Stuyvesant,180000,4
26745696,Hell's Kitchen,100000,3
7105908,Lower East Side,100000,3
11667906,Harlem,250000,8
11314434,Jamaica,250000,7
7924969,Crown Heights,200000,5
2917265,Bushwick,120000,4
56163955,Jackson Heights,180000,5
49745125,Bedford-Stuyvesant,180000,4
7881337,Midtown,250000,3
2972495,Bedford-Stuyvesant,180000,4
2514086,Clinton Hill,50000,3
53027444,Bedford-Stuyvesant,180000,4
23502590,Chelsea,80000,3
3592175,Fort Greene,70000,3
13240304,Bedford-Stuyvesant,180000,4
7363280,Prospect-Lefferts Gardens,80000,4
49948924,West Village,100000,2
5874831,Fort Greene,70000,3
49406013,Harlem,250000,8
13256321,Coney Island,200000,6
17496328,Astoria,250000,7
50194697,Long Island City,180000,6
55756358,Midtown,250000,3
53625585,Pelham Gardens,150000,5
47655222,Bushwick,120000,4
27421711,Upper East Side,200000,6
24604429,Pelham Bay,200000,7
47405030,Crown Heights,200000,5
49781577,Tottenville,40000,2
14510042,Lower East Side,100000,3
3971053,Prospect-Lefferts Gardens,80000,4
45574708,Bushwick,120000,4
3127691,Williamsburg,200000,4
45304633,Bushwick,120000,4
5011586,DUMBO,30000,1
20208121,Bedford-Stuyvesant,180000,4
11939638,Bedford-Stuyvesant,180000,4
6571834,Arverne,40000,2
4274818,Williamsburg,200000,4
22497957,Bedford-Stuyvesant,180000,4
7916132,Bedford-Stuyvesant,180000,4
1317252,Emerson Hill,30000,2
1544247,Briarwood,80000,4
54851138,Bedford-Stuyvesant,180000,4
5516389,Cobble Hill,60000,2
51556669,Upper West Side,210000,5
49015537,Williamsburg,200000,4
6506662,Astoria,250000,7
6463583,Upper West Side,210000,5
3137080,Bedford-Stuyvesant,180000,4
44649605,Bushwick,120000,4
44660099,Chelsea,80000,3
23080081,Bedford-Stuyvesant,180000,4
8498809,Upper West Side,210000,5
23048047,Hell's Kitchen,100000,3
53147845,Westchester Square,200000,6
50729876,Harlem,250000,8
10070102,Bushwick,120000,4
2128580,Park Slope,150000,5
7288719,Harlem,250000,8
25055106,Corona,200000,6
2457199,Bedford-Stuyvesant,180000,4
19216190,Bushwick,120000,4
11577329,Harlem,250000,8
18160745,Harlem,250000,8
53448849,Flushing,200000,7
19307872,West Village,100000,2
21900368,Harlem,250000,8
1099645,Harlem,250000,8
47160913,Upper West Side,210000,5
2100413,Kensington,35000,2
21267432,Lower East Side,100000,3
6290713,Bushwick,120000,4
7047364,Lower East Side,100000,3
19922029,East Harlem,120000,5
6493407,Williamsburg,200000,4
51880869,Harlem,250000,8
49928488,Midtown,250000,3
54748963,Harlem,250000,8
8008366,Crown Heights,200000,5
9164330,Crown Heights,200000,5
20173878,Bushwick,120000,4
19650298,Flushing,200000,7
19635386,Bedford-Stuyvesant,180000,4
18672727,Great Kills,180000,6
21996468,East Village,110000,3
20175535,Hell's Kitchen,100000,3
7457171,Bedford-Stuyvesant,180000,4
54148613,Crown Heights,200000,5
14856334,Cypress Hills,100000,4
45232282,Bedford-Stuyvesant,180000,4
7641087,Lower East Side,100000,3
44080184,Bedford-Stuyvesant,180000,4
22322878,Harlem,250000,8
50201325,Harlem,250000,8
9504547,Flatbush,180000,5
48163338,Prospect Heights,90000,4
52936867,East Village,110000,3
7799597,Williamsburg,200000,4
47998200,Kensington,35000,2
2018120,Bedford-Stuyvesant,180000,4
15177220,East Flatbush,120000,5
26357429,Upper West Side,210000,5
12610130,Hell's Kitchen,100000,3
4560357,Gramercy,50000,2
47781698,South Slope,100000,3
50505090,Prospect-Lefferts Gardens,80000,4
25994568,Clinton Hill,50000,3
12585276,Bushwick,120000,4
13036505,Astoria,250000,7
8911929,Williamsbridge,80000,4
18050285,South Ozone Park,150000,6
10340177,Hell's Kitchen,100000,3
7305288,Midtown,250000,3
6116739,Greenwich Village,150000,3
53722789,Harlem,250000,8
4687939,Midtown,250000,3
5441276,Williamsburg,200000,4
18863823,Upper East Side,200000,6
1440967,Hell's Kitchen,100000,3
20996253,East Elmhurst,100000,3
18243037,Harlem,250000,8
26672792,East Elmhurst,100000,3
18154117,Kips Bay,50000,2
47172511,Financial District,40000,2
8862222,Columbia St,50000,2
25351691,East New York,150000,5
49824104,East Flatbush,120000,5
8990356,Harlem,250000,8
54509817,Williamsburg,200000,4
56091604,Little Italy,60000,2
3397766,Upper West Side,210000,5
5090013,Tremont,100000,4
54306571,Crown Heights,200000,5
24677332,Hell's Kitchen,100000,3
47725916,Bedford-Stuyvesant,180000,4
3296695,Clinton Hill,50000,3
5076205,Hell's Kitchen,100000,3
19876189,Bedford-Stuyvesant,180000,4
2424061,Chelsea,80000,3
4843135,Greenwich Village,150000,3
43846561,Cypress Hills,100000,4
8475060,Chelsea,80000,3
50950796,Midtown,250000,3
55091389,East Harlem,120000,5
53341150,Flushing,200000,7
19318918,East Village,110000,3
55734266,Hell's Kitchen,100000,3
20681994,Flushing,200000,7
44533622,Lower East Side,100000,3
6692235,Williamsburg,200000,4
6026714,Upper East Side,200000,6
12977409,East Flatbush,120000,5
15637838,Hell's Kitchen,100000,3
45258240,Harlem,250000,8
13407099,Ditmars Steinway,80000,4
11550818,Theater District,120000,4
13404889,Williamsburg,200000,4
50938093,Crown Heights,200000,5
22212418,East Flatbush,120000,5
17661466,Williamsburg,200000,4
21725289,Clinton Hill,50000,3
46278890,Sheepshead Bay,100000,3
16885484,Bushwick,120000,4
9956328,Bedford-Stuyvesant,180000,4
26777177,Cypress Hills,100000,4
48919436,Longwood,120000,4
15906808,Soundview,120000,5
48821679,East Village,110000,3
11883303,Bedford-Stuyvesant,180000,4
50088103,East New York,150000,5
43011483,Sunset Park,250000,6
50280304,Sunnyside,120000,5
10644494,Bedford-Stuyvesant,180000,4
17598503,Sunset Park,250000,6
51237992,Crown Heights,200000,5
47350904,Long Island City,180000,6
7779162,Hell's Kitchen,100000,3
46773199,Murray Hill,60000,2
18785948,Bushwick,120000,4
55293531,Washington Heights,170000,6
45719410,Upper East Side,200000,6
17200847,Midtown,250000,3
6301207,Washington Heights,170000,6
12805092,East Village,110000,3
25292042,East Village,110000,3
16829149,Crown Heights,200000,5
18911320,Ridgewood,100000,4
55395154,Crown Heights,200000,5
6905423,Greenwich Village,150000,3
5838932,East Flatbush,120000,5
44595480,Canarsie,120000,4
49754514,Hell's Kitchen,100000,3
2460513,Upper East Side,200000,6
6473524,Columbia St,50000,2
12952556,East Village,110000,3
18927889,Williamsburg,200000,4
7454962,Upper East Side,200000,6
20313610,Bedford-Stuyvesant,180000,4
51253456,Washington Heights,170000,6
43792988,Great Kills,180000,6
44563446,Long Island City,180000,6
12963049,Briarwood,80000,4
13160773,Washington Heights,170000,6
17795122,Highbridge,120000,4
45118508,Windsor Terrace,30000,2
18562267,Springfield Gardens,150000,5
44760065,Chelsea,80000,3
24517718,Kips Bay,50000,2
49019403,Upper West Side,210000,5
9587944,Chinatown,100000,3
7047916,SoHo,120000,4
18652844,Canarsie,120000,4
17412931,Woodside,150000,4
51529606,Astoria,250000,7
7865873,Williamsburg,200000,4
1675694,Harlem,250000,8
52504968,South Slope,100000,3
12768640,Hell's Kitchen,100000,3
54415926,East Village,110000,3
46521350,Prospect-Lefferts Gardens,80000,4
1688950,Greenwich Village,150000,3
20268322,Bushwick,120000,4
2818403,East Village,110000,3
17815005,Gramercy,50000,2
47020629,East Village,110000,3
23863795,Woodside,150000,4
24238254,Chelsea,80000,3
14562510,Crown Heights,200000,5
1606657,Williamsburg,200000,4
10003274,Claremont Village,80000,4
48561546,East Village,110000,3
50048338,Long Island City,180000,6
16895978,Flatiron District,50000,2
5117628,Gramercy,50000,2
19428273,East Harlem,120000,5
15420232,Corona,200000,6
53535560,Bedford-Stuyvesant,180000,4
15470491,East Flatbush,120000,5
25029700,East Flatbush,120000,5
16701016,Washington Heights,170000,6
6434863,Chelsea,80000,3
20577057,Bedford-Stuyvesant,180000,4
9486873,Sheepshead Bay,100000,3
56677594,Williamsburg,200000,4
45970707,Midwood,180000,5
57125510,Chelsea,80000,3
19079772,Bedford-Stuyvesant,180000,4
14749740,East Flatbush,120000,5
4211856,Chelsea,80000,3
46916244,Inwood,60000,2
46563877,Upper East Side,200000,6
45454306,Carroll Gardens,40000,2
24302321,Flushing,200000,7
16886036,Bushwick,120000,4
13972102,Kips Bay,50000,2
24864562,Astoria,250000,7
18642903,Williamsburg,200000,4
20982998,Fort Hamilton,100000,4
11921412,Hell's Kitchen,100000,3
12638849,Bedford-Stuyvesant,180000,4
10938318,Financial District,40000,2
23738975,Astoria,250000,7
9538237,Hell's Kitchen,100000,3
10647256,Chelsea,80000,3
8357972,Murray Hill,60000,2
46520797,Murray Hill,60000,2
7097623,East Village,110000,3
13897541,Flushing,200000,7
2387609,Williamsburg,200000,4
5075101,Bedford-Stuyvesant,180000,4
24947407,Williamsburg,200000,4
6102931,Upper West Side,210000,5
26155840,Midtown,250000,3
53302489,Williamsburg,200000,4
21118864,Lower East Side,100000,3
56859301,Greenpoint,30000,2
15494240,St. George,150000,5
42950730,Harlem,250000,8
11030552,West Village,100000,2
7173841,Harlem,250000,8
2407492,Bedford-Stuyvesant,180000,4
4478617,Greenpoint,30000,2
50547617,South Ozone Park,150000,6
14801656,Inwood,60000,2
46285518,Two Bridges,40000,2
19125613,Elmhurst,120000,5
2746052,Midtown,250000,3
56839418,Midwood,180000,5
3999220,Flatbush,180000,5
19813779,Bedford-Stuyvesant,180000,4
5392673,Crown Heights,200000,5
9464229,Bay Ridge,200000,5
2561031,Crown Heights,200000,5
46862671,Flushing,200000,7
54371190,Breezy Point,150000,4
43596369,Clinton Hill,50000,3
49630799,South Slope,100000,3
23340766,Greenpoint,30000,2
11933562,Bushwick,120000,4
49718614,Upper West Side,210000,5
8730222,Nolita,40000,2
7494175,Bedford-Stuyvesant,180000,4
2545567,East Village,110000,3
14634309,Elmhurst,120000,5
7635011,West Village,100000,2
8996431,Bedford-Stuyvesant,180000,4
12796255,Greenpoint,30000,2
21825808,Hell's Kitchen,100000,3
7260000,Bushwick,120000,4
21959464,West Village,100000,2
4794532,Crown Heights,200000,5
25610167,East Village,110000,3
1165369,Upper West Side,210000,5
7230175,Upper West Side,210000,5
19586783,Bushwick,120000,4
5325845,Bedford-Stuyvesant,180000,4
7092653,Bushwick,120000,4
44144803,Upper West Side,210000,5
1315595,Gowanus,40000,2
19241044,Greenwich Village,150000,3
46038640,Flushing,200000,7
10643389,Bedford-Stuyvesant,180000,4
10349014,Bushwick,120000,4
12429528,Glendale,80000,3
47727021,Crown Heights,200000,5
44550191,Borough Park,250000,6
53708430,Longwood,120000,4
54222069,East Flatbush,120000,5
53678605,Lower East Side,100000,3
44402175,Ditmars Steinway,80000,4
48036309,Midtown,250000,3
46579894,Williamsburg,200000,4
22561471,Bedford-Stuyvesant,180000,4
47572929,Financial District,40000,2
6485123,East Flatbush,120000,5
52549152,Glendale,80000,3
45645954,SoHo,120000,4
5432439,Upper West Side,210000,5
44092334,Upper East Side,200000,6
10922853,East Village,110000,3
24479609,Bedford-Stuyvesant,180000,4
44274593,Lower East Side,100000,3
27052222,Williamsburg,200000,4
21966644,Clinton Hill,50000,3
51492050,Clinton Hill,50000,3
53291995,Washington Heights,170000,6
10319189,Sunset Park,250000,6
55469714,East Village,110000,3
53395276,Crown Heights,200000,5
15758792,Crown Heights,200000,5
53685785,Williamsburg,200000,4
17986770,Williamsburg,200000,4
27106900,Harlem,250000,8
4043957,Chelsea,80000,3
2664311,Bushwick,120000,4
8535813,East Village,110000,3
56420223,Bedford-Stuyvesant,180000,4
8144784,Bedford-Stuyvesant,180000,4
49051988,East Flatbush,120000,5
55745864,Midtown,250000,3
12528389,Chelsea,80000,3
7674225,Williamsburg,200000,4
54658938,Hell's Kitchen,100000,3
15456684,Flatlands,50000,3
47103474,Williamsburg,200000,4
23806908,Financial District,40000,2
19956272,Bedford-Stuyvesant,180000,4
52402792,Flushing,200000,7
25600778,Chelsea,80000,3
6250948,Greenpoint,30000,2
51904066,Harlem,250000,8
17221282,Hell's Kitchen,100000,3
46627944,Ozone Park,150000,6
19841394,Crown Heights,200000,5
51743346,Brighton Beach,120000,5
55753044,East Flatbush,120000,5
18032059,Astoria,250000,7
12275988,Bedford-Stuyvesant,180000,4
44304970,Bay Ridge,200000,5
15844951,East Flatbush,120000,5
7327933,Chelsea,80000,3
50973992,Williamsburg,200000,4
21852318,West Village,100000,2
45023512,Flushing,200000,7
24579575,Bushwick,120000,4
45890071,Bedford-Stuyvesant,180000,4
45587410,Upper West Side,210000,5
18950534,Longwood,120000,4
52830273,South Ozone Park,150000,6
50177576,Midtown,250000,3
54323692,Harlem,250000,8
2660445,Crown Heights,200000,5
2841600,Harlem,250000,8
43305307,Crown Heights,200000,5
48103137,Parkchester,250000,7
45800598,Williamsburg,200000,4
5082833,Greenpoint,30000,2
17768612,Flushing,200000,7
9978420,Astoria,250000,7
10757716,Greenwich Village,150000,3
9984496,Manhattan Beach,100000,4
6137726,Canarsie,120000,4
14931999,Richmond Hill,180000,5
45649268,Far Rockaway,250000,7
24526002,Bedford-Stuyvesant,180000,4
1474105,Harlem,250000,8
53667559,Fort Greene,70000,3
10315876,Prospect-Lefferts Gardens,80000,4
9787324,West Village,100000,2
22872416,Forest Hills,180000,6
25969162,Upper East Side,200000,6
18847806,Midtown,250000,3
48894583,Upper West Side,210000,5
3734116,East Flatbush,120000,5
3282335,East Harlem,120000,5
3510987,Battery Park City,50000,2
3059758,Park Slope,150000,5
49585510,East Village,110000,3
25812861,Hell's Kitchen,100000,3
9205200,East Village,110000,3
23548984,Bushwick,120000,4
45020751,Williamsburg,200000,4
45537703,Flatiron District,50000,2
22789019,Fort Greene,70000,3
16981584,Harlem,250000,8
4180927,SoHo,120000,4
52888264,Bushwick,120000,4
22193639,Elmhurst,120000,5
9929818,Crown Heights,200000,5
50885072,Greenpoint,30000,2
46383827,Bedford-Stuyvesant,180000,4
9306823,Chelsea,80000,3
1180281,Boerum Hill,50000,2
13290011,Bedford-Stuyvesant,180000,4
44154744,Bedford-Stuyvesant,180000,4
16893216,Astoria,250000,7
27054432,Concourse Village,80000,5
25390904,Hell's Kitchen,100000,3
18011071,Crown Heights,200000,5
6036103,Williamsburg,200000,4
22348283,Kensington,35000,2
21159181,Williamsburg,200000,4
5043067,East Harlem,120000,5
1632615,Windsor Terrace,30000,2
9830956,Bedford-Stuyvesant,180000,4
2805700,Williamsburg,200000,4
8842339,Kingsbridge,50000,3
23202691,Washington Heights,170000,6
23059093,Chelsea,80000,3
12119135,East Harlem,120000,5
54483307,Bedford-Stuyvesant,180000,4
53104213,East Village,110000,3
22819395,Hell's Kitchen,100000,3
3153097,Williamsburg,200000,4
45189202,Park Slope,150000,5
43493089,Hell's Kitchen,100000,3
9470304,Williamsburg,200000,4
51721254,Jamaica,250000,7
52510491,Chinatown,100000,3
19971184,Midtown,250000,3
3361866,Greenpoint,30000,2
1882807,Crown Heights,200000,5
25083825,Briarwood,80000,4
25776962,Wakefield,100000,4
52108417,Cypress Hills,100000,4
20620137,Maspeth,60000,3
15952097,Bushwick,120000,4
20838847,East New York,150000,5
22921018,Washington Heights,170000,6
25157281,Bedford-Stuyvesant,180000,4
19016810,Morrisania,100000,4
3705397,Williamsburg,200000,4
53063896,Jackson Heights,180000,5
23233068,Crown Heights,200000,5
53567593,Williamsburg,200000,4
17835440,Roosevelt Island,15000,2
54624695,Clinton Hill,50000,3
21089592,Chinatown,100000,3
14820987,Canarsie,120000,4
25802920,Harlem,250000,8
44976567,Williamsburg,200000,4
6270830,Crown Heights,200000,5
44270175,Prospect Heights,90000,4
16021687,Canarsie,120000,4
19925343,East Village,110000,3
22577488,Howard Beach,80000,4
57309978,Bushwick,120000,4
17406855,Inwood,60000,2
45960213,Concourse Village,80000,5
13351316,Harlem,250000,8
16281820,Hell's Kitchen,100000,3
43696335,Cypress Hills,100000,4
25691908,Lower East Side,100000,3
5465025,Upper West Side,210000,5
24700529,Hell's Kitchen,100000,3
15400349,Jamaica,250000,7
21722527,Bushwick,120000,4
44337003,Flatbush,180000,5
24878370,Financial District,40000,2
25911171,Bushwick,120000,4
10004931,Greenpoint,30000,2
13228706,Upper East Side,200000,6
13501542,Harlem,250000,8
54119341,Woodside,150000,4
23468900,Stapleton,120000,5
9145000,Crown Heights,200000,5
9203543,Elmhurst,120000,5
6659097,Nolita,40000,2
24577918,Red Hook,120000,5
51358945,Greenpoint,30000,2
26917461,Theater District,120000,4
17525600,Upper West Side,210000,5
55100778,Upper West Side,210000,5
8930155,Crown Heights,200000,5
7617890,Carroll Gardens,40000,2
47061499,Williamsburg,200000,4
21466813,Ozone Park,150000,6
17898402,Midtown,250000,3
52375177,Little Italy,60000,2
3956693,Greenpoint,30000,2
48570935,Bedford-Stuyvesant,180000,4
17220178,Williamsburg,200000,4
17856427,Highbridge,120000,4
8876029,Hell's Kitchen,100000,3
6413324,Greenpoint,30000,2
21578377,Canarsie,120000,4
47144344,Financial District,40000,2
15008216,Williamsburg,200000,4
56976389,Bedford-Stuyvesant,180000,4
52176349,Long Island City,180000,6
1779527,East Village,110000,3
10986368,Hell's Kitchen,100000,3
23209319,Windsor Terrace,30000,2
1126708,Windsor Terrace,30000,2
55751940,East Flatbush,120000,5
43998996,East Harlem,120000,5
53095377,Chinatown,100000,3
47125014,Park Slope,150000,5
18737898,Upper East Side,200000,6
23379427,Greenpoint,30000,2
48072760,Flushing,200000,7
16818656,Bushwick,120000,4
53087644,Midtown,250000,3
10138035,Crown Heights,200000,5
43943213,Williamsburg,200000,4
27619435,Greenwich Village,150000,3
52739695,East Village,110000,3
53186506,East Village,110000,3
3778300,Astoria,250000,7
54600946,Upper West Side,210000,5
15600834,Financial District,40000,2
45745921,East Village,110000,3
17093149,Hell's Kitchen,100000,3
20047954,Ozone Park,150000,6
48026920,Bay Ridge,200000,5
26814181,Lower East Side,100000,3
51114829,Upper East Side,200000,6
4126249,Crown Heights,200000,5
21187349,SoHo,120000,4
20939366,Upper East Side,200000,6
12833811,Chelsea,80000,3
18210452,Upper East Side,200000,6
21099533,Crown Heights,200000,5
7834944,East Harlem,120000,5
24836947,Bedford-Stuyvesant,180000,4
21577273,Flatbush,180000,5
55512794,Morningside Heights,150000,5
14024570,Midtown,250000,3
23126474,East Flatbush,120000,5
54003358,Bedford-Stuyvesant,180000,4
22337790,Upper West Side,210000,5
7925521,Harlem,250000,8
2758202,Midtown,250000,3
15056819,Williamsburg,200000,4
21957807,Financial District,40000,2
26292258,Midtown,250000,3
55736475,Financial District,40000,2
14349322,Bedford-Stuyvesant,180000,4
5067369,Greenpoint,30000,2
8904749,Gowanus,40000,2
12340055,East New York,150000,5
8053102,Washington Heights,170000,6
7308050,Long Island City,180000,6
53254991,Stuyvesant Town,150000,5
12631669,Bushwick,120000,4
26918566,Hell's Kitchen,100000,3
6414981,Harlem,250000,8
14172586,Kensington,35000,2
55128945,Fort Greene,70000,3
14143867,Bedford-Stuyvesant,180000,4
15765972,East Village,110000,3
55687873,Kips Bay,50000,2
48499136,Greenpoint,30000,2
47586736,Harlem,250000,8
48805110,East Village,110000,3
44876048,Brighton Beach,120000,5
6978879,Prospect Heights,90000,4
56371620,Bronxdale,250000,6
47688912,Washington Heights,170000,6
47553598,Bushwick,120000,4
17775792,Williamsburg,200000,4
3553514,Sunset Park,250000,6
53343359,Throgs Neck,100000,4
18355154,Harlem,250000,8
14879530,Washington Heights,170000,6
43362194,Windsor Terrace,30000,2
21498846,Bedford-Stuyvesant,180000,4
5786463,Bedford-Stuyvesant,180000,4
15010978,Hell's Kitchen,100000,3
53179879,Clinton Hill,50000,3
52213354,Midtown,250000,3
17649867,West Village,100000,2
43082178,Murray Hill,60000,2
6889959,Fort Greene,70000,3
6407801,Harlem,250000,8
4534951,SoHo,120000,4
20209778,Williamsburg,200000,4
11884960,Bedford-Stuyvesant,180000,4
24914269,Fordham,200000,7
50665809,Morningside Heights,150000,5
47467440,Gowanus,40000,2
20732254,Mott Haven,80000,3
5280556,Upper West Side,210000,5
20635601,Bedford-Stuyvesant,180000,4
50202982,St. Albans,70000,3
1883911,Williamsburg,200000,4
17705650,Elmhurst,120000,5
54352964,Jamaica,250000,7
27231720,East Harlem,120000,5
4948072,Sheepshead Bay,100000,3
15743328,Bedford-Stuyvesant,180000,4
45185336,Jamaica,250000,7
46160146,East Village,110000,3
56614632,Greenwich Village,150000,3
10526302,Greenpoint,30000,2
48452743,Harlem,250000,8
19380223,Rego Park,150000,4
7993454,Bedford-Stuyvesant,180000,4
2657684,East Harlem,120000,5
52667896,Harlem,250000,8
1499511,Kips Bay,50000,2
51537891,Astoria,250000,7
15977503,Upper East Side,200000,6
20860939,Bushwick,120000,4
55228359,Bedford-Stuyvesant,180000,4
15416918,Bushwick,120000,4
44814743,Hell's Kitchen,100000,3
48922198,Harlem,250000,8
22916048,Cypress Hills,100000,4
25668711,Flatiron District,50000,2
46803575,Financial District,40000,2
23516950,Upper East Side,200000,6
47293465,Lower East Side,100000,3
14364235,Bedford-Stuyvesant,180000,4
46812412,East Flatbush,120000,5
44927412,Richmond Hill,180000,5
20281577,Bedford-Stuyvesant,180000,4
26790432,Glendale,80000,3
7683614,Bedford-Stuyvesant,180000,4
27228406,Midwood,180000,5
22668617,Crown Heights,200000,5
25964744,Chelsea,80000,3
14261507,Wakefield,100000,4
7706810,Gramercy,50000,2
1873418,Allerton,60000,4
57028857,Astoria,250000,7
47674552,Lower East Side,100000,3
4241680,Crown Heights,200000,5
47190737,Harlem,250000,8
50728219,Bedford-Stuyvesant,180000,4
5398196,Harlem,250000,8
1561921,Crown Heights,200000,5
15651094,Upper West Side,210000,5
57299484,Williamsburg,200000,4
22166024,Midtown,250000,3
53462104,Sunset Park,250000,6
4910515,Elmhurst,120000,5
53922722,Mott Haven,80000,3
5859919,Chelsea,80000,3
6921992,East Village,110000,3
24009049,Two Bridges,40000,2
21195633,Financial District,40000,2
16775024,Bedford-Stuyvesant,180000,4
21918594,Bedford-Stuyvesant,180000,4
23313704,Hell's Kitchen,100000,3
42887768,Williamsburg,200000,4
14680702,Bushwick,120000,4
1695025,Bushwick,120000,4
53062791,Upper West Side,210000,5
14775698,East Harlem,120000,5
7841019,Bedford-Stuyvesant,180000,4
26655671,Bedford-Stuyvesant,180000,4
4300776,Greenpoint,30000,2
1730372,East Village,110000,3
1977250,Bushwick,120000,4
56634515,Chelsea,80000,3
1867895,East Village,110000,3
6545876,Chinatown,100000,3
17889565,Fort Greene,70000,3
1173101,Upper West Side,210000,5
45467561,Kingsbridge,50000,3
43084387,Bedford-Stuyvesant,180000,4
17479759,Sheepshead Bay,100000,3
45880682,Williamsburg,200000,4
7504116,Bushwick,120000,4
11460793,Jamaica,250000,7
12645477,Fort Greene,70000,3
15247915,Bedford-Stuyvesant,180000,4
57152572,Washington Heights,170000,6
4386935,Williamsburg,200000,4
26076308,Upper West Side,210000,5
7891279,Williamsbridge,80000,4
44972148,Boerum Hill,50000,2
19796105,Fort Greene,70000,3
24383509,Bay Ridge,200000,5
57045979,Chelsea,80000,3
4405713,Harlem,250000,8
24259241,Williamsburg,200000,4
21687180,Edenwald,100000,4
22903897,Arrochar,15000,2
3380644,Crown Heights,200000,5
3294486,Bedford-Stuyvesant,180000,4
3612610,East Harlem,120000,5
53826070,Upper East Side,200000,6
22649839,Flushing,200000,7
18854986,Harlem,250000,8
51213691,East Harlem,120000,5
48428442,Maspeth,60000,3
5241343,East Village,110000,3
51916768,Bedford-Stuyvesant,180000,4
6289056,Williamsburg,200000,4
11723688,Murray Hill,60000,2
23292164,Upper East Side,200000,6
53601283,Hell's Kitchen,100000,3
4070467,Washington Heights,170000,6
56217529,Kew Gardens Hills,120000,5
20806262,Chelsea,80000,3
21947866,Astoria,250000,7
26882114,Van Nest,60000,3
24590069,Williamsburg,200000,4
3070804,Kips Bay,50000,2
2140731,Bedford-Stuyvesant,180000,4
6191851,Crown Heights,200000,5
20419652,Bedford-Stuyvesant,180000,4
19977812,Ditmars Steinway,80000,4
48288157,Long Island City,180000,6
7822241,East Harlem,120000,5
3177398,Harlem,250000,8
9460363,East Village,110000,3
53120230,Harlem,250000,8
10622954,East Village,110000,3
49433075,Harlem,250000,8
55306234,Flatiron District,50000,2
3242569,Chelsea,80000,3
18867689,Pelham Gardens,150000,5
50481893,Bushwick,120000,4
10548946,Williamsburg,200000,4
50785106,Harlem,250000,8
7652685,Parkchester,250000,7
52371864,Upper West Side,210000,5
6821473,Greenpoint,30000,2
50299634,Nolita,40000,2
9453183,Clinton Hill,50000,3
19817645,Williamsburg,200000,4
26396642,Bushwick,120000,4
47718736,Park Slope,150000,5
19754130,Fort Greene,70000,3
2164480,City Island,60000,2
52253671,St. Albans,70000,3
46843341,Windsor Terrace,30000,2
24369149,Gowanus,40000,2
11986583,Upper East Side,200000,6
26943419,Sheepshead Bay,100000,3
52492265,Bedford-Stuyvesant,180000,4
9247727,Chelsea,80000,3
5118180,East Village,110000,3
52429855,Williamsburg,200000,4
20715685,Port Morris,50000,3
13104438,Upper East Side,200000,6
25628393,Mott Haven,80000,3
13292773,Long Island City,180000,6
19564691,Park Slope,150000,5
17526704,Upper East Side,200000,6
44015565,East Flatbush,120000,5
25000980,Astoria,250000,7
55730952,Borough Park,250000,6
51830610,Midtown,250000,3
50101358,Manhattan Beach,100000,4
15421889,East Harlem,120000,5
16305017,Brownsville,180000,7
5204339,West Village,100000,2
5045829,East Village,110000,3
18352393,Murray Hill,60000,2
47933029,Hell's Kitchen,100000,3
23296582,Bedford-Stuyvesant,180000,4
23665519,Williamsburg,200000,4
46083928,Murray Hill,60000,2
3413230,Woodhaven,100000,4
52103998,Bay Ridge,200000,5
1897719,Upper West Side,210000,5
56326332,Kips Bay,50000,2
3678886,Harlem,250000,8
5580455,Kips Bay,50000,2
19464173,East Flatbush,120000,5
3054235,Upper West Side,210000,5
22160501,Midtown,250000,3
53951442,Greenwich Village,150000,3
54805297,Flushing,200000,7
48269932,Crown Heights,200000,5
47357532,Upper West Side,210000,5
18000578,Williamsburg,200000,4
25227423,Bushwick,120000,4
2070037,Inwood,60000,2
48456609,East Flatbush,120000,5
2979675,Washington Heights,170000,6
6148220,Upper West Side,210000,5
19844707,SoHo,120000,4
21423733,Greenpoint,30000,2
6648604,Clinton Hill,50000,3
23258474,Astoria,250000,7
4448240,Inwood,60000,2
54360144,Flushing,200000,7
19548675,Crown Heights,200000,5
56870347,Bedford-Stuyvesant,180000,4
26178484,Bushwick,120000,4
50118480,Bath Beach,150000,5
2770905,Crown Heights,200000,5
23824581,Astoria,250000,7
55463639,Fort Greene,70000,3
56867033,Hell's Kitchen,100000,3
8919109,Long Island City,180000,6
43277140,Gramercy,50000,2
26767788,Hell's Kitchen,100000,3
51534577,South Ozone Park,150000,6
13105543,Ditmars Steinway,80000,4
20225242,Carroll Gardens,40000,2
54459005,Woodside,150000,4
26697094,Ridgewood,100000,4
20981341,East Harlem,120000,5
11334869,Richmond Hill,180000,5
47118938,Crown Heights,200000,5
55981144,Upper East Side,200000,6
26894817,Upper West Side,210000,5
7503012,Clinton Hill,50000,3
57169694,Bedford-Stuyvesant,180000,4
13950010,Boerum Hill,50000,2
54505399,Ridgewood,100000,4
55991086,Bedford-Stuyvesant,180000,4
12718933,Clinton Hill,50000,3
45336114,Lower East Side,100000,3
1376348,Greenpoint,30000,2
15741671,Washington Heights,170000,6
24253718,Harlem,250000,8
24158723,Harlem,250000,8
5742279,Bedford-Stuyvesant,180000,4
54235324,Inwood,60000,2
53818890,Bushwick,120000,4
7800701,Harlem,250000,8
5099402,West Village,100000,2
4613930,West Village,100000,2
3381197,Upper East Side,200000,6
47059290,East Harlem,120000,5
11754617,Midland Beach,100000,4
48658198,Tribeca,100000,4
51404786,East Harlem,120000,5
4190869,Fort Greene,70000,3
21107818,Bushwick,120000,4
53609016,East Village,110000,3
5316456,Greenpoint,30000,2
7069456,Williamsburg,200000,4
53661484,Ditmars Steinway,80000,4
6752988,Prospect Heights,90000,4
18906350,East Flatbush,120000,5
47692226,Washington Heights,170000,6
13456806,Baychester,250000,6
21433122,Jackson Heights,180000,5
14997723,Bedford-Stuyvesant,180000,4
19265897,Inwood,60000,2
24825349,Jamaica,250000,7
49888171,Chelsea,80000,3
55720459,Tribeca,100000,4
44603764,Midtown,250000,3
3214402,Astoria,250000,7
21487248,Hell's Kitchen,100000,3
12791836,Williamsburg,200000,4
1795543,Hell's Kitchen,100000,3
52092952,Ridgewood,100000,4
54116579,Financial District,40000,2
8222106,Murray Hill,60000,2
50140019,Harlem,250000,8
17161082,West Brighton,150000,5
46038087,Bushwick,120000,4
3677230,Crown Heights,200000,5
6201241,Boerum Hill,50000,2
7294795,Cobble Hill,60000,2
20865910,Sunnyside,120000,5
53293100,Ridgewood,100000,4
7251715,Bedford-Stuyvesant,180000,4
49587719,Williamsburg,200000,4
24090790,Arden Heights,150000,5
19354817,Hell's Kitchen,100000,3
13253007,Sheepshead Bay,100000,3
48304726,Flatbush,180000,5
52972214,Ridgewood,100000,4
24345952,Arverne,40000,2
2377115,Bedford-Stuyvesant,180000,4
49186197,Harlem,250000,8
48037413,Lower East Side,100000,3
55680141,Bedford-Stuyvesant,180000,4
49095068,Harlem,250000,8
47730887,Upper East Side,200000,6
20745509,Bushwick,120000,4
16799878,Sunset Park,250000,6
19074249,Sunnyside,120000,5
3385063,Williamsburg,200000,4
23713569,Astoria,250000,7
44514844,Bedford-Stuyvesant,180000,4
8670022,Bedford-Stuyvesant,180000,4
45027378,Washington Heights,170000,6
14737037,Midtown,250000,3
52897653,Harlem,250000,8
26760608,Bedford-Stuyvesant,180000,4
22682977,Tremont,100000,4
4868541,Williamsburg,200000,4
2823374,Crown Heights,200000,5
46213166,Queens Village,120000,4
7495832,Williamsburg,200000,4
9003611,East Village,110000,3
21981004,Midtown,250000,3
54305466,Williamsburg,200000,4
44724166,Financial District,40000,2
43886326,East Harlem,120000,5
26616458,Williamsburg,200000,4
54583825,Washington Heights,170000,6
7912266,Roosevelt Island,15000,2
12675301,Crown Heights,200000,5
18272862,Rego Park,150000,4
7591380,Upper West Side,210000,5
3116645,Chelsea,80000,3
44805906,Crown Heights,200000,5
1641452,Chinatown,100000,3
54190035,Flatbush,180000,5
56615737,Williamsburg,200000,4
51434058,Prospect Heights,90000,4
5632372,East Village,110000,3
44911395,Park Slope,150000,5
23999108,East Harlem,120000,5
22125706,Washington Heights,170000,6
5785911,Upper East Side,200000,6
54993079,Greenpoint,30000,2
15820097,Ditmars Steinway,80000,4
15956515,East Village,110000,3
17747072,South Slope,100000,3
26654566,Hell's Kitchen,100000,3
3117197,Harlem,250000,8
54695942,Gravesend,200000,6
8515930,Williamsburg,200000,4
56774799,Ditmars Steinway,80000,4
20554413,Mott Haven,80000,3
8853937,Long Island City,180000,6
4920457,East Village,110000,3
9496815,Greenpoint,30000,2
46029803,Chinatown,100000,3
23114876,Bushwick,120000,4
21243683,East Elmhurst,100000,3
55865713,Bushwick,120000,4
43772000,Upper West Side,210000,5
53426204,Upper East Side,200000,6
19196307,Williamsburg,200000,4
21433675,Clinton Hill,50000,3
15493688,St. Albans,70000,3
16830254,Crown Heights,200000,5
20360003,Harlem,250000,8
26234818,Flatbush,180000,5
7986274,Williamsburg,200000,4
56877527,Fort Greene,70000,3
8047027,Upper East Side,200000,6
13441341,Little Italy,60000,2
9743693,Bedford-Stuyvesant,180000,4
43498612,Bushwick,120000,4
13504303,Hell's Kitchen,100000,3
53674187,Crown Heights,200000,5
20764287,Bedford-Stuyvesant,180000,4
6199031,East Village,110000,3
48058953,Upper West Side,210000,5
50031216,East Village,110000,3
7794074,Long Island City,180000,6
19773461,Bedford-Stuyvesant,180000,4
53553786,Bedford-Stuyvesant,180000,4
2308630,Greenpoint,30000,2
51288251,East New York,150000,5
54872126,East Flatbush,120000,5
47908727,Bedford-Stuyvesant,180000,4
14865171,Astoria,250000,7
2974152,Hell's Kitchen,100000,3
5633476,Greenwich Village,150000,3
1844146,Williamsburg,200000,4
6660202,Williamsburg,200000,4
23057989,Bushwick,120000,4
49599870,Midtown,250000,3
23738422,Inwood,60000,2
6978327,Clinton Hill,50000,3
55106301,Park Slope,150000,5
49509845,West Village,100000,2
7145121,Hell's Kitchen,100000,3
18897513,East Village,110000,3
1386841,Park Slope,150000,5
23566657,Bushwick,120000,4
43025843,Harlem,250000,8
45468114,Bushwick,120000,4
22871311,Williamsburg,200000,4
7595798,Bedford-Stuyvesant,180000,4
49687686,Bedford-Stuyvesant,180000,4
19655269,Williamsburg,200000,4
49120474,Woodlawn,100000,4
5019871,Woodside,150000,4
27450431,Bedford-Stuyvesant,180000,4
55291321,East Flatbush,120000,5
23321436,SoHo,120000,4
2081635,East Village,110000,3
11281296,Williamsburg,200000,4
15905704,Boerum Hill,50000,2
23469452,Williamsburg,200000,4
23039211,East Village,110000,3
53662036,Nolita,40000,2
55935856,East Flatbush,120000,5
20373811,Throgs Neck,100000,4
16055929,Flatbush,180000,5
9466990,Long Island City,180000,6
6540905,Harlem,250000,8
6449223,Bushwick,120000,4
3429247,Crown Heights,200000,5
5399301,Nolita,40000,2
2330722,Upper West Side,210000,5
5164573,Bedford-Stuyvesant,180000,4
47541448,East Harlem,120000,5
44167447,Bushwick,120000,4
8949485,Bedford-Stuyvesant,180000,4
15044116,Harlem,250000,8
17896745,Midtown,250000,3
5178381,Astoria,250000,7
55274200,East Elmhurst,100000,3
2165032,Williamsburg,200000,4
1656364,Upper West Side,210000,5
43663750,Bergen Beach,120000,4
2097099,Bensonhurst,180000,5
19318366,Crown Heights,200000,5
24336011,Schuylerville,60000,3
9656429,Nolita,40000,2
50827633,Bedford-Stuyvesant,180000,4
48966934,Kensington,35000,2
16523175,Williamsburg,200000,4
46828981,Bedford-Stuyvesant,180000,4
55858534,Bedford-Stuyvesant,180000,4
42865676,Hell's Kitchen,100000,3
5791434,Kew Gardens,120000,4
44707044,Harlem,250000,8
16681685,Bushwick,120000,4
47543657,Williamsburg,200000,4
6945741,Hell's Kitchen,100000,3
53402455,Chelsea,80000,3
55486283,Ditmars Steinway,80000,4
21139851,Bushwick,120000,4
7458828,South Slope,100000,3
19373596,Bushwick,120000,4
8334223,Chinatown,100000,3
11067556,Queens Village,120000,4
47519908,West Village,100000,2
49743468,Greenpoint,30000,2
20875299,East Elmhurst,100000,3
18698685,Upper West Side,210000,5
3605431,Greenpoint,30000,2
24190204,Financial District,40000,2
13959951,Bushwick,120000,4
25078302,Bushwick,120000,4
54573331,Jamaica,250000,7
24194070,Financial District,40000,2
54007776,Flatiron District,50000,2
45438289,Bedford-Stuyvesant,180000,4
17863607,Upper West Side,210000,5
5759401,South Slope,100000,3
2930520,Flatbush,180000,5
54118789,Hell's Kitchen,100000,3
18389949,Westchester Square,200000,6
48670349,Brooklyn Heights,100000,3
49502665,Rosedale,150000,6
47345934,Upper East Side,200000,6
50095835,Williamsburg,200000,4
42921458,Bushwick,120000,4
21328185,Upper East Side,200000,6
19712708,Clinton Hill,50000,3
8518691,St. Albans,70000,3
48295337,Gramercy,50000,2
3071356,Greenwich Village,150000,3
25130218,Prince's Bay,100000,4
52392299,Arrochar,15000,2
15800767,Midtown,250000,3
2392027,Upper West Side,210000,5
45558691,Bushwick,120000,4
18330301,Prospect-Lefferts Gardens,80000,4
52285153,Midtown,250000,3
9432748,Williamsburg,200000,4
50414512,Prospect-Lefferts Gardens,80000,4
44756751,Williamsburg,200000,4
3878267,Williamsburg,200000,4
25010922,Elmhurst,120000,5
6844118,East Village,110000,3
43310830,Hell's Kitchen,100000,3
7273255,Crown Heights,200000,5
45295796,Williamsburg,200000,4
17939825,Crown Heights,200000,5
6970042,Brownsville,180000,7
55011305,Lower East Side,100000,3
50513374,Upper West Side,210000,5
15376048,Wakefield,100000,4
53346121,Morningside Heights,150000,5
4004743,Washington Heights,170000,6
45417302,Emerson Hill,30000,2
55719906,Flatbush,180000,5
2195961,SoHo,120000,4
50030664,Bedford-Stuyvesant,180000,4
8516482,Astoria,250000,7
22966859,Murray Hill,60000,2
9514488,Upper West Side,210000,5
44451882,Bushwick,120000,4
22352149,Chinatown,100000,3
53914990,Harlem,250000,8
11691655,Chelsea,80000,3
53760346,Williamsburg,200000,4
3704845,Upper West Side,210000,5
6376872,Bushwick,120000,4
24215057,Hell's Kitchen,100000,3
1374139,Greenpoint,30000,2
45796180,Upper East Side,200000,6
56784741,Astoria,250000,7
55827052,Pelham Bay,200000,7
4457629,South Slope,100000,3
5107687,Greenpoint,30000,2
3151440,Harlem,250000,8
50217341,Washington Heights,170000,6
10750536,Hell's Kitchen,100000,3
52194575,Crown Heights,200000,5
19935837,Upper East Side,200000,6
8956665,Washington Heights,170000,6
56696373,East Harlem,120000,5
52671763,Gramercy,50000,2
46350689,Bushwick,120000,4
13272337,Sunset Park,250000,6
20316372,East Harlem,120000,5
17484177,Bedford-Stuyvesant,180000,4
26755085,Williamsburg,200000,4
13579416,East New York,150000,5
55575756,South Slope,100000,3
47758502,Midtown,250000,3
24196279,Financial District,40000,2
46018204,Downtown Brooklyn,150000,5
52293437,Maspeth,60000,3
13952219,Bensonhurst,180000,5
52758474,Williamsburg,200000,4
18054703,Harlem,250000,8
4532742,Windsor Terrace,30000,2
9670789,Forest Hills,180000,6
56735586,Hell's Kitchen,100000,3
25418519,Upper West Side,210000,5
9580212,Flushing,200000,7
3079641,Sunnyside,120000,5
4555387,Hell's Kitchen,100000,3
12646029,Williamsburg,200000,4
19456441,Williamsburg,200000,4
22207999,Maspeth,60000,3
48236241,Bedford-Stuyvesant,180000,4
15714608,East Harlem,120000,5
12060591,Williamsburg,200000,4
25322971,Astoria,250000,7
22061087,Ridgewood,100000,4
7077188,Lower East Side,100000,3
15107630,Claremont Village,80000,4
11820893,Williamsburg,200000,4
17089283,Financial District,40000,2
14877874,East Village,110000,3
45624415,Financial District,40000,2
8524214,East Harlem,120000,5
26496609,Hell's Kitchen,100000,3
13678830,Rockaway Beach,60000,3
50104672,Sunset Park,250000,6
25730569,Glendale,80000,3
7415748,Clinton Hill,50000,3
20552204,Springfield Gardens,150000,5
15286023,East Harlem,120000,5
6987163,South Slope,100000,3
8610925,Flushing,200000,7
9344380,Harlem,250000,8
7371012,Bedford-Stuyvesant,180000,4
47560226,Gowanus,40000,2
47873932,Midtown,250000,3
45330039,East Village,110000,3
44457957,Chelsea,80000,3
10336863,Williamsburg,200000,4
52729202,Flushing,200000,7
15703010,Harlem,250000,8
17117450,Carroll Gardens,40000,2
9228397,Columbia St,50000,2
49891484,Upper West Side,210000,5
23916263,Fresh Meadows,120000,4
13931784,Bedford-Stuyvesant,180000,4
47854602,Chelsea,80000,3
9982286,Flatlands,50000,3
23321988,Fort Greene,70000,3
20498078,Sunnyside,120000,5
23467243,Bedford-Stuyvesant,180000,4
24843022,Park Slope,150000,5
50500119,Fort Greene,70000,3
18362887,Bushwick,120000,4
12192591,South Slope,100000,3
19873427,Coney Island,200000,6
52676733,Williamsburg,200000,4
47391775,Ditmars Steinway,80000,4
2339007,Clinton Hill,50000,3
10265616,Morningside Heights,150000,5
2320228,Greenwich Village,150000,3
49043152,Williamsburg,200000,4
18419221,Kensington,35000,2
2116982,Flatiron District,50000,2
13528605,Upper East Side,200000,6
55851906,Bushwick,120000,4
6403382,Chelsea,80000,3
45451545,Astoria,250000,7
4361529,Richmond Hill,180000,5
9022389,West Village,100000,2
43238479,Bedford-Stuyvesant,180000,4
3659556,Astoria,250000,7
45235043,Clinton Hill,50000,3
11298417,Midtown,250000,3
20785274,Flatbush,180000,5
16962806,Upper East Side,200000,6
49393310,Flatbush,180000,5
15371077,Chinatown,100000,3
2237383,Upper East Side,200000,6
54644578,East Village,110000,3
49779920,Bedford-Stuyvesant,180000,4
14985572,Upper West Side,210000,5
54273985,Harlem,250000,8
14699481,Financial District,40000,2
52695511,Clinton Hill,50000,3
12119687,Fort Greene,70000,3
3781614,Prospect-Lefferts Gardens,80000,4
47413314,Hell's Kitchen,100000,3
45718306,Williamsburg,200000,4
52485637,Harlem,250000,8
53996730,Bedford-Stuyvesant,180000,4
25466017,Harlem,250000,8
7849856,Chelsea,80000,3
5918463,Clinton Hill,50000,3
9796714,Hell's Kitchen,100000,3
49110532,Sunset Park,250000,6
44381740,Fordham,200000,7
1536515,Upper East Side,200000,6
55936960,Lower East Side,100000,3
55827605,Hell's Kitchen,100000,3
8093420,Crown Heights,200000,5
2928863,West Village,100000,2
20739986,Nolita,40000,2
53776915,East Village,110000,3
23913502,Financial District,40000,2
22528333,Harlem,250000,8
2849884,Williamsburg,200000,4
4766917,Long Island City,180000,6
52292332,Williamsburg,200000,4
3841815,Park Slope,150000,5
22752567,Sheepshead Bay,100000,3
45108014,Hell's Kitchen,100000,3
24274153,Ridgewood,100000,4
55266468,East Flatbush,120000,5
22029054,Harlem,250000,8
23542356,East Harlem,120000,5
20564354,Upper West Side,210000,5
53792379,Upper West Side,210000,5
23161269,Queens Village,120000,4
3866116,Chelsea,80000,3
20876956,Corona,200000,6
51864300,Port Morris,50000,3
24891073,Flushing,200000,7
9921533,South Slope,100000,3
17201400,Harlem,250000,8
24322756,City Island,60000,2
49909710,SoHo,120000,4
18777664,Bedford-Stuyvesant,180000,4
6704386,Upper East Side,200000,6
21238713,Midtown,250000,3
4621663,Williamsburg,200000,4
1845250,Park Slope,150000,5
54798118,Park Slope,150000,5
20115887,Bedford-Stuyvesant,180000,4
17354387,Williamsburg,200000,4
26467337,SoHo,120000,4
13864403,Gravesend,200000,6
51414728,Bushwick,120000,4
9636547,Astoria,250000,7
50060488,Park Slope,150000,5
6491750,Tribeca,100000,4
17215207,East Harlem,120000,5
15155128,Crown Heights,200000,5
15522408,Fort Greene,70000,3
14252118,Morningside Heights,150000,5
6512738,East Village,110000,3
4089245,Sunset Park,250000,6
21112236,Long Island City,180000,6
43268855,Nolita,40000,2
9882872,Astoria,250000,7
56505277,Crown Heights,200000,5
24702738,Crown Heights,200000,5
8040952,Bedford-Stuyvesant,180000,4
14278628,Civic Center,80000,3
22545454,Harlem,250000,8
6217257,Harlem,250000,8
54576093,Bedford-Stuyvesant,180000,4
47630368,Williamsburg,200000,4
4610617,Morningside Heights,150000,5
50159350,SoHo,120000,4
19168692,SoHo,120000,4
15645571,Ridgewood,100000,4
4938683,Bushwick,120000,4
48124677,Sunset Park,250000,6
6067584,Midtown,250000,3
16090724,Hell's Kitchen,100000,3
6887749,Harlem,250000,8
51045239,Upper West Side,210000,5
47128327,Bedford-Stuyvesant,180000,4
2900696,Upper West Side,210000,5
11108978,Flushing,200000,7
3291724,Williamsburg,200000,4
12052307,Williamsburg,200000,4
2160614,East Harlem,120000,5
43361089,Flatlands,50000,3
50956871,Concourse,80000,4
47557465,Upper West Side,210000,5
48023606,Arverne,40000,2
22676350,Red Hook,120000,5
21977690,Lower East Side,100000,3
9569718,Upper West Side,210000,5
49209946,Chelsea,80000,3
45216817,Greenwich Village,150000,3
16029419,Harlem,250000,8
17947005,Flushing,200000,7
22566442,Midtown,250000,3
53435593,Jamaica,250000,7
9890052,Harlem,250000,8
2652713,Hell's Kitchen,100000,3
10489298,East Flatbush,120000,5
18658919,Harlem,250000,8
20333493,East Harlem,120000,5
18277280,Concourse Village,80000,5
51992434,Bushwick,120000,4
20535082,Financial District,40000,2
8557905,Forest Hills,180000,6
43104822,Williamsburg,200000,4
13083451,Kingsbridge,50000,3
11676743,Bedford-Stuyvesant,180000,4
27038967,Williamsburg,200000,4
24004631,Bushwick,120000,4
11237664,Bedford-Stuyvesant,180000,4
15033622,Crown Heights,200000,5
6788888,Williamsburg,200000,4
54113266,Bedford-Stuyvesant,180000,4
21683866,Canarsie,120000,4
49445226,Flatbush,180000,5
51747212,Inwood,60000,2
50912135,Bayside,120000,4
24191861,Financial District,40000,2
11025581,NoHo,30000,2
51425774,Brooklyn Heights,100000,3
23820163,Chelsea,80000,3
48392542,Harlem,250000,8
5432991,West Brighton,150000,5
13476136,SoHo,120000,4
9827090,East Harlem,120000,5
50687349,Cypress Hills,100000,4
17901716,Park Slope,150000,5
24073116,East Flatbush,120000,5
3475088,Lower East Side,100000,3
48597998,Bedford-Stuyvesant,180000,4
51668233,Ditmars Steinway,80000,4
23445703,Sheepshead Bay,100000,3
53620062,Astoria,250000,7
49220440,East Village,110000,3
21662327,East Flatbush,120000,5
15324684,Bushwick,120000,4
18344661,Ridgewood,100000,4
51641723,Lower East Side,100000,3
22135096,Flushing,200000,7
49520891,West Village,100000,2
44710910,Brooklyn Heights,100000,3
4681863,Washington Heights,170000,6
53234556,Midwood,180000,5
48929930,Upper East Side,200000,6
7311364,Williamsburg,200000,4
5122599,Upper West Side,210000,5
48570383,Upper West Side,210000,5
23721301,Jackson Heights,180000,5
53854789,Hell's Kitchen,100000,3
8654005,Columbia St,50000,2
19024542,Hell's Kitchen,100000,3
9608379,Williamsburg,200000,4
5823467,Astoria,250000,7
20895182,Harlem,250000,8
56727301,Kensington,35000,2
53066105,Sheepshead Bay,100000,3
47214486,Harlem,250000,8
22224568,Rosebank,150000,5
50802779,Arverne,40000,2
14415598,Chinatown,100000,3
49647368,Washington Heights,170000,6
2564897,Harlem,250000,8
52125538,Bedford-Stuyvesant,180000,4
1898271,Upper West Side,210000,5
45692347,Prospect Heights,90000,4
43502478,Corona,200000,6
22943663,West Village,100000,2
3016679,East Village,110000,3
45500699,Park Slope,150000,5
53333970,Williamsburg,200000,4
4700641,Upper West Side,210000,5
48974666,Tompkinsville,60000,3
8990908,Bushwick,120000,4
12935987,Harlem,250000,8
56038583,Woodhaven,100000,4
49011118,Upper West Side,210000,5
3512092,Williamsburg,200000,4
50076505,Washington Heights,170000,6
14775146,Long Island City,180000,6
45905535,Williamsburg,200000,4
1774556,Harlem,250000,8
9496262,Upper West Side,210000,5
47026704,Harlem,250000,8
50842545,Bushwick,120000,4
24095761,Bushwick,120000,4
57307769,Midtown,250000,3
15306458,Fort Greene,70000,3
23675460,Midtown,250000,3
17047308,Brownsville,180000,7
22754776,Bushwick,120000,4
47026152,Upper East Side,200000,6
47276344,Harlem,250000,8
18980358,Williamsburg,200000,4
27285293,Midtown,250000,3
13271233,Maspeth,60000,3
55344895,Bedford-Stuyvesant,180000,4
46145786,Upper East Side,200000,6
24628730,Bedford-Stuyvesant,180000,4
23577151,SoHo,120000,4
18211556,Midtown,250000,3
9734304,Washington Heights,170000,6
13302714,Chinatown,100000,3
10123675,Bedford-Stuyvesant,180000,4
55496225,Chelsea,80000,3
56833895,East Harlem,120000,5
25026938,Bushwick,120000,4
2518504,Fort Greene,70000,3
50284170,Williamsburg,200000,4
46874822,Ditmars Steinway,80000,4
47143792,Washington Heights,170000,6
55151037,East New York,150000,5
52058710,Gowanus,40000,2
1693368,Chelsea,80000,3
52131613,Midtown,250000,3
4518382,Harlem,250000,8
43248420,Bedford-Stuyvesant,180000,4
57322129,Fresh Meadows,120000,4
8598223,Chinatown,100000,3
7164452,Harlem,250000,8
47928058,Bedford-Stuyvesant,180000,4
5405376,Sunnyside,120000,5
53535007,East Harlem,120000,5
25145131,Borough Park,250000,6
51826191,Chinatown,100000,3
14911564,Harlem,250000,8
11587822,Upper West Side,210000,5
23610289,Bedford-Stuyvesant,180000,4
53446087,Great Kills,180000,6
12325695,East Elmhurst,100000,3
46575475,Bedford-Stuyvesant,180000,4
17934854,Long Island City,180000,6
19763519,Hollis,200000,6
22886776,Williamsburg,200000,4
23371143,Mount Hope,80000,4
1297921,Williamsburg,200000,4
10316428,Hell's Kitchen,100000,3
6031684,East Harlem,120000,5
13416488,Williamsburg,200000,4
50079266,Bensonhurst,180000,5
53172699,Crown Heights,200000,5
19722649,Elmhurst,120000,5
17435023,Astoria,250000,7
56092156,Bushwick,120000,4
13626362,Woodside,150000,4
44899245,Bushwick,120000,4
5745041,Washington Heights,170000,6
2643876,Upper West Side,210000,5
3304979,Bushwick,120000,4
49313226,Hell's Kitchen,100000,3
46572714,Flatlands,50000,3
9086456,Chelsea,80000,3
24929181,Bath Beach,150000,5
26492743,Long Island City,180000,6
21923565,Washington Heights,170000,6
7178812,Long Island City,180000,6
51643932,Glendale,80000,3
21742963,East Harlem,120000,5
22328401,Lower East Side,100000,3
17552662,Elmhurst,120000,5
9800027,Greenpoint,30000,2
46726253,Nolita,40000,2
57126614,East Village,110000,3
50498462,Clinton Hill,50000,3
13489944,Washington Heights,170000,6
2383191,East Harlem,120000,5
20584237,Fresh Meadows,120000,4
55567471,Belmont,120000,5
17349968,Bedford-Stuyvesant,180000,4
20540605,Bedford-Stuyvesant,180000,4
5227536,Flushing,200000,7
54014956,Harlem,250000,8
2523475,Bedford-Stuyvesant,180000,4
18334167,Midtown,250000,3
48081597,Williamsburg,200000,4
54679373,Williamsburg,200000,4
49783786,Upper West Side,210000,5
44261890,East Harlem,120000,5
48437278,Upper East Side,200000,6
46785349,Crown Heights,200000,5
48145664,Jackson Heights,180000,5
16538087,Park Slope,150000,5
12970229,Crown Heights,200000,5
51589807,Washington Heights,170000,6
53483644,East Village,110000,3
9774069,Concourse,80000,4
19918716,West Village,100000,2
50934227,Williamsburg,200000,4
44547982,Cambria Heights,100000,5
17916628,Hell's Kitchen,100000,3
12101461,Lower East Side,100000,3
22392467,Woodside,150000,4
11275221,Theater District,120000,4
10739490,East Village,110000,3
24360312,Kips Bay,50000,2
3336460,Windsor Terrace,30000,2
1876179,Crown Heights,200000,5
14397925,Crown Heights,200000,5
5304858,Bedford-Stuyvesant,180000,4
2299241,Midtown,250000,3
27207419,West Village,100000,2
47318319,Jamaica,250000,7
48486433,Upper East Side,200000,6
3112227,Bushwick,120000,4
10140796,Chelsea,80000,3
48383705,Williamsburg,200000,4
46081167,Bedford-Stuyvesant,180000,4
43334579,East Harlem,120000,5
15559412,Midtown,250000,3
9816596,East Village,110000,3
1220599,Bedford-Stuyvesant,180000,4
47625397,East Harlem,120000,5
53166623,Hell's Kitchen,100000,3
18308209,Sheepshead Bay,100000,3
43855398,West Brighton,150000,5
11093514,Glendale,80000,3
16144850,Woodside,150000,4
3719757,Bedford-Stuyvesant,180000,4
21181273,Jackson Heights,180000,5
51006578,East Flatbush,120000,5
9374204,Chelsea,80000,3
56583151,Upper East Side,200000,6
25337883,Gravesend,200000,6
15762658,Upper East Side,200000,6
55505062,Harlem,250000,8
24877265,Prospect Heights,90000,4
53860864,Williamsburg,200000,4
6998209,Flatlands,50000,3
6515499,Bedford-Stuyvesant,180000,4
18439656,Mott Haven,80000,3
3293381,Long Island City,180000,6
14028436,Sunnyside,120000,5
12273227,Crown Heights,200000,5
1892196,Chelsea,80000,3
2626755,Park Slope,150000,5
4205781,Bedford-Stuyvesant,180000,4
43157290,Bushwick,120000,4
52196232,East Flatbush,120000,5
15398692,Chinatown,100000,3
45109119,Greenpoint,30000,2
18206586,Cypress Hills,100000,4
55235539,Hell's Kitchen,100000,3
18932860,Rego Park,150000,4
54486068,Bedford-Stuyvesant,180000,4
12082683,Crown Heights,200000,5
56255085,Bedford-Stuyvesant,180000,4
21439750,Bedford-Stuyvesant,180000,4
50128973,East Flatbush,120000,5
5860471,Williamsburg,200000,4
3208327,Boerum Hill,50000,2
19178634,Borough Park,250000,6
21353591,Flatbush,180000,5
11343706,Morningside Heights,150000,5
11433731,Hell's Kitchen,100000,3
49749543,Crown Heights,200000,5
16191243,Harlem,250000,8
10479356,East Harlem,120000,5
2140179,Bedford-Stuyvesant,180000,4
3081850,Williamsburg,200000,4
1547561,Upper East Side,200000,6
20982445,Sheepshead Bay,100000,3
13671650,Chelsea,80000,3
47677866,Two Bridges,40000,2
55042234,Bedford-Stuyvesant,180000,4
2830001,East Village,110000,3
50309023,Chelsea,80000,3
18901931,Red Hook,120000,5
19719888,Brighton Beach,120000,5
15196551,Whitestone,120000,5
43441725,Murray Hill,60000,2
56182734,Upper West Side,210000,5
7026929,Upper West Side,210000,5
53077703,Inwood,60000,2
10069550,Bensonhurst,180000,5
47181901,Springfield Gardens,150000,5
17943691,Crown Heights,200000,5
49917442,Flushing,200000,7
3727489,Prospect-Lefferts Gardens,80000,4
23290507,Hell's Kitchen,100000,3
53151711,Greenpoint,30000,2
46126455,East Flatbush,120000,5
3433665,Sunset Park,250000,6
49237009,Harlem,250000,8
9776278,Tribeca,100000,4
3138737,South Slope,100000,3
4705060,Bushwick,120000,4
46063493,Crown Heights,200000,5
8005052,Boerum Hill,50000,2
56691402,Crown Heights,200000,5
48459923,Flatbush,180000,5
53315192,Hell's Kitchen,100000,3
6900452,Bushwick,120000,4
45116851,Gowanus,40000,2
22798408,Bedford-Stuyvesant,180000,4
2544462,Sheepshead Bay,100000,3
19767385,Rosedale,150000,6
27240004,East Flatbush,120000,5
24882788,Harlem,250000,8
54493800,Bedford-Stuyvesant,180000,4
12821661,Williamsburg,200000,4
51641171,Bushwick,120000,4
1679008,East Village,110000,3
24279124,Inwood,60000,2
47683389,Hell's Kitchen,100000,3
21443616,Sunnyside,120000,5
25251172,Nolita,40000,2
23494306,Flushing,200000,7
18856643,Harlem,250000,8
21160838,Williamsburg,200000,4
7132418,Crown Heights,200000,5
45347160,Upper East Side,200000,6
11699387,Mott Haven,80000,3
6373006,Gowanus,40000,2
46943859,Harlem,250000,8
46768780,East Flatbush,120000,5
5909626,Crown Heights,200000,5
54244161,Jackson Heights,180000,5
17776344,East Elmhurst,100000,3
47747456,Harlem,250000,8
4648725,Upper East Side,200000,6
50653658,Concord,60000,3
49827418,Midtown,250000,3
42881140,East New York,150000,5
50856352,Bedford-Stuyvesant,180000,4
11340392,Corona,200000,6
50717725,Financial District,40000,2
25820041,Harlem,250000,8
9112414,Long Island City,180000,6
16659593,Elmhurst,120000,5
18325330,Greenpoint,30000,2
6379633,Williamsburg,200000,4
25290385,Astoria,250000,7
50020723,Harlem,250000,8
42894396,Williamsburg,200000,4
4149446,Prospect-Lefferts Gardens,80000,4
50325040,Bedford-Stuyvesant,180000,4
25052896,Williamsburg,200000,4
13815801,Williamsburg,200000,4
6630378,Boerum Hill,50000,2
17776896,Bushwick,120000,4
8846205,Harlem,250000,8
44036000,East Harlem,120000,5
42876722,Upper East Side,200000,6
53539426,Greenpoint,30000,2
47240997,Ditmars Steinway,80000,4
55837546,Borough Park,250000,6
42937475,Midtown,250000,3
47618218,Upper East Side,200000,6
7425137,Inwood,60000,2
49464556,Chelsea,80000,3
24558588,East Village,110000,3
51083348,Upper East Side,200000,6
55773479,SoHo,120000,4
54221516,Upper West Side,210000,5
9316213,Upper West Side,210000,5
50415617,East Harlem,120000,5
15799662,Harlem,250000,8
22527781,Chelsea,80000,3
18634066,Greenpoint,30000,2
43911732,East New York,150000,5
43334026,Bedford-Stuyvesant,180000,4
4473646,Hell's Kitchen,100000,3
17781315,Financial District,40000,2
9314556,Bedford-Stuyvesant,180000,4
2562136,East Harlem,120000,5
14341590,Cobble Hill,60000,2
6889406,Bedford-Stuyvesant,180000,4
4051689,Harlem,250000,8
27533828,Brighton Beach,120000,5
52154257,Harlem,250000,8
27728790,Harlem,250000,8
57121644,Rego Park,150000,4
1614941,Morningside Heights,150000,5
46619659,Upper West Side,210000,5
21634712,Williamsburg,200000,4
55232225,Hell's Kitchen,100000,3
15352299,Long Island City,180000,6
5630715,Williamsburg,200000,4
20223033,Greenpoint,30000,2
48346149,Harlem,250000,8
11029447,Bushwick,120000,4
3193967,Hell's Kitchen,100000,3
54820762,Murray Hill,60000,2
16085201,Bushwick,120000,4
9767994,Crown Heights,200000,5
12666464,Bedford-Stuyvesant,180000,4
27288607,Bushwick,120000,4
5810764,South Slope,100000,3
54473365,Harlem,250000,8
12766983,Harlem,250000,8
18538518,Prospect Heights,90000,4
22858056,Midtown,250000,3
10076177,Flatbush,180000,5
1417218,Bedford-Stuyvesant,180000,4
7498593,City Island,60000,2
7559899,Midtown,250000,3
23581017,Financial District,40000,2
17537750,Bushwick,120000,4
18662233,Gramercy,50000,2
20064523,Chelsea,80000,3
21301675,Williamsburg,200000,4
43557708,Kew Gardens Hills,120000,5
46184999,East Village,110000,3
24183576,East New York,150000,5
23205453,East Village,110000,3
18612526,East Village,110000,3
15212567,Lower East Side,100000,3
11830282,Midtown,250000,3
6409458,Financial District,40000,2
53652095,Edenwald,100000,4
49746229,Upper West Side,210000,5
54662804,Flatbush,180000,5
20255619,Upper West Side,210000,5
2712361,Chelsea,80000,3
50037844,Murray Hill,60000,2
51475481,Greenpoint,30000,2
12450515,Fieldston,50000,3
2008179,Bushwick,120000,4
4913829,Upper East Side,200000,6
5038097,Upper East Side,200000,6
42984973,Bedford-Stuyvesant,180000,4
54869364,Middle Village,120000,5
43831649,Chinatown,100000,3
23151328,Jamaica,250000,7
21256386,Williamsburg,200000,4
51630125,Williamsburg,200000,4
8502675,Lower East Side,100000,3
2099861,Bushwick,120000,4
11449747,Woodhaven,100000,4
5131435,Sunset Park,250000,6
53020264,East Harlem,120000,5
16089067,Astoria,250000,7
54465633,Downtown Brooklyn,150000,5
23165687,Battery Park City,50000,2
11183539,Upper West Side,210000,5
5437962,Chinatown,100000,3
21850109,Jackson Heights,180000,5
50089760,Brighton Beach,120000,5
54436913,East Village,110000,3
12375955,Hunts Point,80000,3
1653050,SoHo,120000,4
56731720,Sunset Park,250000,6
21015583,SoHo,120000,4
43083282,Murray Hill,60000,2
46321417,East Flatbush,120000,5
1593954,Sunset Park,250000,6
15138007,Bushwick,120000,4
10384361,Bushwick,120000,4
57175769,Washington Heights,170000,6
9301853,Bedford-Stuyvesant,180000,4
20833324,Carroll Gardens,40000,2
26636893,Corona,200000,6
19281914,Bedford-Stuyvesant,180000,4
21233742,Flatbush,180000,5
25484795,Inwood,60000,2
47409448,Jamaica,250000,7
52335964,Harlem,250000,8
44203347,Bushwick,120000,4
4558148,Flatiron District,50000,2
43053458,Chelsea,80000,3
25539473,Bushwick,120000,4
9096397,Chinatown,100000,3
19888891,Flatbush,180000,5
48910047,East Village,110000,3
2322438,SoHo,120000,4
8471746,Williamsburg,200000,4
51490945,Crown Heights,200000,5
5630162,Williamsburg,200000,4
55830919,Midtown,250000,3
13546831,Windsor Terrace,30000,2
5426916,Fort Greene,70000,3
48596341,Crown Heights,200000,5
55570233,Woodside,150000,4
43000437,Prospect Heights,90000,4
50484102,Hell's Kitchen,100000,3
48717847,Bushwick,120000,4
18206033,Chinatown,100000,3
55346551,Cypress Hills,100000,4
6380186,Bedford-Stuyvesant,180000,4
23582674,Williamsburg,200000,4
49394967,Harlem,250000,8
14517774,Prospect Heights,90000,4
46107677,Jackson Heights,180000,5
4731018,Astoria,250000,7
23283880,College Point,60000,3
8502122,Gramercy,50000,2
23553402,Washington Heights,170000,6
9992780,Gramercy,50000,2
19040559,Fort Greene,70000,3
11365246,Upper East Side,200000,6
6706043,Clinton Hill,50000,3
3811438,Wakefield,100000,4
21202261,Astoria,250000,7
27098063,Murray Hill,60000,2
4288073,Gramercy,50000,2
7460485,Hell's Kitchen,100000,3
23822924,Chelsea,80000,3
7662626,East Village,110000,3
2732244,Bedford-Stuyvesant,180000,4
12691870,Bay Ridge,200000,5
42837509,Clinton Hill,50000,3
19299587,Carroll Gardens,40000,2
20226899,Bedford-Stuyvesant,180000,4
7388133,Elmhurst,120000,5
48208074,Bedford-Stuyvesant,180000,4
20693593,Jackson Heights,180000,5
13287250,Canarsie,120000,4
27358749,Bedford-Stuyvesant,180000,4
9272029,Crown Heights,200000,5
21873858,Bedford-Stuyvesant,180000,4
1119528,Williamsburg,200000,4
17146170,Harlem,250000,8
5120389,Murray Hill,60000,2
19624892,Bedford-Stuyvesant,180000,4
5022080,East Flatbush,120000,5
9236129,Crown Heights,200000,5
19646984,Williamsburg,200000,4
21540821,Astoria,250000,7
54411508,University Heights,150000,6
23263444,East Village,110000,3
17522838,Sunnyside,120000,5
14575213,Williamsburg,200000,4
25126352,Hell's Kitchen,100000,3
49369009,Midtown,250000,3
51381590,Upper West Side,210000,5
27152189,Bushwick,120000,4
46592044,Kensington,35000,2
49872154,East New York,150000,5
52302826,Vinegar Hill,30000,2
26761713,Midtown,250000,3
13769960,Wakefield,100000,4
22973487,Murray Hill,60000,2
51617974,Upper East Side,200000,6
25952041,Flushing,200000,7
11733077,Hell's Kitchen,100000,3
27006934,Kips Bay,50000,2
21177960,East Flatbush,120000,5
55149380,St. Albans,70000,3
48201446,Hell's Kitchen,100000,3
4562566,Chelsea,80000,3
27052775,Financial District,40000,2
54729080,Midtown,250000,3
55583488,Upper West Side,210000,5
9459258,Bushwick,120000,4
44864450,Long Island City,180000,6
5588188,Greenpoint,30000,2
22290844,Williamsburg,200000,4
55654735,Bushwick,120000,4
2524579,Williamsburg,200000,4
2980779,SoHo,120000,4
43325742,Bushwick,120000,4
43512419,Upper East Side,200000,6
5568305,East Village,110000,3
52629235,Red Hook,120000,5
4015237,Elmhurst,120000,5
43990159,Chelsea,80000,3
1596163,Clinton Hill,50000,3
16797668,Upper West Side,210000,5
50148304,Bushwick,120000,4
2952060,Greenpoint,30000,2
19720440,Astoria,250000,7
20908990,Ditmars Steinway,80000,4
26088459,Flushing,200000,7
1709385,Chelsea,80000,3
20466045,Crown Heights,200000,5
12721694,Upper West Side,210000,5
26786014,Hell's Kitchen,100000,3
21397223,Elmhurst,120000,5
12078817,Bedford-Stuyvesant,180000,4
11292894,Bedford-Stuyvesant,180000,4
21273508,Bay Ridge,200000,5
54560076,Hell's Kitchen,100000,3
27199687,East Elmhurst,100000,3
2538387,Greenpoint,30000,2
55880626,Crown Heights,200000,5
16921384,Sunnyside,120000,5
48233480,Forest Hills,180000,6
5467786,Cypress Hills,100000,4
44524233,East Village,110000,3
45751444,Harlem,250000,8
17640478,Upper East Side,200000,6
23095545,Two Bridges,40000,2
12965259,St. George,150000,5
45115746,University Heights,150000,6
27175938,Prospect-Lefferts Gardens,80000,4
21129357,Clinton Hill,50000,3
17705097,Midtown,250000,3
9435509,Kensington,35000,2
26232057,Westchester Square,200000,6
20407501,Williamsburg,200000,4
43563783,Oakwood,120000,4
44357991,Harlem,250000,8
9923743,Upper East Side,200000,6
24776746,Bedford-Stuyvesant,180000,4
43034680,Sunnyside,120000,5
25423490,Williamsburg,200000,4
10052428,Ditmars Steinway,80000,4
53691861,Williamsburg,200000,4
11959520,Bushwick,120000,4
10403139,Upper West Side,210000,5
1968413,Upper East Side,200000,6
53618405,Jackson Heights,180000,5
23754991,Harlem,250000,8
24312814,Forest Hills,180000,6
3337013,Flatbush,180000,5
25708477,Hell's Kitchen,100000,3
10330235,Upper West Side,210000,5
9373652,Bedford-Stuyvesant,180000,4
48374869,Chelsea,80000,3
56468273,Cobble Hill,60000,2
11332660,Upper West Side,210000,5
2065066,Bedford-Stuyvesant,180000,4
55727086,Hell's Kitchen,100000,3
18435790,Upper East Side,200000,6
1933066,Williamsburg,200000,4
24894386,Astoria,250000,7
2955926,Maspeth,60000,3
24533734,Financial District,40000,2
2168898,East Village,110000,3
20465493,Schuylerville,60000,3
44570626,Harlem,250000,8
13014966,Greenpoint,30000,2
24330488,West Village,100000,2
48025263,Bushwick,120000,4
10290470,Upper West Side,210000,5
55200192,Williamsburg,200000,4
19309529,Midtown,250000,3
14541523,East Village,110000,3
2833315,Ditmars Steinway,80000,4
10381599,Fort Greene,70000,3
54232562,Hell's Kitchen,100000,3
26962198,Bayside,120000,4
22651496,East Village,110000,3
20140740,Midwood,180000,5
22609521,Williamsburg,200000,4
45863008,Prospect-Lefferts Gardens,80000,4
4958566,Mariners Harbor,50000,3
47886635,Sunset Park,250000,6
21383415,Midtown,250000,3
2471559,West Village,100000,2
3379540,Jackson Heights,180000,5
26971587,Flatbush,180000,5
26031020,Williamsburg,200000,4
10421917,Lower East Side,100000,3
4058317,Bedford-Stuyvesant,180000,4
50574679,East Harlem,120000,5
16609334,Crown Heights,200000,5
13261291,Chelsea,80000,3
15996281,Upper West Side,210000,5
25312477,Murray Hill,60000,2
48297547,Upper East Side,200000,6
50824871,Hell's Kitchen,100000,3
13613659,Jamaica,250000,7
53605150,Gramercy,50000,2
21768368,East Harlem,120000,5
4395220,Flatbush,180000,5
27377527,East Flatbush,120000,5
4436090,Upper West Side,210000,5
26296124,Upper East Side,200000,6
13193359,Williamsburg,200000,4
9772412,Greenpoint,30000,2
19188023,Bedford-Stuyvesant,180000,4
18466719,Brownsville,180000,7
7250611,Upper West Side,210000,5
3377883,Park Slope,150000,5
9924847,Bushwick,120000,4
21122730,Crown Heights,200000,5
55351522,Springfield Gardens,150000,5
4943653,Bedford-Stuyvesant,180000,4
24406153,East Flatbush,120000,5
44758408,East Elmhurst,100000,3
7913371,Kips Bay,50000,2
7213054,Upper East Side,200000,6
1646975,Brighton Beach,120000,5
45801151,Harlem,250000,8
7041841,Upper West Side,210000,5
51586493,Canarsie,120000,4
21080755,Prospect-Lefferts Gardens,80000,4
19422750,Long Island City,180000,6
52010107,Bayside,120000,4
43918912,Lower East Side,100000,3
47808209,East Village,110000,3
25441716,Woodside,150000,4
14686225,Bedford-Stuyvesant,180000,4
55168159,South Slope,100000,3
43571515,Gravesend,200000,6
46993566,East Harlem,120000,5
5714112,Williamsburg,200000,4
24639224,Gowanus,40000,2
4928189,Williamsburg,200000,4
1359779,Crown Heights,200000,5
17451592,East New York,150000,5
48398065,Bedford-Stuyvesant,180000,4
11365798,Midtown,250000,3
54255207,Williamsburg,200000,4
27155503,Harlem,250000,8
8840130,Harlem,250000,8
25619004,South Slope,100000,3
49803116,Park Slope,150000,5
12719485,Harlem,250000,8
12944271,Chelsea,80000,3
55776793,Bedford-Stuyvesant,180000,4
52962272,Bedford-Stuyvesant,180000,4
11468526,East Village,110000,3
21693808,Crown Heights,200000,5
23958238,Astoria,250000,7
48711772,Brooklyn Heights,100000,3
54231458,Hell's Kitchen,100000,3
57072489,East Village,110000,3
8005605,Kensington,35000,2
47851840,Williamsburg,200000,4
23004968,East Village,110000,3
12662046,Bedford-Stuyvesant,180000,4
48976876,East Flatbush,120000,5
51601405,Bedford-Stuyvesant,180000,4
50564738,Elmhurst,120000,5
19474666,Hell's Kitchen,100000,3
47842451,Park Slope,150000,5
20668187,Bedford-Stuyvesant,180000,4
13276204,Chelsea,80000,3
24925315,Financial District,40000,2
53288129,Greenpoint,30000,2
50645374,Crown Heights,200000,5
7118611,Theater District,120000,4
5983082,Williamsburg,200000,4
2576496,East Village,110000,3
5243000,Midtown,250000,3
7491413,Hell's Kitchen,100000,3
18385531,Kips Bay,50000,2
21149792,Flushing,200000,7
57313292,Glendale,80000,3
52500550,Flushing,200000,7
7092100,East Village,110000,3
13929022,Park Slope,150000,5
51852702,Bedford-Stuyvesant,180000,4
54613649,West Village,100000,2
10494268,Upper East Side,200000,6
6455299,Williamsburg,200000,4
43690812,East Harlem,120000,5
45895042,Long Island City,180000,6
4170986,Lower East Side,100000,3
3848995,Astoria,250000,7
55639270,South Slope,100000,3
17142304,East Harlem,120000,5
50200220,Upper West Side,210000,5
6253709,Bedford-Stuyvesant,180000,4
21719766,Upper West Side,210000,5
9069334,Upper East Side,200000,6
54862184,Kips Bay,50000,2
9508965,Park Slope,150000,5
26752876,Bedford-Stuyvesant,180000,4
52692750,Long Island City,180000,6
56683670,Greenpoint,30000,2
56401444,Upper East Side,200000,6
44121606,East Flatbush,120000,5
48179354,Wakefield,100000,4
15620165,Hell's Kitchen,100000,3
2756545,Upper East Side,200000,6
13698713,Theater District,120000,4
15318057,Upper West Side,210000,5
3248092,Bedford-Stuyvesant,180000,4
13990880,Forest Hills,180000,6
27448774,Williamsburg,200000,4
20720655,Springfield Gardens,150000,5
16499426,Bedford-Stuyvesant,180000,4
1718221,Chelsea,80000,3
17204161,Upper East Side,200000,6
25822803,East New York,150000,5
48327923,Upper East Side,200000,6
18829580,Sunset Park,250000,6
2143492,Chinatown,100000,3
48224643,Gowanus,40000,2
6710461,Harlem,250000,8
19553093,Sunnyside,120000,5
42857944,Hell's Kitchen,100000,3
20648856,Hell's Kitchen,100000,3
47336545,Harlem,250000,8
2991273,Bedford-Stuyvesant,180000,4
43049592,Upper West Side,210000,5
20225794,Lower East Side,100000,3
53192581,Washington Heights,170000,6
52320500,Lower East Side,100000,3
49656205,Glendale,80000,3
12104775,South Beach,150000,5
18815773,West Village,100000,2
15833353,Crown Heights,200000,5
50687901,Borough Park,250000,6
27280322,Bushwick,120000,4
9063811,Flushing,200000,7
21894293,Lower East Side,100000,3
18447941,Long Island City,180000,6
47549732,Flatbush,180000,5
44446911,Fresh Meadows,120000,4
14290226,East Harlem,120000,5
21465156,Hell's Kitchen,100000,3
6865657,Bedford-Stuyvesant,180000,4
55876759,Lower East Side,100000,3
24189652,Financial District,40000,2
25553833,Midtown,250000,3
20289861,Bedford-Stuyvesant,180000,4
51266711,Fordham,200000,7
2367174,Williamsburg,200000,4
7552719,Hell's Kitchen,100000,3
47171407,Brownsville,180000,7
21383968,Astoria,250000,7
18013833,East Flatbush,120000,5
17575307,Woodlawn,100000,4
49272908,Upper West Side,210000,5
56714599,Upper West Side,210000,5
7253372,Astoria,250000,7
20791350,Midtown,250000,3
4502366,Bedford-Stuyvesant,180000,4
10698619,Bushwick,120000,4
19781745,Williamsburg,200000,4
56957611,East New York,150000,5
27163235,Nolita,40000,2
14858543,Sheepshead Bay,100000,3
23713017,Bedford-Stuyvesant,180000,4
5999651,Williamsburg,200000,4
5084490,Bedford-Stuyvesant,180000,4
21734678,East Harlem,120000,5
3092896,Upper West Side,210000,5
51916216,Bedford-Stuyvesant,180000,4
5068473,Bedford-Stuyvesant,180000,4
50987248,Bedford-Stuyvesant,180000,4
3702635,Chelsea,80000,3
55729848,Arverne,40000,2
1833100,Harlem,250000,8
55571338,Maspeth,60000,3
21040437,Jamaica,250000,7
5259017,Harlem,250000,8
22323430,Williamsburg,200000,4
23624649,Woodhaven,100000,4
11427655,Harlem,250000,8
22544902,Harlem,250000,8
17378688,East New York,150000,5
18245799,Ridgewood,100000,4
48689127,West Village,100000,2
8720833,Upper West Side,210000,5
57168037,Harlem,250000,8
2311392,East Village,110000,3
21327633,Upper East Side,200000,6
1490122,Greenpoint,30000,2
56778113,Middle Village,120000,5
7415196,Flatbush,180000,5
57103970,Greenpoint,30000,2
1201821,Williamsburg,200000,4
22949186,Crown Heights,200000,5
3830217,Clinton Hill,50000,3
25333465,Bushwick,120000,4
18380008,Harlem,250000,8
26480592,Flatlands,50000,3
6051567,Upper East Side,200000,6
6654127,Williamsburg,200000,4
24771776,Inwood,60000,2
9710555,Inwood,60000,2
48129095,Chinatown,100000,3
57167485,Bath Beach,150000,5
6370797,Bushwick,120000,4
52033304,Harlem,250000,8
51869271,Rego Park,150000,4
52267479,Bushwick,120000,4
16018925,Williamsburg,200000,4
26429780,Elmhurst,120000,5
5503133,Bushwick,120000,4
12648238,Williamsburg,200000,4
11514919,Crown Heights,200000,5
19106282,Bushwick,120000,4
1984982,Fort Greene,70000,3
27150532,Bushwick,120000,4
55087523,Williamsburg,200000,4
1692816,Chelsea,80000,3
24307291,East Harlem,120000,5
5277243,Clinton Hill,50000,3
51653874,Prospect-Lefferts Gardens,80000,4
5905760,Williamsburg,200000,4
7402493,Williamsburg,200000,4
18346318,East Village,110000,3
3557380,Boerum Hill,50000,2
44697655,East Elmhurst,100000,3
25335674,Financial District,40000,2
5036440,Clinton Hill,50000,3
9834270,Flushing,200000,7
18365096,Midtown,250000,3
14074277,SoHo,120000,4
24264212,Midtown,250000,3
3947304,Upper East Side,200000,6
1205135,Crown Heights,200000,5
9827642,Sunset Park,250000,6
18706417,Kingsbridge,50000,3
49828522,Clinton Hill,50000,3
2374906,Bedford-Stuyvesant,180000,4
11202317,Williamsburg,200000,4
1510557,Harlem,250000,8
21579482,Upper East Side,200000,6
9990571,Bedford-Stuyvesant,180000,4
1905451,Canarsie,120000,4
56329093,Sunset Park,250000,6
5789777,West Village,100000,2
56310315,Morris Heights,100000,5
19130584,Hell's Kitchen,100000,3
47762920,Bushwick,120000,4
5357878,Boerum Hill,50000,2
20797977,Williamsburg,200000,4
53495794,Upper East Side,200000,6
26511521,Lower East Side,100000,3
2559374,Long Island City,180000,6
12647686,Harlem,250000,8
11016192,Bedford-Stuyvesant,180000,4
27018532,Harlem,250000,8
7090996,Bushwick,120000,4
23660548,Lower East Side,100000,3
54899188,Bay Ridge,200000,5
16277402,Bedford-Stuyvesant,180000,4
53346673,Greenwich Village,150000,3
19633729,Bedford-Stuyvesant,180000,4
2242354,Crown Heights,200000,5
20234079,Washington Heights,170000,6
52017839,Bushwick,120000,4
24800495,Morningside Heights,150000,5
52277973,Upper East Side,200000,6
47004612,Flushing,200000,7
7143464,Morningside Heights,150000,5
48895135,Bedford-Stuyvesant,180000,4
10918987,Nolita,40000,2
5484907,Upper West Side,210000,5
18862166,Astoria,250000,7
26246969,Sunset Park,250000,6
4110233,Bedford-Stuyvesant,180000,4
7138494,Clinton Hill,50000,3
55924257,Mott Haven,80000,3
17136781,Westerleigh,100000,3
20346748,Midtown,250000,3
45073771,Harlem,250000,8
1788364,Tottenville,40000,2
53590790,Little Italy,60000,2
9792847,Flatbush,180000,5
18718568,Flatbush,180000,5
54042571,East Village,110000,3
22501823,Bedford-Stuyvesant,180000,4
1899928,Kips Bay,50000,2
1922020,Allerton,60000,4
46166773,West Brighton,150000,5
20638915,Crown Heights,200000,5
47052662,Williamsburg,200000,4
50900536,Flatbush,180000,5
19975603,Ditmars Steinway,80000,4
4090350,Bedford-Stuyvesant,180000,4
14296854,East Harlem,120000,5
11160342,Howland Hook,60000,3
15112601,Williamsburg,200000,4
57145945,Midtown,250000,3
47788326,Elmhurst,120000,5
19718231,Bedford-Stuyvesant,180000,4
13082346,East New York,150000,5
17628880,Ridgewood,100000,4
18536309,Prospect-Lefferts Gardens,80000,4
44725270,Long Island City,180000,6
1284666,Williamsburg,200000,4
13055284,Upper East Side,200000,6
55381346,East New York,150000,5
45614473,Bedford-Stuyvesant,180000,4
4812206,Bedford-Stuyvesant,180000,4
46158489,Chelsea,80000,3
51524635,Lower East Side,100000,3
56923920,Bay Ridge,200000,5
16453585,Flatlands,50000,3
12092072,Bergen Beach,120000,4
8454625,Williamsburg,200000,4
14924267,Harlem,250000,8
6064822,Bedford-Stuyvesant,180000,4
23751678,Williamsburg,200000,4
23787025,Greenwich Village,150000,3
56331302,Midtown,250000,3
1748598,Inwood,60000,2
2952612,Bedford-Stuyvesant,180000,4
24419408,Concourse,80000,4
19964004,Midtown,250000,3
7326828,East Harlem,120000,5
26306065,Harlem,250000,8
3384511,Ridgewood,100000,4
23204901,Harlem,250000,8
51019833,Greenwich Village,150000,3
26316559,Mill Basin,200000,7
1818188,Chelsea,80000,3
56771485,Chelsea,80000,3
24813198,Bedford-Stuyvesant,180000,4
20312506,Midtown,250000,3
52432064,Bushwick,120000,4
26302751,Long Island City,180000,6
2748261,Hell's Kitchen,100000,3
50530495,Bedford-Stuyvesant,180000,4
26840139,Hell's Kitchen,100000,3
22796751,Chinatown,100000,3
48917779,Upper East Side,200000,6
19358683,Financial District,40000,2
24354237,West Village,100000,2
1685636,Upper West Side,210000,5
55930885,Borough Park,250000,6
15363898,Rego Park,150000,4
11508291,Bedford-Stuyvesant,180000,4
12314649,East Harlem,120000,5
48067790,Astoria,250000,7
43010931,Ozone Park,150000,6
21897054,Carroll Gardens,40000,2
22332819,Park Slope,150000,5
10091089,Washington Heights,170000,6
45204667,Park Slope,150000,5
3837397,Carroll Gardens,40000,2
13208271,Rockaway Beach,60000,3
2607977,Hell's Kitchen,100000,3
45394105,Williamsburg,200000,4
53908915,Bedford-Stuyvesant,180000,4
55994399,East Harlem,120000,5
52237655,Sheepshead Bay,100000,3
10235792,Bedford-Stuyvesant,180000,4
18574417,Bedford-Stuyvesant,180000,4
14743112,Bedford-Stuyvesant,180000,4
49095620,Cambria Heights,100000,5
9404581,Astoria,250000,7
52209487,East New York,150000,5
16050959,Bushwick,120000,4
52627579,Corona,200000,6
55066535,Springfield Gardens,150000,5
15893001,Williamsburg,200000,4
12007018,Bedford-Stuyvesant,180000,4
3129900,Harlem,250000,8
16272983,Windsor Terrace,30000,2
45453202,Flushing,200000,7
9587392,Allerton,60000,4
12589142,Bedford-Stuyvesant,180000,4
19856306,Carroll Gardens,40000,2
21561808,Fort Greene,70000,3
27100825,Bedford-Stuyvesant,180000,4
54314303,Greenpoint,30000,2
18449598,Williamsburg,200000,4
9293016,Upper East Side,200000,6
57301693,Upper West Side,210000,5
45677988,East Flatbush,120000,5
9210171,Washington Heights,170000,6
17675273,Williamsburg,200000,4
57123853,Upper East Side,200000,6
55363120,Harlem,250000,8
56361127,Prospect Heights,90000,4
55659706,Bedford-Stuyvesant,180000,4
9078171,Long Island City,180000,6
2173869,East Village,110000,3
19411152,Sunset Park,250000,6
10288261,Chelsea,80000,3
4639336,Astoria,250000,7
57309426,Harlem,250000,8
3601012,Williamsburg,200000,4
11520442,Bushwick,120000,4
53762555,Murray Hill,60000,2
44765036,Williamsburg,200000,4
20995701,Flatbush,180000,5
3608192,Chinatown,100000,3
25816727,East New York,150000,5
20469911,Flatbush,180000,5
45021855,Glendale,80000,3
2995691,Bushwick,120000,4
51808518,Harlem,250000,8
11418819,Canarsie,120000,4
55721563,Greenpoint,30000,2
43063952,Harlem,250000,8
54420897,Hell's Kitchen,100000,3
43024738,Nolita,40000,2
48507421,East Village,110000,3
7644400,Harlem,250000,8
14946911,South Ozone Park,150000,6
27494062,Midtown,250000,3
47692778,Bushwick,120000,4
52377387,Bedford-Stuyvesant,180000,4
56071169,Williamsburg,200000,4
11251472,Sunnyside,120000,5
53410740,Canarsie,120000,4
25299775,Harlem,250000,8
57322681,Cobble Hill,60000,2
2112011,Greenpoint,30000,2
17578068,Harlem,250000,8
26731336,Bedford-Stuyvesant,180000,4
9638756,Hell's Kitchen,100000,3
26412107,Ditmars Steinway,80000,4
17838754,Williamsburg,200000,4
56308106,Maspeth,60000,3
7456066,Harlem,250000,8
47487875,East Village,110000,3
21804268,East Flatbush,120000,5
12482548,Upper West Side,210000,5
51566058,East Village,110000,3
17976829,Jackson Heights,180000,5
22917152,Hell's Kitchen,100000,3
43638344,Bushwick,120000,4
6359198,Bay Ridge,200000,5
57230447,Harlem,250000,8
23877050,Financial District,40000,2
53738806,Hell's Kitchen,100000,3
47603858,Flatiron District,50000,2
24360865,Flatiron District,50000,2
16180749,Bedford-Stuyvesant,180000,4
55638718,Sunset Park,250000,6
54091174,Hell's Kitchen,100000,3
18899722,Boerum Hill,50000,2
21156972,Fort Greene,70000,3
46530739,Bushwick,120000,4
48566517,Prospect Heights,90000,4
10073416,Harlem,250000,8
5623535,Upper West Side,210000,5
13218212,East Village,110000,3
13340823,Financial District,40000,2
3259138,Upper East Side,200000,6
5915149,Astoria,250000,7
46463358,Bronxdale,250000,6
44630827,Chinatown,100000,3
21421524,Midtown,250000,3
50503433,Upper East Side,200000,6
10161232,Upper West Side,210000,5
43050144,Greenwich Village,150000,3
7480367,Bedford-Stuyvesant,180000,4
55706099,Hell's Kitchen,100000,3
44078527,Washington Heights,170000,6
5727367,Upper West Side,210000,5
18165715,East Harlem,120000,5
55143857,Harlem,250000,8
6538696,Washington Heights,170000,6
4890080,Bushwick,120000,4
19405629,Financial District,40000,2
56760992,East Harlem,120000,5
1714908,Greenpoint,30000,2
15054057,East Harlem,120000,5
52289019,Pelham Gardens,150000,5
24192413,Financial District,40000,2
24585098,Chelsea,80000,3
12744339,Bedford-Stuyvesant,180000,4
2232413,Harlem,250000,8
8702055,Williamsburg,200000,4
3753447,Sunset Park,250000,6
1708280,Windsor Terrace,30000,2
19533763,East Village,110000,3
7165004,East Village,110000,3
3514301,Windsor Terrace,30000,2
24222237,Prospect Heights,90000,4
9664714,Bedford-Stuyvesant,180000,4
17599608,Kips Bay,50000,2
47960644,Williamsburg,200000,4
23086156,Jamaica,250000,7
13558981,East Village,110000,3
12051754,Hell's Kitchen,100000,3
21158629,Bedford-Stuyvesant,180000,4
14928133,Bay Ridge,200000,5
20711818,East Village,110000,3
1473000,East New York,150000,5
3033248,Williamsburg,200000,4
1611628,West Village,100000,2
45270943,Williamsburg,200000,4
20330731,Hell's Kitchen,100000,3
6721507,Lower East Side,100000,3
53485300,Harlem,250000,8
27127335,Hell's Kitchen,100000,3
17427843,East Village,110000,3
27188088,Chelsea,80000,3
4563671,Flatiron District,50000,2
15822307,Bedford-Stuyvesant,180000,4
5102716,Harlem,250000,8
56603586,Williamsburg,200000,4
19120642,Harlem,250000,8
6348705,Harlem,250000,8
44634693,East Village,110000,3
19796657,South Slope,100000,3
5614146,Upper East Side,200000,6
3273498,Williamsburg,200000,4
7430108,Crown Heights,200000,5
11478467,Greenwich Village,150000,3
4132877,Bedford-Stuyvesant,180000,4
45861904,East Harlem,120000,5
12404122,Chinatown,100000,3
26735755,East Harlem,120000,5
15160651,Upper East Side,200000,6
42991048,Park Slope,150000,5
3446920,Chelsea,80000,3
15969218,Williamsburg,200000,4
9236681,Prospect-Lefferts Gardens,80000,4
46730671,Cypress Hills,100000,4
3610401,Woodside,150000,4
24177501,East New York,150000,5
1528783,Greenpoint,30000,2
21282897,Bedford-Stuyvesant,180000,4
26839035,Upper West Side,210000,5
52620951,Chelsea,80000,3
47878351,Crown Heights,200000,5
7866977,Harlem,250000,8
7218577,East Village,110000,3
7805120,East Village,110000,3
1166474,Greenpoint,30000,2
4850315,East Village,110000,3
2693583,West Village,100000,2
5425811,Harlem,250000,8
18586016,Williamsburg,200000,4
48929378,Bedford-Stuyvesant,180000,4
16865049,Glendale,80000,3
10141349,Crown Heights,200000,5
10329131,Windsor Terrace,30000,2
43871967,Bushwick,120000,4
13182313,Fort Hamilton,100000,4
4541027,Harlem,250000,8
17903373,Spuyten Duyvil,30000,2
45337771,Rego Park,150000,4
23618021,Whitestone,120000,5
2656579,Greenwich Village,150000,3
9660295,Upper West Side,210000,5
2405835,East Village,110000,3
27639317,Woodhaven,100000,4
55020142,Bushwick,120000,4
7025272,East Village,110000,3
26736307,Williamsburg,200000,4
19324993,Park Slope,150000,5
8796498,SoHo,120000,4
1850221,Park Slope,150000,5
2241802,Bushwick,120000,4
3247540,Flatbush,180000,5
49999183,South Slope,100000,3
1547008,Harlem,250000,8
56157328,Castleton Corners,60000,3
16318272,Bedford-Stuyvesant,180000,4
3709263,Greenpoint,30000,2
47479590,Ditmars Steinway,80000,4
16012850,Concourse,80000,4
57048740,Jamaica,250000,7
4113547,Carroll Gardens,40000,2
24983307,Astoria,250000,7
7219682,Upper West Side,210000,5
44267966,Lower East Side,100000,3
27364272,Upper East Side,200000,6
12097595,East Village,110000,3
17315726,Upper East Side,200000,6
27131754,Borough Park,250000,6
47181348,Ridgewood,100000,4
5852739,Williamsburg,200000,4
20735567,Sunnyside,120000,5
26119940,West Village,100000,2
50623282,Williamsburg,200000,4
50902746,East New York,150000,5
6609943,Jamaica,250000,7
51608033,Bedford-Stuyvesant,180000,4
5300439,Greenpoint,30000,2
53555995,West Village,100000,2
6364169,Flatbush,180000,5
1527126,Williamsburg,200000,4
53935977,Hell's Kitchen,100000,3
3523690,Inwood,60000,2
1967309,East Village,110000,3
56943251,Gramercy,50000,2
11690550,Brooklyn Heights,100000,3
50050547,West Brighton,150000,5
4617796,West Village,100000,2
55079791,Williamsburg,200000,4
9674655,Harlem,250000,8
51862643,Williamsburg,200000,4
46962085,Crown Heights,200000,5
24263660,Bushwick,120000,4
20983550,Harlem,250000,8
6546428,Little Italy,60000,2
8475612,Midtown,250000,3
55964575,Bedford-Stuyvesant,180000,4
13519216,Upper West Side,210000,5
44969939,Bedford-Stuyvesant,180000,4
19238834,Bedford-Stuyvesant,180000,4
5132540,Greenpoint,30000,2
11591689,Williamsburg,200000,4
27217912,Greenpoint,30000,2
1003689,East Harlem,120000,5
43191533,Williamsburg,200000,4
20588656,Cypress Hills,100000,4
13859432,Harlem,250000,8
3683857,Upper East Side,200000,6
51527949,St. George,150000,5
44206660,Hell's Kitchen,100000,3
48012007,Hell's Kitchen,100000,3
4877377,Upper West Side,210000,5
7837705,East Village,110000,3
4369814,Lower East Side,100000,3
5273377,Williamsburg,200000,4
54071291,Williamsburg,200000,4
23065721,Long Island City,180000,6
21304989,Jamaica,250000,7
1225570,Williamsburg,200000,4
17019141,Hell's Kitchen,100000,3
20487585,Hell's Kitchen,100000,3
55605028,Sunnyside,120000,5
54642921,Williamsburg,200000,4
16894873,Bushwick,120000,4
56729511,Rego Park,150000,4
14782878,Crown Heights,200000,5
12428423,Bushwick,120000,4
54810268,Williamsburg,200000,4
19780641,Bushwick,120000,4
10203206,Upper West Side,210000,5
21184035,Williamsburg,200000,4
56952640,Cypress Hills,100000,4
1634272,Williamsburg,200000,4
55275305,Stapleton,120000,5
27189193,Sunnyside,120000,5
5903551,Flatbush,180000,5
17129048,Harlem,250000,8
49302180,East Village,110000,3
52563512,Bedford-Stuyvesant,180000,4
19324441,Bedford-Stuyvesant,180000,4
57127719,East Village,110000,3
20331836,Upper East Side,200000,6
48933796,East Flatbush,120000,5
53966354,SoHo,120000,4
26483353,Murray Hill,60000,2
19873979,Borough Park,250000,6
48457161,West Village,100000,2
53896764,East Harlem,120000,5
56218633,Upper East Side,200000,6
2260580,Bedford-Stuyvesant,180000,4
4961879,Midtown,250000,3
22087045,Greenpoint,30000,2
52912013,Kips Bay,50000,2
2146254,Vinegar Hill,30000,2
7752651,Greenwich Village,150000,3
24600563,Williamsburg,200000,4
43437307,Bedford-Stuyvesant,180000,4
24072564,Clinton Hill,50000,3
1211762,South Slope,100000,3
6464135,Upper West Side,210000,5
6939666,Bedford-Stuyvesant,180000,4
2784713,Williamsburg,200000,4
50031769,East Harlem,120000,5
23465034,Harlem,250000,8
20960353,Windsor Terrace,30000,2
46520245,Murray Hill,60000,2
9851944,Williamsburg,200000,4
24344848,Williamsbridge,80000,4
55843621,Prospect-Lefferts Gardens,80000,4
54167943,Harlem,250000,8
3687171,Upper West Side,210000,5
43046830,Murray Hill,60000,2
2677014,Bushwick,120000,4
27647050,Bedford-Stuyvesant,180000,4
4189764,Prospect-Lefferts Gardens,80000,4
51289908,Williamsburg,200000,4
2062857,Lower East Side,100000,3
7811195,West Village,100000,2
53013084,Washington Heights,170000,6
14610008,Bedford-Stuyvesant,180000,4
52327127,Flatbush,180000,5
2085501,East Harlem,120000,5
23962104,Cypress Hills,100000,4
18863270,Bedford-Stuyvesant,180000,4
20554965,Flatbush,180000,5
2051258,Chelsea,80000,3
43817841,Williamsburg,200000,4
11544743,East Harlem,120000,5
7544434,Prospect-Lefferts Gardens,80000,4
44217154,Fort Greene,70000,3
47602201,Ozone Park,150000,6
10364478,Sunnyside,120000,5
4516173,Hell's Kitchen,100000,3
42899919,Park Slope,150000,5
19545361,Bedford-Stuyvesant,180000,4
45686272,Chinatown,100000,3
44962207,Upper East Side,200000,6
22526676,Williamsburg,200000,4
44115531,Harlem,250000,8
53803978,Maspeth,60000,3
47955121,Longwood,120000,4
15415261,Prospect Heights,90000,4
6096856,Williamsburg,200000,4
46115409,West Village,100000,2
44526442,Highbridge,120000,4
8121588,Fort Greene,70000,3
55596191,Hell's Kitchen,100000,3
11201765,Upper East Side,200000,6
18841731,Woodside,150000,4
6180253,East Village,110000,3
9708346,Bedford-Stuyvesant,180000,4
50185308,Crown Heights,200000,5
17467056,Bushwick,120000,4
43187667,Astoria,250000,7
44313254,Kingsbridge,50000,3
5505895,Sheepshead Bay,100000,3
24365283,Jackson Heights,180000,5
46012681,East Elmhurst,100000,3
10347357,East Village,110000,3
6926963,Crown Heights,200000,5
52382357,Bedford-Stuyvesant,180000,4
54131491,Bushwick,120000,4
11801563,Midtown,250000,3
53032414,Prospect-Lefferts Gardens,80000,4
3580577,Harlem,250000,8
23518607,Kips Bay,50000,2
25439506,Midtown,250000,3
10261750,Financial District,40000,2
4933160,Bedford-Stuyvesant,180000,4
17342788,Bushwick,120000,4
18608660,Washington Heights,170000,6
17303023,Bedford-Stuyvesant,180000,4
25532845,Harlem,250000,8
5252941,Bedford-Stuyvesant,180000,4
25779171,Harlem,250000,8
9628814,Harlem,250000,8
6611599,Bushwick,120000,4
45425034,Financial District,40000,2
19462516,Upper West Side,210000,5
51906275,Clinton Hill,50000,3
15162860,Bedford-Stuyvesant,180000,4
11440911,Upper West Side,210000,5
16847375,Cypress Hills,100000,4
23559477,Upper West Side,210000,5
54046437,Crown Heights,200000,5
2139074,Upper West Side,210000,5
1373586,Harlem,250000,8
54389416,Bedford-Stuyvesant,180000,4
25348377,Lower East Side,100000,3
4506784,Kew Gardens,120000,4
11681713,Washington Heights,170000,6
3100076,Kips Bay,50000,2
49666146,Greenpoint,30000,2
46060732,Crown Heights,200000,5
20669291,Kips Bay,50000,2
4063287,University Heights,150000,6
43974694,Chelsea,80000,3
4266534,Bedford-Stuyvesant,180000,4
4830432,Morris Park,180000,6
3705949,Kips Bay,50000,2
18781530,Greenpoint,30000,2
12887384,Astoria,250000,7
53231242,Kips Bay,50000,2
1017353,Inwood,60000,2
22633270,Midtown,250000,3
51073406,East Harlem,120000,5
1101302,Fort Greene,70000,3
47469649,South Slope,100000,3
43269407,Flushing,200000,7
10383256,Hell's Kitchen,100000,3
13000606,Harlem,250000,8
1212315,Lower East Side,100000,3
4645964,Ditmars Steinway,80000,4
18134234,Flushing,200000,7
6014011,Upper West Side,210000,5
48631688,Bushwick,120000,4
9751425,Sunset Park,250000,6
48077731,Upper East Side,200000,6
26144794,Washington Heights,170000,6
1740866,West Village,100000,2
11663488,East Harlem,120000,5
26171856,Bushwick,120000,4
20294832,Upper East Side,200000,6
10959305,Chelsea,80000,3
2850989,Upper East Side,200000,6
7426242,Upper East Side,200000,6
22415664,West Village,100000,2
24991039,East Flatbush,120000,5
21417658,Crown Heights,200000,5
53932663,Harlem,250000,8
14882292,Upper West Side,210000,5
13438580,Boerum Hill,50000,2
1671276,Kensington,35000,2
11174702,Briarwood,80000,4
47458603,Harlem,250000,8
20975818,Astoria,250000,7
3401080,Long Island City,180000,6
9825985,Crown Heights,200000,5
21316035,Cypress Hills,100000,4
21388386,Cambria Heights,100000,5
21302779,Ozone Park,150000,6
21281792,Bedford-Stuyvesant,180000,4
19637043,West Village,100000,2
13964922,Williamsburg,200000,4
13067986,Huguenot,150000,5
17152245,East Village,110000,3
52377939,Lower East Side,100000,3
8531947,Flushing,200000,7
9512831,Williamsburg,200000,4
43891849,Clinton Hill,50000,3
47777280,Prospect-Lefferts Gardens,80000,4
25266084,West Village,100000,2
16011745,Bushwick,120000,4
9522220,East Village,110000,3
13177342,West Brighton,150000,5
9829852,Harlem,250000,8
9050004,Bedford-Stuyvesant,180000,4
47161465,Hell's Kitchen,100000,3
43452219,Hell's Kitchen,100000,3
43324085,Sheepshead Bay,100000,3
55135021,Prospect Heights,90000,4
22273171,Tribeca,100000,4
9323945,Sunset Park,250000,6
5777626,West Village,100000,2
2984645,Hell's Kitchen,100000,3
1416666,Prospect-Lefferts Gardens,80000,4
4481931,Upper West Side,210000,5
52812599,Harlem,250000,8
6826996,Columbia St,50000,2
8895912,Harlem,250000,8
6755750,Harlem,250000,8
10944945,Bedford-Stuyvesant,180000,4
24886102,East Elmhurst,100000,3
5597577,East Village,110000,3
11152610,Hell's Kitchen,100000,3
51241858,Washington Heights,170000,6
50000287,Upper East Side,200000,6
20145159,Bushwick,120000,4
13264605,Crown Heights,200000,5
56305897,Upper East Side,200000,6
20674814,Laurelton,120000,5
17456562,Crown Heights,200000,5
56685879,Crown Heights,200000,5
43592503,Harlem,250000,8
21342545,Bushwick,120000,4
8086793,Flatbush,180000,5
52441453,Woodhaven,100000,4
9049452,Upper West Side,210000,5
17305232,Financial District,40000,2
25346720,Gravesend,200000,6
44507112,Bath Beach,150000,5
10095508,Tribeca,100000,4
55042786,Brighton Beach,120000,5
47374653,Bedford-Stuyvesant,180000,4
44298895,Williamsburg,200000,4
45120717,Crown Heights,200000,5
9449869,Sunset Park,250000,6
21142612,Harlem,250000,8
52523194,Bedford-Stuyvesant,180000,4
2091024,Upper West Side,210000,5
4516726,Bedford-Stuyvesant,180000,4
22721086,Elmhurst,120000,5
20531769,Hell's Kitchen,100000,3
5836170,Flushing,200000,7
10585398,Morningside Heights,150000,5
50544303,Harlem,250000,8
2575943,Greenpoint,30000,2
7185991,Concord,60000,3
3537498,Fort Greene,70000,3
8028249,SoHo,120000,4
55565815,Soundview,120000,5
6585641,Bushwick,120000,4
20052372,Williamsburg,200000,4
17979590,Hell's Kitchen,100000,3
16434807,Lower East Side,100000,3
13389977,Ridgewood,100000,4
47684494,Little Italy,60000,2
4400190,Kensington,35000,2
3297799,Harlem,250000,8
7188201,Washington Heights,170000,6
4246099,Bushwick,120000,4
4606750,Morningside Heights,150000,5
54434704,Bedford-Stuyvesant,180000,4
47371339,Harlem,250000,8
45574155,Bedford-Stuyvesant,180000,4
55869580,Park Slope,150000,5
55058803,Chelsea,80000,3
7359966,Astoria,250000,7
5816287,Prospect Heights,90000,4
3272946,Crown Heights,200000,5
14681255,Crown Heights,200000,5
10110972,Upper West Side,210000,5
46716312,Harlem,250000,8
50043919,Harlem,250000,8
25501916,Woodside,150000,4
1410590,Harlem,250000,8
43120286,Ridgewood,100000,4
18474451,Astoria,250000,7
55046653,Flatbush,180000,5
53583058,Jackson Heights,180000,5
2131342,East Village,110000,3
3222134,Borough Park,250000,6
1646422,Allerton,60000,4
24579023,Midtown,250000,3
47437063,Hell's Kitchen,100000,3
57259719,Williamsburg,200000,4
51594778,Midtown,250000,3
46861014,East Flatbush,120000,5
5030917,South Slope,100000,3
20395903,Midtown,250000,3
23324750,Bedford-Stuyvesant,180000,4
25329599,Harlem,250000,8
18928994,Williamsburg,200000,4
22901688,West Village,100000,2
44849538,Prospect Heights,90000,4
55992190,Williamsburg,200000,4
51936651,East Elmhurst,100000,3
1894405,East Village,110000,3
7239012,Murray Hill,60000,2
45379193,Forest Hills,180000,6
49131520,Astoria,250000,7
45111880,Bedford-Stuyvesant,180000,4
4236157,Midtown,250000,3
50834260,Greenpoint,30000,2
47957882,Hell's Kitchen,100000,3
48526751,Park Slope,150000,5
7683061,Chelsea,80000,3
19750816,Williamsburg,200000,4
20142949,Bedford-Stuyvesant,180000,4
4922114,Prospect Heights,90000,4
6109559,Bushwick,120000,4
4106919,Upper East Side,200000,6
1175863,Harlem,250000,8
16319377,Prospect-Lefferts Gardens,80000,4
15266140,Flatbush,180000,5
10033650,Crown Heights,200000,5
9833165,Harlem,250000,8
8970473,Inwood,60000,2
44034343,Bedford-Stuyvesant,180000,4
6155952,Civic Center,80000,3
43479834,Chinatown,100000,3
1494540,West Village,100000,2
14310109,Ridgewood,100000,4
19683436,Bedford-Stuyvesant,180000,4
2804043,Chelsea,80000,3
3113331,Flatbush,180000,5
55818768,St. Albans,70000,3
1608866,Crown Heights,200000,5
23546774,Park Slope,150000,5
25403607,Flatbush,180000,5
27447669,East Harlem,120000,5
23838389,Mott Haven,80000,3
4462048,Prospect Heights,90000,4
2508010,St. Albans,70000,3
10249600,Harlem,250000,8
54977063,Bushwick,120000,4
53810053,Park Slope,150000,5
53506840,College Point,60000,3
1879493,Bedford-Stuyvesant,180000,4
11646919,Inwood,60000,2
21969958,East Village,110000,3
4641545,East Harlem,120000,5
13334747,Upper West Side,210000,5
44390576,Upper West Side,210000,5
23025955,Williamsburg,200000,4
7705706,Midtown,250000,3
11329346,West Brighton,150000,5
52386776,Ridgewood,100000,4
45450440,Hell's Kitchen,100000,3
6428788,Astoria,250000,7
6633691,Ridgewood,100000,4
48454952,Upper West Side,210000,5
1894957,East Village,110000,3
8234809,East Village,110000,3
50195802,Maspeth,60000,3
51244619,Upper East Side,200000,6
7662074,Williamsburg,200000,4
3819723,Midtown,250000,3
12032424,East Village,110000,3
23689268,Hell's Kitchen,100000,3
6894377,East Village,110000,3
2410253,East Village,110000,3
48978532,Upper West Side,210000,5
5198816,Harlem,250000,8
7479815,East Village,110000,3
49630246,Queens Village,120000,4
20088272,East Village,110000,3
45110776,Upper West Side,210000,5
19860724,Bedford-Stuyvesant,180000,4
15609119,Jamaica,250000,7
56575419,Gramercy,50000,2
9051661,Ozone Park,150000,6
51347899,Upper East Side,200000,6
5156841,Midtown,250000,3
26156392,Upper East Side,200000,6
56219185,Williamsburg,200000,4
2403073,Hell's Kitchen,100000,3
18925128,Park Slope,150000,5
26716976,Williamsburg,200000,4
53320163,Springfield Gardens,150000,5
7166661,Astoria,250000,7
8985937,Williamsburg,200000,4
1654155,Williamsburg,200000,4
5385493,Harlem,250000,8
9718839,East Flatbush,120000,5
43227985,Flatbush,180000,5
53437250,East Harlem,120000,5
16080783,Cypress Hills,100000,4
54187826,Ditmars Steinway,80000,4
17476997,East Harlem,120000,5
25266637,East Flatbush,120000,5
6185224,Greenpoint,30000,2
8679411,Bedford-Stuyvesant,180000,4
7054544,Lower East Side,100000,3
56669310,Crown Heights,200000,5
43363851,Upper West Side,210000,5
10474386,Upper West Side,210000,5
2008731,West Village,100000,2
25968058,Theater District,120000,4
48430651,Flatbush,180000,5
7113640,Hell's Kitchen,100000,3
44612601,Williamsburg,200000,4
54089517,East Village,110000,3
26502684,Fort Greene,70000,3
24972261,Theater District,120000,4
5073996,Williamsburg,200000,4
1202926,Williamsburg,200000,4
50506747,Maspeth,60000,3
48737177,Williamsburg,200000,4
16013955,Midtown,250000,3
55654183,Brownsville,180000,7
22048937,Flatbush,180000,5
51369991,Lower East Side,100000,3
26522014,Hell's Kitchen,100000,3
1863476,East Village,110000,3
13471718,Bushwick,120000,4
21955598,Bedford-Stuyvesant,180000,4
53690204,Ditmars Steinway,80000,4
9449317,Hell's Kitchen,100000,3
44045389,Park Slope,150000,5
1595611,Windsor Terrace,30000,2
13244722,Midtown,250000,3
21908653,Upper West Side,210000,5
17871340,Red Hook,120000,5
11055405,Highbridge,120000,4
12427318,East Harlem,120000,5
24761834,Brownsville,180000,7
46948278,Harlem,250000,8
22117422,Two Bridges,40000,2
42875617,Hell's Kitchen,100000,3
15251781,Brighton Beach,120000,5
27372004,East Village,110000,3
49878781,Williamsburg,200000,4
5873174,Crown Heights,200000,5
55866266,Bedford-Stuyvesant,180000,4
44497170,West Village,100000,2
3615924,West Village,100000,2
9812178,Chelsea,80000,3
4991704,Gramercy,50000,2
26361295,Williamsburg,200000,4
43913941,East Harlem,120000,5
47510519,Midtown,250000,3
6333793,Upper West Side,210000,5
8056969,Williamsburg,200000,4
2607424,Williamsburg,200000,4
4384174,Williamsburg,200000,4
55561396,Sunnyside,120000,5
4103605,East New York,150000,5
24390136,Midtown,250000,3
3967187,Upper West Side,210000,5
54211575,Hollis,200000,6
22096435,Claremont Village,80000,4
53428966,Harlem,250000,8
21708168,Edgemere,100000,4
47880008,Greenpoint,30000,2
19901042,Hell's Kitchen,100000,3
51094946,Harlem,250000,8
56966447,Maspeth,60000,3
44513187,Kensington,35000,2
52065889,Bushwick,120000,4
49111637,Williamsburg,200000,4
18716911,Tribeca,100000,4
1676799,Williamsburg,200000,4
6641424,Crown Heights,200000,5
13752286,Williamsburg,200000,4
24693349,Washington Heights,170000,6
3465699,Chelsea,80000,3
11602735,Woodlawn,100000,4
20738329,Chelsea,80000,3
11064242,Williamsburg,200000,4
45578021,Bedford-Stuyvesant,180000,4
24272497,Lower East Side,100000,3
55733714,Astoria,250000,7
27539351,Bushwick,120000,4
55816006,Bedford-Stuyvesant,180000,4
15635629,Upper East Side,200000,6
2807357,Long Island City,180000,6
56012073,Lower East Side,100000,3
21106713,Long Island City,180000,6
48756508,Chinatown,100000,3
49035972,Theater District,120000,4
50650897,East Village,110000,3
55703890,East Flatbush,120000,5
16259728,Williamsburg,200000,4
11175807,East Elmhurst,100000,3
50107434,East Harlem,120000,5
10283842,Harlem,250000,8
13423668,Dongan Hills,150000,5
54078471,Upper East Side,200000,6
48928825,Upper West Side,210000,5
15550023,Williamsburg,200000,4
21330394,Woodhaven,100000,4
49480021,East Harlem,120000,5
19895519,Concourse Village,80000,5
16732497,Clifton,30000,2
5209310,Nolita,40000,2
50062697,Holliswood,120000,4
3598251,Harlem,250000,8
25874719,East Village,110000,3
43093776,Flatbush,180000,5
49345812,Bedford-Stuyvesant,180000,4
10904627,Kingsbridge,50000,3
23384950,East Harlem,120000,5
55998818,Kips Bay,50000,2
22208551,Lower East Side,100000,3
25030252,East Flatbush,120000,5
56167822,Clinton Hill,50000,3
18553430,Prospect-Lefferts Gardens,80000,4
4013028,Kips Bay,50000,2
8570055,Flatbush,180000,5
6960653,Crown Heights,200000,5
22911077,Midtown,250000,3
56925025,Williamsburg,200000,4
14993857,Financial District,40000,2
23287193,Sunnyside,120000,5
49980957,Upper East Side,200000,6
18219289,Hell's Kitchen,100000,3
56622364,East Harlem,120000,5
17400780,Lower East Side,100000,3
2976913,Richmond Hill,180000,5
23039763,Flushing,200000,7
1303996,Park Slope,150000,5
50698947,Harlem,250000,8
17473684,Bedford-Stuyvesant,180000,4
6862344,Midtown,250000,3
27007486,East New York,150000,5
44297238,East New York,150000,5
6469658,Bushwick,120000,4
43213625,Chelsea,80000,3
9462572,Bushwick,120000,4
43879147,Hell's Kitchen,100000,3
27355435,Fordham,200000,7
4966298,Midtown,250000,3
54822419,Chelsea,80000,3
23864899,Williamsburg,200000,4
56545042,Bedford-Stuyvesant,180000,4
20978579,Financial District,40000,2
50090865,Washington Heights,170000,6
51341824,Ditmars Steinway,80000,4
22915495,Bedford-Stuyvesant,180000,4
48556023,Sunset Park,250000,6
23062407,Harlem,250000,8
19725411,Bedford-Stuyvesant,180000,4
44484467,Greenpoint,30000,2
11844642,Kensington,35000,2
14640937,East Flatbush,120000,5
25603540,Bushwick,120000,4
4962984,Woodside,150000,4
16450824,Greenpoint,30000,2
46271158,Financial District,40000,2
47643623,Bedford-Stuyvesant,180000,4
18203824,Sunset Park,250000,6
56815117,Bedford-Stuyvesant,180000,4
2503592,Bedford-Stuyvesant,180000,4
8523110,Long Island City,180000,6
5704171,Bedford-Stuyvesant,180000,4
23252398,Upper East Side,200000,6
6671800,Hell's Kitchen,100000,3
7290928,East Harlem,120000,5
47678971,Little Italy,60000,2
2680880,Nolita,40000,2
6002965,Upper West Side,210000,5
50520002,Chinatown,100000,3
54874335,Bushwick,120000,4
10927824,Hell's Kitchen,100000,3
54445750,Bushwick,120000,4
9839241,Kips Bay,50000,2
47549180,Hell's Kitchen,100000,3
1755778,Williamsburg,200000,4
50129526,St. George,150000,5
16425418,Bedford-Stuyvesant,180000,4
1406724,Lower East Side,100000,3
25982970,Queens Village,120000,4
18298267,East Harlem,120000,5
52147630,Williamsburg,200000,4
46786454,East Flatbush,120000,5
47958434,Flatbush,180000,5
55738132,Long Island City,180000,6
47005717,Ditmars Steinway,80000,4
26398299,Crown Heights,200000,5
46556145,Crown Heights,200000,5
21701540,Bushwick,120000,4
47217248,Ridgewood,100000,4
6569072,Williamsburg,200000,4
3975472,Bushwick,120000,4
21809239,Upper East Side,200000,6
51027013,East Harlem,120000,5
49185645,East Village,110000,3
19989410,Bushwick,120000,4
47369130,Upper West Side,210000,5
22730475,Inwood,60000,2
9549835,Hell's Kitchen,100000,3
15695830,Parkchester,250000,7
4409579,Harlem,250000,8
13327015,Flushing,200000,7
26208308,Williamsburg,200000,4
47209516,Hell's Kitchen,100000,3
55919839,Jackson Heights,180000,5
53911124,Hell's Kitchen,100000,3
15431830,Williamsburg,200000,4
55996609,Midtown,250000,3
3353029,Bushwick,120000,4
24435425,Hell's Kitchen,100000,3
26034334,Flatlands,50000,3
25685280,Clinton Hill,50000,3
24780060,Tremont,100000,4
50517240,Crown Heights,200000,5
47146001,Fort Greene,70000,3
24742504,East Elmhurst,100000,3
55703337,Washington Heights,170000,6
22263229,Cypress Hills,100000,4
20757659,Fort Greene,70000,3
24355894,Lower East Side,100000,3
14631548,Williamsburg,200000,4
19269763,Bedford-Stuyvesant,180000,4
45237252,Midtown,250000,3
3377331,Fort Greene,70000,3
13241961,East Village,110000,3
45433319,Nolita,40000,2
55292978,Financial District,40000,2
48401931,Kips Bay,50000,2
13679935,Hell's Kitchen,100000,3
24692245,Williamsburg,200000,4
11562969,Midtown,250000,3
25582000,Upper East Side,200000,6
19159855,Forest Hills,180000,6
51729539,Flushing,200000,7
11642500,Astoria,250000,7
9978973,Woodside,150000,4
56555536,East Elmhurst,100000,3
51359498,Astoria,250000,7
20342882,Upper West Side,210000,5
48193714,Upper East Side,200000,6
24868981,Crown Heights,200000,5
53671426,West Village,100000,2
6168655,Bushwick,120000,4
47641966,East Flatbush,120000,5
46733433,Bedford-Stuyvesant,180000,4
11810399,Nolita,40000,2
8002843,Theater District,120000,4
21516520,Bedford-Stuyvesant,180000,4
26043723,Crown Heights,200000,5
4454868,Brownsville,180000,7
20820069,East New York,150000,5
49936773,Park Slope,150000,5
51272234,Williamsburg,200000,4
53883509,Elmhurst,120000,5
51988015,Bedford-Stuyvesant,180000,4
21515967,Bedford-Stuyvesant,180000,4
15331864,East Village,110000,3
55701680,Greenpoint,30000,2
3768359,Chinatown,100000,3
8351344,Midtown,250000,3
12727217,Williamsburg,200000,4
56199855,Bedford-Stuyvesant,180000,4
55375271,Upper East Side,200000,6
25147340,Kew Gardens,120000,4
19846364,Bushwick,120000,4
10516913,Flatbush,180000,5
23998003,Crown Heights,200000,5
47030018,Williamsburg,200000,4
46796395,Williamsburg,200000,4
20746613,St. Albans,70000,3
19036140,Upper West Side,210000,5
24847441,Upper East Side,200000,6
3866668,St. George,150000,5
23419193,Bedford-Stuyvesant,180000,4
7739948,East Village,110000,3
10175039,Bedford-Stuyvesant,180000,4
11485647,Long Island City,180000,6
5187770,Clinton Hill,50000,3
3952275,Sunset Park,250000,6
2275492,Fort Greene,70000,3
7078293,Bushwick,120000,4
3804259,Bedford-Stuyvesant,180000,4
23917368,Hell's Kitchen,100000,3
19391821,Kensington,35000,2
48011455,Upper East Side,200000,6
1006307,Upper West Side,210000,5
52992097,Williamsburg,200000,4
50119032,Midtown,250000,3
19863486,Williamsburg,200000,4
24612713,Midtown,250000,3
1703862,Flushing,200000,7
19354265,Hell's Kitchen,100000,3
5514732,West Village,100000,2
17652629,Crown Heights,200000,5
13081242,Glendale,80000,3
46440162,Crown Heights,200000,5
20609643,Crown Heights,200000,5
9019627,Bedford-Stuyvesant,180000,4
11618751,Washington Heights,170000,6
48330685,Crown Heights,200000,5
1813769,Bedford-Stuyvesant,180000,4
44961102,Bedford-Stuyvesant,180000,4
25199256,Greenpoint,30000,2
48156158,Bedford-Stuyvesant,180000,4
21073023,Midtown,250000,3
9664162,Williamsburg,200000,4
48538349,Harlem,250000,8
54098906,Brownsville,180000,7
49732422,Chelsea,80000,3
45653686,Greenpoint,30000,2
25664845,Chelsea,80000,3
7180468,Midtown,250000,3
6845775,East Flatbush,120000,5
3088478,Hell's Kitchen,100000,3
45452649,Bushwick,120000,4
54470604,Clinton Hill,50000,3
15605805,Brownsville,180000,7
9945835,West Village,100000,2
52160885,Middle Village,120000,5
5732890,Maspeth,60000,3
51015415,Sunnyside,120000,5
13703131,Williamsburg,200000,4
16301703,SoHo,120000,4
1915945,Bedford-Stuyvesant,180000,4
1307863,Bedford-Stuyvesant,180000,4
27101929,Lower East Side,100000,3
52174140,Boerum Hill,50000,2
10432411,Midtown,250000,3
27005277,Williamsburg,200000,4
17876310,West Village,100000,2
12928255,Crown Heights,200000,5
9962956,Flatbush,180000,5
56508038,Bedford-Stuyvesant,180000,4
44069138,Rego Park,150000,4
25119725,Arverne,40000,2
51445657,Chelsea,80000,3
25046821,Financial District,40000,2
6095199,Astoria,250000,7
50147199,Upper West Side,210000,5
19611637,Bushwick,120000,4
9004715,Astoria,250000,7
3892627,Upper West Side,210000,5
1005202,Bedford-Stuyvesant,180000,4
47091323,East Village,110000,3
11570701,Midtown,250000,3
54556210,Morrisania,100000,4
11942399,Prospect-Lefferts Gardens,80000,4
17422872,Bedford-Stuyvesant,180000,4
9542656,Ridgewood,100000,4
25883556,West Village,100000,2
16900948,Harlem,250000,8
47090219,Flushing,200000,7
14036168,Upper West Side,210000,5
9696747,Flatlands,50000,3
9228949,East Elmhurst,100000,3
4879034,Brooklyn Heights,100000,3
47171959,Long Island City,180000,6
5985291,Lower East Side,100000,3
24523241,Roosevelt Island,15000,2
5162917,Harlem,250000,8
10793063,Arverne,40000,2
44155849,Sunnyside,120000,5
49984271,Bushwick,120000,4
20895734,Fort Greene,70000,3
19450365,Clinton Hill,50000,3
45555377,East Harlem,120000,5
17885147,Flatbush,180000,5
19408943,Park Slope,150000,5
10658302,Crown Heights,200000,5
50798913,Cobble Hill,60000,2
6896034,Bushwick,120000,4
3122720,West Village,100000,2
43384838,Rego Park,150000,4
18796442,Park Slope,150000,5
13392739,East Harlem,120000,5
21793774,Astoria,250000,7
44763379,Bedford-Stuyvesant,180000,4
3857832,Williamsburg,200000,4
15734491,Bedford-Stuyvesant,180000,4
26292810,Bedford-Stuyvesant,180000,4
12702916,Lower East Side,100000,3
10292679,South Slope,100000,3
49549058,Hell's Kitchen,100000,3
5513075,Upper West Side,210000,5
47961748,Clinton Hill,50000,3
12576439,East Village,110000,3
48708458,South Slope,100000,3
10113734,Bay Ridge,200000,5
9056079,South Slope,100000,3
2010940,Washington Heights,170000,6
57124957,Upper East Side,200000,6
3014470,Upper East Side,200000,6
20234631,Bedford-Stuyvesant,180000,4
11809847,Williamsburg,200000,4
19581260,Battery Park City,50000,2
21818628,Midwood,180000,5
9943073,Cypress Hills,100000,4
6798829,Midtown,250000,3
24433216,Washington Heights,170000,6
3899254,Ridgewood,100000,4
22829337,Lower East Side,100000,3
53911676,Midtown,250000,3
51098260,Williamsburg,200000,4
5539033,Bedford-Stuyvesant,180000,4
16339259,Tribeca,100000,4
2061752,Bedford-Stuyvesant,180000,4
14651983,Astoria,250000,7
54987004,Harlem,250000,8
48808976,Bedford-Stuyvesant,180000,4
18009967,Harlem,250000,8
48164995,Upper East Side,200000,6
3348059,Clifton,30000,2
53120782,Bushwick,120000,4
18764409,East Harlem,120000,5
1290741,Upper East Side,200000,6
1310624,Williamsburg,200000,4
47659088,Chinatown,100000,3
4444927,Prospect Heights,90000,4
9118489,Murray Hill,60000,2
22278694,Harlem,250000,8
15747194,Harlem,250000,8
25267741,Williamsburg,200000,4
50901641,Chelsea,80000,3
15832248,East Flatbush,120000,5
14285808,Williamsburg,200000,4
2621232,Greenpoint,30000,2
26478383,Hell's Kitchen,100000,3
21507683,Woodhaven,100000,4
47756845,Midtown,250000,3
7948165,Canarsie,120000,4
55753597,Flatbush,180000,5
4725495,East Harlem,120000,5
1616598,Prospect-Lefferts Gardens,80000,4
27459820,Williamsburg,200000,4
56117010,Bedford-Stuyvesant,180000,4
6875599,Harlem,250000,8
5110448,Midtown,250000,3
21601021,Chinatown,100000,3
44554609,Bedford-Stuyvesant,180000,4
51550041,Harlem,250000,8
53468731,Murray Hill,60000,2
16517652,Flushing,200000,7
9397953,Williamsburg,200000,4
7651028,Upper East Side,200000,6
7152853,Astoria,250000,7
43528988,Chinatown,100000,3
48504659,Fort Greene,70000,3
13397157,Boerum Hill,50000,2
9600647,Prospect Heights,90000,4
25388695,East Village,110000,3
44746258,Astoria,250000,7
18446284,Randall Manor,60000,3
46946621,East Village,110000,3
50997189,Washington Heights,170000,6
3191206,Bay Terrace,60000,3
24405049,Cypress Hills,100000,4
47638653,Hell's Kitchen,100000,3
5130883,East New York,150000,5
19918163,Prospect-Lefferts Gardens,80000,4
52476801,Tribeca,100000,4
53102004,East Flatbush,120000,5
21730812,Midtown,250000,3
8447997,Williamsburg,200000,4
27527753,Flushing,200000,7
5203234,Prospect-Lefferts Gardens,80000,4
12078265,Morris Heights,100000,5
45041738,Richmond Hill,180000,5
23109905,Chinatown,100000,3
46863776,Hell's Kitchen,100000,3
54051408,East Elmhurst,100000,3
4862465,Flushing,200000,7
3798183,Bedford-Stuyvesant,180000,4
8945067,Bushwick,120000,4
51821221,East Village,110000,3
45075981,Hell's Kitchen,100000,3
4269295,Chelsea,80000,3
6498378,East Flatbush,120000,5
7989588,Prospect-Lefferts Gardens,80000,4
5219803,East Harlem,120000,5
14079800,Cypress Hills,100000,4
9239995,Harlem,250000,8
3905882,St. Albans,70000,3
5821258,Sunnyside,120000,5
56561611,Bushwick,120000,4
14510594,Stapleton,120000,5
50465324,Hell's Kitchen,100000,3
5840036,Chelsea,80000,3
1391260,Fort Greene,70000,3
43725055,Brownsville,180000,7
54509265,Williamsburg,200000,4
55338267,Bushwick,120000,4
10311457,Hell's Kitchen,100000,3
55125631,Crown Heights,200000,5
20848789,Chelsea,80000,3
45011362,Flatbush,180000,5
15656064,Springfield Gardens,150000,5
53236765,East Village,110000,3
5471100,Prospect Heights,90000,4
10654988,Harlem,250000,8
27444908,Harlem,250000,8
15801319,Bushwick,120000,4
4785696,Sunnyside,120000,5
45058307,Canarsie,120000,4
52471278,Washington Heights,170000,6
21995364,Prospect-Lefferts Gardens,80000,4
6407248,Harlem,250000,8
52452499,Lower East Side,100000,3
48362718,Greenpoint,30000,2
6471315,Astoria,250000,7
12127420,Bushwick,120000,4
57174664,Sunnyside,120000,5
1428816,East Village,110000,3
53533903,Middle Village,120000,5
23186675,Bushwick,120000,4
56226918,Kips Bay,50000,2
3786585,Jackson Heights,180000,5
48643839,Washington Heights,170000,6
43669273,East Village,110000,3
5265644,Upper East Side,200000,6
5574380,Lower East Side,100000,3
53625032,Harlem,250000,8
22085941,Bedford-Stuyvesant,180000,4
17531123,Pelham Gardens,150000,5
9448212,Upper West Side,210000,5
2683090,East Village,110000,3
23131445,Ditmars Steinway,80000,4
12456038,Bedford-Stuyvesant,180000,4
43136855,Midtown,250000,3
7673120,Upper West Side,210000,5
19987753,Williamsburg,200000,4
22359329,Bushwick,120000,4
17158873,Bedford-Stuyvesant,180000,4
46415860,Crown Heights,200000,5
49418163,Hell's Kitchen,100000,3
9469200,Williamsburg,200000,4
45642088,Long Island City,180000,6
55854667,Bushwick,120000,4
19207353,Bushwick,120000,4
21599917,Bergen Beach,120000,4
17981247,East Flatbush,120000,5
3506569,Williamsburg,200000,4
43169993,Springfield Gardens,150000,5
12725560,East New York,150000,5
6784469,Lower East Side,100000,3
20754898,Morningside Heights,150000,5
15480985,Williamsburg,200000,4
44534727,Briarwood,80000,4
23977568,Hell's Kitchen,100000,3
55314518,Concourse,80000,4
15589236,Upper West Side,210000,5
16054273,Long Island City,180000,6
8551829,Williamsburg,200000,4
5326950,South Slope,100000,3
6551399,Cobble Hill,60000,2
11500007,Holliswood,120000,4
7873605,Hell's Kitchen,100000,3
3055892,Lower East Side,100000,3
4427805,Brownsville,180000,7
55966784,SoHo,120000,4
20847132,Sunnyside,120000,5
18589330,Prospect-Lefferts Gardens,80000,4
45363729,Crown Heights,200000,5
46393216,Tompkinsville,60000,3
10616879,Springfield Gardens,150000,5
7823346,Upper West Side,210000,5
54112713,Hell's Kitchen,100000,3
51338510,Midtown,250000,3
9972345,Bushwick,120000,4
3663422,SoHo,120000,4
55672408,Upper East Side,200000,6
20337911,Bedford-Stuyvesant,180000,4
23618573,Murray Hill,60000,2
5593158,Long Island City,180000,6
5553393,Flatiron District,50000,2
19363102,Hell's Kitchen,100000,3
3212745,Astoria,250000,7
4129563,Murray Hill,60000,2
26406031,Upper East Side,200000,6
47876694,Upper West Side,210000,5
11790517,Windsor Terrace,30000,2
3577816,Chinatown,100000,3
25232946,East Harlem,120000,5
9120698,Hell's Kitchen,100000,3
17026873,Bushwick,120000,4
53877433,Astoria,250000,7
48881880,Sunset Park,250000,6
8890942,Crown Heights,200000,5
47492845,Crown Heights,200000,5
46490973,Upper East Side,200000,6
15839980,Bushwick,120000,4
23334691,Hell's Kitchen,100000,3
46557249,Upper West Side,210000,5
42992153,Harlem,250000,8
45335009,Williamsburg,200000,4
56881945,Hell's Kitchen,100000,3
22925437,Astoria,250000,7
46872613,Financial District,40000,2
54193349,Williamsburg,200000,4
48394751,Greenpoint,30000,2
54035944,Hell's Kitchen,100000,3
9079828,Hell's Kitchen,100000,3
8122140,SoHo,120000,4
50833708,East Flatbush,120000,5
4147237,Chelsea,80000,3
22558157,Williamsburg,200000,4
12103671,Concord,60000,3
3619790,Bushwick,120000,4
25119172,Astoria,250000,7
13747868,Bensonhurst,180000,5
48272141,Washington Heights,170000,6
9605618,Bedford-Stuyvesant,180000,4
52271345,Harlem,250000,8
24298455,Williamsburg,200000,4
8203880,Astoria,250000,7
4370918,Upper West Side,210000,5
21845138,Bushwick,120000,4
43920017,Crown Heights,200000,5
10958200,West Village,100000,2
7274359,Greenpoint,30000,2
53484196,Park Slope,150000,5
54132596,Briarwood,80000,4
56539519,Hell's Kitchen,100000,3
2620127,Williamsbridge,80000,4
44166895,Bedford-Stuyvesant,180000,4
11724793,Tribeca,100000,4
2608529,Upper West Side,210000,5
8442474,Harlem,250000,8
43322428,Upper West Side,210000,5
24611609,Bedford-Stuyvesant,180000,4
56051286,Kensington,35000,2
26724156,Hell's Kitchen,100000,3
11064794,Williamsburg,200000,4
22786810,Bushwick,120000,4
18662785,Sunset Park,250000,6
1550875,Upper East Side,200000,6
20240707,Williamsburg,200000,4
8440265,Harlem,250000,8
12292557,Lower East Side,100000,3
23154089,Bedford-Stuyvesant,180000,4
25350586,Astoria,250000,7
1864581,Upper West Side,210000,5
22976801,Williamsburg,200000,4
3274051,Flatbush,180000,5
13880972,Bushwick,120000,4
47318871,Harlem,250000,8
2643324,Crown Heights,200000,5
5537928,Theater District,120000,4
8048132,Kew Gardens,120000,4
20985759,Theater District,120000,4
48817813,Astoria,250000,7
20308639,Springfield Gardens,150000,5
16356381,Canarsie,120000,4
48379287,East Village,110000,3
1575176,Long Island City,180000,6
26164124,East Flatbush,120000,5
53143427,Kips Bay,50000,2
46970922,Astoria,250000,7
46594806,Park Slope,150000,5
6386813,Bushwick,120000,4
4167120,Harlem,250000,8
26132643,Port Morris,50000,3
11291237,Park Slope,150000,5
25106470,Williamsburg,200000,4
9641517,Flatbush,180000,5
48260542,Harlem,250000,8
19939703,New Brighton,100000,4
49887066,Gravesend,200000,6
22635479,Bedford-Stuyvesant,180000,4
54955523,Bedford-Stuyvesant,180000,4
51097708,Midwood,180000,5
5916254,Upper West Side,210000,5
24381852,Crown Heights,200000,5
25290938,Astoria,250000,7
4968507,Williamsburg,200000,4
11538668,Manhattan Beach,100000,4
44436970,Rego Park,150000,4
5765476,Lower East Side,100000,3
8752314,Flatbush,180000,5
20104841,Bedford-Stuyvesant,180000,4
7439497,Long Island City,180000,6
44499932,Crown Heights,200000,5
9251593,Park Slope,150000,5
55115690,Bushwick,120000,4
6649156,Bedford-Stuyvesant,180000,4
54093935,Brighton Beach,120000,5
4375337,Van Nest,60000,3
10582636,Nolita,40000,2
53030758,Rego Park,150000,4
56994615,Bushwick,120000,4
44044284,Crown Heights,200000,5
22560367,Williamsburg,200000,4
18020461,Ridgewood,100000,4
53828279,Windsor Terrace,30000,2
18440209,Harlem,250000,8
54953314,Vinegar Hill,30000,2
24164798,SoHo,120000,4
13735717,Stapleton,120000,5
20619584,Washington Heights,170000,6
18242485,Nolita,40000,2
53370422,East Village,110000,3
22958023,Upper East Side,200000,6
24821483,Bushwick,120000,4
23856062,Financial District,40000,2
6870076,Upper East Side,200000,6
7399732,East Village,110000,3
20805157,Concourse,80000,4
3911405,Astoria,250000,7
55298501,Bedford-Stuyvesant,180000,4
49939534,Chinatown,100000,3
1099093,West Village,100000,2
8560114,Hell's Kitchen,100000,3
1994371,Elmhurst,120000,5
25412444,Hell's Kitchen,100000,3
54599290,Crown Heights,200000,5
56327989,Sunset Park,250000,6
53253887,Crown Heights,200000,5
26582215,Murray Hill,60000,2
7726693,Hell's Kitchen,100000,3
20692488,Greenpoint,30000,2
17574754,Woodhaven,100000,4
15921168,Bedford-Stuyvesant,180000,4
48254467,Williamsburg,200000,4
8848414,Midtown,250000,3
50242747,Ridgewood,100000,4
5526882,Park Slope,150000,5
54521415,Hollis,200000,6
8446340,East Village,110000,3
5322531,Fort Greene,70000,3
52357504,Kips Bay,50000,2
8425905,Bedford-Stuyvesant,180000,4
13298296,Astoria,250000,7
47568511,Bedford-Stuyvesant,180000,4
55047757,Bedford-Stuyvesant,180000,4
22827127,Bushwick,120000,4
25115306,Astoria,250000,7
18398786,Greenpoint,30000,2
11719822,Bedford-Stuyvesant,180000,4
57146497,Greenpoint,30000,2
10476043,Crown Heights,200000,5
44852851,Bushwick,120000,4
43950946,Harlem,250000,8
3163591,Tribeca,100000,4
6164789,Clinton Hill,50000,3
4235053,Bedford-Stuyvesant,180000,4
10362821,Midtown,250000,3
27582430,Laurelton,120000,5
2506906,Bedford-Stuyvesant,180000,4
5590397,West Village,100000,2
8600432,Red Hook,120000,5
8639093,East Village,110000,3
2605215,SoHo,120000,4
7318543,Maspeth,60000,3
51038611,Chinatown,100000,3
17710620,East Elmhurst,100000,3
43263332,Chelsea,80000,3
53135695,SoHo,120000,4
20901810,Bedford-Stuyvesant,180000,4
4120726,Carroll Gardens,40000,2
21045960,Bedford-Stuyvesant,180000,4
21038228,Harlem,250000,8
51008235,Williamsburg,200000,4
4289730,Upper East Side,200000,6
7497489,Bedford-Stuyvesant,180000,4
11328794,Upper West Side,210000,5
21276269,Harlem,250000,8
5517493,Bedford-Stuyvesant,180000,4
1363645,Washington Heights,170000,6
25570402,Washington Heights,170000,6
25006503,Briarwood,80000,4
48927169,Sunnyside,120000,5
9288598,Morris Heights,100000,5
13821876,Bushwick,120000,4
22129020,Upper East Side,200000,6
8935678,Harlem,250000,8
8466223,Kips Bay,50000,2
46058522,East Harlem,120000,5
44925755,St. George,150000,5
22216836,Bushwick,120000,4
3535288,Carroll Gardens,40000,2
12510716,East Harlem,120000,5
11234350,Upper East Side,200000,6
50342161,Williamsburg,200000,4
11026686,Flatbush,180000,5
11466869,Midtown,250000,3
44186778,Maspeth,60000,3
3052026,Sunset Park,250000,6
6009040,Fort Greene,70000,3
24500044,Hell's Kitchen,100000,3
8917452,Bedford-Stuyvesant,180000,4
23395996,Kensington,35000,2
52516566,Washington Heights,170000,6
48994549,Midtown,250000,3
4378098,Harlem,250000,8
43142378,Midtown,250000,3
25862016,Theater District,120000,4
12843753,East Harlem,120000,5
23879259,Financial District,40000,2
22346074,Lower East Side,100000,3
5441828,Inwood,60000,2
44540802,Prospect-Lefferts Gardens,80000,4
10374972,Chelsea,80000,3
52581185,Elmhurst,120000,5
8171295,Bedford-Stuyvesant,180000,4
9483559,Bushwick,120000,4
52957854,Bedford-Stuyvesant,180000,4
25614033,Crown Heights,200000,5
19730934,Sunnyside,120000,5
17510688,East Village,110000,3
51630677,Huguenot,150000,5
50846411,West Brighton,150000,5
1952397,Upper West Side,210000,5
11235455,Kips Bay,50000,2
23954372,Upper East Side,200000,6
25257800,Upper East Side,200000,6
51930576,Bedford-Stuyvesant,180000,4
9110757,Upper East Side,200000,6
20879718,Midtown,250000,3
7205874,Upper East Side,200000,6
8176818,Williamsburg,200000,4
46710236,Park Slope,150000,5
51031432,Bedford-Stuyvesant,180000,4
10167859,Gowanus,40000,2
51897438,Astoria,250000,7
47500578,East New York,150000,5
14874560,Ridgewood,100000,4
12762565,Bushwick,120000,4
18947220,Crown Heights,200000,5
3631389,Hell's Kitchen,100000,3
9399058,Clinton Hill,50000,3
25156729,Bushwick,120000,4
4240023,Harlem,250000,8
13994746,Murray Hill,60000,2
6903766,Clinton Hill,50000,3
24265317,Sunnyside,120000,5
12850933,Springfield Gardens,150000,5
57084087,Bushwick,120000,4
52416600,Flushing,200000,7
53680815,Greenpoint,30000,2
6624302,East Village,110000,3
13301609,Port Morris,50000,3
52086325,East Harlem,120000,5
19112358,Flatbush,180000,5
51780903,East Village,110000,3
5057980,Flushing,200000,7
57027753,Bedford-Stuyvesant,180000,4
6938561,Brooklyn Heights,100000,3
7889622,Crown Heights,200000,5
25773648,Flushing,200000,7
25258904,Bushwick,120000,4
48892926,Upper West Side,210000,5
2636696,Flatbush,180000,5
42846898,Theater District,120000,4
4832641,East Elmhurst,100000,3
11838014,Harlem,250000,8
19772908,Gramercy,50000,2
17135676,Long Island City,180000,6
1565787,Greenpoint,30000,2
10188847,Crown Heights,200000,5
6924201,Harlem,250000,8
49119369,Kips Bay,50000,2
55289665,Hell's Kitchen,100000,3
5054113,Upper East Side,200000,6
3141499,Ozone Park,150000,6
17601817,Flatbush,180000,5
48855922,East Flatbush,120000,5
14891129,Crown Heights,200000,5
8863879,Baychester,250000,6
24311710,Astoria,250000,7
43120839,Kew Gardens Hills,120000,5
53976295,Lower East Side,100000,3
12883518,NoHo,30000,2
2590303,Bedford-Stuyvesant,180000,4
17496880,Bedford-Stuyvesant,180000,4
53868597,Upper East Side,200000,6
43342863,East Village,110000,3
48049012,Harlem,250000,8
15518542,Flushing,200000,7
44447463,Chinatown,100000,3
24815960,Harlem,250000,8
12495251,Kensington,35000,2
42886111,Jamaica,250000,7
2896830,East Harlem,120000,5
20647199,SoHo,120000,4
7734978,Bedford-Stuyvesant,180000,4
12832154,Rockaway Beach,60000,3
46326388,Brooklyn Heights,100000,3
20464940,Bedford-Stuyvesant,180000,4
2776981,Lower East Side,100000,3
48506316,West Village,100000,2
7440049,Washington Heights,170000,6
6774528,Sheepshead Bay,100000,3
9907726,Flatbush,180000,5
45825452,Woodside,150000,4
20321895,Williamsburg,200000,4
48521780,Midtown,250000,3
10950468,South Slope,100000,3
21219382,Upper East Side,200000,6
20203150,Bushwick,120000,4
20868672,Bedford-Stuyvesant,180000,4
2586989,Bedford-Stuyvesant,180000,4
50763566,Murray Hill,60000,2
2378220,Williamsburg,200000,4
10712427,Midwood,180000,5
18531890,Hell's Kitchen,100000,3
46008815,Fordham,200000,7
10297097,Bushwick,120000,4
12473712,Park Slope,150000,5
14268134,Crown Heights,200000,5
43410796,Williamsburg,200000,4
46222003,East Flatbush,120000,5
24421618,Tompkinsville,60000,3
24494521,Harlem,250000,8
43594712,Bedford-Stuyvesant,180000,4
52284600,Upper East Side,200000,6
21216621,Forest Hills,180000,6
6510529,Richmond Hill,180000,5
2708495,Gramercy,50000,2
1778422,Fort Greene,70000,3
18580493,Astoria,250000,7
47506101,Forest Hills,180000,6
13351869,Sunnyside,120000,5
1370272,Sunset Park,250000,6
9128983,Riverdale,100000,4
50163216,Gowanus,40000,2
1312281,Bedford-Stuyvesant,180000,4
43134646,Midtown,250000,3
47291256,Bedford-Stuyvesant,180000,4
17104747,Bushwick,120000,4
19131688,Harlem,250000,8
6336002,Greenpoint,30000,2
46727358,Financial District,40000,2
10404244,Kensington,35000,2
12099252,Midtown,250000,3
5862128,Bedford-Stuyvesant,180000,4
48174936,Ridgewood,100000,4
26936239,Flushing,200000,7
55380794,Crown Heights,200000,5
7517924,Harlem,250000,8
48915018,Midtown,250000,3
51850492,Upper East Side,200000,6
9299644,Murray Hill,60000,2
45010257,Boerum Hill,50000,2
1961786,Harlem,250000,8
51815698,Sheepshead Bay,100000,3
52816465,Bedford-Stuyvesant,180000,4
46593149,Lower East Side,100000,3
18335824,South Slope,100000,3
15220852,Greenpoint,30000,2
55480208,Bushwick,120000,4
8682172,Park Slope,150000,5
52533688,Williamsburg,200000,4
3395557,Williamsburg,200000,4
53929350,Lower East Side,100000,3
48815052,Lower East Side,100000,3
23983091,Bedford-Stuyvesant,180000,4
3616477,Greenpoint,30000,2
48617328,Astoria,250000,7
49616991,Nolita,40000,2
23494858,Bedford-Stuyvesant,180000,4
25718970,Washington Heights,170000,6
51757706,East Harlem,120000,5
55939722,Brighton Beach,120000,5
21155315,Prospect Heights,90000,4
5772103,Upper East Side,200000,6
3579472,West Village,100000,2
13597642,Flushing,200000,7
10453951,Harlem,250000,8
6470211,Sheepshead Bay,100000,3
9531057,Williamsburg,200000,4
53367661,Harlem,250000,8
19476876,Cypress Hills,100000,4
55978935,Upper East Side,200000,6
9977868,South Slope,100000,3
50595115,East Village,110000,3
52030542,Crown Heights,200000,5
9105786,Midtown,250000,3
12879652,Hell's Kitchen,100000,3
23724063,Sunset Park,250000,6
9725467,Long Island City,180000,6
25411339,Hell's Kitchen,100000,3
7232385,Upper East Side,200000,6
18939488,Upper West Side,210000,5
13531918,Arverne,40000,2
55713279,East Village,110000,3
23238039,East Flatbush,120000,5
2507458,Long Island City,180000,6
24898805,Upper East Side,200000,6
56492022,Chinatown,100000,3
25775305,Murray Hill,60000,2
46596463,Rosedale,150000,6
25616242,Midtown,250000,3
19375252,Windsor Terrace,30000,2
6917021,Throgs Neck,100000,4
10422469,East Village,110000,3
49517025,Harlem,250000,8
9741484,Lower East Side,100000,3
47539791,Bushwick,120000,4
47223875,Mott Haven,80000,3
19020676,East Harlem,120000,5
50618863,Greenpoint,30000,2
9337752,Elmhurst,120000,5
3781062,Chelsea,80000,3
13171267,Bushwick,120000,4
4653696,Hell's Kitchen,100000,3
14970108,Little Neck,120000,4
1937485,Williamsburg,200000,4
6513290,Upper West Side,210000,5
53502422,Hell's Kitchen,100000,3
18085080,Bedford-Stuyvesant,180000,4
26691571,Long Island City,180000,6
2997901,Bushwick,120000,4
4632156,Bushwick,120000,4
22142828,Fort Greene,70000,3
9060498,Midtown,250000,3
20469359,Hell's Kitchen,100000,3
45950272,Murray Hill,60000,2
52105103,Bedford-Stuyvesant,180000,4
50354864,Upper West Side,210000,5
45219026,Williamsburg,200000,4
48796273,Williamsburg,200000,4
14961823,Williamsburg,200000,4
24801048,Crown Heights,200000,5
9866303,Maspeth,60000,3
22959679,Claremont Village,80000,4
25338436,Williamsburg,200000,4
43533407,Greenpoint,30000,2
1798857,Williamsburg,200000,4
17899507,Midtown,250000,3
2918922,Bedford-Stuyvesant,180000,4
4201915,Astoria,250000,7
7623965,Harlem,250000,8
6992686,Williamsburg,200000,4
47812075,Hell's Kitchen,100000,3
18664995,East Village,110000,3
55356493,West Village,100000,2
47986602,Chinatown,100000,3
3626970,Lower East Side,100000,3
55310652,Upper West Side,210000,5
22867998,South Slope,100000,3
4505127,Bushwick,120000,4
23140834,East Village,110000,3
20456656,Chinatown,100000,3
52342039,NoHo,30000,2
48911704,Bushwick,120000,4
26610935,Fort Greene,70000,3
9029017,Bushwick,120000,4
24929734,Upper East Side,200000,6
47676209,Upper West Side,210000,5
16177435,Astoria,250000,7
13986461,Washington Heights,170000,6
47851288,Morris Heights,100000,5
11502216,Sunset Park,250000,6
51428535,Chelsea,80000,3
11881094,Hell's Kitchen,100000,3
16476782,Chelsea,80000,3
7474844,Upper East Side,200000,6
15930557,Harlem,250000,8
51595330,Murray Hill,60000,2
57207250,Astoria,250000,7
11566283,East Flatbush,120000,5
50539332,Upper East Side,200000,6
27426682,Bushwick,120000,4
46965951,Greenpoint,30000,2
46358421,Upper East Side,200000,6
57213325,Rego Park,150000,4
12085997,College Point,60000,3
25385381,Ridgewood,100000,4
3408259,West Village,100000,2
24808228,Civic Center,80000,3
9669685,Harlem,250000,8
20617375,Upper East Side,200000,6
11701596,Harlem,250000,8
2132446,Chelsea,80000,3
54134253,Williamsburg,200000,4
2012045,Greenwich Village,150000,3
24854621,Sunset Park,250000,6
24335459,Mariners Harbor,50000,3
21704302,Washington Heights,170000,6
46549517,Williamsburg,200000,4
7984617,Upper East Side,200000,6
52775043,Long Island City,180000,6
3720861,Harlem,250000,8
50354312,West Village,100000,2
20441191,Jamaica,250000,7
55841965,Prospect-Lefferts Gardens,80000,4
49887618,Crown Heights,200000,5
20603568,Springfield Gardens,150000,5
18938383,Williamsburg,200000,4
16384548,Flushing,200000,7
8274575,Roosevelt Island,15000,2
19463068,Long Island City,180000,6
4643755,Ditmars Steinway,80000,4
57145393,Hell's Kitchen,100000,3
18809145,Kips Bay,50000,2
50482998,Upper East Side,200000,6
43141826,Midtown,250000,3
18839521,Bushwick,120000,4
56654950,Longwood,120000,4
27269829,Bedford-Stuyvesant,180000,4
13995298,Battery Park City,50000,2
48626717,Bedford-Stuyvesant,180000,4
17468161,Upper East Side,200000,6
48818918,East Village,110000,3
4396876,Harlem,250000,8
19855753,West Village,100000,2
24817617,Hell's Kitchen,100000,3
11189062,Long Island City,180000,6
2599140,Hell's Kitchen,100000,3
11172493,Fort Hamilton,100000,4
48160024,Forest Hills,180000,6
7885203,SoHo,120000,4
4354349,Bushwick,120000,4
1308967,Williamsburg,200000,4
11121681,Williamsburg,200000,4
18858300,Pelham Bay,200000,7
25237917,West Village,100000,2
53515677,East Harlem,120000,5
47859573,Elmhurst,120000,5
7584752,Hell's Kitchen,100000,3
6334345,East Village,110000,3
44617572,Inwood,60000,2
46015443,Jackson Heights,180000,5
2819508,Upper East Side,200000,6
2227442,Bedford-Stuyvesant,180000,4
51286594,South Slope,100000,3
9208514,Hell's Kitchen,100000,3
3140946,Civic Center,80000,3
3179055,Crown Heights,200000,5
5072339,Bedford-Stuyvesant,180000,4
16620380,Williamsburg,200000,4
44292267,Cypress Hills,100000,4
2390371,Greenwich Village,150000,3
46890838,Harlem,250000,8
20018130,Little Italy,60000,2
5718530,Bedford-Stuyvesant,180000,4
7980751,Bushwick,120000,4
13330329,Crown Heights,200000,5
15043564,Upper West Side,210000,5
22071581,Hell's Kitchen,100000,3
5933375,Washington Heights,170000,6
43162813,Prospect-Lefferts Gardens,80000,4
1018457,Harlem,250000,8
54545716,Hell's Kitchen,100000,3
4314584,Kips Bay,50000,2
3961664,Bedford-Stuyvesant,180000,4
10001617,Prospect Heights,90000,4
48859788,Bushwick,120000,4
53927693,Clinton Hill,50000,3
3473431,Bushwick,120000,4
3098971,Greenpoint,30000,2
56320256,East Village,110000,3
6591164,Bedford-Stuyvesant,180000,4
45503461,Bedford-Stuyvesant,180000,4
51106544,Harlem,250000,8
50195249,St. Albans,70000,3
44022192,Fieldston,50000,3
7575363,Hell's Kitchen,100000,3
26744591,Bedford-Stuyvesant,180000,4
52771729,East Flatbush,120000,5
4871302,Upper West Side,210000,5
18392158,Bedford-Stuyvesant,180000,4
3176293,Morningside Heights,150000,5
5716321,Bedford-Stuyvesant,180000,4
3507121,Bedford-Stuyvesant,180000,4
1364197,Bedford-Stuyvesant,180000,4
2242906,Lower East Side,100000,3
2918369,Greenpoint,30000,2
9184213,Fort Greene,70000,3
53987893,Upper West Side,210000,5
19115671,Claremont Village,80000,4
8595461,Upper West Side,210000,5
20803500,Sunnyside,120000,5
50558110,Clinton Hill,50000,3
15532349,East Flatbush,120000,5
45462591,Mount Hope,80000,4
8974891,Upper East Side,200000,6
25057315,Financial District,40000,2
26969377,Jamaica,250000,7
14644803,Hell's Kitchen,100000,3
20329075,Hell's Kitchen,100000,3
19069278,Murray Hill,60000,2
24750236,Hell's Kitchen,100000,3
19602248,Flushing,200000,7
52137688,Richmond Hill,180000,5
8762256,Upper East Side,200000,6
15945469,Harlem,250000,8
15527378,Springfield Gardens,150000,5
43448353,Sheepshead Bay,100000,3
57285124,Bedford-Stuyvesant,180000,4
54241951,Financial District,40000,2
47041064,Bedford-Stuyvesant,180000,4
19225027,Bushwick,120000,4
24518270,Harlem,250000,8
2128028,East Village,110000,3
55329982,Mott Haven,80000,3
4042852,Gramercy,50000,2
13001158,Ridgewood,100000,4
2595274,Bushwick,120000,4
45774640,Chinatown,100000,3
51057942,Kensington,35000,2
18819639,East New York,150000,5
46567743,Bensonhurst,180000,5
48317429,Bedford-Stuyvesant,180000,4
20561041,Fort Greene,70000,3
16295075,East Harlem,120000,5
23521369,Bedford-Stuyvesant,180000,4
47601096,East Village,110000,3
48657094,Upper East Side,200000,6
5237477,Upper East Side,200000,6
12327352,Fort Greene,70000,3
19021780,East Flatbush,120000,5
7290376,Harlem,250000,8
52384014,Harlem,250000,8
23330825,Flushing,200000,7
47814836,East Village,110000,3
1219495,Harlem,250000,8
6220571,Lower East Side,100000,3
47393984,Bedford-Stuyvesant,180000,4
47261432,Upper East Side,200000,6
21855079,Flushing,200000,7
42947969,Boerum Hill,50000,2
24162589,Murray Hill,60000,2
54179542,Hell's Kitchen,100000,3
46041401,Harlem,250000,8
2715123,Kips Bay,50000,2
26388358,Williamsburg,200000,4
21972167,Lower East Side,100000,3
24484027,Williamsburg,200000,4
54540193,Williamsburg,200000,4
25396979,East Flatbush,120000,5
13148070,South Slope,100000,3
16744095,Sunset Park,250000,6
48685813,East Harlem,120000,5
25054553,Bay Ridge,200000,5
25564326,Hell's Kitchen,100000,3
52238207,Hell's Kitchen,100000,3
42854078,Harlem,250000,8
47274135,Harlem,250000,8
24139392,Upper East Side,200000,6
4985076,Williamsburg,200000,4
19101864,Williamsburg,200000,4
2605768,Upper West Side,210000,5
4481378,Bedford-Stuyvesant,180000,4
6204554,Bushwick,120000,4
26421496,Belmont,120000,5
11694416,Hell's Kitchen,100000,3
17554319,East Flatbush,120000,5
48052878,Bedford-Stuyvesant,180000,4
13494914,Flushing,200000,7
19757444,West Village,100000,2
10265064,Clinton Hill,50000,3
6940218,Harlem,250000,8
55327221,Jackson Heights,180000,5
13157459,Upper East Side,200000,6
9944730,East Village,110000,3
56700791,Bedford-Stuyvesant,180000,4
19745293,Park Slope,150000,5
22904449,Williamsburg,200000,4
53013636,Upper East Side,200000,6
57193443,Williamsburg,200000,4
19902147,Chelsea,80000,3
19341010,Brownsville,180000,7
43047935,Ozone Park,150000,6
13239752,Kingsbridge,50000,3
52145973,Flushing,200000,7
3314368,Williamsburg,200000,4
26651805,Springfield Gardens,150000,5
51719045,Upper East Side,200000,6
10653331,Hell's Kitchen,100000,3
10150738,Harlem,250000,8
8160249,Prospect-Lefferts Gardens,80000,4
53269351,Hell's Kitchen,100000,3
47330469,Crown Heights,200000,5
24466906,Hunts Point,80000,3
24906537,Astoria,250000,7
25669263,Hollis,200000,6
23633485,Upper West Side,210000,5
55973412,Williamsburg,200000,4
7786894,Williamsburg,200000,4
24349819,Woodlawn,100000,4
45912715,Briarwood,80000,4
19388508,Bedford-Stuyvesant,180000,4
3114436,Upper West Side,210000,5
10267825,Bedford-Stuyvesant,180000,4
21773891,Astoria,250000,7
2735558,Midtown,250000,3
6986059,East Village,110000,3
6349257,Flushing,200000,7
27385259,Hell's Kitchen,100000,3
1369168,Chinatown,100000,3
5188875,Washington Heights,170000,6
6397859,Harlem,250000,8
8066358,Chelsea,80000,3
15224718,Williamsburg,200000,4
3844024,East Village,110000,3
47765129,Sunnyside,120000,5
2335693,Brighton Beach,120000,5
16610439,NoHo,30000,2
5787568,Bushwick,120000,4
9621634,Astoria,250000,7
2388714,Chinatown,100000,3
53981818,Crown Heights,200000,5
19684540,Bedford-Stuyvesant,180000,4
9875692,Harlem,250000,8
50072639,Harlem,250000,8
19392374,Crown Heights,200000,5
52765101,Grymes Hill,150000,5
47947388,Upper West Side,210000,5
43210311,Harlem,250000,8
3509330,Prospect Heights,90000,4
25634468,Williamsburg,200000,4
21139299,Bedford-Stuyvesant,180000,4
4103053,East Village,110000,3
24883340,Williamsburg,200000,4
8051998,Rosedale,150000,6
52345906,East Harlem,120000,5
21352486,Williamsburg,200000,4
53733283,Upper West Side,210000,5
11549714,Bushwick,120000,4
5761610,Flatbush,180000,5
19228341,Harlem,250000,8
16497769,Woodside,150000,4
56336273,Concord,60000,3
47498368,Harlem,250000,8
56264474,East Village,110000,3
24931943,East Flatbush,120000,5
50470847,Chinatown,100000,3
25036880,Crown Heights,200000,5
16508263,Bedford-Stuyvesant,180000,4
55538752,Murray Hill,60000,2
26275689,Washington Heights,170000,6
19171454,Lower East Side,100000,3
17534437,Williamsburg,200000,4
20355033,Williamsburg,200000,4
54323140,Astoria,250000,7
18824609,Borough Park,250000,6
11113397,Bedford-Stuyvesant,180000,4
9151075,Williamsburg,200000,4
43558260,Upper East Side,200000,6
47831958,Crown Heights,200000,5
52099027,Longwood,120000,4
11371873,Midtown,250000,3
4449897,Hell's Kitchen,100000,3
57264137,Midtown,250000,3
6951264,Greenpoint,30000,2
3842367,Upper West Side,210000,5
50081476,Ditmars Steinway,80000,4
20262246,Bushwick,120000,4
16320481,Prospect-Lefferts Gardens,80000,4
56515771,West Brighton,150000,5
6332688,Bedford-Stuyvesant,180000,4
53669216,Ridgewood,100000,4
24200145,Williamsburg,200000,4
15888030,Sunset Park,250000,6
47049901,Williamsburg,200000,4
16355828,Flatbush,180000,5
3955036,Bedford-Stuyvesant,180000,4
19245462,Bedford-Stuyvesant,180000,4
26072442,Port Morris,50000,3
7862007,Williamsburg,200000,4
9020180,Williamsburg,200000,4
5313694,Williamsburg,200000,4
5287184,Williamsburg,200000,4
4068810,Concourse Village,80000,5
25581448,East Harlem,120000,5
15220300,Murray Hill,60000,2
25168327,Hell's Kitchen,100000,3
15525169,Flatbush,180000,5
9184765,Harlem,250000,8
23625201,Brooklyn Heights,100000,3
50844202,East Village,110000,3
25752661,Bedford-Stuyvesant,180000,4
54598185,Upper West Side,210000,5
47887188,Crown Heights,200000,5
9495710,Brownsville,180000,7
55898299,Bedford-Stuyvesant,180000,4
15171697,Williamsburg,200000,4
42849107,Rockaway Beach,60000,3
25206988,Bedford-Stuyvesant,180000,4
2193752,Greenwich Village,150000,3
2052363,Chinatown,100000,3
43659883,East Village,110000,3
50920419,Inwood,60000,2
17676930,Bath Beach,150000,5
45483578,East Flatbush,120000,5
1124499,East Village,110000,3
2665416,Chelsea,80000,3
51669890,Flatbush,180000,5
19561930,Astoria,250000,7
13822428,Williamsburg,200000,4
52491713,Two Bridges,40000,2
17971306,Flushing,200000,7
17611759,Bushwick,120000,4
9570823,Murray Hill,60000,2
53023025,Arverne,40000,2
25970819,Astoria,250000,7
16190138,Bushwick,120000,4
46529634,West Brighton,150000,5
9652563,Bedford-Stuyvesant,180000,4
10423022,Flatbush,180000,5
18315389,Lower East Side,100000,3
15571010,Lower East Side,100000,3
56336825,South Beach,150000,5
4398533,Murray Hill,60000,2
2308078,Morningside Heights,150000,5
6771214,Clinton Hill,50000,3
13045342,Bedford-Stuyvesant,180000,4
55427740,Murray Hill,60000,2
52575662,Midtown,250000,3
48271588,Williamsburg,200000,4
45909954,Crown Heights,200000,5
2799073,Greenpoint,30000,2
5567200,Upper West Side,210000,5
52675629,Bedford-Stuyvesant,180000,4
10004378,Williamsburg,200000,4
7260552,Harlem,250000,8
11697730,Flushing,200000,7
49758380,Midtown,250000,3
48421262,Williamsburg,200000,4
23444599,East Harlem,120000,5
57217744,Williamsburg,200000,4
7131314,Chinatown,100000,3
43048487,Midtown,250000,3
11306702,Harlem,250000,8
9287493,East Village,110000,3
57233761,Bedford-Stuyvesant,180000,4
18849463,Williamsbridge,80000,4
1954606,Bedford-Stuyvesant,180000,4
54413164,Williamsburg,200000,4
1919811,Bedford-Stuyvesant,180000,4
26813077,Hell's Kitchen,100000,3
25488109,Bedford-Stuyvesant,180000,4
1202373,Upper West Side,210000,5
19565244,Astoria,250000,7
9344932,Theater District,120000,4
17291425,Inwood,60000,2
44588300,Gramercy,50000,2
8981519,Upper West Side,210000,5
20204255,East Harlem,120000,5
4847553,Crown Heights,200000,5
46896361,Bushwick,120000,4
7245640,Crown Heights,200000,5
43336236,Bedford-Stuyvesant,180000,4
18630752,Bushwick,120000,4
45302424,Gowanus,40000,2
3823589,Bedford-Stuyvesant,180000,4
54169048,Sunset Park,250000,6
11899872,Park Slope,150000,5
22199715,Upper East Side,200000,6
4567537,Prospect-Lefferts Gardens,80000,4
20284891,Brighton Beach,120000,5
10351775,Williamsburg,200000,4
12403017,Chelsea,80000,3
9865751,Maspeth,60000,3
23854958,Hell's Kitchen,100000,3
57056472,East Elmhurst,100000,3
25009817,Bay Ridge,200000,5
1596715,Greenpoint,30000,2
16595527,Arverne,40000,2
52994858,Greenpoint,30000,2
21834092,Greenwich Village,150000,3
8964397,Upper West Side,210000,5
11199556,Bedford-Stuyvesant,180000,4
1408933,Wakefield,100000,4
5949944,Nolita,40000,2
3366285,Ditmars Steinway,80000,4
19471353,Concord,60000,3
9563091,Upper West Side,210000,5
5885325,Bushwick,120000,4
7486995,Williamsburg,200000,4
49225411,Williamsburg,200000,4
18278385,Astoria,250000,7
1660782,Morris Heights,100000,5
1482389,Upper West Side,210000,5
27091988,Williamsburg,200000,4
21903682,Greenpoint,30000,2
16626455,Hell's Kitchen,100000,3
10335206,Upper West Side,210000,5
52129956,Bushwick,120000,4
26670583,Flushing,200000,7
26003405,Chelsea,80000,3
8980414,Inwood,60000,2
7424033,Lower East Side,100000,3
4463152,Hell's Kitchen,100000,3
23490440,Upper West Side,210000,5
50070982,Bedford-Stuyvesant,180000,4
18943906,Hell's Kitchen,100000,3
26334785,Bedford-Stuyvesant,180000,4
11154819,East Flatbush,120000,5
45675778,Midtown,250000,3
50131183,Sheepshead Bay,100000,3
44633588,Longwood,120000,4
20722864,Jamaica,250000,7
55572442,Hell's Kitchen,100000,3
18602032,Chelsea,80000,3
22832650,Upper East Side,200000,6
44957236,Bushwick,120000,4
51820116,Williamsburg,200000,4
55622149,Harlem,250000,8
48672558,Long Island City,180000,6
2658236,Mount Eden,50000,3
20488137,East Harlem,120000,5
52765654,South Slope,100000,3
2780294,Williamsburg,200000,4
25191524,Bedford-Stuyvesant,180000,4
19639252,East Elmhurst,100000,3
16686656,Elmhurst,120000,5
49062482,Bedford-Stuyvesant,180000,4
8504884,Bushwick,120000,4
2617918,Bedford-Stuyvesant,180000,4
4689595,Harlem,250000,8
25214720,Ridgewood,100000,4
19630967,Gowanus,40000,2
19272525,Fort Greene,70000,3
52426541,Flatbush,180000,5
23835075,Long Island City,180000,6
6906528,Greenpoint,30000,2
51577656,Greenpoint,30000,2
10171173,Williamsburg,200000,4
6913155,Williamsburg,200000,4
25339540,Crown Heights,200000,5
19747503,Ridgewood,100000,4
4885662,Bedford-Stuyvesant,180000,4
16716480,West Village,100000,2
45991694,Prospect-Lefferts Gardens,80000,4
56092709,Harlem,250000,8
45147227,Hell's Kitchen,100000,3
23168449,Mott Haven,80000,3
16058139,Long Island City,180000,6
23960999,Crown Heights,200000,5
6516604,Ditmars Steinway,80000,4
7268836,Williamsburg,200000,4
20869776,Bayside,120000,4
1549218,Bushwick,120000,4
55503957,Bushwick,120000,4
26877696,Greenpoint,30000,2
55907688,Flushing,200000,7
14994961,Crown Heights,200000,5
26668926,Cobble Hill,60000,2
14505071,Midtown,250000,3
49612021,Financial District,40000,2
53289786,Hell's Kitchen,100000,3
24630939,Upper East Side,200000,6
19004659,Murray Hill,60000,2
27470314,Bushwick,120000,4
7971914,Woodhaven,100000,4
3018336,Upper West Side,210000,5
44639111,Williamsburg,200000,4
56985226,Chinatown,100000,3
51304268,Kingsbridge,50000,3
19664105,Edenwald,100000,4
55515003,Glendale,80000,3
45182575,Bushwick,120000,4
47706033,Flatbush,180000,5
6329926,Greenwich Village,150000,3
55501195,Jamaica,250000,7
22934274,SoHo,120000,4
6994343,Fort Greene,70000,3
3810886,Midtown,250000,3
14481322,Chelsea,80000,3
20101527,Dyker Heights,120000,5
17823289,Elmhurst,120000,5
2941566,Nolita,40000,2
23428582,Greenpoint,30000,2
18463957,Rockaway Beach,60000,3
13322597,West Village,100000,2
24320547,East Village,110000,3
46347928,Harlem,250000,8
53755375,Washington Heights,170000,6
2728930,East Village,110000,3
12087654,Flatbush,180000,5
53858103,Chinatown,100000,3
16275745,Williamsburg,200000,4
25931053,Jackson Heights,180000,5
5165126,Upper East Side,200000,6
24938570,Sheepshead Bay,100000,3
20911199,Williamsburg,200000,4
3850099,East Village,110000,3
55762433,Williamsburg,200000,4
16495008,Gowanus,40000,2
52967795,Battery Park City,50000,2
17393048,Prospect Heights,90000,4
24327727,Bedford-Stuyvesant,180000,4
13033744,Midtown,250000,3
7016435,Upper West Side,210000,5
13090631,Cobble Hill,60000,2
47744694,Hell's Kitchen,100000,3
8867745,Sunset Park,250000,6
56922816,Washington Heights,170000,6
44572283,Harlem,250000,8
56318047,College Point,60000,3
56094366,Bedford-Stuyvesant,180000,4
13647349,Williamsburg,200000,4
52523746,Grant City,120000,4
45103596,Arverne,40000,2
2545015,Prospect Heights,90000,4
50030112,Murray Hill,60000,2
4941997,Far Rockaway,250000,7
6564654,Carroll Gardens,40000,2
19977259,Williamsburg,200000,4
2528998,Prospect-Lefferts Gardens,80000,4
3203908,Flatlands,50000,3
12928807,Astoria,250000,7
8026592,Harlem,250000,8
16264699,Williamsburg,200000,4
56580390,Crown Heights,200000,5
19924791,Prospect Heights,90000,4
54559524,Hell's Kitchen,100000,3
52962825,Bushwick,120000,4
19361445,Woodside,150000,4
49382816,Sunnyside,120000,5
20776438,Sunnyside,120000,5
4838716,Harlem,250000,8
8024383,Bushwick,120000,4
21033257,Washington Heights,170000,6
56010416,East Flatbush,120000,5
4710031,Upper West Side,210000,5
12935434,Bath Beach,150000,5
24121166,Upper East Side,200000,6
51449523,Long Island City,180000,6
11831939,Bushwick,120000,4
25009265,Washington Heights,170000,6
5991919,Upper East Side,200000,6
3391138,Bedford-Stuyvesant,180000,4
8308265,Upper East Side,200000,6
42852973,Williamsburg,200000,4
26228743,Williamsburg,200000,4
9211828,Murray Hill,60000,2
55433263,Harlem,250000,8
48874148,Hell's Kitchen,100000,3
26161363,East Flatbush,120000,5
22303547,Brooklyn Heights,100000,3
20261694,Bedford-Stuyvesant,180000,4
45490758,Upper East Side,200000,6
2196513,Tribeca,100000,4
24797734,East Harlem,120000,5
6121157,Bushwick,120000,4
6476286,Bedford-Stuyvesant,180000,4
22230643,Jackson Heights,180000,5
44025506,Crown Heights,200000,5
26923537,Murray Hill,60000,2
17380345,Mott Haven,80000,3
2709600,East Village,110000,3
24509986,Bedford-Stuyvesant,180000,4
10399273,Sunset Park,250000,6
26747353,Midtown,250000,3
11046016,Harlem,250000,8
15402006,Clason Point,80000,4
2670387,Harlem,250000,8
3286201,Gramercy,50000,2
4053346,Astoria,250000,7
5408690,Bedford-Stuyvesant,180000,4
47244310,East Flatbush,120000,5
4561462,Bushwick,120000,4
6983297,Long Island City,180000,6
13002815,Upper West Side,210000,5
24292932,Murray Hill,60000,2
13285040,West Village,100000,2
15051848,Harlem,250000,8
44007280,Lower East Side,100000,3
20728387,Ditmars Steinway,80000,4
17394152,Harlem,250000,8
55676275,Bushwick,120000,4
43122496,Theater District,120000,4
27001411,Upper East Side,200000,6
20845475,Little Italy,60000,2
9244966,Sunnyside,120000,5
25561012,Long Island City,180000,6
1605000,Upper East Side,200000,6
18260711,Bedford-Stuyvesant,180000,4
8011680,Harlem,250000,8
2300898,Midtown,250000,3
12387553,Financial District,40000,2
45204114,Williamsburg,200000,4
7733873,Ditmars Steinway,80000,4
51957639,Mott Haven,80000,3
22660885,Bedford-Stuyvesant,180000,4
56018148,Bedford-Stuyvesant,180000,4
3672811,Harlem,250000,8
15311429,Crown Heights,200000,5
1100198,West Village,100000,2
22178727,South Slope,100000,3
26515387,Corona,200000,6
24767357,Ozone Park,150000,6
3395004,Carroll Gardens,40000,2
2905666,Forest Hills,180000,6
9044481,Nolita,40000,2
15267797,East New York,150000,5
5541242,Crown Heights,200000,5
3403289,Greenpoint,30000,2
44253606,Upper East Side,200000,6
18294401,Upper West Side,210000,5
44061958,Williamsburg,200000,4
11940742,Upper East Side,200000,6
45222340,Midtown,250000,3
2089919,Clinton Hill,50000,3
45386926,Crown Heights,200000,5
55026770,Harlem,250000,8
57287334,Upper East Side,200000,6
23076767,Harlem,250000,8
9278104,Flatbush,180000,5
48093748,Williamsburg,200000,4
5279452,Astoria,250000,7
6998762,Flatlands,50000,3
44223782,East Flatbush,120000,5
3224896,Carroll Gardens,40000,2
5692572,Bedford-Stuyvesant,180000,4
26832959,Williamsburg,200000,4
54085098,Crown Heights,200000,5
45758623,Astoria,250000,7
18798651,Canarsie,120000,4
11837462,Wakefield,100000,4
24928629,Upper West Side,210000,5
56112039,Boerum Hill,50000,2
57091267,Chelsea,80000,3
11548609,Ridgewood,100000,4
5295469,Prospect-Lefferts Gardens,80000,4
54091726,East New York,150000,5
20933843,Flatbush,180000,5
23694791,Bronxdale,250000,6
48007589,Sunnyside,120000,5
45145570,Upper East Side,200000,6
44929069,Long Island City,180000,6
3499389,Bedford-Stuyvesant,180000,4
47959539,Harlem,250000,8
17219073,Brooklyn Heights,100000,3
20892973,Sunset Park,250000,6
20256723,Greenpoint,30000,2
55894985,Bedford-Stuyvesant,180000,4
15888583,Williamsburg,200000,4
44968834,Boerum Hill,50000,2
13061911,Longwood,120000,4
54107190,South Slope,100000,3
15218090,Midtown,250000,3
48062267,Williamsburg,200000,4
12235670,East Elmhurst,100000,3
6723716,Williamsburg,200000,4
5067921,Bedford-Stuyvesant,180000,4
18482736,Hell's Kitchen,100000,3
16760112,East Harlem,120000,5
49912472,Bushwick,120000,4
8235914,Greenwich Village,150000,3
44396099,East Elmhurst,100000,3
54692628,Bushwick,120000,4
21264118,Carroll Gardens,40000,2
7057858,Upper West Side,210000,5
44471212,East New York,150000,5
16345887,Parkchester,250000,7
45945301,East Harlem,120000,5
18792024,Chelsea,80000,3
23894723,Financial District,40000,2
7697421,Roosevelt Island,15000,2
51421908,Chelsea,80000,3
5664405,Ditmars Steinway,80000,4
44451329,Hell's Kitchen,100000,3
1672381,Ridgewood,100000,4
45952481,Great Kills,180000,6
53050088,Chelsea,80000,3
8776615,Flatbush,180000,5
56329645,East Village,110000,3
24845232,Maspeth,60000,3
6830310,Harlem,250000,8
12797359,East Flatbush,120000,5
48258886,Midtown,250000,3
23117637,Williamsburg,200000,4
49436941,Hell's Kitchen,100000,3
25981865,Bedford-Stuyvesant,180000,4
2957030,Harlem,250000,8
11083573,Maspeth,60000,3
44831312,Allerton,60000,4
19453679,Hollis,200000,6
2915608,Bedford-Stuyvesant,180000,4
1568548,Bedford-Stuyvesant,180000,4
56225813,West Village,100000,2
44958893,Bedford-Stuyvesant,180000,4
18943354,Hell's Kitchen,100000,3
54979272,Forest Hills,180000,6
45481369,Throgs Neck,100000,4
52115044,Astoria,250000,7
3962216,Greenpoint,30000,2
15288232,Arverne,40000,2
22492986,Bushwick,120000,4
23261235,Williamsburg,200000,4
13355735,Richmond Hill,180000,5
1720983,Bedford-Stuyvesant,180000,4
21221039,Upper East Side,200000,6
54697599,New Brighton,100000,4
20424070,Bedford-Stuyvesant,180000,4
8278993,Williamsburg,200000,4
16631426,Two Bridges,40000,2
13627466,Parkchester,250000,7
51415280,South Slope,100000,3
17657599,Upper West Side,210000,5
51886944,Harlem,250000,8
7271046,Bedford-Stuyvesant,180000,4
27504004,Harlem,250000,8
15837771,Jamaica,250000,7
5168992,Bedford-Stuyvesant,180000,4
15068969,Westchester Square,200000,6
2510772,Chinatown,100000,3
54552344,Jackson Heights,180000,5
21575063,Prospect-Lefferts Gardens,80000,4
6640319,Greenpoint,30000,2
24334354,Inwood,60000,2
55610551,Harlem,250000,8
20931082,Sunset Park,250000,6
26607069,Harlem,250000,8
17052279,Ditmars Steinway,80000,4
49417611,Harlem,250000,8
21819732,Sunset Park,250000,6
46496496,Jamaica,250000,7
55832575,Chinatown,100000,3
18034820,Financial District,40000,2
24908746,Washington Heights,170000,6
2115325,West Village,100000,2
49269042,Bushwick,120000,4
55086418,East Harlem,120000,5
42861810,Inwood,60000,2
13687667,Stapleton,120000,5
46872060,Chelsea,80000,3
51292117,Sunnyside,120000,5
2495860,Upper West Side,210000,5
53649334,Fort Greene,70000,3
19604457,Williamsburg,200000,4
51058494,Gowanus,40000,2
21694912,Midtown,250000,3
47761816,Greenwich Village,150000,3
24646404,Two Bridges,40000,2
46466120,Ditmars Steinway,80000,4
8333119,Bushwick,120000,4
48192057,Upper West Side,210000,5
55553664,Hell's Kitchen,100000,3
9338857,Upper West Side,210000,5
22214074,Bedford-Stuyvesant,180000,4
12844305,Williamsburg,200000,4
47861782,Hell's Kitchen,100000,3
6296236,Flatbush,180000,5
50225074,Bushwick,120000,4
4122936,Williamsburg,200000,4
55749178,Williamsburg,200000,4
46541785,Little Neck,120000,4
15200417,Murray Hill,60000,2
56717912,Bedford-Stuyvesant,180000,4
23886439,Financial District,40000,2
25697983,Bedford-Stuyvesant,180000,4
12943719,Washington Heights,170000,6
27009695,Lower East Side,100000,3
7377640,Upper East Side,200000,6
45074324,Canarsie,120000,4
10545080,Long Island City,180000,6
8081270,Flatbush,180000,5
9767442,Williamsburg,200000,4
16700464,College Point,60000,3
47659640,Bedford-Stuyvesant,180000,4
6649708,West Village,100000,2
4584658,Williamsburg,200000,4
12818899,Upper West Side,210000,5
6489541,Borough Park,250000,6
4796742,Harlem,250000,8
13077376,Harlem,250000,8
14976735,Bronxdale,250000,6
26907520,Astoria,250000,7
43266094,Hell's Kitchen,100000,3
3641882,Crown Heights,200000,5
1821502,Williamsburg,200000,4
5869861,Williamsburg,200000,4
53092063,Midtown,250000,3
2811223,Kips Bay,50000,2
47182453,Chelsea,80000,3
51640066,Harlem,250000,8
25159490,SoHo,120000,4
10391541,Upper East Side,200000,6
49802564,Crown Heights,200000,5
2816194,Cypress Hills,100000,4
45320097,Harlem,250000,8
53745986,Gowanus,40000,2
50204638,Chelsea,80000,3
9890605,Harlem,250000,8
51519665,Crown Heights,200000,5
11994868,Kips Bay,50000,2
53716714,Upper East Side,200000,6
13389425,Bedford-Stuyvesant,180000,4
25776409,Bedford-Stuyvesant,180000,4
24597249,Rosedale,150000,6
21597708,Bedford-Stuyvesant,180000,4
48125229,Morningside Heights,150000,5
21883799,Bedford-Stuyvesant,180000,4
26809763,Bedford-Stuyvesant,180000,4
54123759,Allerton,60000,4
45007495,Harlem,250000,8
26712006,Bushwick,120000,4
26423705,Bedford-Stuyvesant,180000,4
19653612,University Heights,150000,6
56173345,Harlem,250000,8
24218923,Long Island City,180000,6
18832342,East Village,110000,3
4124593,Financial District,40000,2
19039454,Upper East Side,200000,6
15395931,Bedford-Stuyvesant,180000,4
43894611,East Elmhurst,100000,3
56726749,Inwood,60000,2
47740276,Kips Bay,50000,2
45965736,Crown Heights,200000,5
44581672,Corona,200000,6
52649118,Hollis,200000,6
8724699,Woodside,150000,4
48828307,Morningside Heights,150000,5
15373839,St. Albans,70000,3
23280013,Bedford-Stuyvesant,180000,4
12431737,Hell's Kitchen,100000,3
56974732,Astoria,250000,7
50301843,Hell's Kitchen,100000,3
52053187,Midtown,250000,3
56805176,Upper West Side,210000,5
1762958,Elmhurst,120000,5
8117169,Hell's Kitchen,100000,3
15437906,Dyker Heights,120000,5
1180834,Clinton Hill,50000,3
54508160,Williamsburg,200000,4
43723950,Williamsburg,200000,4
48827755,Clinton Hill,50000,3
19527687,Washington Heights,170000,6
45674674,Upper East Side,200000,6
42990496,Canarsie,120000,4
4738750,East Harlem,120000,5
43308621,Nolita,40000,2
10980845,Flushing,200000,7
12452724,Sunnyside,120000,5
23662757,Brownsville,180000,7
16266908,Upper West Side,210000,5
23363411,Harlem,250000,8
5640656,Harlem,250000,8
55693948,Bushwick,120000,4
6861791,Lower East Side,100000,3
52648566,Woodlawn,100000,4
6993791,Elmhurst,120000,5
13660604,Bedford-Stuyvesant,180000,4
15917302,Hell's Kitchen,100000,3
44258577,Little Italy,60000,2
18386083,Murray Hill,60000,2
57132137,Upper East Side,200000,6
9835375,Bedford-Stuyvesant,180000,4
48955888,Borough Park,250000,6
2785265,Bedford-Stuyvesant,180000,4
50362044,Prospect-Lefferts Gardens,80000,4
23536833,Chinatown,100000,3
9829299,Lower East Side,100000,3
16428180,West Village,100000,2
20945994,East Flatbush,120000,5
6788335,Downtown Brooklyn,150000,5
3150335,Williamsburg,200000,4
2894620,Harlem,250000,8
48512944,Bedford-Stuyvesant,180000,4
50122898,Bedford-Stuyvesant,180000,4
44307731,Chinatown,100000,3
25449448,Washington Heights,170000,6
10300963,Ditmars Steinway,80000,4
44480049,Sheepshead Bay,100000,3
9906621,Lower East Side,100000,3
6402830,Crown Heights,200000,5
4955252,East Harlem,120000,5
22415112,Ridgewood,100000,4
21936268,Forest Hills,180000,6
6464688,Lower East Side,100000,3
25017549,Harlem,250000,8
57313844,Crown Heights,200000,5
1782841,Upper West Side,210000,5
51738928,Hell's Kitchen,100000,3
53827174,Murray Hill,60000,2
6845222,Bedford-Stuyvesant,180000,4
47929162,Morningside Heights,150000,5
53812262,Financial District,40000,2
51189942,Greenpoint,30000,2
53636078,Bedford-Stuyvesant,180000,4
15369973,Boerum Hill,50000,2
56134684,Hell's Kitchen,100000,3
7079398,Bushwick,120000,4
9446555,Midtown,250000,3
13487734,Hell's Kitchen,100000,3
18616945,Glendale,80000,3
50387450,Flushing,200000,7
6887197,Harlem,250000,8
21887113,Upper East Side,200000,6
15627345,Washington Heights,170000,6
14584602,Flushing,200000,7
55949111,Bushwick,120000,4
13685458,East Flatbush,120000,5
56895753,Murray Hill,60000,2
55717145,East Harlem,120000,5
16096247,Ozone Park,150000,6
1533753,Harlem,250000,8
44233723,Bedford-Stuyvesant,180000,4
8968816,Astoria,250000,7
26200576,Crown Heights,200000,5
56611318,Harlem,250000,8
48453295,Harlem,250000,8
4129011,Bedford-Stuyvesant,180000,4
7923864,Astoria,250000,7
5603100,Astoria,250000,7
4206885,Chelsea,80000,3
43607967,Hell's Kitchen,100000,3
1468582,Williamsburg,200000,4
8683829,East Village,110000,3
22881253,Hell's Kitchen,100000,3
56503068,East Flatbush,120000,5
1549770,Prospect-Lefferts Gardens,80000,4
17990084,Jackson Heights,180000,5
13504856,South Slope,100000,3
50666361,Concord,60000,3
4236709,Ridgewood,100000,4
8489419,Boerum Hill,50000,2
14286360,Astoria,250000,7
24958453,Jackson Heights,180000,5
17480311,Hell's Kitchen,100000,3
16759007,Inwood,60000,2
15429621,Concourse,80000,4
23355126,Hell's Kitchen,100000,3
1452565,Greenpoint,30000,2
9157702,Kips Bay,50000,2
4488006,Hell's Kitchen,100000,3
26809210,East Village,110000,3
5027603,Washington Heights,170000,6
50883967,Williamsburg,200000,4
13430848,Harlem,250000,8
10842217,Maspeth,60000,3
2489785,Bushwick,120000,4
51950459,Bushwick,120000,4
11360827,Sunset Park,250000,6
3632493,Crown Heights,200000,5
25308059,East Village,110000,3
9809416,Chelsea,80000,3
2358889,Williamsburg,200000,4
19516089,Harlem,250000,8
51204301,Hell's Kitchen,100000,3
9009134,Chelsea,80000,3
2789683,Williamsburg,200000,4
44388367,Jamaica,250000,7
7897354,SoHo,120000,4
21317139,Bushwick,120000,4
18338033,Harlem,250000,8
47978869,Crown Heights,200000,5
25975237,Ridgewood,100000,4
9987809,Bushwick,120000,4
16007327,Harlem,250000,8
54476127,Bedford-Stuyvesant,180000,4
6005726,Chelsea,80000,3
56650532,Chelsea,80000,3
6740285,Harlem,250000,8
46030907,East New York,150000,5
9676312,Bedford-Stuyvesant,180000,4
46636780,Bedford-Stuyvesant,180000,4
53619509,Williamsburg,200000,4
45494072,Washington Heights,170000,6
48782466,Williamsburg,200000,4
22987294,Lower East Side,100000,3
4908306,Williamsburg,200000,4
53823860,Flatbush,180000,5
4948624,Bedford-Stuyvesant,180000,4
12697393,Flatbush,180000,5
7354443,Williamsburg,200000,4
57097342,Rego Park,150000,4
13349659,Crown Heights,200000,5
44381187,Fordham,200000,7
21162495,Harlem,250000,8
3713129,Kips Bay,50000,2
15588684,Douglaston,120000,4
55013515,Upper West Side,210000,5
26233714,Rego Park,150000,4
4364843,West Village,100000,2
2192647,Fort Greene,70000,3
21534745,East Harlem,120000,5
27541560,Bushwick,120000,4
27414531,Canarsie,120000,4
13166848,Flushing,200000,7
12562632,Richmond Hill,180000,5
21839063,Harlem,250000,8
14666343,Williamsburg,200000,4
21822494,Crown Heights,200000,5
4450450,Hell's Kitchen,100000,3
22670827,East Flatbush,120000,5
1077001,Flatlands,50000,3
23381637,Harlem,250000,8
12994531,Prospect Heights,90000,4
12993978,Upper West Side,210000,5
56689193,Greenwich Village,150000,3
3350268,Crown Heights,200000,5
21592737,Harlem,250000,8
56934414,Bushwick,120000,4
6756854,Prospect Heights,90000,4
26148660,Williamsburg,200000,4
16506054,Greenpoint,30000,2
8245855,Ridgewood,100000,4
53832145,Sunnyside,120000,5
5756639,Crown Heights,200000,5
44836282,Crown Heights,200000,5
26739068,Bay Ridge,200000,5
12461561,Bedford-Stuyvesant,180000,4
52009555,Williamsburg,200000,4
25300879,Crown Heights,200000,5
17586353,Gowanus,40000,2
2154538,Crown Heights,200000,5
8162458,Bushwick,120000,4
19892205,Hell's Kitchen,100000,3
6076421,Bedford-Stuyvesant,180000,4
9998855,East Village,110000,3
5493192,Hell's Kitchen,100000,3
52258642,Astoria,250000,7
2359442,Upper East Side,200000,6
26744039,East Elmhurst,100000,3
52449186,Harlem,250000,8
48607387,Upper West Side,210000,5
21886561,Flatbush,180000,5
8445788,West Village,100000,2
23803594,Upper East Side,200000,6
4633261,Red Hook,120000,5
56173897,Harlem,250000,8
14062679,West Village,100000,2
2879708,Upper East Side,200000,6
4980105,Greenpoint,30000,2
4871854,Ditmars Steinway,80000,4
1848564,Fort Greene,70000,3
50538228,Williamsburg,200000,4
14909907,Ridgewood,100000,4
50366462,Flatbush,180000,5
5849978,Ridgewood,100000,4
47984945,East Harlem,120000,5
43842695,East Flatbush,120000,5
3651824,Bushwick,120000,4
43209207,Upper West Side,210000,5
4949729,South Slope,100000,3
55807722,Long Island City,180000,6
3389481,Flushing,200000,7
52763997,East Village,110000,3
13678278,Prospect-Lefferts Gardens,80000,4
10284394,South Slope,100000,3
45385269,Carroll Gardens,40000,2
21131566,Bedford-Stuyvesant,180000,4
44156953,Bushwick,120000,4
9102472,Upper West Side,210000,5
42962881,Bedford-Stuyvesant,180000,4
49445778,East Flatbush,120000,5
15790273,Prospect-Lefferts Gardens,80000,4
17183174,Bushwick,120000,4
12076056,Maspeth,60000,3
21366294,Harlem,250000,8
21079098,Borough Park,250000,6
15890239,Woodside,150000,4
24190756,Financial District,40000,2
50258212,Sunnyside,120000,5
26325396,South Ozone Park,150000,6
22314593,Bushwick,120000,4
55490702,Greenpoint,30000,2
17617282,Little Italy,60000,2
48979637,East Flatbush,120000,5
52332650,Woodhaven,100000,4
9202991,Bushwick,120000,4
12250582,Prospect-Lefferts Gardens,80000,4
3773330,Washington Heights,170000,6
47598335,Crown Heights,200000,5
55423321,East Village,110000,3
45703393,Ridgewood,100000,4
54536880,Greenpoint,30000,2
56252876,Harlem,250000,8
46815726,Midtown,250000,3
56467720,East Elmhurst,100000,3
54604260,Bushwick,120000,4
10196579,Midwood,180000,5
13075719,Midtown,250000,3
55609446,Williamsburg,200000,4
49923518,Sunset Park,250000,6
47016763,Murray Hill,60000,2
54947239,Fort Greene,70000,3
24081953,Springfield Gardens,150000,5
22355463,Bedford-Stuyvesant,180000,4
48644943,Dyker Heights,120000,5
3079089,Sea Gate,30000,2
6958444,Williamsburg,200000,4
21487800,Park Slope,150000,5
18945011,Hell's Kitchen,100000,3
24538705,Murray Hill,60000,2
7028586,Jackson Heights,180000,5
54790938,Longwood,120000,4
45779611,University Heights,150000,6
52507729,Long Island City,180000,6
22159949,Hell's Kitchen,100000,3
10583741,Crown Heights,200000,5
4402399,Park Slope,150000,5
2693031,Crown Heights,200000,5
15256199,Kips Bay,50000,2
43366060,Chelsea,80000,3
2447810,West Village,100000,2
7685271,Greenpoint,30000,2
19645327,Astoria,250000,7
47834167,SoHo,120000,4
25887974,Crown Heights,200000,5
27002515,Midtown,250000,3
3584443,Chelsea,80000,3
13412069,Chelsea,80000,3
3086821,Upper West Side,210000,5
8342508,Harlem,250000,8
13882629,Carroll Gardens,40000,2
27294130,Bedford-Stuyvesant,180000,4
56469377,Ditmars Steinway,80000,4
48148426,Midtown,250000,3
49678849,Gramercy,50000,2
5359535,Murray Hill,60000,2
6930277,West Farms,80000,3
17449935,Kips Bay,50000,2
44464585,Upper East Side,200000,6
48342835,Midtown,250000,3
55035607,Crown Heights,200000,5
51283280,Cypress Hills,100000,4
48071656,Park Slope,150000,5
16454690,Lower East Side,100000,3
48400827,Upper West Side,210000,5
18872659,Financial District,40000,2
43430127,Rosedale,150000,6
10107106,Williamsburg,200000,4
4449345,Hell's Kitchen,100000,3
53581401,Hell's Kitchen,100000,3
7713990,Upper West Side,210000,5
13156354,Upper East Side,200000,6
18671070,Harlem,250000,8
20405844,Brooklyn Heights,100000,3
54676612,West Village,100000,2
3320996,Harlem,250000,8
17209684,Norwood,100000,4
20990178,Crown Heights,200000,5
9072096,Washington Heights,170000,6
14911012,Williamsburg,200000,4
57223819,Long Island City,180000,6
6387918,Crown Heights,200000,5
2837181,Upper East Side,200000,6
21681657,Greenwich Village,150000,3
1527678,Prospect Heights,90000,4
10346252,Sunnyside,120000,5
26995888,Morris Heights,100000,5
44618676,Fordham,200000,7
26271270,East Village,110000,3
43671482,Midtown,250000,3
1571310,West Village,100000,2
54057483,Carroll Gardens,40000,2
23727376,Cypress Hills,100000,4
11442568,DUMBO,30000,1
5785359,Harlem,250000,8
25427356,Fort Hamilton,100000,4
23558925,Hell's Kitchen,100000,3
12382582,Greenwich Village,150000,3
13007786,Crown Heights,200000,5
14489054,Crown Heights,200000,5
16047645,Williamsburg,200000,4
45026274,Bedford-Stuyvesant,180000,4
49522548,Sunnyside,120000,5
21911966,Rosedale,150000,6
15556098,Bedford-Stuyvesant,180000,4
18304895,Upper West Side,210000,5
49982062,Park Slope,150000,5
22871864,Hell's Kitchen,100000,3
9962404,Greenpoint,30000,2
26813629,Hell's Kitchen,100000,3
8000082,Kips Bay,50000,2
20517409,Stapleton,120000,5
57153125,Bushwick,120000,4
18615840,Upper West Side,210000,5
23157403,Bedford-Stuyvesant,180000,4
7347815,West Village,100000,2
8584967,Brooklyn Heights,100000,3
23943326,East Harlem,120000,5
43244002,Nolita,40000,2
55991638,Flatbush,180000,5
26508759,Chelsea,80000,3
16698254,Murray Hill,60000,2
13966026,Flatiron District,50000,2
47528745,Flatbush,180000,5
8951695,Williamsburg,200000,4
4671922,East Harlem,120000,5
1793334,Williamsburg,200000,4
55555873,Williamsburg,200000,4
10779808,East Flatbush,120000,5
21039332,Midtown,250000,3
56952088,Upper East Side,200000,6
17583039,Clinton Hill,50000,3
56033613,Midtown,250000,3
6932486,Downtown Brooklyn,150000,5
6260889,Greenwich Village,150000,3
26824675,Hell's Kitchen,100000,3
5921224,Bedford-Stuyvesant,180000,4
45968497,Bedford-Stuyvesant,180000,4
10566620,Upper East Side,200000,6
7765906,Two Bridges,40000,2
18604794,Arrochar,15000,2
24802152,East Village,110000,3
19691168,East Village,110000,3
6450328,Upper East Side,200000,6
53484748,East Village,110000,3
4225663,Harlem,250000,8
54530804,Gramercy,50000,2
54506503,Theater District,120000,4
2790788,Parkchester,250000,7
2752679,Bedford-Stuyvesant,180000,4
26547420,Howard Beach,80000,4
53596865,Washington Heights,170000,6
7720066,East Harlem,120000,5
45341637,Wakefield,100000,4
25563222,Upper West Side,210000,5
49351335,Upper East Side,200000,6
51376619,Chelsea,80000,3
25233499,Harlem,250000,8
21000671,Bedford-Stuyvesant,180000,4
7927730,Greenpoint,30000,2
50793390,Jackson Heights,180000,5
51291565,Hell's Kitchen,100000,3
4982314,Upper West Side,210000,5
20426832,Flushing,200000,7
53865283,Hell's Kitchen,100000,3
50024589,Sunnyside,120000,5
7360518,Astoria,250000,7
48177697,Upper West Side,210000,5
54219859,Bedford-Stuyvesant,180000,4
23847226,Financial District,40000,2
44955579,Hell's Kitchen,100000,3
11908156,Chinatown,100000,3
53752614,Kips Bay,50000,2
7169422,Jackson Heights,180000,5
50875131,Clinton Hill,50000,3
15345119,Morningside Heights,150000,5
48842667,East Harlem,120000,5
3846233,Bedford-Stuyvesant,180000,4
20601911,Bedford-Stuyvesant,180000,4
4376441,East Harlem,120000,5
53526723,Crown Heights,200000,5
14913221,Westchester Square,200000,6
25765363,Hell's Kitchen,100000,3
49055854,Harlem,250000,8
11486199,Bedford-Stuyvesant,180000,4
46711893,Hell's Kitchen,100000,3
49793727,Bedford-Stuyvesant,180000,4
50326144,Williamsburg,200000,4
3050369,Kips Bay,50000,2
1174758,Williamsburg,200000,4
2504697,Harlem,250000,8
47575138,Maspeth,60000,3
9088665,Prospect-Lefferts Gardens,80000,4
48204208,Flatbush,180000,5
23467795,Prospect-Lefferts Gardens,80000,4
25937681,Ridgewood,100000,4
48176593,Midtown,250000,3
25254486,Harlem,250000,8
27435519,Midtown,250000,3
20537292,Bushwick,120000,4
7309707,Brooklyn Heights,100000,3
20970847,Borough Park,250000,6
55621045,East New York,150000,5
54076814,East Village,110000,3
3500494,Park Slope,150000,5
55836442,Sheepshead Bay,100000,3
9522773,Bedford-Stuyvesant,180000,4
13847282,Bath Beach,150000,5
6033894,East Village,110000,3
26080174,Lower East Side,100000,3
14653640,Kensington,35000,2
8942858,Springfield Gardens,150000,5
43271064,Mott Haven,80000,3
25543339,Bedford-Stuyvesant,180000,4
6731449,Upper East Side,200000,6
47150419,East New York,150000,5
9464781,Upper East Side,200000,6
49477259,East Village,110000,3
54357382,Lower East Side,100000,3
54303809,Greenwich Village,150000,3
9873483,Greenpoint,30000,2
53867492,Washington Heights,170000,6
55716040,East New York,150000,5
52621503,Upper West Side,210000,5
48718951,Harlem,250000,8
19027303,Hell's Kitchen,100000,3
45665285,Bushwick,120000,4
26131538,East Village,110000,3
47094637,Bedford-Stuyvesant,180000,4
6702729,Williamsburg,200000,4
17182069,Howard Beach,80000,4
13777140,Harlem,250000,8
23422507,Sunset Park,250000,6
25638334,Bedford-Stuyvesant,180000,4
49593242,West Village,100000,2
14912116,Flushing,200000,7
46257903,Bedford-Stuyvesant,180000,4
13058597,Lower East Side,100000,3
50066011,Upper West Side,210000,5
14532134,Williamsburg,200000,4
1002102,Midtown,250000,3
5091118,Williamsburg,200000,4
5762714,Williamsburg,200000,4
16834672,Williamsburg,200000,4
23873736,Financial District,40000,2
8591043,Harlem,250000,8
45418959,Bath Beach,150000,5
55845831,Concord,60000,3
15814574,Greenpoint,30000,2
48296994,Washington Heights,170000,6
51572686,Corona,200000,6
48880223,Midtown,250000,3
12963602,West Village,100000,2
44237037,Chinatown,100000,3
3844576,Crown Heights,200000,5
48572040,Jamaica,250000,7
3022754,Bedford-Stuyvesant,180000,4
22678006,Hell's Kitchen,100000,3
20962010,Flatbush,180000,5
4985628,Prospect Heights,90000,4
21364637,Crown Heights,200000,5
6593374,Williamsburg,200000,4
3048160,East Village,110000,3
54645683,Brighton Beach,120000,5
17272646,Crown Heights,200000,5
17143408,Harlem,250000,8
47310586,Murray Hill,60000,2
49827970,Springfield Gardens,150000,5
20631183,Hell's Kitchen,100000,3
48852608,Williamsburg,200000,4
5017109,SoHo,120000,4
17485834,Crown Heights,200000,5
8728565,Crown Heights,200000,5
21873305,Prospect Heights,90000,4
49292239,West Village,100000,2
21847900,Coney Island,200000,6
11001280,Ridgewood,100000,4
24744161,Bedford-Stuyvesant,180000,4
2965315,Long Island City,180000,6
24918688,Grymes Hill,150000,5
53649886,Bushwick,120000,4
12622280,Harlem,250000,8
22913286,Downtown Brooklyn,150000,5
50215132,Upper East Side,200000,6
27534933,Hell's Kitchen,100000,3
1245453,Sunnyside,120000,5
24659659,Long Island City,180000,6
4071572,Harlem,250000,8
55039473,Bedford-Stuyvesant,180000,4
17584696,Flatiron District,50000,2
26359086,Midtown,250000,3
5536824,Morningside Heights,150000,5
4238919,Harlem,250000,8
8522005,Astoria,250000,7
1550322,Carroll Gardens,40000,2
48100928,Hell's Kitchen,100000,3
11516576,Bensonhurst,180000,5
17357148,Astoria,250000,7
53155577,Lower East Side,100000,3
7242326,Williamsburg,200000,4
5315904,Flushing,200000,7
19899385,Harlem,250000,8
19613294,Breezy Point,150000,4
56131922,Park Slope,150000,5
3206670,Bushwick,120000,4
43033575,Sunnyside,120000,5
27381946,Washington Heights,170000,6
12942614,Sunnyside,120000,5
18650083,Tribeca,100000,4
9347141,Midwood,180000,5
43030261,East Harlem,120000,5
52845737,Maspeth,60000,3
44653471,Crown Heights,200000,5
45165453,Roosevelt Island,15000,2
21544687,Queens Village,120000,4
52757369,Williamsburg,200000,4
8644616,SoHo,120000,4
43187115,Chinatown,100000,3
42923668,Tribeca,100000,4
48735520,Ridgewood,100000,4
57239284,Williamsburg,200000,4
57160857,Astoria,250000,7
21712034,Williamsburg,200000,4
21546344,East Village,110000,3
49788757,Bedford-Stuyvesant,180000,4
56268340,Hell's Kitchen,100000,3
27396858,Ridgewood,100000,4
5746698,Ditmars Steinway,80000,4
57122748,Williamsburg,200000,4
16874990,Bushwick,120000,4
22279246,Hell's Kitchen,100000,3
50494596,Jackson Heights,180000,5
42997123,Bedford-Stuyvesant,180000,4
2572630,Financial District,40000,2
9457049,Murray Hill,60000,2
23027060,Bay Ridge,200000,5
3624209,Windsor Terrace,30000,2
3554067,Carroll Gardens,40000,2
47372444,Midtown,250000,3
3106704,Bedford-Stuyvesant,180000,4
7405255,East Village,110000,3
25548310,Bushwick,120000,4
6225542,West Village,100000,2
51054076,Harlem,250000,8
24849650,East Elmhurst,100000,3
6047701,Flatbush,180000,5
5303201,Greenpoint,30000,2
47635891,Lower East Side,100000,3
44102276,Harlem,250000,8
6384052,East Village,110000,3
24838052,Gowanus,40000,2
16412163,Bushwick,120000,4
24171978,Maspeth,60000,3
24559693,Flushing,200000,7
47215039,Murray Hill,60000,2
23904665,Financial District,40000,2
8839025,Lower East Side,100000,3
23918472,East Village,110000,3
43901239,Bushwick,120000,4
45596247,Midtown,250000,3
11130518,Little Italy,60000,2
53511811,Prospect-Lefferts Gardens,80000,4
48743805,Kips Bay,50000,2
10145767,South Slope,100000,3
56213110,East Village,110000,3
15959277,Hell's Kitchen,100000,3
13496019,Harlem,250000,8
25178269,Nolita,40000,2
51472719,Crown Heights,200000,5
18204929,Bushwick,120000,4
7572049,East Village,110000,3
3576159,Bedford-Stuyvesant,180000,4
5452874,East Village,110000,3
42846346,Prospect-Lefferts Gardens,80000,4
16776129,Upper West Side,210000,5
5479937,Williamsburg,200000,4
43696888,Borough Park,250000,6
22493538,Long Island City,180000,6
21925222,DUMBO,30000,1
25949832,Flushing,200000,7
21944000,Far Rockaway,250000,7
48246183,Washington Heights,170000,6
8651796,Flatbush,180000,5
18859957,Upper West Side,210000,5
6612704,Bushwick,120000,4
47852393,Red Hook,120000,5
52950122,Prospect Heights,90000,4
54678268,Chelsea,80000,3
10623507,Harlem,250000,8
55709965,Elmhurst,120000,5
21335365,Harlem,250000,8
17853114,Long Island City,180000,6
3504912,Lower East Side,100000,3
48688575,Bushwick,120000,4
8524767,Roosevelt Island,15000,2
1890539,Sunset Park,250000,6
20085510,Astoria,250000,7
23907426,Financial District,40000,2
2023091,Harlem,250000,8
25955907,Harlem,250000,8
43853188,East Village,110000,3
55634852,Corona,200000,6
45145018,East Flatbush,120000,5
52643043,Flatbush,180000,5
4724943,Harlem,250000,8
2446705,SoHo,120000,4
11573463,Upper West Side,210000,5
14309005,Williamsburg,200000,4
17811691,Nolita,40000,2
51292669,Ditmars Steinway,80000,4
57039351,Lower East Side,100000,3
3971605,East Harlem,120000,5
51940517,Upper East Side,200000,6
23532415,Chinatown,100000,3
14323364,Long Island City,180000,6
26039304,Midtown,250000,3
52771177,Harlem,250000,8
51560535,Williamsburg,200000,4
6563549,Bedford-Stuyvesant,180000,4
56040240,Upper East Side,200000,6
44609287,South Slope,100000,3
12575335,Bushwick,120000,4
54961046,Bushwick,120000,4
15612985,SoHo,120000,4
18790367,Financial District,40000,2
16652966,Harlem,250000,8
49761694,Bedford-Stuyvesant,180000,4
2263342,East Flatbush,120000,5
17549349,Bedford-Stuyvesant,180000,4
11875571,Williamsburg,200000,4
14218980,Lower East Side,100000,3
18858852,Bushwick,120000,4
2642219,East Harlem,120000,5
24241568,Theater District,120000,4
22898926,Kew Gardens Hills,120000,5
15259513,Harlem,250000,8
9887291,Two Bridges,40000,2
24340982,Theater District,120000,4
22334476,Williamsburg,200000,4
24651374,Chinatown,100000,3
54244713,Far Rockaway,250000,7
5947735,Harlem,250000,8
1898824,Long Island City,180000,6
43497507,Astoria,250000,7
47912593,Bushwick,120000,4
20032489,Jackson Heights,180000,5
22203581,Bedford-Stuyvesant,180000,4
57156991,Williamsburg,200000,4
3152545,Clinton Hill,50000,3
21729155,Astoria,250000,7
3903673,East Village,110000,3
2287090,Bedford-Stuyvesant,180000,4
12968020,Gramercy,50000,2
3534184,Upper East Side,200000,6
23195512,Bedford-Stuyvesant,180000,4
22983981,Bensonhurst,180000,5
51201540,Bedford-Stuyvesant,180000,4
23255712,Astoria,250000,7
25426804,Gramercy,50000,2
6825892,Upper West Side,210000,5
53770287,Kips Bay,50000,2
44617019,Bedford-Stuyvesant,180000,4
4550416,Crown Heights,200000,5
18679354,East Harlem,120000,5
8695980,Bushwick,120000,4
45087027,Lower East Side,100000,3
43531198,Bushwick,120000,4
2622889,East Harlem,120000,5
22965202,Upper West Side,210000,5
22523915,East Village,110000,3
2772010,Harlem,250000,8
5197711,Upper East Side,200000,6
12595218,Bedford-Stuyvesant,180000,4
11615437,Chinatown,100000,3
23030926,Bedford-Stuyvesant,180000,4
43416871,East Flatbush,120000,5
6391232,Bedford-Stuyvesant,180000,4
7980199,Kips Bay,50000,2
56663787,Hell's Kitchen,100000,3
45212399,Crown Heights,200000,5
52964482,Cypress Hills,100000,4
19210115,Washington Heights,170000,6
44368484,Astoria,250000,7
49456824,Vinegar Hill,30000,2
8853385,Brooklyn Heights,100000,3
47575690,Lower East Side,100000,3
19557511,Midtown,250000,3
4962432,Upper East Side,200000,6
23947744,Prospect Heights,90000,4
8054759,Flatbush,180000,5
10567172,Bedford-Stuyvesant,180000,4
15817888,Greenwich Village,150000,3
24893834,Bedford-Stuyvesant,180000,4
45651477,Cypress Hills,100000,4
46516931,Bedford-Stuyvesant,180000,4
4060526,Elmhurst,120000,5
48511287,Civic Center,80000,3
2796863,Astoria,250000,7
11930801,Corona,200000,6
19569662,Upper West Side,210000,5
14641489,Queens Village,120000,4
51796919,Crown Heights,200000,5
24661316,Bedford-Stuyvesant,180000,4
53331761,Rockaway Beach,60000,3
24591174,Brooklyn Heights,100000,3
5320874,Harlem,250000,8
8934021,Upper West Side,210000,5
11787755,East New York,150000,5
54723557,Midtown,250000,3
18777112,East Harlem,120000,5
13201643,Bushwick,120000,4
23994690,Flatbush,180000,5
45764146,Neponsit,30000,2
16545820,Theater District,120000,4
16929668,Ridgewood,100000,4
23251846,Springfield Gardens,150000,5
18136444,Bushwick,120000,4
7438945,Williamsburg,200000,4
20358899,Flatbush,180000,5
9183108,Elmhurst,120000,5
26278450,Gramercy,50000,2
25878585,Cypress Hills,100000,4
12156139,Castle Hill,100000,4
16240950,Upper West Side,210000,5
18169029,Upper East Side,200000,6
7108117,Hell's Kitchen,100000,3
22858609,Hell's Kitchen,100000,3
46857148,Bushwick,120000,4
24945750,Elmhurst,120000,5
6060404,Bushwick,120000,4
8305504,Harlem,250000,8
22490224,Williamsburg,200000,4
49889275,Bushwick,120000,4
52070308,Williamsburg,200000,4
55927019,Brighton Beach,120000,5
24592278,Bushwick,120000,4
8366257,Crown Heights,200000,5
5939450,Financial District,40000,2
26903654,Cypress Hills,100000,4
3196729,Harlem,250000,8
4218484,West Village,100000,2
44587747,Upper West Side,210000,5
44756199,Inwood,60000,2
18774350,Park Slope,150000,5
26502132,Upper West Side,210000,5
52506625,Lower East Side,100000,3
23136415,East New York,150000,5
19922582,Upper East Side,200000,6
51450075,Astoria,250000,7
20432355,Bedford-Stuyvesant,180000,4
8391662,Jackson Heights,180000,5
6999866,Flatbush,180000,5
56104307,Hell's Kitchen,100000,3
16770606,East Harlem,120000,5
17626671,Greenwich Village,150000,3
53355510,Jamaica,250000,7
4911068,Hell's Kitchen,100000,3
26471755,Flushing,200000,7
4441613,East Elmhurst,100000,3
5649493,Bedford-Stuyvesant,180000,4
49750648,East Harlem,120000,5
17178755,East Elmhurst,100000,3
54745649,Williamsburg,200000,4
20731701,Upper West Side,210000,5
55972307,NoHo,30000,2
26444140,East Elmhurst,100000,3
52482324,Prospect-Lefferts Gardens,80000,4
20603015,Williamsburg,200000,4
44586643,Greenpoint,30000,2
10148529,Bedford-Stuyvesant,180000,4
1455327,West Village,100000,2
25635021,Crown Heights,200000,5
14972317,St. Albans,70000,3
1294607,Sunnyside,120000,5
51640618,Bushwick,120000,4
10332445,Bedford-Stuyvesant,180000,4
56279938,East Harlem,120000,5
18851120,East Village,110000,3
52279630,Harlem,250000,8
23044734,Bushwick,120000,4
5073444,Hell's Kitchen,100000,3
7529522,Gowanus,40000,2
8855594,Flatbush,180000,5
14688435,Harlem,250000,8
52434826,Bath Beach,150000,5
2401969,Upper West Side,210000,5
22875178,Prospect-Lefferts Gardens,80000,4
52401136,Concourse Village,80000,5
43668720,Sunset Park,250000,6
43401959,Midtown,250000,3
6553056,Crown Heights,200000,5
46650036,Williamsburg,200000,4
6533173,Williamsburg,200000,4
2517952,Cypress Hills,100000,4
21307750,Morningside Heights,150000,5
24266421,Kips Bay,50000,2
15721788,Lower East Side,100000,3
27660305,East Harlem,120000,5
20905676,Hell's Kitchen,100000,3
47467992,Wakefield,100000,4
3203356,Bushwick,120000,4
20472673,Bedford-Stuyvesant,180000,4
18157431,Woodside,150000,4
5089461,East Flatbush,120000,5
25990702,Long Island City,180000,6
13079032,Lower East Side,100000,3
49843987,Williamsburg,200000,4
14937522,Upper East Side,200000,6
49770531,Prospect-Lefferts Gardens,80000,4
5206548,Williamsburg,200000,4
56234098,Elmhurst,120000,5
22601237,Prospect-Lefferts Gardens,80000,4
55554216,Bedford-Stuyvesant,180000,4
45367595,Harlem,250000,8
12221311,Great Kills,180000,6
54732946,Midtown,250000,3
57107284,Fresh Meadows,120000,4
3184578,Greenpoint,30000,2
24857382,Harlem,250000,8
1989401,Williamsburg,200000,4
56335168,Morningside Heights,150000,5
4406818,Gramercy,50000,2
51315866,Chinatown,100000,3
18214318,Ridgewood,100000,4
54846168,East Village,110000,3
8500465,East Village,110000,3
55770718,Bedford-Stuyvesant,180000,4
49019955,Midwood,180000,5
12809510,Fordham,200000,7
56050734,Bedford-Stuyvesant,180000,4
7753204,SoHo,120000,4
20406949,Midtown,250000,3
48437831,Williamsburg,200000,4
55433815,Bedford-Stuyvesant,180000,4
48947604,Prospect Heights,90000,4
5254046,Bedford-Stuyvesant,180000,4
53009218,Nolita,40000,2
47905414,Harlem,250000,8
53266037,Sunset Park,250000,6
13757809,Brooklyn Heights,100000,3
50905507,Fordham,200000,7
18497095,Stuyvesant Town,150000,5
2416329,Long Island City,180000,6
45146123,Long Island City,180000,6
23543461,East New York,150000,5
5547870,Prospect-Lefferts Gardens,80000,4
27302967,Bedford-Stuyvesant,180000,4
4911620,Flatbush,180000,5
24892729,Upper East Side,200000,6
45274809,Williamsburg,200000,4
15399245,Astoria,250000,7
43178278,Woodside,150000,4
45514507,Bushwick,120000,4
20480957,Hell's Kitchen,100000,3
47380176,Gowanus,40000,2
57253091,Harlem,250000,8
1765167,East Village,110000,3
55536543,Astoria,250000,7
46983625,Crown Heights,200000,5
3599355,West Village,100000,2
23425821,Kew Gardens,120000,4
15401454,Astoria,250000,7
54428629,Bushwick,120000,4
2994587,Bushwick,120000,4
18992509,Financial District,40000,2
18969864,Canarsie,120000,4
3650167,Allerton,60000,4
2785817,Clinton Hill,50000,3
48350015,West Village,100000,2
5411452,Kips Bay,50000,2
6939113,Bedford-Stuyvesant,180000,4
47672895,Murray Hill,60000,2
21726946,East Village,110000,3
50342713,Lower East Side,100000,3
14102444,Cambria Heights,100000,5
5022632,Midtown,250000,3
23346842,Kensington,35000,2
25274921,Crown Heights,200000,5
3558485,Washington Heights,170000,6
53945366,Harlem,250000,8
7124686,Williamsburg,200000,4
47952359,West Village,100000,2
14885053,East Flatbush,120000,5
12785209,Upper East Side,200000,6
49656757,Upper East Side,200000,6
6115634,Park Slope,150000,5
48567069,Williamsburg,200000,4
7910609,East Harlem,120000,5
17356596,Upper East Side,200000,6
5013796,East Village,110000,3
54529700,East Harlem,120000,5
19899937,Bedford-Stuyvesant,180000,4
17890670,Woodlawn,100000,4
44376769,East Village,110000,3
21832987,Greenwich Village,150000,3
53792932,West Village,100000,2
3045951,Greenwich Village,150000,3
4057764,Gowanus,40000,2
48133513,Murray Hill,60000,2
49935668,Williamsburg,200000,4
6422161,Upper West Side,210000,5
2396446,West Village,100000,2
52129404,Bedford-Stuyvesant,180000,4
50838679,Bedford-Stuyvesant,180000,4
18965446,Upper West Side,210000,5
11037179,Midtown,250000,3
26013346,Harlem,250000,8
10798033,Harlem,250000,8
7903429,Carroll Gardens,40000,2
3059206,Crown Heights,200000,5
3564008,Chelsea,80000,3
17554872,East Flatbush,120000,5
19614398,Sunset Park,250000,6
4969612,Columbia St,50000,2
27341075,Greenpoint,30000,2
4732123,Upper West Side,210000,5
11107874,Williamsburg,200000,4
4811654,Nolita,40000,2
4973478,Williamsburg,200000,4
19025647,Hell's Kitchen,100000,3
43432888,Lower East Side,100000,3
17869683,Corona,200000,6
8503779,Gravesend,200000,6
8628047,Long Island City,180000,6
12939853,West Village,100000,2
48864206,Ditmars Steinway,80000,4
20884136,Jackson Heights,180000,5
10107658,Brooklyn Heights,100000,3
21332604,Brooklyn Heights,100000,3
1285771,Bedford-Stuyvesant,180000,4
8994774,Upper West Side,210000,5
52727545,Cypress Hills,100000,4
45654791,Bedford-Stuyvesant,180000,4
18084527,Crown Heights,200000,5
27318983,Long Island City,180000,6
12324038,Prospect-Lefferts Gardens,80000,4
54795356,Bushwick,120000,4
25478167,East Village,110000,3
9289702,Red Hook,120000,5
20637258,Crown Heights,200000,5
8714758,Crown Heights,200000,5
10439038,Upper East Side,200000,6
1743627,Harlem,250000,8
19493997,Bedford-Stuyvesant,180000,4
4873511,Harlem,250000,8
9596781,East Village,110000,3
1318356,Long Island City,180000,6
47850184,East Village,110000,3
26454634,Richmond Hill,180000,5
8616448,Gowanus,40000,2
8987042,Flatbush,180000,5
53632765,Hell's Kitchen,100000,3
2867005,Upper West Side,210000,5
50489073,East Village,110000,3
47614351,Ozone Park,150000,6
5606413,Williamsburg,200000,4
48943738,Harlem,250000,8
55607237,Harlem,250000,8
14574109,Upper East Side,200000,6
52150944,Prospect Heights,90000,4
1966204,Upper West Side,210000,5
2771458,Harlem,250000,8
1342657,Ridgewood,100000,4
55612760,Harlem,250000,8
22311279,Ridgewood,100000,4
47771757,Upper West Side,210000,5
4054450,Park Slope,150000,5
11934667,Williamsburg,200000,4
3155306,Williamsburg,200000,4
9424463,Brooklyn Heights,100000,3
15619060,Harlem,250000,8
50121241,Jamaica,250000,7
19696691,Castle Hill,100000,4
10028680,West Village,100000,2
15547261,Crown Heights,200000,5
57118330,Chelsea,80000,3
8929050,Bedford-Stuyvesant,180000,4
3216059,East Village,110000,3
44478392,Woodside,150000,4
22802826,Woodside,150000,4
3139289,Williamsburg,200000,4
42944103,Bedford-Stuyvesant,180000,4
49640188,Longwood,120000,4
56482633,Prospect-Lefferts Gardens,80000,4
8607612,Murray Hill,60000,2
56511904,Bushwick,120000,4
2733349,Upper East Side,200000,6
15542290,East Flatbush,120000,5
22041757,Washington Heights,170000,6
13732956,Bushwick,120000,4
12485862,Bedford-Stuyvesant,180000,4
7652133,Little Italy,60000,2
46052999,Chelsea,80000,3
3602117,Bedford-Stuyvesant,180000,4
51543414,East Flatbush,120000,5
22713906,East Elmhurst,100000,3
25842685,Theater District,120000,4
9403476,East Village,110000,3
9245518,East Village,110000,3
47681180,Murray Hill,60000,2
45098625,Financial District,40000,2
21712586,Bedford-Stuyvesant,180000,4
48279873,Flatbush,180000,5
21171332,Long Island City,180000,6
21518729,Bedford-Stuyvesant,180000,4
5977559,Elmhurst,120000,5
7062829,Crown Heights,200000,5
1566339,Park Slope,150000,5
9022941,Upper West Side,210000,5
1488465,Bushwick,120000,4
44385606,Chelsea,80000,3
5613593,Flushing,200000,7
3881581,Morningside Heights,150000,5
3972710,Prospect Heights,90000,4
45510641,Bedford-Stuyvesant,180000,4
14629339,Bedford-Stuyvesant,180000,4
18256845,Flatbush,180000,5
13235333,Brighton Beach,120000,5
1332164,Shore Acres,30000,2
26013898,Bushwick,120000,4
17559842,Murray Hill,60000,2
15664901,Howard Beach,80000,4
45780715,Lower East Side,100000,3
22269857,Bushwick,120000,4
5901894,Hell's Kitchen,100000,3
56868690,Midtown,250000,3
7259447,Bushwick,120000,4
22307965,Nolita,40000,2
22058878,Hell's Kitchen,100000,3
7691346,Williamsburg,200000,4
52346458,Gravesend,200000,6
56244039,East Harlem,120000,5
3157515,Flatbush,180000,5
9957985,Crown Heights,200000,5
47720393,Kips Bay,50000,2
4670817,Bedford-Stuyvesant,180000,4
54027107,Crown Heights,200000,5
25658770,Upper West Side,210000,5
26365161,Bushwick,120000,4
57137108,St. George,150000,5
19593963,Midtown,250000,3
55307338,Fort Greene,70000,3
2806805,Little Italy,60000,2
44858927,Canarsie,120000,4
27400171,East Harlem,120000,5
4578031,East Harlem,120000,5
8835712,Flatbush,180000,5
2783056,Hell's Kitchen,100000,3
2418538,Williamsburg,200000,4
16846271,Theater District,120000,4
9070991,Upper East Side,200000,6
16286791,Wakefield,100000,4
18754467,Lower East Side,100000,3
25640544,Upper East Side,200000,6
51128084,Flatbush,180000,5
26132091,Borough Park,250000,6
53992312,West Village,100000,2
3765598,East Village,110000,3
2554404,Upper West Side,210000,5
25056210,Williamsburg,200000,4
3693799,Bedford-Stuyvesant,180000,4
44546877,Astoria,250000,7
22933721,Queens Village,120000,4
17605683,Hell's Kitchen,100000,3
4739302,Bedford-Stuyvesant,180000,4
5638447,Midtown,250000,3
17555976,Richmond Hill,180000,5
47566854,East Harlem,120000,5
54793699,Canarsie,120000,4
53204180,Randall Manor,60000,3
13491048,Hell's Kitchen,100000,3
2767039,Upper West Side,210000,5
19671285,Sunset Park,250000,6
55463087,Washington Heights,170000,6
24986620,Two Bridges,40000,2
47646385,Upper East Side,200000,6
24941884,Chelsea,80000,3
25046269,Arverne,40000,2
10019290,Gowanus,40000,2
4705612,Bedford-Stuyvesant,180000,4
43226880,Bedford-Stuyvesant,180000,4
22966307,Murray Hill,60000,2
4919905,Fort Greene,70000,3
9900546,Chelsea,80000,3
43538377,Midtown,250000,3
48045145,Windsor Terrace,30000,2
10309800,Hell's Kitchen,100000,3
48947051,Bushwick,120000,4
26473412,Upper East Side,200000,6
47316109,Crown Heights,200000,5
48908390,Long Island City,180000,6
51823982,Chelsea,80000,3
46506438,Midtown,250000,3
1155428,Williamsburg,200000,4
47373549,Bushwick,120000,4
2063961,Upper West Side,210000,5
11372425,Bedford-Stuyvesant,180000,4
22673036,Harlem,250000,8
3897045,Harlem,250000,8
26858365,Chinatown,100000,3
48346701,West Village,100000,2
53359376,Midtown,250000,3
11139355,Flushing,200000,7
24954035,Bedford-Stuyvesant,180000,4
19435453,Williamsburg,200000,4
15980264,Bedford-Stuyvesant,180000,4
52660164,Hell's Kitchen,100000,3
17140094,East Village,110000,3
8957218,West Village,100000,2
17351625,Harlem,250000,8
20265560,Chelsea,80000,3
42820387,Williamsburg,200000,4
3438636,Washington Heights,170000,6
56112592,Hell's Kitchen,100000,3
27090331,Hell's Kitchen,100000,3
44779948,Rockaway Beach,60000,3
47286838,Chelsea,80000,3
18280594,Astoria,250000,7
22349940,Far Rockaway,250000,7
20598597,West Village,100000,2
16647443,Carroll Gardens,40000,2
15925587,Astoria,250000,7
2639458,Williamsburg,200000,4
3601564,Ridgewood,100000,4
25922769,New Brighton,100000,4
19461964,Bedford-Stuyvesant,180000,4
50679616,Midtown,250000,3
8412097,Greenpoint,30000,2
8841787,Crown Heights,200000,5
5594815,Concourse Village,80000,5
46582655,Hell's Kitchen,100000,3
53501869,Upper West Side,210000,5
6260337,Greenpoint,30000,2
8208299,Hell's Kitchen,100000,3
45193621,Financial District,40000,2
49447435,Harlem,250000,8
46890286,Canarsie,120000,4
15046325,Richmond Hill,180000,5
49918547,Bedford-Stuyvesant,180000,4
48338969,Tribeca,100000,4
20995148,East Flatbush,120000,5
17259943,Bushwick,120000,4
1613837,Battery Park City,50000,2
26842348,East Harlem,120000,5
22497404,East Village,110000,3
49579435,Upper West Side,210000,5
24183024,Astoria,250000,7
43371031,Prospect-Lefferts Gardens,80000,4
23706941,Bedford-Stuyvesant,180000,4
22231748,Greenpoint,30000,2
22733236,Glendale,80000,3
20785827,Wakefield,100000,4
48484224,South Slope,100000,3
54262387,Kensington,35000,2
9566404,Chinatown,100000,3
2496412,Crown Heights,200000,5
13007233,Williamsburg,200000,4
27017980,Upper West Side,210000,5
7008151,Williamsburg,200000,4
56219738,Astoria,250000,7
57304455,Windsor Terrace,30000,2
18575522,Kips Bay,50000,2
53635526,Little Italy,60000,2
2738872,Hell's Kitchen,100000,3
43190428,Washington Heights,170000,6
45674122,Cambria Heights,100000,5
48271036,Bedford-Stuyvesant,180000,4
14645355,Upper West Side,210000,5
23208767,Park Slope,150000,5
45380298,Gramercy,50000,2
11161447,Upper West Side,210000,5
18408727,Hell's Kitchen,100000,3
51055180,Bedford-Stuyvesant,180000,4
15247362,Sunnyside,120000,5
25373783,Williamsburg,200000,4
44440283,Bedford-Stuyvesant,180000,4
54457901,Washington Heights,170000,6
51450627,Sunset Park,250000,6
1428264,Greenpoint,30000,2
7094862,Bedford-Stuyvesant,180000,4
18054151,Midtown,250000,3
24759625,Financial District,40000,2
7996216,SoHo,120000,4
20765392,Jamaica Estates,250000,7
20394798,Williamsburg,200000,4
2697449,Williamsburg,200000,4
9924295,Flatbush,180000,5
14333306,Hell's Kitchen,100000,3
48136275,Williamsburg,200000,4
1567996,Lower East Side,100000,3
3159172,Kensington,35000,2
2134656,Chelsea,80000,3
46072882,Queens Village,120000,4
43214730,Chinatown,100000,3
6316119,Williamsburg,200000,4
20158966,Tompkinsville,60000,3
2337902,East Flatbush,120000,5
46631810,Harlem,250000,8
48535036,Bushwick,120000,4
46581550,Harlem,250000,8
27143904,Midtown,250000,3
19607218,East Harlem,120000,5
2904010,Harlem,250000,8
44248635,Morris Park,180000,6
21240922,Kips Bay,50000,2
6767348,Harlem,250000,8
25789112,Port Morris,50000,3
7420167,Financial District,40000,2
7675882,Williamsburg,200000,4
14133373,Astoria,250000,7
5615803,Bushwick,120000,4
47013449,Carroll Gardens,40000,2
3569531,Kips Bay,50000,2
15672633,East Flatbush,120000,5
22856952,Midtown,250000,3
47365264,East Harlem,120000,5
57179635,Douglaston,120000,4
52039931,Harlem,250000,8
6264203,Crown Heights,200000,5
10379942,Park Slope,150000,5
23014357,Allerton,60000,4
19118433,Hell's Kitchen,100000,3
4608407,East Harlem,120000,5
50315098,Sheepshead Bay,100000,3
55873446,Bedford-Stuyvesant,180000,4
17148379,Clinton Hill,50000,3
18951638,Belle Harbor,150000,5
4298567,Bedford-Stuyvesant,180000,4
25652142,Mott Haven,80000,3
10867071,Bushwick,120000,4
53987341,Prospect-Lefferts Gardens,80000,4
55459773,Hell's Kitchen,100000,3
55129498,Arverne,40000,2
19772356,Lower East Side,100000,3
10210386,Brooklyn Heights,100000,3
10304830,Bushwick,120000,4
24948512,Williamsburg,200000,4
53245050,Canarsie,120000,4
55879521,Williamsburg,200000,4
11186853,Crown Heights,200000,5
27682949,Lower East Side,100000,3
9010791,Jackson Heights,180000,5
12424557,Bedford-Stuyvesant,180000,4
17535541,Maspeth,60000,3
13320940,East Harlem,120000,5
53156130,Harlem,250000,8
3249749,Midtown,250000,3
7814509,Roosevelt Island,15000,2
17733817,Two Bridges,40000,2
56571001,Chelsea,80000,3
16060348,Long Island City,180000,6
54791490,Bushwick,120000,4
48595789,Park Slope,150000,5
42896053,Gravesend,200000,6
7217473,Williamsburg,200000,4
44816400,Midtown,250000,3
19953511,Morningside Heights,150000,5
45657553,Williamsburg,200000,4
15319161,Harlem,250000,8
47345381,Williamsburg,200000,4
7263866,Chelsea,80000,3
48813947,Bensonhurst,180000,5
50407885,East Flatbush,120000,5
6078630,Park Slope,150000,5
17500194,Lower East Side,100000,3
44673354,Jamaica,250000,7
54821314,Jackson Heights,180000,5
2083292,Harlem,250000,8
43223566,Williamsburg,200000,4
18199958,Bedford-Stuyvesant,180000,4
53329552,Bedford-Stuyvesant,180000,4
16261385,Crown Heights,200000,5
9539342,Bushwick,120000,4
24030589,Murray Hill,60000,2
2543358,Upper West Side,210000,5
56280491,Woodside,150000,4
15643361,Murray Hill,60000,2
53102557,Ridgewood,100000,4
3195624,Williamsburg,200000,4
9325602,East Village,110000,3
2437316,Upper East Side,200000,6
7338979,Morningside Heights,150000,5
24101836,Carroll Gardens,40000,2
8930707,Longwood,120000,4
45612264,Gramercy,50000,2
56153462,Hell's Kitchen,100000,3
6244872,Elmhurst,120000,5
2512981,Midtown,250000,3
23365068,East Harlem,120000,5
5379418,Lower East Side,100000,3
20962563,Tribeca,100000,4
7991245,Fort Greene,70000,3
4961327,Ditmars Steinway,80000,4
4891185,South Slope,100000,3
44985403,Tribeca,100000,4
2911189,Murray Hill,60000,2
23196064,Upper East Side,200000,6
8673888,Bushwick,120000,4
45774088,East Village,110000,3
55086970,Hell's Kitchen,100000,3
50750863,Bedford-Stuyvesant,180000,4
43593055,Midtown,250000,3
50683483,Arrochar,15000,2
20430145,Upper West Side,210000,5
1822606,Flatbush,180000,5
4455420,Morningside Heights,150000,5
11999838,Gravesend,200000,6
53496346,Bushwick,120000,4
21012822,Bedford-Stuyvesant,180000,4
20675367,Harlem,250000,8
17352178,Arden Heights,150000,5
11748542,South Slope,100000,3
23752230,St. Albans,70000,3
26499370,Sunset Park,250000,6
11928592,Williamsburg,200000,4
44001757,Bedford-Stuyvesant,180000,4
9998303,Flatbush,180000,5
9775726,East New York,150000,5
8470641,Bushwick,120000,4
2103175,Williamsburg,200000,4
5439067,Greenpoint,30000,2
14722125,Mount Hope,80000,4
21073575,Windsor Terrace,30000,2
17208027,East Flatbush,120000,5
14143315,Upper West Side,210000,5
1289084,Chelsea,80000,3
48193162,Astoria,250000,7
52740248,Harlem,250000,8
49520339,Cambria Heights,100000,5
3642435,Upper East Side,200000,6
48153949,Little Italy,60000,2
26920223,Bushwick,120000,4
45159930,Flatbush,180000,5
50235015,Nolita,40000,2
17030187,Hell's Kitchen,100000,3
46358974,East Morrisania,150000,5
47623188,Midtown,250000,3
6691131,Williamsburg,200000,4
47754083,Gramercy,50000,2
55405648,Tribeca,100000,4
54298838,Allerton,60000,4
11634216,Flatbush,180000,5
46822353,Lower East Side,100000,3
57234865,Upper West Side,210000,5
5399853,Lower East Side,100000,3
21846243,Chelsea,80000,3
4756424,Bedford-Stuyvesant,180000,4
46397635,Canarsie,120000,4
22329505,East Harlem,120000,5
50397943,Bedford-Stuyvesant,180000,4
25569297,Williamsburg,200000,4
47644728,East Harlem,120000,5
45628833,Upper East Side,200000,6
12775820,Midtown,250000,3
21257491,Downtown Brooklyn,150000,5
14376937,Bedford-Stuyvesant,180000,4
55634300,NoHo,30000,2
3113884,Kew Gardens Hills,120000,5
3002871,Harlem,250000,8
20219167,Bushwick,120000,4
5029260,Brooklyn Heights,100000,3
2160061,SoHo,120000,4
1965652,Harlem,250000,8
54862737,Bedford-Stuyvesant,180000,4
18451807,Harlem,250000,8
26343622,Williamsburg,200000,4
2528446,Williamsburg,200000,4
47665163,Upper West Side,210000,5
11957311,Chinatown,100000,3
8480583,Harlem,250000,8
23008282,Washington Heights,170000,6
15610776,Chelsea,80000,3
54627457,Harlem,250000,8
57066414,Upper East Side,200000,6
45342189,Crown Heights,200000,5
53119678,East Village,110000,3
4633813,Upper East Side,200000,6
16312197,Greenpoint,30000,2
55603371,Little Italy,60000,2
54492143,Bedford-Stuyvesant,180000,4
12824422,East Elmhurst,100000,3
3476745,Crown Heights,200000,5
2991825,Greenpoint,30000,2
9336648,Greenwich Village,150000,3
22971830,Murray Hill,60000,2
11511605,Murray Hill,60000,2
2020882,Greenpoint,30000,2
21764502,Hell's Kitchen,100000,3
24999323,East Flatbush,120000,5
2227994,Flushing,200000,7
12125763,Williamsburg,200000,4
48121363,Harlem,250000,8
53759794,Williamsburg,200000,4
17852009,Two Bridges,40000,2
55439890,Flushing,200000,7
7066142,Upper West Side,210000,5
45533285,South Slope,100000,3
22573622,Bedford-Stuyvesant,180000,4
6948502,Upper West Side,210000,5
19375805,Sunnyside,120000,5
23069587,Long Island City,180000,6
18874869,Hell's Kitchen,100000,3
25370469,Greenpoint,30000,2
2556061,Woodside,150000,4
21096219,East Harlem,120000,5
55065431,East New York,150000,5
45605084,Chinatown,100000,3
52029438,Long Island City,180000,6
14577422,Long Island City,180000,6
4815520,Upper East Side,200000,6
48396961,Flushing,200000,7
9112966,Williamsburg,200000,4
48484776,Midtown,250000,3
1490674,Harlem,250000,8
48667588,Bedford-Stuyvesant,180000,4
26825227,Financial District,40000,2
5627953,Carroll Gardens,40000,2
23439628,Harlem,250000,8
2068380,Flushing,200000,7
11396727,Bedford-Stuyvesant,180000,4
8668917,Inwood,60000,2
45569737,Washington Heights,170000,6
5051352,East Village,110000,3
43207550,Williamsburg,200000,4
49588272,NoHo,30000,2
6395098,Hunts Point,80000,3
55484074,Long Island City,180000,6
19248223,Williamsburg,200000,4
44179045,Midwood,180000,5
21524804,Bushwick,120000,4
48310802,Upper East Side,200000,6
14201306,Midtown,250000,3
2540596,Crown Heights,200000,5
20742747,Theater District,120000,4
44488333,Lower East Side,100000,3
22932064,Greenpoint,30000,2
54982033,East Harlem,120000,5
18694267,Lower East Side,100000,3
1623778,Two Bridges,40000,2
24755759,Midtown,250000,3
55174786,Elmhurst,120000,5
57232656,Harlem,250000,8
24841918,Bushwick,120000,4
27170415,East Village,110000,3
5870965,DUMBO,30000,1
19886130,Downtown Brooklyn,150000,5
16641367,Fort Greene,70000,3
26855604,Hell's Kitchen,100000,3
46349032,East Harlem,120000,5
13696504,Flushing,200000,7
54621382,Williamsburg,200000,4
9581869,Bedford-Stuyvesant,180000,4
6380738,Astoria,250000,7
53687442,Tribeca,100000,4
22993370,Bedford-Stuyvesant,180000,4
44515948,Chelsea,80000,3
22838173,Queens Village,120000,4
4497947,Prospect Heights,90000,4
46294354,Upper East Side,200000,6
8827979,Harlem,250000,8
46968160,West Village,100000,2
13455701,Washington Heights,170000,6
26619772,Upper East Side,200000,6
15161756,Bedford-Stuyvesant,180000,4
3523138,Bedford-Stuyvesant,180000,4
14192469,Neponsit,30000,2
55339924,Cypress Hills,100000,4
14689539,Washington Heights,170000,6
3587205,Bedford-Stuyvesant,180000,4
1241034,Woodlawn,100000,4
5910178,Prospect-Lefferts Gardens,80000,4
51360050,East Flatbush,120000,5
20010397,Nolita,40000,2
45003629,Long Island City,180000,6
6506110,Borough Park,250000,6
53726103,Graniteville,15000,2
47819807,Inwood,60000,2
47482352,Murray Hill,60000,2
18100544,Bedford-Stuyvesant,180000,4
22205238,Bedford-Stuyvesant,180000,4
7521790,Greenpoint,30000,2
11070870,Midtown,250000,3
44347497,Midtown,250000,3
55323355,Bedford-Stuyvesant,180000,4
6794963,Williamsburg,200000,4
5855501,Tompkinsville,60000,3
7900115,Upper West Side,210000,5
50287483,Tribeca,100000,4
1909870,Gramercy,50000,2
22967412,Murray Hill,60000,2
10407005,Flatbush,180000,5
48403588,Lower East Side,100000,3
55543170,Flatbush,180000,5
14394059,Crown Heights,200000,5
53261067,Bushwick,120000,4
2152329,Crown Heights,200000,5
47592812,Bedford-Stuyvesant,180000,4
5694781,Crown Heights,200000,5
18823505,Hell's Kitchen,100000,3
24657450,West Village,100000,2
23011043,Hell's Kitchen,100000,3
44415982,Williamsburg,200000,4
23320884,Harlem,250000,8
6345391,Bedford-Stuyvesant,180000,4
23367277,Murray Hill,60000,2
43847665,Bedford-Stuyvesant,180000,4
53157787,Woodhaven,100000,4
27232272,Harlem,250000,8
4362634,Williamsburg,200000,4
55978383,East New York,150000,5
23173972,Rosedale,150000,6
3365180,Greenwich Village,150000,3
22576936,East Village,110000,3
5152423,Financial District,40000,2
48239555,Bedford-Stuyvesant,180000,4
56218081,Kew Gardens Hills,120000,5
55401229,Borough Park,250000,6
5968170,Flatbush,180000,5
57238179,Williamsburg,200000,4
3347506,Upper West Side,210000,5
16510472,East Harlem,120000,5
43382077,Nolita,40000,2
51614660,East Village,110000,3
17008647,East Village,110000,3
42960119,Hell's Kitchen,100000,3
45869083,East New York,150000,5
23974255,Greenpoint,30000,2
2496964,Rego Park,150000,4
25788008,Laurelton,120000,5
49567837,Williamsburg,200000,4
9543760,Hell's Kitchen,100000,3
44350811,Ditmars Steinway,80000,4
1700548,Ridgewood,100000,4
7008703,Chelsea,80000,3
45864665,Crown Heights,200000,5
21444168,West Village,100000,2
2505249,Williamsburg,200000,4
13942830,Bushwick,120000,4
55061012,Upper West Side,210000,5
51344033,Rego Park,150000,4
24185785,Elmhurst,120000,5
13762228,Crown Heights,200000,5
19421646,Hell's Kitchen,100000,3
5269510,Bushwick,120000,4
3988727,Kensington,35000,2
49724137,Upper West Side,210000,5
23293269,Bushwick,120000,4
11705462,Gramercy,50000,2
48575353,Bedford-Stuyvesant,180000,4
51245172,University Heights,150000,6
2416881,Flatbush,180000,5
17317935,Harlem,250000,8
18476108,Bushwick,120000,4
10281633,Chelsea,80000,3
9069887,Williamsburg,200000,4
13848939,SoHo,120000,4
44890408,Hell's Kitchen,100000,3
2041317,College Point,60000,3
8589938,Gramercy,50000,2
1819292,Upper West Side,210000,5
48749880,Upper West Side,210000,5
19158199,Williamsburg,200000,4
4480274,Bedford-Stuyvesant,180000,4
11124995,Bedford-Stuyvesant,180000,4
12445544,Williamsburg,200000,4
3608744,Middle Village,120000,5
56894096,Bedford-Stuyvesant,180000,4
15787512,Hell's Kitchen,100000,3
45105805,Upper West Side,210000,5
20541158,Crown Heights,200000,5
16843509,Jamaica,250000,7
9770203,Ditmars Steinway,80000,4
3381749,Williamsburg,200000,4
1301235,Bedford-Stuyvesant,180000,4
19774565,Bedford-Stuyvesant,180000,4
51462778,Upper East Side,200000,6
43057324,Long Island City,180000,6
4143923,Greenpoint,30000,2
46534605,Howard Beach,80000,4
49508188,Murray Hill,60000,2
20458865,West Village,100000,2
4014685,East Harlem,120000,5
48508525,West Village,100000,2
20829458,Hell's Kitchen,100000,3
20388171,East Village,110000,3
26437513,Kips Bay,50000,2
46352898,Bedford-Stuyvesant,180000,4
6423265,Fort Greene,70000,3
52581738,Bushwick,120000,4
51383247,East Harlem,120000,5
49211051,Upper East Side,200000,6
1685083,Sunset Park,250000,6
44188435,Bedford-Stuyvesant,180000,4
1336030,Bedford-Stuyvesant,180000,4
55920943,St. Albans,70000,3
25998434,Roosevelt Island,15000,2
3686066,Fort Greene,70000,3
11880541,Hell's Kitchen,100000,3
9199125,Greenwich Village,150000,3
17813900,Bay Ridge,200000,5
51282728,Upper East Side,200000,6
15092166,Greenpoint,30000,2
10371106,East Flatbush,120000,5
3562351,Williamsburg,200000,4
14481874,Sunset Park,250000,6
12634983,Hell's Kitchen,100000,3
18134787,Clifton,30000,2
45824899,East Flatbush,120000,5
18821296,Upper East Side,200000,6
4243889,Ridgewood,100000,4
15038041,Financial District,40000,2
2633935,Williamsburg,200000,4
19531001,Washington Heights,170000,6
2869767,Williamsburg,200000,4
50237776,Williamsburg,200000,4
8388349,Greenpoint,30000,2
8877134,Flatbush,180000,5
54339156,Battery Park City,50000,2
43114211,Harlem,250000,8
3356896,Astoria,250000,7
3943438,Lower East Side,100000,3
12004809,Cypress Hills,100000,4
5893057,Greenpoint,30000,2
5512522,Greenpoint,30000,2
19257613,Bedford-Stuyvesant,180000,4
15712399,East New York,150000,5
2494755,Morningside Heights,150000,5
1589536,Jackson Heights,180000,5
20268874,Harlem,250000,8
24860144,Woodside,150000,4
13593776,Roosevelt Island,15000,2
53928797,Bushwick,120000,4
47083591,Ditmars Steinway,80000,4
48168308,Bedford-Stuyvesant,180000,4
4884557,Upper East Side,200000,6
12831050,Carroll Gardens,40000,2
7046260,Washington Heights,170000,6
10988577,Nolita,40000,2
5520255,Boerum Hill,50000,2
49883752,Williamsburg,200000,4
14986677,Flatiron District,50000,2
13828504,Flushing,200000,7
56432926,Murray Hill,60000,2
6012906,Williamsburg,200000,4
46540128,Greenpoint,30000,2
57012288,Rosedale,150000,6
24454203,Gramercy,50000,2
23567762,Bushwick,120000,4
13672755,Highbridge,120000,4
50005258,DUMBO,30000,1
5827886,Fort Greene,70000,3
48883537,Inwood,60000,2
18025984,Nolita,40000,2
3710920,Crown Heights,200000,5
9697852,Harlem,250000,8
1289637,East New York,150000,5
19605009,East Village,110000,3
50259868,Nolita,40000,2
25639991,Cypress Hills,100000,4
4428910,Astoria,250000,7
12446649,Carroll Gardens,40000,2
8653453,Wakefield,100000,4
26243655,SoHo,120000,4
1022323,Bushwick,120000,4
6991582,Sunset Park,250000,6
15505839,Sunset Park,250000,6
8665603,West Village,100000,2
14650326,East Flatbush,120000,5
4605094,Prospect Heights,90000,4
18751706,Bedford-Stuyvesant,180000,4
3660108,Prospect Heights,90000,4
52702691,Upper West Side,210000,5
54733498,Ditmars Steinway,80000,4
12475921,Chinatown,100000,3
44722509,South Slope,100000,3
5526330,Bedford-Stuyvesant,180000,4
7046812,Crown Heights,200000,5
9693986,Harlem,250000,8
5978664,Upper West Side,210000,5
1928648,Bushwick,120000,4
13259635,Allerton,60000,4
8555143,Hell's Kitchen,100000,3
11005146,Williamsburg,200000,4
13473375,Woodside,150000,4
11162551,Forest Hills,180000,6
13688219,Harlem,250000,8
53422338,Jamaica,250000,7
18617497,Bedford-Stuyvesant,180000,4
6410562,Hell's Kitchen,100000,3
48971905,Upper East Side,200000,6
5525778,Bedford-Stuyvesant,180000,4
3607087,East Flatbush,120000,5
14050528,Crown Heights,200000,5
23152984,Cypress Hills,100000,4
3457414,Ditmars Steinway,80000,4
26844005,Hell's Kitchen,100000,3
6618779,Lower East Side,100000,3
47642519,Hell's Kitchen,100000,3
8690457,Clinton Hill,50000,3
22122393,Port Morris,50000,3
23555611,Upper West Side,210000,5
20139083,Harlem,250000,8
23921786,Fresh Meadows,120000,4
19030065,Astoria,250000,7
48853713,Downtown Brooklyn,150000,5
16801534,Washington Heights,170000,6
53721685,Upper West Side,210000,5
47641414,Kensington,35000,2
12859217,Chelsea,80000,3
26609830,East Village,110000,3
19996590,Hell's Kitchen,100000,3
11993763,West Village,100000,2
49820238,Williamsburg,200000,4
12011437,Harlem,250000,8
6522679,Cobble Hill,60000,2
49894798,Greenpoint,30000,2
1856296,Williamsburg,200000,4
15827277,Crown Heights,200000,5
11090752,Bedford-Stuyvesant,180000,4
48850951,Chelsea,80000,3
1020667,Bedford-Stuyvesant,180000,4
47936342,Bedford-Stuyvesant,180000,4
27165444,Ridgewood,100000,4
49471184,Midtown,250000,3
25103708,East Village,110000,3
50039501,Midtown,250000,3
25798501,Theater District,120000,4
15838876,Williamsburg,200000,4
51772066,Bedford-Stuyvesant,180000,4
48672006,Tompkinsville,60000,3
55546484,Sunset Park,250000,6
27129544,Fort Greene,70000,3
44415430,East Harlem,120000,5
14707213,Sheepshead Bay,100000,3
16926907,Williamsburg,200000,4
26981528,Harlem,250000,8
48057848,Washington Heights,170000,6
9717182,Flatbush,180000,5
51192151,Park Slope,150000,5
53245602,East Village,110000,3
52466859,Bedford-Stuyvesant,180000,4
25737196,Washington Heights,170000,6
2718989,Boerum Hill,50000,2
7643848,Bedford-Stuyvesant,180000,4
5335234,Upper East Side,200000,6
1220047,East Village,110000,3
18913530,West Village,100000,2
56149596,Midtown,250000,3
15203178,Crown Heights,200000,5
23487678,Van Nest,60000,3
23790339,Maspeth,60000,3
43675900,Concord,60000,3
44742944,Bushwick,120000,4
9105234,Midtown,250000,3
5999099,Kips Bay,50000,2
7558242,Carroll Gardens,40000,2
45684615,Inwood,60000,2
50854143,Williamsburg,200000,4
16598288,Harlem,250000,8
44825236,Greenpoint,30000,2
8055864,Clinton Hill,50000,3
4397429,Upper West Side,210000,5
52184634,Greenpoint,30000,2
3497732,South Slope,100000,3
10674318,Harlem,250000,8
6955130,Prospect Heights,90000,4
51324151,Greenpoint,30000,2
48779704,Prospect-Lefferts Gardens,80000,4
7853722,Lower East Side,100000,3
24112882,Jamaica Estates,250000,7
47606619,Clinton Hill,50000,3
4895051,Hell's Kitchen,100000,3
56927786,Cobble Hill,60000,2
4752005,Morningside Heights,150000,5
24541467,Bedford-Stuyvesant,180000,4
45111328,Fort Greene,70000,3
48589713,Bushwick,120000,4
7569288,Bushwick,120000,4
51392083,Astoria,250000,7
52697721,Crown Heights,200000,5
42827567,Carroll Gardens,40000,2
15374944,East Village,110000,3
14592334,Jamaica,250000,7
7693003,Bedford-Stuyvesant,180000,4
20299250,Harlem,250000,8
5626849,Williamsburg,200000,4
6575700,Inwood,60000,2
17865264,Midtown,250000,3
44705940,Bedford-Stuyvesant,180000,4
9771308,Park Slope,150000,5
50680169,Washington Heights,170000,6
43921121,Bayside,120000,4
22897270,Upper East Side,200000,6
55458116,Bushwick,120000,4
5001093,Greenpoint,30000,2
17273751,Bedford-Stuyvesant,180000,4
47610485,Prospect-Lefferts Gardens,80000,4
47192947,Bedford-Stuyvesant,180000,4
19980021,Ditmars Steinway,80000,4
8572264,Bushwick,120000,4
27195268,Hell's Kitchen,100000,3
3030486,Gowanus,40000,2
5770999,Bay Ridge,200000,5
51440686,East Village,110000,3
51258427,Cobble Hill,60000,2
45594590,Williamsburg,200000,4
10340729,Williamsburg,200000,4
1520498,Prospect-Lefferts Gardens,80000,4
13009995,Corona,200000,6
2170555,Harlem,250000,8
50610579,East Harlem,120000,5
46623525,Harlem,250000,8
15001036,Flatlands,50000,3
4993360,Upper West Side,210000,5
18645112,Hell's Kitchen,100000,3
47447005,Upper West Side,210000,5
25492527,Upper West Side,210000,5
57074698,West Village,100000,2
47127775,Bedford-Stuyvesant,180000,4
6492303,Bedford-Stuyvesant,180000,4
48408007,Bushwick,120000,4
12584172,Sunnyside,120000,5
2147911,DUMBO,30000,1
24589517,Midtown,250000,3
1210105,Fort Greene,70000,3
1751912,Washington Heights,170000,6
42945760,Park Slope,150000,5
3872744,Tribeca,100000,4
47450318,Washington Heights,170000,6
6585089,Harlem,250000,8
51539548,Crown Heights,200000,5
50441575,Boerum Hill,50000,2
26933478,Greenpoint,30000,2
23534071,Upper West Side,210000,5
6129994,Roosevelt Island,15000,2
13860537,Long Island City,180000,6
20939918,Flushing,200000,7
20519618,Springfield Gardens,150000,5
55526601,Williamsburg,200000,4
57154782,Flatbush,180000,5
22866893,Murray Hill,60000,2
44932383,Washington Heights,170000,6
49856689,Hell's Kitchen,100000,3
26393881,Bushwick,120000,4
7321857,Inwood,60000,2
17252211,Bayside,120000,4
8978757,East Harlem,120000,5
56397578,Bedford-Stuyvesant,180000,4
12845410,Hell's Kitchen,100000,3
43383181,Carroll Gardens,40000,2
48568174,Bushwick,120000,4
56853778,Chelsea,80000,3
12913342,Hell's Kitchen,100000,3
51170059,Midwood,180000,5
27236138,Bedford-Stuyvesant,180000,4
45623862,Greenpoint,30000,2
21794879,Long Island City,180000,6
18501514,Astoria,250000,7
42906546,Richmond Hill,180000,5
3706501,Mott Haven,80000,3
53752061,Williamsburg,200000,4
21308302,Morningside Heights,150000,5
19934180,Bedford-Stuyvesant,180000,4
8772749,West Village,100000,2
1618255,Bushwick,120000,4
6714880,Hell's Kitchen,100000,3
47507758,Bushwick,120000,4
15531244,Bushwick,120000,4
43594160,Crown Heights,200000,5
47878903,Upper West Side,210000,5
7434526,Crown Heights,200000,5
47713765,Williamsburg,200000,4
44254158,University Heights,150000,6
5061846,SoHo,120000,4
53449401,Cypress Hills,100000,4
11416609,East Harlem,120000,5
22737103,Gowanus,40000,2
23503143,Harlem,250000,8
57198413,Crown Heights,200000,5
10468310,Upper East Side,200000,6
1658573,Bushwick,120000,4
27138381,Elmhurst,120000,5
23774322,Glendale,80000,3
4022417,Crown Heights,200000,5
2456647,Crown Heights,200000,5
10974217,Upper East Side,200000,6
56335721,Concord,60000,3
2982988,Lower East Side,100000,3
11635873,Williamsburg,200000,4
47609933,Morningside Heights,150000,5
6824235,Upper East Side,200000,6
22865236,East Village,110000,3
55505614,Harlem,250000,8
53253334,Ridgewood,100000,4
55797228,Midtown,250000,3
13439684,Flatbush,180000,5
8660080,Middle Village,120000,5
22869102,Hell's Kitchen,100000,3
20386514,Tribeca,100000,4
26320425,Bushwick,120000,4
44552953,Rego Park,150000,4
2421852,Carroll Gardens,40000,2
54905264,St. Albans,70000,3
11247053,Richmond Hill,180000,5
52546390,Bushwick,120000,4
23092231,East Elmhurst,100000,3
6592821,Prospect-Lefferts Gardens,80000,4
10002721,Washington Heights,170000,6
6519918,Bedford-Stuyvesant,180000,4
3200595,Williamsburg,200000,4
14875664,Chelsea,80000,3
25128009,Lower East Side,100000,3
2110354,Williamsburg,200000,4
26431437,Bushwick,120000,4
48463237,Chelsea,80000,3
16950655,Harlem,250000,8
19276391,Flatbush,180000,5
13360705,Washington Heights,170000,6
49375084,Prospect-Lefferts Gardens,80000,4
47723155,Chinatown,100000,3
24252614,Crown Heights,200000,5
56660473,Bushwick,120000,4
21748486,Allerton,60000,4
55557530,Ozone Park,150000,6
45884548,Fort Greene,70000,3
46536262,Bedford-Stuyvesant,180000,4
46190522,East Harlem,120000,5
4211304,East Harlem,120000,5
46382722,Arverne,40000,2
5830647,Bedford-Stuyvesant,180000,4
25919455,Upper West Side,210000,5
20260589,Bedford-Stuyvesant,180000,4
10244629,Prospect-Lefferts Gardens,80000,4
4446583,Harlem,250000,8
43738862,Harlem,250000,8
11000728,Inwood,60000,2
49707568,Bushwick,120000,4
9834822,Parkchester,250000,7
14888367,Windsor Terrace,30000,2
2491994,Nolita,40000,2
19193546,Greenwich Village,150000,3
5122046,Park Slope,150000,5
43135751,Bedford-Stuyvesant,180000,4
22969069,Murray Hill,60000,2
9249384,Hell's Kitchen,100000,3
19402867,Bedford-Stuyvesant,180000,4
42839718,West Village,100000,2
44248083,Bay Ridge,200000,5
54249684,Greenwich Village,150000,3
25499707,Bedford-Stuyvesant,180000,4
55833128,Financial District,40000,2
8603746,Chinatown,100000,3
17118555,Ditmars Steinway,80000,4
22045071,Harlem,250000,8
43156738,Lower East Side,100000,3
6803248,Washington Heights,170000,6
44394995,Upper East Side,200000,6
22821052,Williamsburg,200000,4
9455392,Nolita,40000,2
44959445,East Village,110000,3
12048441,Woodside,150000,4
49148089,Morningside Heights,150000,5
3661765,Sunnyside,120000,5
46159593,Canarsie,120000,4
10896343,Flatbush,180000,5
24894939,Greenpoint,30000,2
3807020,Kensington,35000,2
13784320,Rosedale,150000,6
22818843,Harlem,250000,8
26071338,Midtown,250000,3
8957770,Bedford-Stuyvesant,180000,4
23878707,Financial District,40000,2
21333708,Borough Park,250000,6
10487089,Bedford-Stuyvesant,180000,4
5433544,Crown Heights,200000,5
3825798,Crown Heights,200000,5
5628505,Bushwick,120000,4
44937906,Upper West Side,210000,5
6769005,Crown Heights,200000,5
53568698,Bedford-Stuyvesant,180000,4
6023400,Little Italy,60000,2
2601901,Greenpoint,30000,2
46036983,Jamaica,250000,7
54634084,Bedford-Stuyvesant,180000,4
4292492,Bushwick,120000,4
6088571,Williamsburg,200000,4
55012410,East Village,110000,3
1555845,Nolita,40000,2
54023241,Harlem,250000,8
6867314,Astoria,250000,7
49625276,Williamsburg,200000,4
55924810,East Harlem,120000,5
4111337,Canarsie,120000,4
55277514,Springfield Gardens,150000,5
6485675,Upper West Side,210000,5
9211276,Cobble Hill,60000,2
9134506,Morningside Heights,150000,5
14179766,Harlem,250000,8
7309154,East Village,110000,3
14444870,East Village,110000,3
45956347,Prospect Heights,90000,4
56907351,Crown Heights,200000,5
49824656,Harlem,250000,8
52458022,Chelsea,80000,3
54468947,Midtown,250000,3
6059852,Prospect-Lefferts Gardens,80000,4
23952163,Williamsburg,200000,4
20892421,Sunset Park,250000,6
42936370,East Village,110000,3
21175198,Williamsburg,200000,4
7876919,Upper East Side,200000,6
14945254,Bedford-Stuyvesant,180000,4
53921617,Tribeca,100000,4
52254224,Astoria,250000,7
50327801,Upper East Side,200000,6
2876395,East Village,110000,3
43552737,East Village,110000,3
26891503,Williamsburg,200000,4
57290647,Lower East Side,100000,3
18175105,Bushwick,120000,4
51139130,East Village,110000,3
5021528,Bay Ridge,200000,5
7372669,Upper West Side,210000,5
24042187,Jackson Heights,180000,5
4495186,Bedford-Stuyvesant,180000,4
14969003,Greenpoint,30000,2
11068108,South Slope,100000,3
10667138,East Flatbush,120000,5
12908372,Sheepshead Bay,100000,3
23413118,Washington Heights,170000,6
12364356,Harlem,250000,8
52636968,Midtown,250000,3
49462347,Crown Heights,200000,5
48977980,East Flatbush,120000,5
21367951,Bay Ridge,200000,5
4467019,Upper East Side,200000,6
43065056,Bushwick,120000,4
6596687,Jackson Heights,180000,5
5773208,Williamsburg,200000,4
5086147,Crown Heights,200000,5
2635039,Lower East Side,100000,3
10959857,Sunnyside,120000,5
45471427,Bushwick,120000,4
44230409,Harlem,250000,8
22772450,Upper East Side,200000,6
5199921,Park Slope,150000,5
3481163,Greenpoint,30000,2
1563577,Midtown,250000,3
6761825,Prospect-Lefferts Gardens,80000,4
20700772,Harlem,250000,8
26836273,Jamaica,250000,7
49048675,Astoria,250000,7
5268958,West Village,100000,2
20905123,Clinton Hill,50000,3
11803772,Flatbush,180000,5
50316755,Bushwick,120000,4
6660754,Crown Heights,200000,5
11872809,Williamsburg,200000,4
23164583,Bushwick,120000,4
14655297,East Village,110000,3
23370038,Williamsburg,200000,4
23917920,Flatbush,180000,5
5650045,Upper East Side,200000,6
20037460,Bushwick,120000,4
49691552,West Village,100000,2
18234201,Williamsburg,200000,4
11280191,Financial District,40000,2
11557998,Woodhaven,100000,4
8563428,Williamsburg,200000,4
20985207,Williamsburg,200000,4
13651768,Harlem,250000,8
42915383,Morningside Heights,150000,5
18380560,Bensonhurst,180000,5
8735193,Inwood,60000,2
45991142,Flushing,200000,7
49798146,Kips Bay,50000,2
11095171,Washington Heights,170000,6
14157122,East Harlem,120000,5
3337565,Upper West Side,210000,5
17395257,Norwood,100000,4
20354480,Flatbush,180000,5
23898037,Financial District,40000,2
13723014,Harlem,250000,8
57112255,Bushwick,120000,4
18783187,Williamsburg,200000,4
50190279,East Elmhurst,100000,3
5262331,Chinatown,100000,3
42840823,Harlem,250000,8
3702083,Williamsburg,200000,4
46283308,Bedford-Stuyvesant,180000,4
19510014,Glendale,80000,3
15099346,Long Island City,180000,6
20795768,Hell's Kitchen,100000,3
44380635,Fordham,200000,7
56044106,Bedford-Stuyvesant,180000,4
18166268,Midwood,180000,5
17738235,Bedford-Stuyvesant,180000,4
24935809,Springfield Gardens,150000,5
17347207,Bedford-Stuyvesant,180000,4
20716237,West Village,100000,2
12106432,Astoria,250000,7
55587907,East New York,150000,5
54229249,Concord,60000,3
54843406,Astoria,250000,7
21176855,Mott Haven,80000,3
12953660,Chelsea,80000,3
21974929,Upper West Side,210000,5
46155727,Cypress Hills,100000,4
5176724,Harlem,250000,8
50057727,St. Albans,70000,3
7467664,Upper West Side,210000,5
44817504,Harlem,250000,8
55435472,Harlem,250000,8
50882863,Clinton Hill,50000,3
46453969,Upper West Side,210000,5
18597614,Jamaica,250000,7
48611805,Forest Hills,180000,6
7900668,Washington Heights,170000,6
6600553,Chelsea,80000,3
54692076,Bedford-Stuyvesant,180000,4
1840832,East Elmhurst,100000,3
3560694,Harlem,250000,8
18896408,Chelsea,80000,3
11199003,Bedford-Stuyvesant,180000,4
20566011,Clason Point,80000,4
53183192,Upper East Side,200000,6
5603652,Chelsea,80000,3
20622898,Crown Heights,200000,5
7848199,Bushwick,120000,4
17849800,Bushwick,120000,4
44127682,Sunset Park,250000,6
5869308,Brooklyn Heights,100000,3
15007664,Flushing,200000,7
57138765,Woodside,150000,4
7299765,Gramercy,50000,2
21286210,Brownsville,180000,7
22092568,Financial District,40000,2
23244114,Jamaica,250000,7
2071693,West Village,100000,2
13766094,Rego Park,150000,4
55127841,Bedford-Stuyvesant,180000,4
10465549,Harlem,250000,8
15475462,Harlem,250000,8
2596931,Bedford-Stuyvesant,180000,4
2702420,Canarsie,120000,4
3036009,West Village,100000,2
47495607,Crown Heights,200000,5
27588506,Upper West Side,210000,5
48878014,Bushwick,120000,4
15627897,Sunset Park,250000,6
48987369,Long Island City,180000,6
17264362,East Village,110000,3
11268041,West Village,100000,2
24839156,Tribeca,100000,4
15052400,Columbia St,50000,2
48355538,Flatbush,180000,5
20920036,Bushwick,120000,4
49652891,Kensington,35000,2
43172203,Gowanus,40000,2
47070888,Bedford-Stuyvesant,180000,4
17644344,Bedford-Stuyvesant,180000,4
21403850,Astoria,250000,7
3530318,Hell's Kitchen,100000,3
16733602,Harlem,250000,8
55219522,Crown Heights,200000,5
8192834,Greenpoint,30000,2
57196756,Upper West Side,210000,5
51748317,Williamsburg,200000,4
22620567,Bedford-Stuyvesant,180000,4
9406237,Cypress Hills,100000,4
19127822,Jamaica,250000,7
6509976,Prospect Heights,90000,4
48658751,East Village,110000,3
8066910,Williamsburg,200000,4
23358440,Astoria,250000,7
1983878,Prospect Heights,90000,4
4783486,Harlem,250000,8
43086044,Hell's Kitchen,100000,3
49011670,Morningside Heights,150000,5
9143343,Flatbush,180000,5
49344155,Hell's Kitchen,100000,3
22342208,East Village,110000,3
55672961,Crown Heights,200000,5
21013374,Sheepshead Bay,100000,3
46935575,Rego Park,150000,4
51922844,Gramercy,50000,2
3522033,Astoria,250000,7
53477568,Ridgewood,100000,4
55299054,Crown Heights,200000,5
55685111,East New York,150000,5
3414887,Flatbush,180000,5
17199190,Morningside Heights,150000,5
9159912,City Island,60000,2
52827511,Hell's Kitchen,100000,3
17012513,Chelsea,80000,3
52135479,Tribeca,100000,4
57019468,Upper East Side,200000,6
10346804,Financial District,40000,2
25674234,Hell's Kitchen,100000,3
5571619,Hell's Kitchen,100000,3
7204770,Astoria,250000,7
11255890,Carroll Gardens,40000,2
55642032,Jackson Heights,180000,5
56796339,Astoria,250000,7
2905114,Kips Bay,50000,2
25056763,Washington Heights,170000,6
54166839,Park Slope,150000,5
21606544,Bedford-Stuyvesant,180000,4
47430436,Sunset Park,250000,6
12885727,East Elmhurst,100000,3
5203787,Washington Heights,170000,6
1442624,East Village,110000,3
57115568,NoHo,30000,2
20408606,Williamsburg,200000,4
51899647,Bedford-Stuyvesant,180000,4
17175442,Lower East Side,100000,3
49559552,Greenpoint,30000,2
46576580,Flatbush,180000,5
44434760,Brooklyn Heights,100000,3
54408194,Flushing,200000,7
15563278,Queens Village,120000,4
47104026,East Flatbush,120000,5
10200445,East Harlem,120000,5
4806683,East Harlem,120000,5
49427552,South Slope,100000,3
7593589,Cobble Hill,60000,2
48592475,Harlem,250000,8
24532078,Midtown,250000,3
14497339,Rockaway Beach,60000,3
10207625,Bushwick,120000,4
1331611,Clinton Hill,50000,3
24044949,Bedford-Stuyvesant,180000,4
51398159,Hell's Kitchen,100000,3
10511942,East Village,110000,3
24317785,Red Hook,120000,5
8973787,Williamsburg,200000,4
48446668,Lower East Side,100000,3
55929780,Bedford-Stuyvesant,180000,4
50021275,East Harlem,120000,5
21792117,Bedford-Stuyvesant,180000,4
49963283,Hell's Kitchen,100000,3
20277711,Crown Heights,200000,5
17569231,Flatbush,180000,5
43297575,Midtown,250000,3
43961992,East Harlem,120000,5
19288541,Crown Heights,200000,5
44587195,Clinton Hill,50000,3
5136958,Greenpoint,30000,2
20457208,Bushwick,120000,4
19054366,Financial District,40000,2
22020217,Greenpoint,30000,2
5123151,Williamsburg,200000,4
2413567,Prospect Heights,90000,4
46839475,East New York,150000,5
21467365,Midtown,250000,3
4121831,Norwood,100000,4
18245247,Washington Heights,170000,6
7621756,Astoria,250000,7
1793887,Tompkinsville,60000,3
46486555,Woodhaven,100000,4
52202860,Upper West Side,210000,5
8710339,Williamsburg,200000,4
52181320,Astoria,250000,7
55529363,Upper East Side,200000,6
21235951,Upper West Side,210000,5
8784900,Fort Greene,70000,3
20806814,Theater District,120000,4
12036290,Hell's Kitchen,100000,3
4807235,Bedford-Stuyvesant,180000,4
23412565,Harlem,250000,8
9853600,Financial District,40000,2
53332313,Bedford-Stuyvesant,180000,4
53097034,Chelsea,80000,3
20391484,St. Albans,70000,3
51915112,Upper East Side,200000,6
56863720,Bushwick,120000,4
5498715,Williamsburg,200000,4
3161934,Chelsea,80000,3
9269267,Crown Heights,200000,5
11664040,Williamsburg,200000,4
4127354,Hell's Kitchen,100000,3
21973824,Flatbush,180000,5
12602950,East Flatbush,120000,5
19938046,Gravesend,200000,6
45497938,Park Slope,150000,5
3382301,Clinton Hill,50000,3
17192563,Bushwick,120000,4
4172090,Bedford-Stuyvesant,180000,4
11976642,Upper East Side,200000,6
1931962,Ditmars Steinway,80000,4
47602753,Clinton Hill,50000,3
17436679,Crown Heights,200000,5
7791865,Chelsea,80000,3
15931110,Upper East Side,200000,6
54544060,Harlem,250000,8
2875290,Harlem,250000,8
25034671,Hell's Kitchen,100000,3
44871630,Williamsburg,200000,4
21686628,Financial District,40000,2
44796517,West Village,100000,2
2034137,Prospect Heights,90000,4
54251893,Bedford-Stuyvesant,180000,4
20364422,West Village,100000,2
12630013,Park Slope,150000,5
54213232,Williamsburg,200000,4
15715160,Chelsea,80000,3
2718437,Midtown,250000,3
45323963,Williamsburg,200000,4
17553767,Williamsburg,200000,4
44555162,Long Island City,180000,6
13565609,Washington Heights,170000,6
53325133,Upper West Side,210000,5
10406453,Midtown,250000,3
52506073,Hell's Kitchen,100000,3
53707877,East Harlem,120000,5
46986939,Prospect Heights,90000,4
9099159,Upper West Side,210000,5
11698282,Flatbush,180000,5
48721713,Williamsburg,200000,4
53705116,Crown Heights,200000,5
12056173,Greenpoint,30000,2
7498041,Bushwick,120000,4
12024692,Clinton Hill,50000,3
22344417,Prospect Heights,90000,4
57320472,Chelsea,80000,3
48377078,East Harlem,120000,5
43038546,Midtown,250000,3
51990224,Crown Heights,200000,5
6487884,Williamsburg,200000,4
8377855,East Harlem,120000,5
47656879,Kips Bay,50000,2
48267722,Upper East Side,200000,6
6043835,East Harlem,120000,5
12487519,East Elmhurst,100000,3
45921000,Bedford-Stuyvesant,180000,4
5412004,Prospect Heights,90000,4
52317738,Murray Hill,60000,2
51360602,Harlem,250000,8
43877490,Washington Heights,170000,6
5908522,Washington Heights,170000,6
18354602,Greenpoint,30000,2
49809744,Richmond Hill,180000,5
7262209,Park Slope,150000,5
51959296,Harlem,250000,8
7974676,Upper West Side,210000,5
25389247,Hell's Kitchen,100000,3
20712371,Jamaica,250000,7
5381075,Long Island City,180000,6
50877340,East Harlem,120000,5
4906097,Williamsburg,200000,4
1287427,Prospect Heights,90000,4
52117253,Financial District,40000,2
46280547,Little Italy,60000,2
6448671,Greenpoint,30000,2
44454091,Gowanus,40000,2
9438271,Upper East Side,200000,6
48090986,Laurelton,120000,5
9434957,Williamsburg,200000,4
2596378,Bedford-Stuyvesant,180000,4
6028371,Upper East Side,200000,6
55595086,Bushwick,120000,4
23240800,East Harlem,120000,5
21934611,Williamsburg,200000,4
43403616,Bushwick,120000,4
47781146,Crown Heights,200000,5
44934592,Roosevelt Island,15000,2
47687807,Ditmars Steinway,80000,4
7052887,East Flatbush,120000,5
48786884,Upper West Side,210000,5
19306767,Bayswater,120000,4
2520161,Greenpoint,30000,2
56052943,Williamsburg,200000,4
25104260,Midtown,250000,3
16940162,SoHo,120000,4
5290498,Clinton Hill,50000,3
3804811,Bedford-Stuyvesant,180000,4
10830619,Flatbush,180000,5
43336788,Upper East Side,200000,6
20669844,Murray Hill,60000,2
17316830,Long Island City,180000,6
14347113,Bedford-Stuyvesant,180000,4
10569934,East Flatbush,120000,5
52757921,Williamsburg,200000,4
9855257,East Village,110000,3
9791191,Upper East Side,200000,6
17996712,Hell's Kitchen,100000,3
50585173,Crown Heights,200000,5
12395285,Greenwich Village,150000,3
43199265,East Elmhurst,100000,3
9332229,East Harlem,120000,5
18139757,Harlem,250000,8
57061995,Bedford-Stuyvesant,180000,4
5226431,Harlem,250000,8
19750264,Williamsburg,200000,4
24661868,Upper East Side,200000,6
55206820,East New York,150000,5
49574464,Midtown,250000,3
12117478,Washington Heights,170000,6
11135489,Flatbush,180000,5
46392664,Canarsie,120000,4
9386355,Inwood,60000,2
53474254,Harlem,250000,8
8578340,Williamsburg,200000,4
19104625,East Village,110000,3
52047664,Washington Heights,170000,6
5085595,Springfield Gardens,150000,5
52015630,Tribeca,100000,4
9707241,Crown Heights,200000,5
54682687,Prospect Heights,90000,4
48906181,Financial District,40000,2
27043938,Elmhurst,120000,5
17599056,Chelsea,80000,3
57201727,East Harlem,120000,5
23030374,SoHo,120000,4
14003030,Bushwick,120000,4
3961112,Lower East Side,100000,3
21318796,Bay Ridge,200000,5
5390464,Upper East Side,200000,6
13253559,Greenpoint,30000,2
5166783,Upper West Side,210000,5
13158564,Jamaica,250000,7
9423911,Chinatown,100000,3
5188322,West Village,100000,2
19965661,Midtown,250000,3
53799007,Rockaway Beach,60000,3
46609718,Financial District,40000,2
57177978,Astoria,250000,7
1125051,Flatiron District,50000,2
2016463,Harlem,250000,8
51978074,Williamsburg,200000,4
23571628,Mott Haven,80000,3
45469218,Flushing,200000,7
9219008,South Slope,100000,3
46923976,Long Island City,180000,6
47208963,Crown Heights,200000,5
26875486,Astoria,250000,7
12422900,Longwood,120000,4
49394414,East Village,110000,3
43064504,Jamaica,250000,7
56667653,Lower East Side,100000,3
8530842,Upper West Side,210000,5
23508666,Upper East Side,200000,6
7080502,Upper West Side,210000,5
46176162,Flushing,200000,7
19386851,Long Island City,180000,6
56198750,Midtown,250000,3
50617759,East Flatbush,120000,5
5951049,Flatbush,180000,5
56781979,East Flatbush,120000,5
13577207,Bushwick,120000,4
11750751,Upper West Side,210000,5
10397616,Chelsea,80000,3
54257416,Bushwick,120000,4
12925493,West Village,100000,2
24051577,Upper East Side,200000,6
51518008,Far Rockaway,250000,7
57248120,Upper West Side,210000,5
20542815,Crown Heights,200000,5
3310502,Crown Heights,200000,5
2076664,Upper East Side,200000,6
4284760,Greenpoint,30000,2
25923321,Williamsburg,200000,4
44348049,Gramercy,50000,2
15773704,Williamsburg,200000,4
14758577,Astoria,250000,7
51075616,Inwood,60000,2
2348948,Williamsburg,200000,4
6678980,Bedford-Stuyvesant,180000,4
48983503,Morningside Heights,150000,5
17458219,Long Island City,180000,6
44570074,Harlem,250000,8
44146460,Fort Greene,70000,3
50369224,Woodhaven,100000,4
17058906,Greenpoint,30000,2
2833867,Bushwick,120000,4
10651122,Midtown,250000,3
44829103,Williamsburg,200000,4
10914569,East Village,110000,3
55699471,Wakefield,100000,4
18757781,East Harlem,120000,5
53564832,Bensonhurst,180000,5
5719635,Williamsburg,200000,4
43532302,Flushing,200000,7
3795422,East Harlem,120000,5
48329028,Flatbush,180000,5
2210321,Crown Heights,200000,5
48716742,Financial District,40000,2
5402615,SoHo,120000,4
15383780,Hell's Kitchen,100000,3
21555733,Bushwick,120000,4
55906031,Hell's Kitchen,100000,3
10138587,Bedford-Stuyvesant,180000,4
53451058,East Village,110000,3
7429556,East Village,110000,3
4895603,Harlem,250000,8
47438720,Hell's Kitchen,100000,3
26237580,Harlem,250000,8
13819667,Murray Hill,60000,2
55489597,Upper West Side,210000,5
5177276,East Village,110000,3
4716106,Kips Bay,50000,2
23683745,Little Italy,60000,2
5916806,Bedford-Stuyvesant,180000,4
8311027,East Village,110000,3
25363289,Harlem,250000,8
1007411,Upper West Side,210000,5
18225916,Bushwick,120000,4
6385709,Upper East Side,200000,6
53634974,Little Italy,60000,2
47229398,Bedford-Stuyvesant,180000,4
12160558,Bedford-Stuyvesant,180000,4
14318394,Bedford-Stuyvesant,180000,4
18557848,Williamsburg,200000,4
21023316,Queens Village,120000,4
7718409,Boerum Hill,50000,2
23995242,Longwood,120000,4
47736962,East Village,110000,3
53701802,Hell's Kitchen,100000,3
43743833,West Village,100000,2
13468404,Hell's Kitchen,100000,3
54125416,Long Island City,180000,6
23716330,Lower East Side,100000,3
26776072,Williamsburg,200000,4
18588225,Morningside Heights,150000,5
45621101,West Village,100000,2
51273891,Gramercy,50000,2
19486817,Far Rockaway,250000,7
47848527,Flatbush,180000,5
18906902,Park Slope,150000,5
11076945,Ridgewood,100000,4
19093579,Harlem,250000,8
10204311,Port Morris,50000,3
10159022,Williamsburg,200000,4
47108997,Kips Bay,50000,2
27191954,East New York,150000,5
26285630,Kensington,35000,2
6751884,Bushwick,120000,4
43855950,Harlem,250000,8
22211313,Bushwick,120000,4
4077647,Bedford-Stuyvesant,180000,4
25892392,Longwood,120000,4
54326453,Upper West Side,210000,5
27328372,Greenwich Village,150000,3
3656794,Williamsburg,200000,4
45333905,Crown Heights,200000,5
12825527,Greenpoint,30000,2
20827249,Hell's Kitchen,100000,3
50206848,Hunts Point,80000,3
3681648,Lower East Side,100000,3
26422600,Theater District,120000,4
53523409,Williamsburg,200000,4
55681245,Bushwick,120000,4
54439123,Bedford-Stuyvesant,180000,4
21932401,NoHo,30000,2
6467449,Nolita,40000,2
51600301,South Slope,100000,3
9084247,Upper West Side,210000,5
10064027,Bedford-Stuyvesant,180000,4
11952893,Harlem,250000,8
24113434,East Village,110000,3
9040063,Clinton Hill,50000,3
3527556,Williamsburg,200000,4
49251369,Ridgewood,100000,4
45148884,Bushwick,120000,4
24321651,Murray Hill,60000,2
47507205,Crown Heights,200000,5
48680290,Crown Heights,200000,5
50325592,East Harlem,120000,5
11786098,Bedford-Stuyvesant,180000,4
5488221,Theater District,120000,4
47652460,West Village,100000,2
53599627,Woodside,150000,4
6604972,Williamsburg,200000,4
55290217,Prospect-Lefferts Gardens,80000,4
11575672,Two Bridges,40000,2
21218278,East Elmhurst,100000,3
15301488,Clinton Hill,50000,3
46726805,Crown Heights,200000,5
8224868,Nolita,40000,2
5969275,Chelsea,80000,3
9072648,Washington Heights,170000,6
5083385,Midtown,250000,3
8070224,Harlem,250000,8
8375093,Hell's Kitchen,100000,3
45348265,Upper West Side,210000,5
25470988,Murray Hill,60000,2
8193387,Theater District,120000,4
51982492,East Flatbush,120000,5
7058962,Bedford-Stuyvesant,180000,4
26644073,Hell's Kitchen,100000,3
9951358,Gramercy,50000,2
54298286,Bayswater,120000,4
21363532,Cypress Hills,100000,4
14424435,Williamsburg,200000,4
43108688,Greenpoint,30000,2
54174571,Bedford-Stuyvesant,180000,4
17644897,Flushing,200000,7
20817860,South Slope,100000,3
52988783,Upper West Side,210000,5
6484570,Rego Park,150000,4
13617525,Park Slope,150000,5
24809884,Two Bridges,40000,2
20659350,East Harlem,120000,5
2637249,West Village,100000,2
3789899,Lower East Side,100000,3
1744180,SoHo,120000,4
5155737,Harlem,250000,8
45907192,Greenwich Village,150000,3
4691252,Prospect Heights,90000,4
56559402,Fort Greene,70000,3
55270334,Gramercy,50000,2
15406425,Rosedale,150000,6
48094852,Bedford-Stuyvesant,180000,4
8916900,Ditmars Steinway,80000,4
1511109,Hell's Kitchen,100000,3
21604888,Boerum Hill,50000,2
43215834,Hunts Point,80000,3
4190316,Crown Heights,200000,5
25174402,Bedford-Stuyvesant,180000,4
45935912,Bedford-Stuyvesant,180000,4
47042721,Long Island City,180000,6
52875561,Elmhurst,120000,5
5640104,East Harlem,120000,5
8356867,Murray Hill,60000,2
9362053,Upper East Side,200000,6
11191271,Washington Heights,170000,6
2118087,Williamsburg,200000,4
11213363,Hell's Kitchen,100000,3
13195015,East Harlem,120000,5
3876058,Prospect Heights,90000,4
45018541,SoHo,120000,4
46543994,St. Albans,70000,3
23927861,Sunnyside,120000,5
9817149,Fort Hamilton,100000,4
52983812,Bushwick,120000,4
57246463,Kips Bay,50000,2
13621943,Financial District,40000,2
9450421,Clinton Hill,50000,3
7030795,Gramercy,50000,2
15638391,SoHo,120000,4
49629142,Upper West Side,210000,5
45166006,Bushwick,120000,4
7379849,Bushwick,120000,4
45051679,Hell's Kitchen,100000,3
44834626,Greenpoint,30000,2
26483906,Hell's Kitchen,100000,3
24491760,East Village,110000,3
25888526,Ditmars Steinway,80000,4
46609165,Greenwich Village,150000,3
54039810,Bedford-Stuyvesant,180000,4
45137838,Harlem,250000,8
8967159,Prospect Heights,90000,4
2671491,Battery Park City,50000,2
21030496,Canarsie,120000,4
7969153,East Village,110000,3
22542141,Ridgewood,100000,4
55133916,Bushwick,120000,4
49982614,Bushwick,120000,4
3463489,Upper East Side,200000,6
51050210,East Elmhurst,100000,3
27244975,Arrochar,15000,2
25593046,Brighton Beach,120000,5
55951872,Canarsie,120000,4
25795740,Hell's Kitchen,100000,3
8612030,Nolita,40000,2
24984411,Upper West Side,210000,5
15214777,East Flatbush,120000,5
50282513,Bedford-Stuyvesant,180000,4
4855838,SoHo,120000,4
55380242,Midtown,250000,3
49365695,Long Island City,180000,6
20196523,Cobble Hill,60000,2
23841703,Harlem,250000,8
48509630,Greenpoint,30000,2
12583067,Bedford-Stuyvesant,180000,4
2347843,Crown Heights,200000,5
48099823,Williamsburg,200000,4
14085875,Williamsburg,200000,4
46175610,Ditmars Steinway,80000,4
46346271,East Village,110000,3
19746398,Bedford-Stuyvesant,180000,4
2235727,Williamsburg,200000,4
44599346,Williamsburg,200000,4
2725064,Bedford-Stuyvesant,180000,4
2552194,Upper West Side,210000,5
1973936,Inwood,60000,2
51498125,Bath Beach,150000,5
51728986,DUMBO,30000,1
9947491,Tribeca,100000,4
22097539,Bedford-Stuyvesant,180000,4
26888742,Williamsburg,200000,4
42905994,Upper East Side,200000,6
20758212,Elmhurst,120000,5
55374166,Ditmars Steinway,80000,4
5940555,Harlem,250000,8
25042403,Financial District,40000,2
23303762,West Village,100000,2
17713382,Washington Heights,170000,6
10378838,Crown Heights,200000,5
13141442,Harlem,250000,8
11633111,Maspeth,60000,3
8823561,Hell's Kitchen,100000,3
48264961,Washington Heights,170000,6
54180646,Long Island City,180000,6
4584106,Bushwick,120000,4
44356886,Upper East Side,200000,6
2959240,Upper East Side,200000,6
50333877,East Village,110000,3
16248130,Crown Heights,200000,5
21662879,Harlem,250000,8
15992967,Bushwick,120000,4
8894255,Bedford-Stuyvesant,180000,4
3466251,East Harlem,120000,5
49904187,Ridgewood,100000,4
53859208,Upper West Side,210000,5
51062913,Midtown,250000,3
6925858,Bushwick,120000,4
7812852,East Village,110000,3
6846327,Theater District,120000,4
50138362,Two Bridges,40000,2
4964641,Fort Greene,70000,3
49035419,Williamsburg,200000,4
14351532,Clinton Hill,50000,3
53849266,East Flatbush,120000,5
23510323,Jamaica,250000,7
14624368,Harlem,250000,8
4758633,Boerum Hill,50000,2
4559805,Bedford-Stuyvesant,180000,4
9178138,East Village,110000,3
52611010,Long Island City,180000,6
14618293,Woodhaven,100000,4
11806533,Woodhaven,100000,4
2904562,Upper East Side,200000,6
45276466,Fort Greene,70000,3
9593467,Bedford-Stuyvesant,180000,4
22574174,Williamsburg,200000,4
47363607,Upper East Side,200000,6
49924070,East Harlem,120000,5
7675329,East Village,110000,3
3932944,Canarsie,120000,4
1857953,Fort Greene,70000,3
20771467,Upper East Side,200000,6
53797350,Upper East Side,200000,6
13843968,East Flatbush,120000,5
7063381,Williamsburg,200000,4
17809482,Clinton Hill,50000,3
19761310,Hell's Kitchen,100000,3
44492200,Washington Heights,170000,6
14934760,Midtown,250000,3
20553308,Flushing,200000,7
1871209,Woodside,150000,4
48226852,Williamsburg,200000,4
19365863,Allerton,60000,4
9311242,Midtown,250000,3
44691028,Rego Park,150000,4
20078330,Richmond Hill,180000,5
53206389,Midwood,180000,5
50695081,Greenwich Village,150000,3
50868503,Washington Heights,170000,6
9241652,East Village,110000,3
46909064,East Flatbush,120000,5
20511886,Prospect-Lefferts Gardens,80000,4
53791275,Long Island City,180000,6
11344258,East New York,150000,5
9383593,Midtown,250000,3
15882507,Greenwich Village,150000,3
19099655,Upper East Side,200000,6
8725804,Bushwick,120000,4
9198020,Clinton Hill,50000,3
27016875,East New York,150000,5
6033341,Bedford-Stuyvesant,180000,4
45169319,Flushing,200000,7
15154024,Williamsburg,200000,4
3411573,Battery Park City,50000,2
8697084,East New York,150000,5
15419128,Woodhaven,100000,4
23071796,Hell's Kitchen,100000,3
13837893,Flatbush,180000,5
23097754,Upper East Side,200000,6
17653181,Chinatown,100000,3
27433862,East Village,110000,3
48784123,Washington Heights,170000,6
54823523,Greenpoint,30000,2
7957002,Murray Hill,60000,2
27064373,Midtown,250000,3
47573481,Jackson Heights,180000,5
45518925,West Village,100000,2
44111113,Chelsea,80000,3
7696869,Kingsbridge,50000,3
24255375,Arrochar,15000,2
55095807,Bedford-Stuyvesant,180000,4
17157216,Upper East Side,200000,6
51387113,East Elmhurst,100000,3
18481079,Williamsburg,200000,4
20105945,Harlem,250000,8
3154754,Harlem,250000,8
55674065,Queens Village,120000,4
50515583,Harlem,250000,8
49584958,Upper West Side,210000,5
3787137,Harlem,250000,8
49938982,Boerum Hill,50000,2
5215937,Gowanus,40000,2
1387946,West Village,100000,2
7044603,Lower East Side,100000,3
50489625,Bushwick,120000,4
17798436,Harlem,250000,8
9320079,East Village,110000,3
53318506,Park Slope,150000,5
5256808,Longwood,120000,4
2432345,Bedford-Stuyvesant,180000,4
55191355,Harlem,250000,8
16567359,Bushwick,120000,4
55954634,Maspeth,60000,3
48623956,Harlem,250000,8
55854115,East Harlem,120000,5
2789131,Hell's Kitchen,100000,3
8652900,Parkchester,250000,7
57239836,Crown Heights,200000,5
21858393,Astoria,250000,7
25505230,Flatbush,180000,5
10952125,Harlem,250000,8
2072798,Upper East Side,200000,6
19598934,East Village,110000,3
55987219,Jackson Heights,180000,5
3055340,Bensonhurst,180000,5
13787633,East Harlem,120000,5
5930614,Williamsburg,200000,4
52107312,Bedford-Stuyvesant,180000,4
43277692,Clinton Hill,50000,3
12464323,East Harlem,120000,5
27131201,Harlem,250000,8
48876909,Williamsburg,200000,4
26069128,Crown Heights,200000,5
19340458,Harlem,250000,8
52618742,Jamaica,250000,7
51208168,Fort Greene,70000,3
6746361,Hell's Kitchen,100000,3
7089339,East Village,110000,3
47874485,Williamsburg,200000,4
27182565,Financial District,40000,2
8359077,Kips Bay,50000,2
16325452,Bath Beach,150000,5
45244984,East Flatbush,120000,5
10767657,Bedford-Stuyvesant,180000,4
7148435,West Village,100000,2
22942006,Hell's Kitchen,100000,3
20602463,Bedford-Stuyvesant,180000,4
45610607,Canarsie,120000,4
9026255,West Village,100000,2
10667691,Prospect Heights,90000,4
50885624,East Elmhurst,100000,3
26153078,Long Island City,180000,6
3132662,Williamsburg,200000,4
21360771,Midtown,250000,3
5072892,Theater District,120000,4
26390015,Sheepshead Bay,100000,3
6688369,South Slope,100000,3
8116065,Harlem,250000,8
48540559,South Slope,100000,3
52528165,Chelsea,80000,3
9670237,Hell's Kitchen,100000,3
52359161,Allerton,60000,4
49813058,Harlem,250000,8
16588347,Greenwich Village,150000,3
20853207,Hell's Kitchen,100000,3
13184522,Inwood,60000,2
8772197,East Flatbush,120000,5
10213148,Morningside Heights,150000,5
44391129,Pelham Gardens,150000,5
49309912,Canarsie,120000,4
53022473,Chinatown,100000,3
53876329,Hell's Kitchen,100000,3
3628075,Upper East Side,200000,6
15519646,East Village,110000,3
49355753,Arverne,40000,2
19491788,Greenwich Village,150000,3
55999370,Bushwick,120000,4
48752642,West Village,100000,2
45974573,Crown Heights,200000,5
48276007,Financial District,40000,2
47999305,Rockaway Beach,60000,3
43234060,Bushwick,120000,4
14747531,Prospect-Lefferts Gardens,80000,4
47480695,Midtown,250000,3
56501411,Bushwick,120000,4
2827240,Chelsea,80000,3
17769164,Prospect Heights,90000,4
47945731,Mott Haven,80000,3
52640281,Bushwick,120000,4
13518663,Harlem,250000,8
7419614,SoHo,120000,4
3004528,Ridgewood,100000,4
47454737,East Harlem,120000,5
24513299,Bedford-Stuyvesant,180000,4
55223389,Schuylerville,60000,3
13793156,East Harlem,120000,5
54356830,East Village,110000,3
45354892,Bedford-Stuyvesant,180000,4
1978355,South Slope,100000,3
52433169,Williamsburg,200000,4
1882255,Flatiron District,50000,2
27088674,Clinton Hill,50000,3
25125800,Upper West Side,210000,5
2557165,Upper West Side,210000,5
43066713,St. Albans,70000,3
11592241,Harlem,250000,8
48203103,Harlem,250000,8
4530533,East Village,110000,3
5195502,Williamsburg,200000,4
24373567,Flatlands,50000,3
2738320,Chelsea,80000,3
2386504,Financial District,40000,2
47773966,Cobble Hill,60000,2
45904983,Hell's Kitchen,100000,3
22845353,Crown Heights,200000,5
50360939,Astoria,250000,7
5902446,Hell's Kitchen,100000,3
54109399,Upper East Side,200000,6
9631576,East Harlem,120000,5
56675938,East Flatbush,120000,5
18555639,Sunnyside,120000,5
49738497,East Elmhurst,100000,3
16376263,East Harlem,120000,5
1553084,East Village,110000,3
20872538,East Village,110000,3
17219626,Jamaica Estates,250000,7
2089367,Fort Greene,70000,3
15520751,Park Slope,150000,5
48913361,Hell's Kitchen,100000,3
56288223,Greenpoint,30000,2
49396624,Kips Bay,50000,2
17659809,Bedford-Stuyvesant,180000,4
5177829,Clinton Hill,50000,3
11400593,Hell's Kitchen,100000,3
6305073,East Village,110000,3
9716078,Harlem,250000,8
46669918,Hell's Kitchen,100000,3
25306954,Financial District,40000,2
19950749,Williamsburg,200000,4
2577048,Park Slope,150000,5
55940826,Morningside Heights,150000,5
5442380,Crown Heights,200000,5
50083685,Upper East Side,200000,6
4617244,Long Island City,180000,6
9137820,Lower East Side,100000,3
3448025,Williamsburg,200000,4
10870385,Harlem,250000,8
6666829,Harlem,250000,8
55457564,Harlem,250000,8
55633195,East Elmhurst,100000,3
20788036,Sunnyside,120000,5
22171547,Midtown,250000,3
9150523,Lower East Side,100000,3
10467758,Elmhurst,120000,5
17917180,Bedford-Stuyvesant,180000,4
11105112,Port Morris,50000,3
4365948,Bushwick,120000,4
12251135,Harlem,250000,8
9214589,Prospect-Lefferts Gardens,80000,4
16455795,Bushwick,120000,4
42894948,Ditmars Steinway,80000,4
21601574,Midtown,250000,3
15394274,Greenpoint,30000,2
2082739,Upper West Side,210000,5
26831855,Hell's Kitchen,100000,3
51502543,West Village,100000,2
9188079,Midtown,250000,3
49621962,Prospect-Lefferts Gardens,80000,4
47123357,Williamsburg,200000,4
43481491,Lower East Side,100000,3
4474751,Bedford-Stuyvesant,180000,4
9950253,Bedford-Stuyvesant,180000,4
54291658,East Village,110000,3
51249590,Little Italy,60000,2
2136313,Bedford-Stuyvesant,180000,4
6029475,Upper West Side,210000,5
51948250,South Slope,100000,3
10385465,Astoria,250000,7
47759606,Crown Heights,200000,5
10384913,Prospect Heights,90000,4
18382769,Upper West Side,210000,5
44291162,Harlem,250000,8
18117665,Elmhurst,120000,5
26504893,Greenpoint,30000,2
25160595,Williamsburg,200000,4
23457854,Lower East Side,100000,3
51624602,Longwood,120000,4
8667260,SoHo,120000,4
19501177,Lower East Side,100000,3
50849725,Hell's Kitchen,100000,3
2551090,Bedford-Stuyvesant,180000,4
8227629,East Flatbush,120000,5
1891644,Williamsburg,200000,4
1562473,Bedford-Stuyvesant,180000,4
1357017,Williamsburg,200000,4
43421290,Lower East Side,100000,3
49399385,Norwood,100000,4
15662692,Bay Ridge,200000,5
3699322,Astoria,250000,7
7312468,Bushwick,120000,4
24638671,East Harlem,120000,5
46456731,East Flatbush,120000,5
49959417,Bedford-Stuyvesant,180000,4
45600113,Sunnyside,120000,5
5425259,Bushwick,120000,4
11540877,Williamsburg,200000,4
23935594,East Elmhurst,100000,3
2150120,Bushwick,120000,4
26192844,Prospect-Lefferts Gardens,80000,4
13387216,Bedford-Stuyvesant,180000,4
51506962,Chelsea,80000,3
5043620,Crown Heights,200000,5
54031525,Gowanus,40000,2
1826472,Upper East Side,200000,6
2732797,Hell's Kitchen,100000,3
21148135,Hell's Kitchen,100000,3
54530252,Lower East Side,100000,3
17533332,Bedford-Stuyvesant,180000,4
44915261,Bushwick,120000,4
50574127,Harlem,250000,8
6567415,Hell's Kitchen,100000,3
5014348,Crown Heights,200000,5
3312159,Bushwick,120000,4
43777523,Fort Greene,70000,3
19397897,Upper West Side,210000,5
48255019,Williamsburg,200000,4
54319826,Astoria,250000,7
47146553,Gramercy,50000,2
14974526,East Flatbush,120000,5
43329608,Maspeth,60000,3
8779377,East Village,110000,3
8117722,Greenpoint,30000,2
43475415,Boerum Hill,50000,2
54488277,Flatlands,50000,3
44281221,Williamsburg,200000,4
48688023,Upper East Side,200000,6
20897944,Hell's Kitchen,100000,3
46200463,Upper West Side,210000,5
19622131,Bedford-Stuyvesant,180000,4
14253222,East Flatbush,120000,5
57228238,South Ozone Park,150000,6
12152273,Williamsburg,200000,4
2867558,Astoria,250000,7
50661943,Midtown,250000,3
6474077,Upper West Side,210000,5
13815248,Crown Heights,200000,5
18827923,Williamsburg,200000,4
9989466,Downtown Brooklyn,150000,5
15445086,Murray Hill,60000,2
15594207,Greenpoint,30000,2
46490421,Bushwick,120000,4
45829318,Crown Heights,200000,5
13338613,Flatbush,180000,5
49318197,Upper West Side,210000,5
20189895,Hell's Kitchen,100000,3
11048225,East Village,110000,3
1910422,Williamsburg,200000,4
21089039,East Village,110000,3
26150317,Hell's Kitchen,100000,3
13154698,Crown Heights,200000,5
44878810,Upper West Side,210000,5
54291106,Allerton,60000,4
4174300,Bedford-Stuyvesant,180000,4
17423424,Astoria,250000,7
22340551,Upper West Side,210000,5
16264147,Crown Heights,200000,5
19187470,Harlem,250000,8
11083020,East Flatbush,120000,5
2536178,Midwood,180000,5
11218886,Tottenville,40000,2
27391887,Hell's Kitchen,100000,3
22814977,Fort Greene,70000,3
3334251,Park Slope,150000,5
4317345,Hell's Kitchen,100000,3
44758960,Bay Ridge,200000,5
53720028,West Village,100000,2
2753784,Bedford-Stuyvesant,180000,4
51521874,Bedford-Stuyvesant,180000,4
7813957,Williamsburg,200000,4
24835290,Sunnyside,120000,5
4996674,Crown Heights,200000,5
7067799,Astoria,250000,7
6084705,East Elmhurst,100000,3
23419745,East Elmhurst,100000,3
4950833,Crown Heights,200000,5
3290067,Washington Heights,170000,6
54233115,Elmhurst,120000,5
52312768,East Flatbush,120000,5
52884398,Hell's Kitchen,100000,3
19844155,Washington Heights,170000,6
4322316,Morningside Heights,150000,5
3142051,SoHo,120000,4
13915767,Canarsie,120000,4
51151833,Bedford-Stuyvesant,180000,4
43553290,Harlem,250000,8
4228977,Fort Greene,70000,3
19776775,Williamsburg,200000,4
23827343,Ridgewood,100000,4
16410506,Bushwick,120000,4
3041532,Kingsbridge,50000,3
47717079,Upper West Side,210000,5
13839550,Upper East Side,200000,6
47683941,Harlem,250000,8
9655877,Harlem,250000,8
55136677,Woodside,150000,4
5902999,Hell's Kitchen,100000,3
51406443,East Harlem,120000,5
19195755,Kew Gardens Hills,120000,5
5995785,East Village,110000,3
43262227,Brooklyn Heights,100000,3
53489167,Bedford-Stuyvesant,180000,4
6426579,Upper West Side,210000,5
9182556,Astoria,250000,7
25483690,Hell's Kitchen,100000,3
14061574,Carroll Gardens,40000,2
13313760,Crown Heights,200000,5
51918425,Bushwick,120000,4
1742523,SoHo,120000,4
12310231,Bedford-Stuyvesant,180000,4
54746201,Bedford-Stuyvesant,180000,4
5882011,Bushwick,120000,4
57008422,Gramercy,50000,2
2028614,Harlem,250000,8
52915327,Woodside,150000,4
47790535,Woodside,150000,4
19446499,Bedford-Stuyvesant,180000,4
11189614,East Village,110000,3
20727283,Washington Heights,170000,6
21182378,Harlem,250000,8
52207831,Kips Bay,50000,2
49686581,Claremont Village,80000,4
47066470,Williamsburg,200000,4
4797846,Hell's Kitchen,100000,3
20413024,Park Slope,150000,5
25432879,Upper East Side,200000,6
18274519,Prospect-Lefferts Gardens,80000,4
50491282,Williamsburg,200000,4
26108342,Midtown,250000,3
18197197,Bedford-Stuyvesant,180000,4
4204124,Crown Heights,200000,5
43396436,Flushing,200000,7
17505165,Flatbush,180000,5
52971109,East Village,110000,3
51971446,Harlem,250000,8
8029906,East Harlem,120000,5
55322250,Upper West Side,210000,5
49605393,Bushwick,120000,4
53982370,Greenpoint,30000,2
57316053,Chelsea,80000,3
47398402,Williamsburg,200000,4
6322194,Lower East Side,100000,3
14913773,Sunnyside,120000,5
7011465,East Village,110000,3
21404403,Forest Hills,180000,6
26005614,Theater District,120000,4
7184887,Park Slope,150000,5
48409111,Bushwick,120000,4
16082440,Ditmars Steinway,80000,4
49958865,Kingsbridge,50000,3
4073229,East Village,110000,3
18004444,Prospect-Lefferts Gardens,80000,4
48995101,Midtown,250000,3
50249927,Carroll Gardens,40000,2
24401182,Williamsburg,200000,4
45526657,Astoria,250000,7
8241437,Bedford-Stuyvesant,180000,4
44291715,Upper East Side,200000,6
43524570,Harlem,250000,8
54619172,Chinatown,100000,3
50128421,Midtown,250000,3
15793587,East Harlem,120000,5
46584864,Elmhurst,120000,5
47386252,Greenpoint,30000,2
7876366,Clinton Hill,50000,3
8647377,Harlem,250000,8
26243103,Greenwich Village,150000,3
8770540,Harlem,250000,8
47000194,Midtown,250000,3
54788728,West Village,100000,2
54109952,Jamaica,250000,7
4472542,Fort Greene,70000,3
53597417,Bushwick,120000,4
53664798,Park Slope,150000,5
20863149,East New York,150000,5
46706370,Forest Hills,180000,6
4929294,Harlem,250000,8
22511764,Lower East Side,100000,3
26713663,Hell's Kitchen,100000,3
6965071,Upper East Side,200000,6
43692469,Arrochar,15000,2
26238132,Washington Heights,170000,6
51967580,Norwood,100000,4
3519272,Crown Heights,200000,5
50348789,Bedford-Stuyvesant,180000,4
26391672,Hell's Kitchen,100000,3
19941360,Washington Heights,170000,6
1528230,East Village,110000,3
9009686,Williamsburg,200000,4
27090883,Throgs Neck,100000,4
21524252,Bedford-Stuyvesant,180000,4
5635685,Clinton Hill,50000,3
47886083,Lower East Side,100000,3
16110055,Upper East Side,200000,6
22270409,Williamsburg,200000,4
7846542,East Harlem,120000,5
48145112,Hell's Kitchen,100000,3
48557128,Elmhurst,120000,5
10301516,Ditmars Steinway,80000,4
13224840,West Village,100000,2
7710124,Prospect-Lefferts Gardens,80000,4
26256910,Bedford-Stuyvesant,180000,4
5281661,Williamsbridge,80000,4
55585697,Bedford-Stuyvesant,180000,4
24097417,Hell's Kitchen,100000,3
47660192,Bushwick,120000,4
50930913,Williamsburg,200000,4
22972935,Murray Hill,60000,2
14379147,Boerum Hill,50000,2
49953894,Bedford-Stuyvesant,180000,4
54074052,Bushwick,120000,4
9702270,Washington Heights,170000,6
46653349,Greenpoint,30000,2
1960129,Washington Heights,170000,6
8085688,Concourse,80000,4
13101677,Jamaica,250000,7
16112816,Williamsburg,200000,4
2035242,Midwood,180000,5
44572835,Ridgewood,100000,4
10580980,Forest Hills,180000,6
50957976,Greenwich Village,150000,3
11752408,Sheepshead Bay,100000,3
1097989,Financial District,40000,2
47682837,East Elmhurst,100000,3
4458182,East Village,110000,3
1946321,Flushing,200000,7
21333156,Crown Heights,200000,5
13267919,Midtown,250000,3
15462207,East Elmhurst,100000,3
1831995,Lower East Side,100000,3
14077591,Far Rockaway,250000,7
21527566,Prospect-Lefferts Gardens,80000,4
5409795,Sunset Park,250000,6
9233920,Midtown,250000,3
43240688,West Village,100000,2
56490365,Elmhurst,120000,5
7543882,Harlem,250000,8
26174618,Chinatown,100000,3
43548319,Upper East Side,200000,6
11084677,Washington Heights,170000,6
47232160,Richmond Hill,180000,5
12743786,Greenpoint,30000,2
52410525,Crown Heights,200000,5
56666548,Washington Heights,170000,6
12877995,East Village,110000,3
5417527,Clinton Hill,50000,3
54419240,Hell's Kitchen,100000,3
6966728,Sunnyside,120000,5
52437587,Hell's Kitchen,100000,3
49715301,Hell's Kitchen,100000,3
11094619,Crown Heights,200000,5
6608838,Crown Heights,200000,5
46641199,East New York,150000,5
7918894,Prospect-Lefferts Gardens,80000,4
7565974,Williamsburg,200000,4
55993847,Upper West Side,210000,5
17387525,Bedford-Stuyvesant,180000,4
21527013,Williamsburg,200000,4
9746454,Hell's Kitchen,100000,3
2600797,Bedford-Stuyvesant,180000,4
55014619,Greenpoint,30000,2
12347235,Lower East Side,100000,3
55650869,Sunset Park,250000,6
5185009,Harlem,250000,8
19278600,Harlem,250000,8
9066021,Bay Ridge,200000,5
56909560,Midtown,250000,3
16767292,Williamsburg,200000,4
50392973,Midtown,250000,3
5758296,Upper West Side,210000,5
8858356,East Village,110000,3
9160464,Chinatown,100000,3
14844183,Crown Heights,200000,5
15574876,Gramercy,50000,2
2420195,Bedford-Stuyvesant,180000,4
2497517,Greenpoint,30000,2
7369355,East Flatbush,120000,5
23314808,Upper West Side,210000,5
4661980,Midtown,250000,3
25223005,Long Island City,180000,6
5492640,Hell's Kitchen,100000,3
47791640,East Elmhurst,100000,3
43112554,Williamsburg,200000,4
15651646,Flushing,200000,7
20192656,Kingsbridge,50000,3
21834644,Hell's Kitchen,100000,3
20993491,Midtown,250000,3
53999492,Williamsburg,200000,4
51731196,Bedford-Stuyvesant,180000,4
53954755,Bushwick,120000,4
22349388,Bedford-Stuyvesant,180000,4
3876610,Kips Bay,50000,2
48403036,Bushwick,120000,4
14367548,Washington Heights,170000,6
13795366,Williamsburg,200000,4
19035036,West Village,100000,2
18398234,Harlem,250000,8
4426701,Boerum Hill,50000,2
11282401,Harlem,250000,8
7888517,Upper West Side,210000,5
17748177,Hell's Kitchen,100000,3
1847460,Upper West Side,210000,5
3028277,Upper West Side,210000,5
42943550,Midtown,250000,3
2335141,Astoria,250000,7
16913651,Fort Greene,70000,3
54045333,Upper East Side,200000,6
24221133,East Village,110000,3
5748355,Hell's Kitchen,100000,3
7639430,Carroll Gardens,40000,2
57247568,Clinton Hill,50000,3
17908344,East Village,110000,3
54687658,Bushwick,120000,4
3509883,Bushwick,120000,4
57020573,Upper East Side,200000,6
45819929,Upper East Side,200000,6
56636172,Chinatown,100000,3
10573247,Hell's Kitchen,100000,3
25801263,Williamsburg,200000,4
3795974,Sunnyside,120000,5
2431793,Williamsburg,200000,4
21891531,Harlem,250000,8
7035766,Prospect-Lefferts Gardens,80000,4
5683735,Harlem,250000,8
45348817,Harlem,250000,8
46665500,Fort Greene,70000,3
44766693,East Harlem,120000,5
43836619,Bedford-Stuyvesant,180000,4
17372060,Bushwick,120000,4
9977316,Hell's Kitchen,100000,3
23936146,Downtown Brooklyn,150000,5
11100142,Nolita,40000,2
7348368,Williamsburg,200000,4
51226393,Murray Hill,60000,2
1484599,Prospect Heights,90000,4
54698704,Bedford-Stuyvesant,180000,4
50216237,Harlem,250000,8
57208355,Cambria Heights,100000,5
23904112,Financial District,40000,2
19275286,Williamsburg,200000,4
5365611,Washington Heights,170000,6
7686928,East Village,110000,3
11493931,Flatlands,50000,3
25562669,Borough Park,250000,6
19247671,Chelsea,80000,3
24711575,Hell's Kitchen,100000,3
5273929,Chinatown,100000,3
7049573,East Village,110000,3
5794748,Harlem,250000,8
25058419,Bedford-Stuyvesant,180000,4
17500746,Astoria,250000,7
4542131,Ditmars Steinway,80000,4
16061452,Astoria,250000,7
14634862,Crown Heights,200000,5
47849631,Crown Heights,200000,5
11146535,Bedford-Stuyvesant,180000,4
16783309,East Harlem,120000,5
6773976,West Village,100000,2
22808902,East Village,110000,3
23436867,West Village,100000,2
13879867,Astoria,250000,7
56544490,Clinton Hill,50000,3
42960672,Park Slope,150000,5
52907042,Harlem,250000,8
4850867,Bushwick,120000,4
43416319,Kensington,35000,2
24113986,Midtown,250000,3
44453539,Williamsburg,200000,4
9486321,Harlem,250000,8
48235689,Astoria,250000,7
18697580,Cypress Hills,100000,4
25026386,Bedford-Stuyvesant,180000,4
5558363,East Village,110000,3
5444037,Williamsburg,200000,4
4653144,Bedford-Stuyvesant,180000,4
6181358,Williamsburg,200000,4
3420962,Harlem,250000,8
44923546,Sunnyside,120000,5
19260926,Clinton Hill,50000,3
3568426,Upper East Side,200000,6
4443822,Williamsburg,200000,4
9165987,Bushwick,120000,4
19617160,Chinatown,100000,3
26592157,Queens Village,120000,4
26230952,Bushwick,120000,4
8182341,Fort Greene,70000,3
55977278,Upper East Side,200000,6
2512429,Astoria,250000,7
13999717,Williamsburg,200000,4
18371723,Gowanus,40000,2
43893506,Upper West Side,210000,5
11669011,West Village,100000,2
25468778,Chelsea,80000,3
57315501,Kingsbridge,50000,3
24184681,East New York,150000,5
23241905,Eastchester,120000,5
21908100,Upper West Side,210000,5
12753175,Chinatown,100000,3
20489794,Hell's Kitchen,100000,3
26235923,Crown Heights,200000,5
1511661,Harlem,250000,8
19184709,Upper West Side,210000,5
53965801,Washington Heights,170000,6
9683492,Washington Heights,170000,6
50658629,Sunset Park,250000,6
13911349,Sunset Park,250000,6
5872070,Astoria,250000,7
6549190,Elmhurst,120000,5
15552784,Greenpoint,30000,2
2939357,Upper East Side,200000,6
50945273,Greenwich Village,150000,3
22455430,Bedford-Stuyvesant,180000,4
4634918,Park Slope,150000,5
56968104,Chinatown,100000,3
10411976,Tompkinsville,60000,3
48252258,Jackson Heights,180000,5
50013543,Upper West Side,210000,5
46822906,Bushwick,120000,4
18013281,Harlem,250000,8
6466345,Williamsburg,200000,4
22127916,West Village,100000,2
6348152,Park Slope,150000,5
13782663,Boerum Hill,50000,2
17631641,Greenpoint,30000,2
54863841,Harlem,250000,8
46360078,Bushwick,120000,4
18656710,Bushwick,120000,4
26961093,Bedford-Stuyvesant,180000,4
2021986,Crown Heights,200000,5
21880485,Canarsie,120000,4
24502253,Hell's Kitchen,100000,3
44704283,Inwood,60000,2
6255918,Chinatown,100000,3
21749590,East Elmhurst,100000,3
7243983,Bushwick,120000,4
14812702,Chelsea,80000,3
2895173,West Village,100000,2
24155961,Williamsburg,200000,4
13499885,Bedford-Stuyvesant,180000,4
46546203,East Flatbush,120000,5
9031226,Financial District,40000,2
13213794,Nolita,40000,2
2837734,Crown Heights,200000,5
2304212,East Harlem,120000,5
49855033,Upper West Side,210000,5
55026217,Bushwick,120000,4
57022782,Brooklyn Heights,100000,3
21477306,Prospect Heights,90000,4
24745818,Williamsburg,200000,4
27319536,Bushwick,120000,4
23893066,Financial District,40000,2
2760964,Gramercy,50000,2
48078283,Flatbush,180000,5
7501355,West Village,100000,2
9153284,Rockaway Beach,60000,3
22077656,Allerton,60000,4
51875346,Carroll Gardens,40000,2
25512410,Murray Hill,60000,2
46950487,Highbridge,120000,4
18533547,Financial District,40000,2
1680113,Concourse,80000,4
48393647,Bedford-Stuyvesant,180000,4
11006251,East Harlem,120000,5
3137632,Crown Heights,200000,5
4951938,Williamsburg,200000,4
19601143,Hell's Kitchen,100000,3
8956113,Clinton Hill,50000,3
5595920,Two Bridges,40000,2
6147667,Jamaica,250000,7
19026751,Ozone Park,150000,6
4520039,Hell's Kitchen,100000,3
12695736,Cobble Hill,60000,2
16480648,Williamsburg,200000,4
1069821,East Village,110000,3
2236831,Carroll Gardens,40000,2
5375552,Morningside Heights,150000,5
48684157,Bedford-Stuyvesant,180000,4
22008619,Chelsea,80000,3
1669067,Chelsea,80000,3
9223978,Long Island City,180000,6
18063540,Flushing,200000,7
44692684,Williamsburg,200000,4
3459071,Murray Hill,60000,2
10134721,Williamsburg,200000,4
1061537,Harlem,250000,8
44407145,Hell's Kitchen,100000,3
12842648,West Village,100000,2
46521902,South Slope,100000,3
1434339,West Village,100000,2
11783889,Bedford-Stuyvesant,180000,4
2926654,Chinatown,100000,3
14899966,Arverne,40000,2
25095424,Ozone Park,150000,6
50147752,Lower East Side,100000,3
51842760,Tribeca,100000,4
15313086,Upper East Side,200000,6
55701128,Upper West Side,210000,5
7531179,Upper West Side,210000,5
9730990,Chelsea,80000,3
53216330,Upper West Side,210000,5
49407117,Bedford-Stuyvesant,180000,4
48510734,Corona,200000,6
53980161,Bushwick,120000,4
48626165,West Village,100000,2
24337668,Schuylerville,60000,3
52720365,Concourse Village,80000,5
16002909,East Village,110000,3
11419923,Bushwick,120000,4
23513084,Theater District,120000,4
16777233,Richmond Hill,180000,5
15290994,Flushing,200000,7
3439188,Bushwick,120000,4
2940461,Bushwick,120000,4
46473852,Rego Park,150000,4
18766066,Williamsburg,200000,4
54366219,Ridgewood,100000,4
26290048,Woodside,150000,4
5077310,Hell's Kitchen,100000,3
52667344,Midtown,250000,3
19756892,Williamsburg,200000,4
49999735,East Flatbush,120000,5
44566208,Prospect Heights,90000,4
3350820,Flushing,200000,7
48029681,Long Island City,180000,6
10182219,Prospect Heights,90000,4
15327446,College Point,60000,3
6595583,Fort Greene,70000,3
23791443,Lower East Side,100000,3
21203365,Flushing,200000,7
46438505,Sheepshead Bay,100000,3
21002881,Sunset Park,250000,6
1153771,Bedford-Stuyvesant,180000,4
22042861,Dongan Hills,150000,5
6567968,Upper West Side,210000,5
26289496,Murray Hill,60000,2
13451835,Flushing,200000,7
2651608,Sunnyside,120000,5
5542347,Brighton Beach,120000,5
5561677,Morningside Heights,150000,5
20410815,SoHo,120000,4
5563334,Bedford-Stuyvesant,180000,4
48494165,Chelsea,80000,3
44250844,Washington Heights,170000,6
16056482,Theater District,120000,4
20732806,Greenpoint,30000,2
46785901,Hell's Kitchen,100000,3
10765448,Midtown,250000,3
5557811,Park Slope,150000,5
18732928,Williamsburg,200000,4
17458771,Forest Hills,180000,6
24970051,Financial District,40000,2
10255675,West Village,100000,2
21504369,Bedford-Stuyvesant,180000,4
47858468,Upper West Side,210000,5
9427777,East Flatbush,120000,5
5133645,Bushwick,120000,4
45014675,Jackson Heights,180000,5
5355669,Washington Heights,170000,6
26342517,Little Italy,60000,2
57057025,Pelham Gardens,150000,5
44726375,Crown Heights,200000,5
53093167,Murray Hill,60000,2
44469003,Concourse,80000,4
17212998,East Harlem,120000,5
16213887,Williamsburg,200000,4
4568089,Fort Greene,70000,3
13816353,Bedford-Stuyvesant,180000,4
12436708,Chinatown,100000,3
53891793,Brighton Beach,120000,5
2479843,South Slope,100000,3
22354911,Bedford-Stuyvesant,180000,4
48306936,South Slope,100000,3
14110177,East Village,110000,3
15529588,Canarsie,120000,4
11018401,Bedford-Stuyvesant,180000,4
8125454,Harlem,250000,8
43759850,Bedford-Stuyvesant,180000,4
20941575,Wakefield,100000,4
4697328,Crown Heights,200000,5
14733171,Bedford-Stuyvesant,180000,4
15690307,East Village,110000,3
19337696,Arverne,40000,2
15336283,Jamaica,250000,7
25040746,Financial District,40000,2
8396633,Hell's Kitchen,100000,3
53037937,Hell's Kitchen,100000,3
19487922,Woodside,150000,4
48906733,Upper West Side,210000,5
48662065,Williamsburg,200000,4
25832192,Midtown,250000,3
55983906,Chinatown,100000,3
46481584,Ridgewood,100000,4
27088122,Downtown Brooklyn,150000,5
43304755,Hell's Kitchen,100000,3
14637071,East Village,110000,3
52206726,Midtown,250000,3
46642303,East New York,150000,5
52134375,Jamaica,250000,7
24812094,Crown Heights,200000,5
51892467,Crown Heights,200000,5
43588637,Crown Heights,200000,5
8812515,Fort Greene,70000,3
26158601,Jackson Heights,180000,5
4424491,Williamsburg,200000,4
24411124,Bedford-Stuyvesant,180000,4
4029045,Harlem,250000,8
48180459,Bedford-Stuyvesant,180000,4
1330507,Bedford-Stuyvesant,180000,4
6996000,Chelsea,80000,3
5919015,Bushwick,120000,4
2547776,Ditmars Steinway,80000,4
13341375,Woodhaven,100000,4
2998453,Upper West Side,210000,5
16420447,Upper East Side,200000,6
17281483,Bushwick,120000,4
22688500,Hell's Kitchen,100000,3
46531843,Upper East Side,200000,6
26533613,Cypress Hills,100000,4
4224007,Fort Greene,70000,3
57208907,Crown Heights,200000,5
52451395,Cypress Hills,100000,4
55396258,Bushwick,120000,4
17897298,Midtown,250000,3
44853956,East Village,110000,3
20883584,Bedford-Stuyvesant,180000,4
12130733,Harlem,250000,8
3116093,Chinatown,100000,3
26017765,Upper East Side,200000,6
20271083,East Village,110000,3
23789234,Hell's Kitchen,100000,3
6408353,Lower East Side,100000,3
9261535,West Village,100000,2
21090144,East Village,110000,3
15508600,Murray Hill,60000,2
4028492,East Harlem,120000,5
14038930,Canarsie,120000,4
46497601,Hell's Kitchen,100000,3
53577535,East New York,150000,5
51645037,East New York,150000,5
43390361,Bedford-Stuyvesant,180000,4
12956422,Far Rockaway,250000,7
5608070,Crown Heights,200000,5
22698994,Hell's Kitchen,100000,3
3891522,Greenwich Village,150000,3
56067303,Bedford-Stuyvesant,180000,4
7218025,East Harlem,120000,5
12291453,Williamsburg,200000,4
48591370,West Village,100000,2
6419951,East Village,110000,3
13299952,Williamsburg,200000,4
17643240,Concourse Village,80000,5
56610214,East Village,110000,3
21140403,Bedford-Stuyvesant,180000,4
2396998,Morningside Heights,150000,5
20743300,Jamaica,250000,7
17403541,Bedford-Stuyvesant,180000,4
3407155,Greenpoint,30000,2
44217706,Williamsburg,200000,4
13339718,Park Slope,150000,5
55544827,Sunnyside,120000,5
2074455,Bushwick,120000,4
55901061,Bushwick,120000,4
44012803,Bedford-Stuyvesant,180000,4
45075428,Upper East Side,200000,6
2232965,Harlem,250000,8
3966635,Crown Heights,200000,5
15591445,Crown Heights,200000,5
27201896,Cypress Hills,100000,4
50931465,Crown Heights,200000,5
4502918,Flatbush,180000,5
14533238,Boerum Hill,50000,2
21686076,East Elmhurst,100000,3
51713522,South Slope,100000,3
11501111,Hell's Kitchen,100000,3
2135208,Hell's Kitchen,100000,3
17998921,Astoria,250000,7
1917602,Chinatown,100000,3
46837265,Lower East Side,100000,3
18838969,Washington Heights,170000,6
19556407,Greenpoint,30000,2
21084069,Prospect-Lefferts Gardens,80000,4
5030365,Kips Bay,50000,2
26848976,Greenpoint,30000,2
51016519,Crown Heights,200000,5
24245986,Upper West Side,210000,5
3560142,Greenpoint,30000,2
43322980,Park Slope,150000,5
55669095,Williamsburg,200000,4
4032358,Crown Heights,200000,5
22945320,Upper East Side,200000,6
14821539,Tompkinsville,60000,3
56368306,Harlem,250000,8
8887075,Washington Heights,170000,6
11527069,Brighton Beach,120000,5
22970173,Murray Hill,60000,2
55686216,Canarsie,120000,4
18972626,Sunset Park,250000,6
14284151,Flushing,200000,7
18951086,North Riverdale,100000,4
25900677,Williamsburg,200000,4
4917695,Upper West Side,210000,5
2327408,Chelsea,80000,3
54940059,Bushwick,120000,4
47084143,Hell's Kitchen,100000,3
45948615,Bedford-Stuyvesant,180000,4
27333343,Long Island City,180000,6
10363926,Washington Heights,170000,6
21867230,Midtown,250000,3
25758184,Kips Bay,50000,2
8350792,Prospect-Lefferts Gardens,80000,4
21308855,Brownsville,180000,7
4067706,Washington Heights,170000,6
5651702,Park Slope,150000,5
21346963,Maspeth,60000,3
25833296,SoHo,120000,4
25598017,Financial District,40000,2
7258343,Williamsburg,200000,4
23196616,Woodside,150000,4
25114202,Flushing,200000,7
8962741,East Harlem,120000,5
54144747,Long Island City,180000,6
4217379,Williamsburg,200000,4
10078939,Hell's Kitchen,100000,3
6432102,Crown Heights,200000,5
2027509,Gowanus,40000,2
15292099,Hell's Kitchen,100000,3
5396539,Hell's Kitchen,100000,3
46952696,Hell's Kitchen,100000,3
50682378,Fort Greene,70000,3
7198142,Bedford-Stuyvesant,180000,4
53615643,Brooklyn Heights,100000,3
56914531,University Heights,150000,6
5292707,Great Kills,180000,6
53790722,Upper East Side,200000,6
9113518,Upper West Side,210000,5
21184587,Williamsburg,200000,4
2288195,Harlem,250000,8
10157918,Ditmars Steinway,80000,4
21351382,Harlem,250000,8
21941791,Upper West Side,210000,5
5911283,Bushwick,120000,4
13038715,Bedford-Stuyvesant,180000,4
10320846,Inwood,60000,2
13354630,Bedford-Stuyvesant,180000,4
55382451,Bensonhurst,180000,5
7139598,Williamsburg,200000,4
22935931,Hell's Kitchen,100000,3
1671828,Williamsburg,200000,4
10420813,Morningside Heights,150000,5
16278506,Prospect-Lefferts Gardens,80000,4
16428732,Marble Hill,30000,2
13400471,Boerum Hill,50000,2
8402708,Williamsburg,200000,4
44481706,Crown Heights,200000,5
50755282,South Slope,100000,3
46860462,Arverne,40000,2
53784095,Hell's Kitchen,100000,3
55541513,Williamsburg,200000,4
55070954,Bedford-Stuyvesant,180000,4
2438973,Bedford-Stuyvesant,180000,4
51984149,Upper West Side,210000,5
7200351,Harlem,250000,8
9824881,East Flatbush,120000,5
2131894,Greenwich Village,150000,3
21236503,East Harlem,120000,5
18841178,Canarsie,120000,4
3700978,Williamsburg,200000,4
13648454,Pelham Gardens,150000,5
14253775,Woodside,150000,4
27305176,Williamsburg,200000,4
2890202,Fort Greene,70000,3
53690756,Rego Park,150000,4
1602238,West Village,100000,2
55890015,Midtown,250000,3
26662299,Washington Heights,170000,6
24595040,East Elmhurst,100000,3
7754860,Williamsburg,200000,4
43245658,Hell's Kitchen,100000,3
5594263,Harlem,250000,8
13803098,Washington Heights,170000,6
50568052,SoHo,120000,4
20401978,Williamsburg,200000,4
5282213,Chelsea,80000,3
4368157,East Harlem,120000,5
48316877,Ditmars Steinway,80000,4
47403925,East Flatbush,120000,5
3008394,Harlem,250000,8
50596771,Bedford-Stuyvesant,180000,4
50831499,Harlem,250000,8
52553570,Upper East Side,200000,6
26714215,Washington Heights,170000,6
43451666,Boerum Hill,50000,2
15069522,East New York,150000,5
2778085,Crown Heights,200000,5
7391447,Bedford-Stuyvesant,180000,4
47691673,Riverdale,100000,4
9548731,Lower East Side,100000,3
19852992,Prospect-Lefferts Gardens,80000,4
15135245,Hell's Kitchen,100000,3
52635863,Upper West Side,210000,5
54638503,Midtown,250000,3
5006616,Clinton Hill,50000,3
9607827,Financial District,40000,2
10864862,South Slope,100000,3
46260112,Harlem,250000,8
17983456,Greenpoint,30000,2
13373961,Harlem,250000,8
3007842,East Village,110000,3
3357448,Port Morris,50000,3
22326191,Elmhurst,120000,5
3317682,East Harlem,120000,5
43939900,Williamsburg,200000,4
1352047,Fort Greene,70000,3
12520657,Upper East Side,200000,6
25456075,Midtown,250000,3
4420073,Williamsburg,200000,4
9624396,Upper West Side,210000,5
21083516,Chelsea,80000,3
1443728,Bushwick,120000,4
54698151,Bedford-Stuyvesant,180000,4
4120174,Williamsburg,200000,4
21938477,Fort Greene,70000,3
27368690,Williamsburg,200000,4
2546119,Greenpoint,30000,2
26451872,Harlem,250000,8
46880345,Bedford-Stuyvesant,180000,4
19477428,Inwood,60000,2
50837574,Cypress Hills,100000,4
4322868,Kew Gardens Hills,120000,5
15899076,SoHo,120000,4
4899469,Flatbush,180000,5
19333278,Hell's Kitchen,100000,3
14553121,Upper West Side,210000,5
5115419,Upper West Side,210000,5
16266356,Clinton Hill,50000,3
3564560,Sunset Park,250000,6
52537554,Jackson Heights,180000,5
9458154,Harlem,250000,8
49755619,Prospect-Lefferts Gardens,80000,4
10081148,Washington Heights,170000,6
25791322,Upper West Side,210000,5
13040371,Woodhaven,100000,4
52226056,Upper East Side,200000,6
18556744,Kips Bay,50000,2
48980742,Crown Heights,200000,5
50124555,Astoria,250000,7
5530748,Bedford-Stuyvesant,180000,4
4558700,Park Slope,150000,5
48948708,Gramercy,50000,2
9607275,Midtown,250000,3
12021378,Midtown,250000,3
55276962,Williamsburg,200000,4
20878061,Far Rockaway,250000,7
27206866,Jamaica Estates,250000,7
48512391,Bedford-Stuyvesant,180000,4
7201456,Washington Heights,170000,6
23327511,Queens Village,120000,4
25189315,East Harlem,120000,5
24801600,Williamsburg,200000,4
21429808,Rosebank,150000,5
15883612,Hell's Kitchen,100000,3
44362961,East Harlem,120000,5
20888002,Upper West Side,210000,5
13895884,Kingsbridge,50000,3
47519356,Washington Heights,170000,6
19748607,Theater District,120000,4
22215179,Bedford-Stuyvesant,180000,4
24947959,Chelsea,80000,3
48984608,Lower East Side,100000,3
56035822,Flatbush,180000,5
1314490,West Village,100000,2
24241015,Theater District,120000,4
51983044,Midtown,250000,3
7236251,Harlem,250000,8
27513393,Nolita,40000,2
6422713,Harlem,250000,8
27412874,Bushwick,120000,4
53003143,Washington Heights,170000,6
4976791,Harlem,250000,8
23502038,Harlem,250000,8
5242448,Flatbush,180000,5
43649942,Morris Heights,100000,5
25920560,Financial District,40000,2
6962862,Greenwich Village,150000,3
52243730,Crown Heights,200000,5
19352608,Washington Heights,170000,6
48298651,East Village,110000,3
55309547,Flatbush,180000,5
11277982,Lower East Side,100000,3
15424651,East Village,110000,3
11261965,Harlem,250000,8
23668280,Williamsburg,200000,4
5446799,Harlem,250000,8
27249946,Flatbush,180000,5
43008722,East Flatbush,120000,5
24907642,Flatbush,180000,5
6339316,Harlem,250000,8
21671716,Williamsburg,200000,4
56898514,Bedford-Stuyvesant,180000,4
21381758,East Harlem,120000,5
3931288,Bedford-Stuyvesant,180000,4
46995223,Astoria,250000,7
4885110,Upper East Side,200000,6
27530514,North Riverdale,100000,4
16889902,Hell's Kitchen,100000,3
55696710,Bedford-Stuyvesant,180000,4
9443794,Upper West Side,210000,5
26139823,Hell's Kitchen,100000,3
17448830,Midtown,250000,3
56243487,Harlem,250000,8
47908175,East Village,110000,3
5299335,East Harlem,120000,5
53699593,Washington Heights,170000,6
53180431,SoHo,120000,4
4040643,Harlem,250000,8
22672483,Laurelton,120000,5
10155156,Bushwick,120000,4
17649315,Williamsburg,200000,4
9523325,East Harlem,120000,5
56030299,Astoria,250000,7
47995438,Williamsburg,200000,4
18018251,Tribeca,100000,4
54826837,Bedford-Stuyvesant,180000,4
2983541,Williamsburg,200000,4
47907070,Harlem,250000,8
2172764,East Elmhurst,100000,3
48306383,Bedford-Stuyvesant,180000,4
9222322,Nolita,40000,2
24251509,Theater District,120000,4
15801871,Bushwick,120000,4
48578667,Williamsburg,200000,4
48226300,Prospect-Lefferts Gardens,80000,4
47974451,Upper East Side,200000,6
4050032,Clinton Hill,50000,3
9273133,Fort Greene,70000,3
24145468,Harlem,250000,8
56392608,Bedford-Stuyvesant,180000,4
25734987,SoHo,120000,4
20232422,Rosedale,150000,6
18737346,Harlem,250000,8
15434040,Ditmars Steinway,80000,4
18825162,Jackson Heights,180000,5
54991423,Flushing,200000,7
20384857,Lower East Side,100000,3
1127813,Lower East Side,100000,3
5532958,Washington Heights,170000,6
16755694,Astoria,250000,7
7767011,Harlem,250000,8
20164489,Flushing,200000,7
5389912,Hell's Kitchen,100000,3
1886673,Brooklyn Heights,100000,3
11575120,Bushwick,120000,4
54731842,Midtown,250000,3
10841113,Midtown,250000,3
13470613,Harlem,250000,8
7955898,Williamsburg,200000,4
5450665,Clinton Hill,50000,3
3719204,Bedford-Stuyvesant,180000,4
11062585,Williamsburg,200000,4
10189951,West Village,100000,2
12689661,Bushwick,120000,4
15553336,Park Slope,150000,5
10146872,Flatiron District,50000,2
47518804,Clinton Hill,50000,3
54071843,Crown Heights,200000,5
54325349,Harlem,250000,8
10257884,Williamsburg,200000,4
15129170,East Flatbush,120000,5
50016856,Harlem,250000,8
18916291,Crown Heights,200000,5
17118002,Carroll Gardens,40000,2
13777692,Williamsburg,200000,4
22346626,Bedford-Stuyvesant,180000,4
7853170,Rego Park,150000,4
50203534,Windsor Terrace,30000,2
48074417,East Village,110000,3
57351400,Rego Park,150000,4
19633177,Bedford-Stuyvesant,180000,4
55973964,Cypress Hills,100000,4
13209375,Bedford-Stuyvesant,180000,4
13152488,Financial District,40000,2
13475032,Bushwick,120000,4
1026190,Harlem,250000,8
26048141,Maspeth,60000,3
10156261,Harlem,250000,8
43585323,Astoria,250000,7
24710470,Flushing,200000,7
9499024,Bedford-Stuyvesant,180000,4
25722836,Upper East Side,200000,6
3348611,Cobble Hill,60000,2
54867155,Bushwick,120000,4
47904861,Crown Heights,200000,5
3044294,Bushwick,120000,4
4706717,Upper East Side,200000,6
48579220,Upper East Side,200000,6
44360200,Upper East Side,200000,6
5379970,Jamaica Estates,250000,7
4507336,Boerum Hill,50000,2
45590172,Midtown,250000,3
51244067,Harlem,250000,8
19191337,Upper East Side,200000,6
18912425,Harlem,250000,8
51567715,Schuylerville,60000,3
5440723,Ditmars Steinway,80000,4
1617703,Prospect Heights,90000,4
11003489,Greenpoint,30000,2
19539838,Long Island City,180000,6
48531722,Chelsea,80000,3
19465277,Flatiron District,50000,2
10788644,Upper East Side,200000,6
1168683,Inwood,60000,2
7021406,Midtown,250000,3
26116074,Upper East Side,200000,6
24813751,Astoria,250000,7
17710068,East Harlem,120000,5
5749459,Lower East Side,100000,3
19065964,Flatbush,180000,5
56928339,Lower East Side,100000,3
53875777,Williamsburg,200000,4
45571394,Williamsburg,200000,4
26241998,Gowanus,40000,2
52404449,Bedford-Stuyvesant,180000,4
13346898,Sunset Park,250000,6
21096772,Bushwick,120000,4
17261048,Lower East Side,100000,3
55829814,Harlem,250000,8
23627962,Upper West Side,210000,5
10550603,South Slope,100000,3
52467412,East Village,110000,3
24204564,Hell's Kitchen,100000,3
52527060,Prospect Heights,90000,4
26032677,Chelsea,80000,3
4312375,Williamsburg,200000,4
1592849,Canarsie,120000,4
24442605,Bushwick,120000,4
54592662,Bedford-Stuyvesant,180000,4
16898739,Williamsburg,200000,4
10400930,Ridgewood,100000,4
11377396,East Village,110000,3
5746145,Bushwick,120000,4
25340092,East Village,110000,3
44181255,Sunset Park,250000,6
5887534,Prospect-Lefferts Gardens,80000,4
19360893,Hell's Kitchen,100000,3
6571282,Bedford-Stuyvesant,180000,4
21509340,Fort Greene,70000,3
18306552,Hell's Kitchen,100000,3
22761956,Kips Bay,50000,2
22841487,Hell's Kitchen,100000,3
13497124,Stapleton,120000,5
24935257,Fresh Meadows,120000,4
1802723,Crown Heights,200000,5
25171641,Prospect-Lefferts Gardens,80000,4
2511324,Sunnyside,120000,5
48972457,Upper West Side,210000,5
18699790,Hell's Kitchen,100000,3
51325255,Bushwick,120000,4
1791677,Bedford-Stuyvesant,180000,4
15411395,Morningside Heights,150000,5
23627410,Upper West Side,210000,5
45357654,Kensington,35000,2
5506999,Bay Ridge,200000,5
19940255,Bedford-Stuyvesant,180000,4
2245668,SoHo,120000,4
4875168,Hell's Kitchen,100000,3
49038733,Crown Heights,200000,5
14957957,West Brighton,150000,5
6713223,Flatbush,180000,5
20459417,Clifton,30000,2
43415215,Financial District,40000,2
49812505,West Village,100000,2
1681217,Nolita,40000,2
19126717,Jamaica,250000,7
2963658,Harlem,250000,8
5847216,Prospect Heights,90000,4
9389668,West Village,100000,2
21982661,Pelham Gardens,150000,5
9011895,Ridgewood,100000,4
5331368,Harlem,250000,8
48625060,Theater District,120000,4
55676827,Jackson Heights,180000,5
21307198,Bedford-Stuyvesant,180000,4
9311794,Williamsburg,200000,4
54593214,Williamsburg,200000,4
20796320,Bedford-Stuyvesant,180000,4
26189530,Clinton Hill,50000,3
26524776,West Village,100000,2
44777739,Bushwick,120000,4
24107359,Little Italy,60000,2
48537797,South Ozone Park,150000,6
1918706,SoHo,120000,4
15036936,Lower East Side,100000,3
4309061,Williamsburg,200000,4
21613724,Crown Heights,200000,5
2429032,Crown Heights,200000,5
21174646,Upper West Side,210000,5
23524682,Greenpoint,30000,2
51673756,Coney Island,200000,6
2225233,Tribeca,100000,4
12954765,Highbridge,120000,4
17926570,Harlem,250000,8
55622701,Morris Park,180000,6
47245967,Kips Bay,50000,2
25549414,Sunset Park,250000,6
20567116,Chelsea,80000,3
24641433,Inwood,60000,2
44264652,Williamsburg,200000,4
7025824,Hell's Kitchen,100000,3
13239199,Williamsburg,200000,4
10010454,Long Island City,180000,6
2829449,Greenpoint,30000,2
1871761,Bedford-Stuyvesant,180000,4
53588028,Bushwick,120000,4
4796189,Sunset Park,250000,6
55234435,Cypress Hills,100000,4
54419792,Hell's Kitchen,100000,3
23948849,Bedford-Stuyvesant,180000,4
22715563,Flushing,200000,7
54951657,Clinton Hill,50000,3
12028006,Lower East Side,100000,3
52501102,Randall Manor,60000,3
4907202,Cobble Hill,60000,2
43355014,Arverne,40000,2
49614782,Murray Hill,60000,2
9825433,Williamsburg,200000,4
9758605,Astoria,250000,7
19300140,Upper East Side,200000,6
3642987,Brooklyn Heights,100000,3
56524607,Lower East Side,100000,3
7494727,Chelsea,80000,3
3444711,East Flatbush,120000,5
23622439,Prospect-Lefferts Gardens,80000,4
1543695,Greenpoint,30000,2
54463424,Upper East Side,200000,6
15590893,Williamsburg,200000,4
3305532,Washington Heights,170000,6
24476295,Long Island City,180000,6
20307535,East New York,150000,5
54528595,East Elmhurst,100000,3
23442942,Bedford-Stuyvesant,180000,4
5712455,Upper West Side,210000,5
57269660,South Slope,100000,3
7041289,Chinatown,100000,3
27061059,Greenpoint,30000,2
55114033,Williamsburg,200000,4
51979178,Hell's Kitchen,100000,3
24301216,Crown Heights,200000,5
12099805,Midtown,250000,3
21816971,Clinton Hill,50000,3
43220253,Williamsburg,200000,4
19884473,Woodside,150000,4
12541645,Williamsburg,200000,4
8936782,West Village,100000,2
50932570,Gramercy,50000,2
26635788,Corona,200000,6
44961655,Ridgewood,100000,4
9430539,Washington Heights,170000,6
15922825,Astoria,250000,7
5430230,Manhattan Beach,100000,4
8480030,Harlem,250000,8
5878697,Springfield Gardens,150000,5
7336217,Upper West Side,210000,5
46991909,Corona,200000,6
5364506,Bedford-Stuyvesant,180000,4
6150429,Fort Greene,70000,3
42998780,St. Albans,70000,3
50352103,Flatlands,50000,3
47234369,Bay Ridge,200000,5
46789768,Midtown,250000,3
24955692,Little Italy,60000,2
53549920,Chelsea,80000,3
54574988,Williamsburg,200000,4
17082655,Williamsburg,200000,4
23288298,Hell's Kitchen,100000,3
17901164,Midtown,250000,3
18130368,Bushwick,120000,4
54628009,East Harlem,120000,5
19416675,Bedford-Stuyvesant,180000,4
14845840,East Elmhurst,100000,3
43737205,Bedford-Stuyvesant,180000,4
20427936,Gramercy,50000,2
4049480,Morningside Heights,150000,5
8091763,East Village,110000,3
19333830,East New York,150000,5
12932121,Cobble Hill,60000,2
13098363,Jamaica,250000,7
47765682,Bushwick,120000,4
55518869,Ditmars Steinway,80000,4
11324928,Crown Heights,200000,5
6772871,Bensonhurst,180000,5
48441145,Chelsea,80000,3
46535710,Ditmars Steinway,80000,4
24286304,Bedford-Stuyvesant,180000,4
48858131,Lower East Side,100000,3
15613537,Long Island City,180000,6
52310558,Elmhurst,120000,5
3623656,South Slope,100000,3
13277860,Prospect Heights,90000,4
20189343,Fort Greene,70000,3
8938439,Midtown,250000,3
53602940,Bedford-Stuyvesant,180000,4
2309182,Harlem,250000,8
26163572,Clinton Hill,50000,3
57084640,South Slope,100000,3
13109961,Upper East Side,200000,6
49975986,Bedford-Stuyvesant,180000,4
19988305,Bedford-Stuyvesant,180000,4
25810652,Financial District,40000,2
10351223,Chelsea,80000,3
4805578,Bedford-Stuyvesant,180000,4
50044471,Chelsea,80000,3
21490009,Prospect Heights,90000,4
5154632,Crown Heights,200000,5
4004191,East Village,110000,3
47773414,Greenwich Village,150000,3
54351859,Midtown,250000,3
8552382,Crown Heights,200000,5
1004098,Murray Hill,60000,2
48359404,Hell's Kitchen,100000,3
3996459,Flatbush,180000,5
4683520,Midtown,250000,3
50226178,East Harlem,120000,5
4152760,Canarsie,120000,4
9459811,Bushwick,120000,4
6038312,Carroll Gardens,40000,2
2953164,Greenpoint,30000,2
3143708,Crown Heights,200000,5
54303257,Bedford-Stuyvesant,180000,4
53112498,Greenpoint,30000,2
8803126,Harlem,250000,8
15826725,Williamsburg,200000,4
55627672,Bayside,120000,4
27546531,Williamsburg,200000,4
16307778,Washington Heights,170000,6
2549433,Lower East Side,100000,3
47930819,Sheepshead Bay,100000,3
11549161,Kew Gardens Hills,120000,5
9219560,Upper East Side,200000,6
16026105,Randall Manor,60000,3
26789880,Kips Bay,50000,2
18988090,Gowanus,40000,2
50084789,Flatbush,180000,5
1422741,West Village,100000,2
9397401,Financial District,40000,2
1419979,Washington Heights,170000,6
47160361,Douglaston,120000,4
56571553,Kingsbridge,50000,3
9487426,Midtown,250000,3
47551942,Hell's Kitchen,100000,3
8781034,Hell's Kitchen,100000,3
6087467,Williamsburg,200000,4
20279920,Longwood,120000,4
23567209,Bushwick,120000,4
44103933,Harlem,250000,8
51023147,Chelsea,80000,3
21614829,Williamsburg,200000,4
44437522,Chelsea,80000,3
47857363,Hell's Kitchen,100000,3
24423827,Bedford-Stuyvesant,180000,4
48443906,Astoria,250000,7
1829234,West Village,100000,2
24232731,Upper East Side,200000,6
56070064,Harlem,250000,8
18328644,Harlem,250000,8
50690110,Bushwick,120000,4
48759269,Midwood,180000,5
19047739,Briarwood,80000,4
5813526,Windsor Terrace,30000,2
3854518,Forest Hills,180000,6
14184185,Bedford-Stuyvesant,180000,4
5618564,Hell's Kitchen,100000,3
53858655,Hell's Kitchen,100000,3
54727423,Midtown,250000,3
12651000,East Harlem,120000,5
12880204,Bushwick,120000,4
1429369,Prospect-Lefferts Gardens,80000,4
19153780,Midtown,250000,3
22753119,Williamsburg,200000,4
24884997,Hell's Kitchen,100000,3
16963358,Morningside Heights,150000,5
4543236,East Harlem,120000,5
52185739,East Village,110000,3
11022820,East Village,110000,3
12636640,Midtown,250000,3
50798361,East Elmhurst,100000,3
24580128,Financial District,40000,2
17782972,Ridgewood,100000,4
49776054,Hell's Kitchen,100000,3
2176078,Fort Hamilton,100000,4
4918800,East Harlem,120000,5
54434152,Bedford-Stuyvesant,180000,4
51716836,Long Island City,180000,6
43923883,West Village,100000,2
15835562,East New York,150000,5
53616196,Pelham Bay,200000,7
57203936,South Ozone Park,150000,6
26127672,Washington Heights,170000,6
5706932,Lower East Side,100000,3
43359432,East New York,150000,5
9039510,Ozone Park,150000,6
18930099,Upper West Side,210000,5
46869851,Crown Heights,200000,5
3402736,East Flatbush,120000,5
6575148,Park Slope,150000,5
14988334,Harlem,250000,8
15881955,Williamsburg,200000,4
11038284,Washington Heights,170000,6
13101124,Chinatown,100000,3
50846963,Harlem,250000,8
50243852,Sheepshead Bay,100000,3
4537713,Harlem,250000,8
11123338,Bushwick,120000,4
56088290,Midtown,250000,3
53892346,Upper East Side,200000,6
3784928,East Harlem,120000,5
16851794,Williamsburg,200000,4
4462600,Bedford-Stuyvesant,180000,4
2177735,West Village,100000,2
3427038,Williamsburg,200000,4
45715544,Bedford-Stuyvesant,180000,4
23912397,Financial District,40000,2
13613107,Greenpoint,30000,2
47785012,Nolita,40000,2
55607789,Bedford-Stuyvesant,180000,4
9734856,Upper East Side,200000,6
15098241,Hell's Kitchen,100000,3
12462666,Bedford-Stuyvesant,180000,4
56775352,Lower East Side,100000,3
1310072,Fort Greene,70000,3
14432167,Upper East Side,200000,6
23461720,Port Morris,50000,3
12043470,Downtown Brooklyn,150000,5
54018270,Long Island City,180000,6
52164751,Inwood,60000,2
22830994,Bedford-Stuyvesant,180000,4
26658433,Financial District,40000,2
10027575,Astoria,250000,7
7848751,Crown Heights,200000,5
8681068,Harlem,250000,8
3775539,Gramercy,50000,2
43577038,SoHo,120000,4
4151655,Upper West Side,210000,5
17037367,Kips Bay,50000,2
5745593,South Slope,100000,3
55461982,Lower East Side,100000,3
18965998,Flatbush,180000,5
14643698,Hell's Kitchen,100000,3
13091183,Prospect-Lefferts Gardens,80000,4
11157028,Bushwick,120000,4
8249169,Hell's Kitchen,100000,3
10812393,Prospect-Lefferts Gardens,80000,4
12871920,Greenpoint,30000,2
56213662,Harlem,250000,8
50685692,Tompkinsville,60000,3
49627485,Williamsburg,200000,4
7387581,East Flatbush,120000,5
44207213,Elmhurst,120000,5
14920401,Hell's Kitchen,100000,3
54381131,Flushing,200000,7
43205893,Flatbush,180000,5
7182678,Sunset Park,250000,6
24900462,Bedford-Stuyvesant,180000,4
47597782,Harlem,250000,8
21415449,Carroll Gardens,40000,2
53595208,Inwood,60000,2
50053861,Red Hook,120000,5
54164629,West Brighton,150000,5
2190438,Upper West Side,210000,5
22100301,Ditmars Steinway,80000,4
2316915,Washington Heights,170000,6
19023437,Astoria,250000,7
7082711,Jamaica,250000,7
54676059,Prospect-Lefferts Gardens,80000,4
56854330,Harlem,250000,8
1060432,Bedford-Stuyvesant,180000,4
51547832,Harlem,250000,8
8939544,Lower East Side,100000,3
55918734,Williamsburg,200000,4
4603437,Bushwick,120000,4
20927215,East New York,150000,5
24699977,Harlem,250000,8
5094984,Bedford-Stuyvesant,180000,4
25649933,Upper East Side,200000,6
4023522,Upper West Side,210000,5
9742036,Flatbush,180000,5
54048094,East Elmhurst,100000,3
24054338,Fieldston,50000,3
12983485,Long Island City,180000,6
46529082,Crown Heights,200000,5
15103212,SoHo,120000,4
21933506,East Harlem,120000,5
48282082,Bushwick,120000,4
25467121,South Beach,150000,5
7477054,Harlem,250000,8
15795796,Gramercy,50000,2
19540942,Allerton,60000,4
56554432,Greenpoint,30000,2
46425250,Crown Heights,200000,5
42956253,East New York,150000,5
25503021,Financial District,40000,2
11769529,Bedford-Stuyvesant,180000,4
48505764,Cypress Hills,100000,4
5057427,Greenpoint,30000,2
15965352,Upper East Side,200000,6
20093242,Bedford-Stuyvesant,180000,4
55842517,Borough Park,250000,6
11960625,Flushing,200000,7
11941847,Harlem,250000,8
49623067,East Elmhurst,100000,3
6553608,Bedford-Stuyvesant,180000,4
18077347,Sunset Park,250000,6
52567378,Clinton Hill,50000,3
51651112,Chelsea,80000,3
3483372,Fort Greene,70000,3
14914325,Bedford-Stuyvesant,180000,4
55470267,Jamaica,250000,7
7686375,Upper West Side,210000,5
50763014,Upper West Side,210000,5
2585885,Williamsburg,200000,4
53851475,Harlem,250000,8
42927534,Bedford-Stuyvesant,180000,4
7322962,Little Italy,60000,2
4866884,East Harlem,120000,5
4909411,Williamsburg,200000,4
43251734,Ridgewood,100000,4
24949064,East Village,110000,3
5173410,Bedford-Stuyvesant,180000,4
12519000,Chinatown,100000,3
23420850,Bedford-Stuyvesant,180000,4
48560994,Flatbush,180000,5
22784048,Harlem,250000,8
23455093,Bedford-Stuyvesant,180000,4
9515593,Flatbush,180000,5
56489260,Clinton Hill,50000,3
21075232,Financial District,40000,2
55059908,Laurelton,120000,5
47327708,Roosevelt Island,15000,2
21251968,Astoria,250000,7
19498968,East Flatbush,120000,5
49419820,Park Slope,150000,5
17629432,Woodside,150000,4
52513252,Upper East Side,200000,6
19233311,Harlem,250000,8
51816250,Greenpoint,30000,2
7345606,East Harlem,120000,5
45259344,Stapleton,120000,5
43214177,Astoria,250000,7
1346524,Lower East Side,100000,3
17747624,East Elmhurst,100000,3
4332257,Bushwick,120000,4
8684934,Harlem,250000,8
24311158,Chelsea,80000,3
9270372,Upper West Side,210000,5
14366444,Upper West Side,210000,5
9571927,Harlem,250000,8
57113911,Williamsburg,200000,4
25503573,Upper East Side,200000,6
18344108,East Flatbush,120000,5
12982932,Bedford-Stuyvesant,180000,4
50233910,Lower East Side,100000,3
7517371,Chelsea,80000,3
50994427,Hell's Kitchen,100000,3
26570065,Bushwick,120000,4
23780397,Flushing,200000,7
13689324,Downtown Brooklyn,150000,5
19439872,Harlem,250000,8
13878763,Hell's Kitchen,100000,3
1914840,Flatbush,180000,5
55940274,Harlem,250000,8
19986096,Bushwick,120000,4
16439226,Sunset Park,250000,6
8602641,Ditmars Steinway,80000,4
6711013,Bedford-Stuyvesant,180000,4
46503676,Richmond Hill,180000,5
52295646,Bushwick,120000,4
48892374,Bushwick,120000,4
6353123,Prospect Heights,90000,4
12492490,Bedford-Stuyvesant,180000,4
19224475,Greenpoint,30000,2
23811326,Bedford-Stuyvesant,180000,4
26679420,Bedford-Stuyvesant,180000,4
5453426,Clinton Hill,50000,3
10498687,West Village,100000,2
4396324,Bedford-Stuyvesant,180000,4
45013571,Flushing,200000,7
54020479,Bay Ridge,200000,5
9578003,Murray Hill,60000,2
20475986,Borough Park,250000,6
24735876,Astoria,250000,7
55167606,Kensington,35000,2
23091127,Greenwich Village,150000,3
9220112,Harlem,250000,8
18869898,Briarwood,80000,4
50005810,Midtown,250000,3
5945526,Williamsburg,200000,4
21216068,Cypress Hills,100000,4
47626502,Flushing,200000,7
16039360,Clinton Hill,50000,3
6359751,Bedford-Stuyvesant,180000,4
8338089,Bedford-Stuyvesant,180000,4
56960924,Hell's Kitchen,100000,3
53242841,Upper West Side,210000,5
48565964,Claremont Village,80000,4
19637595,Bedford-Stuyvesant,180000,4
26604859,Williamsburg,200000,4
4692357,Midtown,250000,3
48501898,Williamsburg,200000,4
48134066,Hell's Kitchen,100000,3
55147171,Harlem,250000,8
23384398,Sunset Park,250000,6
24960662,East Flatbush,120000,5
54469499,Williamsburg,200000,4
20191552,Hell's Kitchen,100000,3
54138119,Rego Park,150000,4
5857710,NoHo,30000,2
4380307,Chinatown,100000,3
12720037,Upper East Side,200000,6
7794626,Lower East Side,100000,3
51901304,Harlem,250000,8
23989167,Ridgewood,100000,4
15583161,Upper West Side,210000,5
3445816,Crown Heights,200000,5
3877162,Bushwick,120000,4
1724297,Crown Heights,200000,5
21470126,Bedford-Stuyvesant,180000,4
3185130,Lower East Side,100000,3
17779658,Jackson Heights,180000,5
5790882,East Village,110000,3
51034745,Williamsburg,200000,4
26925193,Hell's Kitchen,100000,3
6612152,Lower East Side,100000,3
55716592,Sunset Park,250000,6
52505520,East Elmhurst,100000,3
50177023,Williamsburg,200000,4
23544013,Flushing,200000,7
19398449,Bushwick,120000,4
1622121,East Village,110000,3
13527500,Nolita,40000,2
11202869,Financial District,40000,2
55497882,Nolita,40000,2
25696326,Theater District,120000,4
9703375,Williamsburg,200000,4
10337415,Williamsburg,200000,4
22458743,Bushwick,120000,4
27511184,Arverne,40000,2
48521228,Upper East Side,200000,6
20477643,Hell's Kitchen,100000,3
9279208,SoHo,120000,4
46055209,Upper East Side,200000,6
9412865,Upper West Side,210000,5
18482183,Long Island City,180000,6
53579744,Astoria,250000,7
54094487,Murray Hill,60000,2
15138559,Park Slope,150000,5
48183220,Greenwich Village,150000,3
20956487,East Flatbush,120000,5
24443157,Unionport,100000,4
22409036,Tribeca,100000,4
45480817,Flushing,200000,7
57195652,West Village,100000,2
1799962,NoHo,30000,2
20256171,Bedford-Stuyvesant,180000,4
26374550,Woodside,150000,4
54900845,Bedford-Stuyvesant,180000,4
15202074,Lower East Side,100000,3
4337228,Upper West Side,210000,5
10415842,Upper West Side,210000,5
3111674,Hell's Kitchen,100000,3
26330366,Midtown,250000,3
9200230,Bushwick,120000,4
47033884,East Elmhurst,100000,3
46679308,Claremont Village,80000,4
19052709,Prospect-Lefferts Gardens,80000,4
46996328,East Village,110000,3
52234893,East Harlem,120000,5
20890211,Bedford-Stuyvesant,180000,4
43409139,Wakefield,100000,4
9719944,Crown Heights,200000,5
22769136,Kips Bay,50000,2
3393347,Murray Hill,60000,2
16094038,Greenpoint,30000,2
23105487,Harlem,250000,8
56749393,Tribeca,100000,4
1464163,Williamsburg,200000,4
27161578,Bedford-Stuyvesant,180000,4
20834981,Hell's Kitchen,100000,3
20752689,Fordham,200000,7
10278871,Crown Heights,200000,5
53683576,Boerum Hill,50000,2
46219794,Williamsburg,200000,4
3226000,Kips Bay,50000,2
20955935,East Harlem,120000,5
47220562,Bushwick,120000,4
17881281,Lower East Side,100000,3
13364572,Ozone Park,150000,6
3418201,Hell's Kitchen,100000,3
25475958,Williamsburg,200000,4
2500278,Hell's Kitchen,100000,3
44559028,Harlem,250000,8
9592363,Harlem,250000,8
43507449,Clinton Hill,50000,3
2749918,Canarsie,120000,4
47142687,Lower East Side,100000,3
23441837,Bedford-Stuyvesant,180000,4
10497582,Crown Heights,200000,5
24515509,East Village,110000,3
8773302,Williamsburg,200000,4
53145084,Sheepshead Bay,100000,3
15979160,Harlem,250000,8
9349351,Bedford-Stuyvesant,180000,4
17183726,Midtown,250000,3
11862316,Bedford-Stuyvesant,180000,4
1491226,South Slope,100000,3
53942605,Upper West Side,210000,5
10068997,Bushwick,120000,4
14671313,Harlem,250000,8
15172802,East Village,110000,3
5461711,Bay Ridge,200000,5
17092044,Norwood,100000,4
10145215,Upper West Side,210000,5
48194266,East Harlem,120000,5
1455879,Hell's Kitchen,100000,3
9826538,East New York,150000,5
18292192,Chelsea,80000,3
1747493,Upper East Side,200000,6
47197365,Harlem,250000,8
20082749,Bedford-Stuyvesant,180000,4
23245219,Financial District,40000,2
47898786,Kew Gardens,120000,4
21113893,Nolita,40000,2
19934732,Bushwick,120000,4
7705153,Gravesend,200000,6
23257921,Jamaica,250000,7
50270914,Prospect-Lefferts Gardens,80000,4
20276054,Bay Ridge,200000,5
53423443,Bedford-Stuyvesant,180000,4
13835131,Flatbush,180000,5
25707372,Chelsea,80000,3
24069802,Bedford-Stuyvesant,180000,4
48887403,Kips Bay,50000,2
23147461,Hell's Kitchen,100000,3
19249880,Flatiron District,50000,2
9716630,Elmhurst,120000,5
9217351,Midtown,250000,3
46645617,Harlem,250000,8
43029157,Gowanus,40000,2
15610223,Springfield Gardens,150000,5
55786735,Financial District,40000,2
43751565,Chelsea,80000,3
2050706,Chelsea,80000,3
48567621,Greenpoint,30000,2
50548721,Kew Gardens Hills,120000,5
19969527,Midtown,250000,3
21593289,Prospect-Lefferts Gardens,80000,4
20680337,Long Island City,180000,6
9653668,Bedford-Stuyvesant,180000,4
10718502,Harlem,250000,8
24511642,Morningside Heights,150000,5
44827998,Coney Island,200000,6
46832295,Bedford-Stuyvesant,180000,4
8684381,Harlem,250000,8
5193845,Financial District,40000,2
21309959,Hell's Kitchen,100000,3
50904955,East Harlem,120000,5
11606601,Woodside,150000,4
7994006,Bedford-Stuyvesant,180000,4
47664611,Upper West Side,210000,5
7086577,Astoria,250000,7
12259972,Chinatown,100000,3
52072517,Midtown,250000,3
9838136,Upper West Side,210000,5
55870684,Wakefield,100000,4
20377677,Williamsburg,200000,4
18445179,Harlem,250000,8
46230288,Midtown,250000,3
9572480,East Village,110000,3
44502141,Bushwick,120000,4
3168009,Crown Heights,200000,5
26847319,Harlem,250000,8
19286884,Morningside Heights,150000,5
2408596,Flatbush,180000,5
43113659,Sunset Park,250000,6
20385961,Harlem,250000,8
47548628,Williamsburg,200000,4
10777598,Bedford-Stuyvesant,180000,4
49530832,East Elmhurst,100000,3
12016960,Crown Heights,200000,5
24511090,East Harlem,120000,5
2463274,Sunnyside,120000,5
10381047,Harlem,250000,8
25306402,Prospect Heights,90000,4
55516108,Elmhurst,120000,5
50056622,Flatlands,50000,3
46801366,Greenwich Village,150000,3
8142575,Williamsburg,200000,4
18894199,Edenwald,100000,4
17076028,Upper West Side,210000,5
18900274,Gowanus,40000,2
22637689,Williamsburg,200000,4
49927384,East Village,110000,3
23410909,Woodhaven,100000,4
11917546,Midtown,250000,3
50848620,Harlem,250000,8
49741259,Prospect Heights,90000,4
9563643,Hell's Kitchen,100000,3
5637895,Gowanus,40000,2
23861033,Financial District,40000,2
45008048,Harlem,250000,8
16890455,Murray Hill,60000,2
24387375,Bedford-Stuyvesant,180000,4
21721975,Bedford-Stuyvesant,180000,4
50892252,Bushwick,120000,4
22969621,Hell's Kitchen,100000,3
21649072,Midtown,250000,3
1585669,Chelsea,80000,3
8482792,Elmhurst,120000,5
5391016,Prospect-Lefferts Gardens,80000,4
23435762,Upper East Side,200000,6
26811420,Bushwick,120000,4
11376844,Chinatown,100000,3
55534333,Sunnyside,120000,5
22924332,Chelsea,80000,3
10227508,Fordham,200000,7
51405891,East Harlem,120000,5
56413595,Sunset Park,250000,6
4363186,Harlem,250000,8
46495944,Harlem,250000,8
7383715,Williamsburg,200000,4
9458706,East Village,110000,3
24180262,Bedford-Stuyvesant,180000,4
3067490,Bedford-Stuyvesant,180000,4
45855828,Flushing,200000,7
51452284,Rego Park,150000,4
5033678,Corona,200000,6
54610888,Prospect-Lefferts Gardens,80000,4
15657721,Bedford-Stuyvesant,180000,4
15904599,Prospect-Lefferts Gardens,80000,4
19379119,Port Richmond,30000,2
48068894,Flatiron District,50000,2
53646020,Bedford-Stuyvesant,180000,4
21071918,Harlem,250000,8
23415879,Bushwick,120000,4
3462385,Park Slope,150000,5
18954400,Highbridge,120000,4
57028305,Greenpoint,30000,2
26456843,Arverne,40000,2
2990168,Upper East Side,200000,6
18830132,Bushwick,120000,4
3198938,Kips Bay,50000,2
10147424,East Village,110000,3
3129348,Crown Heights,200000,5
49901426,Carroll Gardens,40000,2
17021902,Gramercy,50000,2
24322204,Williamsburg,200000,4
22301338,Chelsea,80000,3
7724484,Clinton Hill,50000,3
44471764,Upper East Side,200000,6
4829327,Long Island City,180000,6
27084256,Crown Heights,200000,5
56806833,Fort Greene,70000,3
7093757,Hell's Kitchen,100000,3
22057221,Flushing,200000,7
16514338,East Elmhurst,100000,3
19949644,Crown Heights,200000,5
2485918,Harlem,250000,8
7453305,Williamsburg,200000,4
19217295,Inwood,60000,2
3728593,Kips Bay,50000,2
1434892,Greenpoint,30000,2
51129189,Harlem,250000,8
17196981,Williamsburg,200000,4
55494016,Williamsburg,200000,4
10094403,Upper East Side,200000,6
14117356,East Flatbush,120000,5
56861510,Park Slope,150000,5
15060133,Harlem,250000,8
9531610,Midtown,250000,3
55916525,Bedford-Stuyvesant,180000,4
13262948,Greenpoint,30000,2
48763135,East Harlem,120000,5
17850904,Bushwick,120000,4
44755094,Astoria,250000,7
1120081,Fort Greene,70000,3
44295581,South Slope,100000,3
17062220,Jamaica,250000,7
52400031,Upper East Side,200000,6
24623207,Financial District,40000,2
54737917,Ditmars Steinway,80000,4
9427225,Bedford-Stuyvesant,180000,4
43899029,Fort Greene,70000,3
21304436,Kew Gardens,120000,4
2151225,Harlem,250000,8
14442109,West Village,100000,2
1873970,Fort Greene,70000,3
10097717,Ditmars Steinway,80000,4
22615597,Flushing,200000,7
56208692,Upper East Side,200000,6
15055714,Hell's Kitchen,100000,3
9996646,Chelsea,80000,3
44006176,Washington Heights,170000,6
2038555,Washington Heights,170000,6
11256442,Upper East Side,200000,6
18605899,Flushing,200000,7
8251930,Greenpoint,30000,2
24444814,Jackson Heights,180000,5
51066226,Hell's Kitchen,100000,3
19566901,Harlem,250000,8
11530936,Williamsburg,200000,4
51504200,Kensington,35000,2
20252857,Elmhurst,120000,5
49441360,West Village,100000,2
45938121,Upper West Side,210000,5
14538761,Rockaway Beach,60000,3
7137941,East Village,110000,3
55166502,Williamsburg,200000,4
26583872,East Harlem,120000,5
2452780,Upper East Side,200000,6
53122992,Midtown,250000,3
55212895,Crown Heights,200000,5
4203571,Williamsburg,200000,4
55325564,Financial District,40000,2
12581410,Flushing,200000,7
8479478,Bedford-Stuyvesant,180000,4
20463283,Murray Hill,60000,2
4385830,Harlem,250000,8
26476174,East Elmhurst,100000,3
23726272,Williamsburg,200000,4
16411611,East Flatbush,120000,5
46164012,Jamaica,250000,7
22734893,Ditmars Steinway,80000,4
7926626,Bedford-Stuyvesant,180000,4
17484730,Brighton Beach,120000,5
54397148,East Elmhurst,100000,3
3828560,Bushwick,120000,4
8501570,Financial District,40000,2
42866228,Prospect-Lefferts Gardens,80000,4
5700857,Greenwich Village,150000,3
25095976,Inwood,60000,2
56494783,Norwood,100000,4
16889350,Williamsburg,200000,4
17897850,Midtown,250000,3
14977840,Williamsburg,200000,4
2247325,Chelsea,80000,3
8348583,Williamsburg,200000,4
6703281,Harlem,250000,8
6198479,Fresh Meadows,120000,4
6440939,Bedford-Stuyvesant,180000,4
49049779,Bedford-Stuyvesant,180000,4
7120268,Cypress Hills,100000,4
1748046,Murray Hill,60000,2
11561312,Upper East Side,200000,6
3508226,West Village,100000,2
52726993,Williamsburg,200000,4
5114314,Columbia St,50000,2
22043966,Crown Heights,200000,5
48465446,East Village,110000,3
47926401,Midtown,250000,3
9864646,Upper West Side,210000,5
2039660,Lower East Side,100000,3
8610373,Flushing,200000,7
51743899,Upper East Side,200000,6
7831078,Prospect Heights,90000,4
23897485,Financial District,40000,2
11812056,Bedford-Stuyvesant,180000,4
1636481,Sunset Park,250000,6
48925512,Midtown,250000,3
44874391,Chinatown,100000,3
3753999,Chelsea,80000,3
3469565,East Village,110000,3
51043582,Greenpoint,30000,2
15711294,Woodside,150000,4
56360574,Bedford-Stuyvesant,180000,4
9122355,Kips Bay,50000,2
45950824,Boerum Hill,50000,2
21087382,Concord,60000,3
48700726,Crown Heights,200000,5
18339138,Chelsea,80000,3
2469902,SoHo,120000,4
19475219,Elmhurst,120000,5
8980966,Williamsburg,200000,4
56799653,Bedford-Stuyvesant,180000,4
46432429,Forest Hills,180000,6
6907632,Flatlands,50000,3
12942062,Harlem,250000,8
8158592,Kensington,35000,2
2584228,Washington Heights,170000,6
12368775,Crown Heights,200000,5
56841075,Red Hook,120000,5
52982707,SoHo,120000,4
57248673,Gramercy,50000,2
20254514,East Village,110000,3
11116158,Gramercy,50000,2
10884745,Harlem,250000,8
44328166,Upper East Side,200000,6
54680478,Upper East Side,200000,6
11459137,Corona,200000,6
6518813,Windsor Terrace,30000,2
54426972,Queens Village,120000,4
49692104,Williamsburg,200000,4
44489990,Fresh Meadows,120000,4
3920242,Upper West Side,210000,5
20357794,Bushwick,120000,4
9168196,Upper East Side,200000,6
21969406,Crown Heights,200000,5
8668365,Upper East Side,200000,6
14312871,Fort Greene,70000,3
20710162,Bedford-Stuyvesant,180000,4
11591136,Prospect-Lefferts Gardens,80000,4
44190644,West Village,100000,2
8846758,Hell's Kitchen,100000,3
13699818,Bedford-Stuyvesant,180000,4
46939441,Hell's Kitchen,100000,3
14707765,Williamsburg,200000,4
49048122,Flatbush,180000,5
25869196,Williamsburg,200000,4
19538181,South Slope,100000,3
27243318,Midtown,250000,3
24654688,Williamsburg,200000,4
11048778,Upper East Side,200000,6
48003171,Fort Greene,70000,3
51874241,Richmond Hill,180000,5
22779630,Bedford-Stuyvesant,180000,4
53743225,Hell's Kitchen,100000,3
9535476,Inwood,60000,2
15389303,East Harlem,120000,5
5278347,Bedford-Stuyvesant,180000,4
6629273,East New York,150000,5
23488231,Melrose,120000,4
43506344,Williamsburg,200000,4
27029026,Midtown,250000,3
21193976,Canarsie,120000,4
14289674,Lower East Side,100000,3
5937241,Williamsburg,200000,4
6264755,Hell's Kitchen,100000,3
6937456,Astoria,250000,7
53676396,Greenpoint,30000,2
47801029,Financial District,40000,2
18249665,Greenwich Village,150000,3
10584293,Corona,200000,6
51434611,Greenpoint,30000,2
44833521,Kingsbridge,50000,3
49074633,East Village,110000,3
6869524,Jamaica,250000,7
51838894,Chelsea,80000,3
16434255,Lower East Side,100000,3
55690634,Tompkinsville,60000,3
9057736,Upper East Side,200000,6
49673878,Bedford-Stuyvesant,180000,4
8941753,Richmond Hill,180000,5
20302564,Laurelton,120000,5
15352852,Inwood,60000,2
19444842,Bedford-Stuyvesant,180000,4
53866940,Borough Park,250000,6
11047121,Bedford-Stuyvesant,180000,4
24018439,Cobble Hill,60000,2
2276597,Ditmars Steinway,80000,4
14228921,Williamsburg,200000,4
21094562,Harlem,250000,8
21935715,Bedford-Stuyvesant,180000,4
54309884,East Harlem,120000,5
52417705,Bedford-Stuyvesant,180000,4
4685177,Hell's Kitchen,100000,3
57333727,Jamaica,250000,7
4564776,Vinegar Hill,30000,2
43679214,Midtown,250000,3
14478561,Gowanus,40000,2
23072349,SoHo,120000,4
17557633,Richmond Hill,180000,5
18359573,Cypress Hills,100000,4
52312215,East Flatbush,120000,5
45013018,Little Italy,60000,2
11073631,Ridgewood,100000,4
24873951,Harlem,250000,8
18473347,Kips Bay,50000,2
24493417,East Village,110000,3
53420129,Gramercy,50000,2
53614539,Harlem,250000,8
3947857,Bushwick,120000,4
4316241,West Village,100000,2
25346168,Brownsville,180000,7
45772983,Midtown,250000,3
56973627,Kingsbridge,50000,3
45989485,Murray Hill,60000,2
19138868,East Harlem,120000,5
54618620,Bedford-Stuyvesant,180000,4
20827801,Bedford-Stuyvesant,180000,4
50171500,Jamaica,250000,7
46424145,East New York,150000,5
25647724,Bushwick,120000,4
4391353,Boerum Hill,50000,2
5334130,Bushwick,120000,4
51672652,Upper East Side,200000,6
18239724,Sunset Park,250000,6
56704105,Williamsburg,200000,4
23861585,Hell's Kitchen,100000,3
5156289,Bedford-Stuyvesant,180000,4
53668112,Williamsburg,200000,4
12375402,Crown Heights,200000,5
14904936,East Elmhurst,100000,3
56987987,Bedford-Stuyvesant,180000,4
57193995,Lower East Side,100000,3
3138185,Flatbush,180000,5
2476529,Bedford-Stuyvesant,180000,4
9691777,Williamsburg,200000,4
7556032,Morningside Heights,150000,5
19140525,East Village,110000,3
25276026,Astoria,250000,7
15251228,Bushwick,120000,4
44672802,Chinatown,100000,3
26878248,Hell's Kitchen,100000,3
24732010,Chelsea,80000,3
13964369,Greenpoint,30000,2
7147883,Corona,200000,6
2208112,Greenpoint,30000,2
44752885,Upper East Side,200000,6
13551249,Hell's Kitchen,100000,3
8075194,Upper West Side,210000,5
48045698,Bushwick,120000,4
4491872,Upper East Side,200000,6
1856849,SoHo,120000,4
8626942,Fort Greene,70000,3
48675320,Upper West Side,210000,5
8892046,East Harlem,120000,5
5331920,Crown Heights,200000,5
53888479,Hell's Kitchen,100000,3
2543910,Flatbush,180000,5
21802059,Wakefield,100000,4
6561892,Hell's Kitchen,100000,3
20029728,Bedford-Stuyvesant,180000,4
10834485,St. Albans,70000,3
22735446,Two Bridges,40000,2
11112844,Williamsburg,200000,4
11089096,Astoria,250000,7
15176668,East Village,110000,3
11309463,East New York,150000,5
6273592,Fort Greene,70000,3
12352206,West Village,100000,2
3241465,Williamsburg,200000,4
54991975,Washington Heights,170000,6
24519927,Crown Heights,200000,5
3038771,Washington Heights,170000,6
17279826,Crown Heights,200000,5
53121335,Greenpoint,30000,2
10493164,Harlem,250000,8
9097502,Bushwick,120000,4
49044808,South Slope,100000,3
52606591,East Harlem,120000,5
16148164,Bay Ridge,200000,5
8105019,Bedford-Stuyvesant,180000,4
55841412,Chelsea,80000,3
56807385,Bushwick,120000,4
53481434,Upper East Side,200000,6
51564401,Bedford-Stuyvesant,180000,4
24262003,Wakefield,100000,4
23521921,Williamsburg,200000,4
8491076,Bedford-Stuyvesant,180000,4
5528539,Long Island City,180000,6
6403935,Vinegar Hill,30000,2
20899600,Bedford-Stuyvesant,180000,4
10193817,Chinatown,100000,3
6085810,Crown Heights,200000,5
24268630,Westchester Square,200000,6
24690588,Midtown,250000,3
19628206,Bedford-Stuyvesant,180000,4
53771944,East Village,110000,3
23361202,Chelsea,80000,3
50133392,Midtown,250000,3
4362082,Hell's Kitchen,100000,3
5419736,Upper East Side,200000,6
23811878,Harlem,250000,8
42854630,Bushwick,120000,4
54962151,East Harlem,120000,5
14058813,Morningside Heights,150000,5
25376544,Financial District,40000,2
4732675,Little Italy,60000,2
44945638,Harlem,250000,8
8937887,East New York,150000,5
18768827,Crown Heights,200000,5
21528118,Cypress Hills,100000,4
3689380,Park Slope,150000,5
20220824,Crown Heights,200000,5
25714000,Upper East Side,200000,6
5023185,Upper East Side,200000,6
4138400,Harlem,250000,8
51210377,Harlem,250000,8
22722190,Williamsburg,200000,4
9849734,Greenpoint,30000,2
54285583,Washington Heights,170000,6
47302302,Upper East Side,200000,6
45017437,Bedford-Stuyvesant,180000,4
17173232,Prospect Heights,90000,4
25093214,West Village,100000,2
7300318,Harlem,250000,8
54019927,Greenwich Village,150000,3
48372107,Chelsea,80000,3
4884005,Williamsburg,200000,4
19551988,East Harlem,120000,5
22236719,Bedford-Stuyvesant,180000,4
48541663,Woodside,150000,4
22692366,Harlem,250000,8
19880607,Midtown,250000,3
1284114,Williamsburg,200000,4
50896118,Greenpoint,30000,2
22161606,Midtown,250000,3
22584668,Astoria,250000,7
45959108,Bedford-Stuyvesant,180000,4
50353207,Windsor Terrace,30000,2
22755881,Astoria,250000,7
52071965,East Village,110000,3
6226094,Chinatown,100000,3
19861276,Chinatown,100000,3
2667625,Sunnyside,120000,5
49910263,SoHo,120000,4
25224662,Bedford-Stuyvesant,180000,4
9901651,Williamsburg,200000,4
26778834,Jackson Heights,180000,5
19321127,Chinatown,100000,3
4063840,Bedford-Stuyvesant,180000,4
56880289,Williamsburg,200000,4
56884707,Windsor Terrace,30000,2
55606685,Chelsea,80000,3
9799475,Upper West Side,210000,5
22755328,Roosevelt Island,15000,2
12605711,Bedford-Stuyvesant,180000,4
8583310,East Village,110000,3
23270624,East Flatbush,120000,5
45892832,Williamsbridge,80000,4
22357120,Harlem,250000,8
4595704,Crown Heights,200000,5
27352674,East Village,110000,3
2258371,Washington Heights,170000,6
21401641,East Village,110000,3
13345793,Crown Heights,200000,5
51799129,South Slope,100000,3
21572302,Harlem,250000,8
4359872,Concourse,80000,4
47798820,Crown Heights,200000,5
53164966,East Village,110000,3
10008244,Bedford-Stuyvesant,180000,4
2011493,Crown Heights,200000,5
11524308,Ridgewood,100000,4
4542684,Astoria,250000,7
57339250,Flatbush,180000,5
52325470,West Village,100000,2
53884613,Jamaica,250000,7
18975387,Upper West Side,210000,5
15600282,Long Island City,180000,6
4436642,East Harlem,120000,5
21046512,Williamsburg,200000,4
9008581,East Village,110000,3
21660118,Cypress Hills,100000,4
13368438,Williamsburg,200000,4
14939179,Bedford-Stuyvesant,180000,4
18290535,Richmond Hill,180000,5
19160960,Upper East Side,200000,6
5323084,Chelsea,80000,3
44573388,Bedford-Stuyvesant,180000,4
5169544,Inwood,60000,2
1154875,East Village,110000,3
19351504,Upper East Side,200000,6
13881524,Flushing,200000,7
21068052,St. Albans,70000,3
25689146,Gowanus,40000,2
5610832,Bedford-Stuyvesant,180000,4
47924744,Upper East Side,200000,6
11568492,Sheepshead Bay,100000,3
12609025,Red Hook,120000,5
53742120,Harlem,250000,8
2768696,Bedford-Stuyvesant,180000,4
4353245,Harlem,250000,8
14131716,Ridgewood,100000,4
47114520,East Flatbush,120000,5
11525413,East New York,150000,5
15201521,Murray Hill,60000,2
3663974,Long Island City,180000,6
24276363,Kips Bay,50000,2
19594516,Bushwick,120000,4
47047139,Harlem,250000,8
50150513,Upper West Side,210000,5
17363776,Kips Bay,50000,2
50230597,Harlem,250000,8
8145337,Fort Hamilton,100000,4
2384848,Williamsburg,200000,4
44596032,Flatbush,180000,5
3782167,Flatbush,180000,5
26186216,West Village,100000,2
12264942,Bedford-Stuyvesant,180000,4
24605533,East Harlem,120000,5
57162514,Bushwick,120000,4
47822016,Flatiron District,50000,2
8355763,Murray Hill,60000,2
18644007,East Flatbush,120000,5
54313198,Columbia St,50000,2
6729792,Bedford-Stuyvesant,180000,4
5058532,Upper East Side,200000,6
21385072,South Ozone Park,150000,6
22679111,Flushing,200000,7
18582702,Downtown Brooklyn,150000,5
57227133,Bushwick,120000,4
24329383,Baychester,250000,6
46462806,Crown Heights,200000,5
53573668,West Village,100000,2
24807123,Lower East Side,100000,3
10405348,Bedford-Stuyvesant,180000,4
51823430,Flatlands,50000,3
3809229,Rockaway Beach,60000,3
3624761,Upper East Side,200000,6
23836180,Crown Heights,200000,5
27659752,East Elmhurst,100000,3
22189221,Financial District,40000,2
48374316,Upper West Side,210000,5
46277785,Bay Ridge,200000,5
50001944,Ozone Park,150000,6
52666240,East Village,110000,3
8722490,Bedford-Stuyvesant,180000,4
46651140,Bedford-Stuyvesant,180000,4
52344249,Gowanus,40000,2
24634253,Ridgewood,100000,4
21293943,Harlem,250000,8
8820247,Midtown,250000,3
16448062,Greenpoint,30000,2
52154810,Harlem,250000,8
11045464,Long Island City,180000,6
49840120,Rockaway Beach,60000,3
55602266,Harlem,250000,8
2996796,Carroll Gardens,40000,2
26410450,Boerum Hill,50000,2
21937924,Bushwick,120000,4
14513356,Murray Hill,60000,2
6027266,Upper East Side,200000,6
45406808,Flatbush,180000,5
23386607,East Harlem,120000,5
48201999,Sunnyside,120000,5
45860799,Carroll Gardens,40000,2
9820462,Upper West Side,210000,5
17532780,Upper East Side,200000,6
6930829,East Village,110000,3
49132624,East Flatbush,120000,5
8666155,Upper East Side,200000,6
13206061,Bushwick,120000,4
25035223,Hell's Kitchen,100000,3
8477821,Williamsburg,200000,4
55295188,Bushwick,120000,4
24576262,West Village,100000,2
43228537,Astoria,250000,7
49940087,East Village,110000,3
3735773,Bushwick,120000,4
48858683,Prospect Heights,90000,4
1622674,East Village,110000,3
13822981,Bushwick,120000,4
9634337,Bedford-Stuyvesant,180000,4
7002076,Harlem,250000,8
7224100,Midtown,250000,3
6976117,Bedford-Stuyvesant,180000,4
6715432,Lower East Side,100000,3
57095133,Brooklyn Heights,100000,3
17251659,Williamsburg,200000,4
11497798,Park Slope,150000,5
2817851,Harlem,250000,8
6404487,Midtown,250000,3
10337968,Bedford-Stuyvesant,180000,4
11584509,Upper West Side,210000,5
25380963,Ridgewood,100000,4
12742682,Astoria,250000,7
7212502,Gramercy,50000,2
22291949,Astoria,250000,7
23218708,Prospect-Lefferts Gardens,80000,4
43056772,Inwood,60000,2
5935584,Chelsea,80000,3
45015780,Upper West Side,210000,5
48308593,Two Bridges,40000,2
1782288,SoHo,120000,4
13188388,Chelsea,80000,3
51530711,Gramercy,50000,2
26283421,Williamsburg,200000,4
11178016,Canarsie,120000,4
51353422,Brooklyn Heights,100000,3
14962928,Howard Beach,80000,4
7081054,East Village,110000,3
12506850,Washington Heights,170000,6
14248252,Upper East Side,200000,6
7095967,Flatbush,180000,5
46445685,Canarsie,120000,4
4734884,Prospect-Lefferts Gardens,80000,4
42866781,Bedford-Stuyvesant,180000,4
9661952,Gowanus,40000,2
43327951,Bedford-Stuyvesant,180000,4
24967842,East New York,150000,5
17116898,Longwood,120000,4
2563240,Maspeth,60000,3
24640328,Williamsburg,200000,4
3718652,West Village,100000,2
43145140,Upper West Side,210000,5
51260084,Flatbush,180000,5
2076112,Washington Heights,170000,6
49760037,Harlem,250000,8
7079950,Bushwick,120000,4
15478224,Williamsburg,200000,4
51608585,Inwood,60000,2
43318010,Chelsea,80000,3
9141686,Williamsburg,200000,4
6519365,Bedford-Stuyvesant,180000,4
7944852,East Village,110000,3
18911873,Bedford-Stuyvesant,180000,4
50991114,Bushwick,120000,4
12172156,West Village,100000,2
4220693,Bushwick,120000,4
52669553,Civic Center,80000,3
5941660,Midtown,250000,3
17347759,Chelsea,80000,3
5221460,Upper East Side,200000,6
53926588,SoHo,120000,4
7981303,Bedford-Stuyvesant,180000,4
47199574,Sunset Park,250000,6
51644485,Crown Heights,200000,5
13185074,Williamsburg,200000,4
53954203,Williamsburg,200000,4
49273461,Park Slope,150000,5
3914719,Forest Hills,180000,6
2398103,Williamsburg,200000,4
55730400,Harlem,250000,8
3757313,Bushwick,120000,4
56254533,Crown Heights,200000,5
1246557,East Village,110000,3
8947828,Midtown,250000,3
2290957,Prospect Heights,90000,4
10230269,Harlem,250000,8
6952369,Flatbush,180000,5
9125117,Ditmars Steinway,80000,4
46819039,Sunnyside,120000,5
54652863,Fort Greene,70000,3
22520601,Arrochar,15000,2
49686029,Bushwick,120000,4
47847974,Harlem,250000,8
3912509,Prospect-Lefferts Gardens,80000,4
44362409,Brooklyn Heights,100000,3
55274752,Kensington,35000,2
56596406,Harlem,250000,8
3950066,Greenwich Village,150000,3
5740070,Bedford-Stuyvesant,180000,4
3495523,Williamsburg,200000,4
21112788,Wakefield,100000,4
46133635,Richmond Hill,180000,5
17427290,Greenpoint,30000,2
17979038,Washington Heights,170000,6
25116963,Kips Bay,50000,2
1540933,Columbia St,50000,2
8386692,East Harlem,120000,5
55366987,Upper West Side,210000,5
55431053,Crown Heights,200000,5
4034015,Williamsburg,200000,4
50153275,Chinatown,100000,3
15144634,Harlem,250000,8
26895369,East Elmhurst,100000,3
12369879,Gramercy,50000,2
45632699,Flatlands,50000,3
54111056,Woodside,150000,4
18376694,Woodhaven,100000,4
44114426,Ditmars Steinway,80000,4
14600067,Kingsbridge,50000,3
51060151,Rego Park,150000,4
47772862,Washington Heights,170000,6
54597633,East Flatbush,120000,5
1453117,Chinatown,100000,3
49072976,Midtown,250000,3
53698488,Hollis,200000,6
56333512,Lower East Side,100000,3
43130228,Jamaica,250000,7
16214992,Brownsville,180000,7
8146441,Bushwick,120000,4
48309145,Hell's Kitchen,100000,3
12663703,Murray Hill,60000,2
7171079,Washington Heights,170000,6
19993828,East Village,110000,3
53007561,Greenwich Village,150000,3
1920363,Upper West Side,210000,5
21265223,Bushwick,120000,4
53177117,Kensington,35000,2
51897990,East Village,110000,3
47931372,Hell's Kitchen,100000,3
15670976,Upper East Side,200000,6
46035878,Sunset Park,250000,6
18227573,Prospect Heights,90000,4
14301825,Murray Hill,60000,2
43206997,Norwood,100000,4
15839428,East Harlem,120000,5
2631173,Upper West Side,210000,5
48042936,Park Slope,150000,5
48830516,Bedford-Stuyvesant,180000,4
10397064,Bushwick,120000,4
53497451,East Harlem,120000,5
13191149,Gramercy,50000,2
9016866,Gowanus,40000,2
11105665,Bushwick,120000,4
4820491,Hell's Kitchen,100000,3
7341740,Sunnyside,120000,5
18383874,Bushwick,120000,4
25660979,Bushwick,120000,4
25408578,Hell's Kitchen,100000,3
25410235,Hell's Kitchen,100000,3
43514076,Prospect-Lefferts Gardens,80000,4
45705050,Astoria,250000,7
55862400,Elmhurst,120000,5
17588562,Gravesend,200000,6
23232516,New Dorp Beach,150000,5
5487117,Washington Heights,170000,6
11463003,Sunnyside,120000,5
26473964,Crown Heights,200000,5
3755656,Crown Heights,200000,5
5199368,Prospect Heights,90000,4
11457480,Gowanus,40000,2
18251322,Nolita,40000,2
54368428,Financial District,40000,2
51583732,Harlem,250000,8
21274612,Bay Ridge,200000,5
1521050,Crown Heights,200000,5
6715984,East Village,110000,3
5652807,Carroll Gardens,40000,2
6776185,Chinatown,100000,3
11537011,Greenpoint,30000,2
5027051,Bushwick,120000,4
9500128,Williamsburg,200000,4
4130116,Cobble Hill,60000,2
52461336,Williamsburg,200000,4
55379137,East Harlem,120000,5
55454802,Forest Hills,180000,6
18539070,Harlem,250000,8
11332108,Greenpoint,30000,2
52242625,Brighton Beach,120000,5
9368129,Sheepshead Bay,100000,3
26920775,Financial District,40000,2
24199593,Bedford-Stuyvesant,180000,4
14052737,Financial District,40000,2
53384782,Neponsit,30000,2
11614333,Williamsburg,200000,4
27532171,Midwood,180000,5
46748897,East Flatbush,120000,5
9214037,Astoria,250000,7
55591773,Williamsburg,200000,4
24574052,Bayside,120000,4
53403008,Hell's Kitchen,100000,3
56635067,Chelsea,80000,3
54214336,Williamsburg,200000,4
46471090,Sunnyside,120000,5
26928507,Chelsea,80000,3
52813704,Bedford-Stuyvesant,180000,4
12418482,Chelsea,80000,3
57331518,Bedford-Stuyvesant,180000,4
12240089,Arverne,40000,2
14209038,Lower East Side,100000,3
16031076,Hell's Kitchen,100000,3
11018953,Hell's Kitchen,100000,3
14940283,Bedford-Stuyvesant,180000,4
23051361,Sunnyside,120000,5
10430754,Williamsburg,200000,4
8714206,Park Slope,150000,5
11764558,Bedford-Stuyvesant,180000,4
56730063,Midtown,250000,3
8422591,Crown Heights,200000,5
18865480,Bedford-Stuyvesant,180000,4
43548871,Williamsburg,200000,4
12736054,Chinatown,100000,3
44485572,Midtown,250000,3
48628927,Bedford-Stuyvesant,180000,4
15599730,Brownsville,180000,7
20656036,Elmhurst,120000,5
24350923,Astoria,250000,7
51590359,Williamsburg,200000,4
12552138,Upper East Side,200000,6
15654407,Williamsburg,200000,4
48773077,Brooklyn Heights,100000,3
4986733,Kips Bay,50000,2
51749974,Bay Ridge,200000,5
5720187,Bedford-Stuyvesant,180000,4
50113509,Theater District,120000,4
21085726,Prospect-Lefferts Gardens,80000,4
5051904,Kips Bay,50000,2
55679036,Bushwick,120000,4
22423948,Bedford-Stuyvesant,180000,4
6877808,Crown Heights,200000,5
3789346,Upper East Side,200000,6
1393469,Financial District,40000,2
15482090,Lower East Side,100000,3
24478504,SoHo,120000,4
11346467,SoHo,120000,4
23277252,Midtown,250000,3
7797388,East Village,110000,3
48115840,Hell's Kitchen,100000,3
21751247,East Elmhurst,100000,3
46091660,Prospect-Lefferts Gardens,80000,4
48870282,Hell's Kitchen,100000,3
10125884,Bushwick,120000,4
9594572,Upper West Side,210000,5
7528417,Harlem,250000,8
19376357,Williamsburg,200000,4
23192750,Bushwick,120000,4
10355089,Upper East Side,200000,6
18745078,Bushwick,120000,4
7610710,Bedford-Stuyvesant,180000,4
11467973,Bedford-Stuyvesant,180000,4
15327998,Ditmars Steinway,80000,4
18034268,Williamsburg,200000,4
9042824,Midtown,250000,3
5922329,Williamsburg,200000,4
23203244,Woodhaven,100000,4
2877499,Bedford-Stuyvesant,180000,4
23973702,Harlem,250000,8
6946846,Williamsburg,200000,4
24101284,Hell's Kitchen,100000,3
7604635,Harlem,250000,8
4162701,Bushwick,120000,4
44626961,Upper East Side,200000,6
18470585,Hell's Kitchen,100000,3
13387768,East Village,110000,3
42904337,Upper West Side,210000,5
21446930,East Village,110000,3
7997320,Bedford-Stuyvesant,180000,4
25255038,East Village,110000,3
53778572,East Harlem,120000,5
23964313,Bedford-Stuyvesant,180000,4
55642584,Bedford-Stuyvesant,180000,4
3409916,East Harlem,120000,5
13183417,Astoria,250000,7
26799269,Bedford-Stuyvesant,180000,4
6609390,Bushwick,120000,4
3924108,Astoria,250000,7
24773985,Hell's Kitchen,100000,3
26774968,Williamsburg,200000,4
4035672,Bay Ridge,200000,5
25882451,Upper East Side,200000,6
20621241,East Harlem,120000,5
1498406,Clinton Hill,50000,3
53420681,Sunset Park,250000,6
5413108,Crown Heights,200000,5
20371602,Arverne,40000,2
21895397,Bedford-Stuyvesant,180000,4
16482305,Williamsburg,200000,4
14396820,Bedford-Stuyvesant,180000,4
3653481,Financial District,40000,2
53519543,Upper West Side,210000,5
24382957,Hell's Kitchen,100000,3
26376207,Bedford-Stuyvesant,180000,4
7511296,Midtown,250000,3
12900087,Upper East Side,200000,6
23199378,Elmhurst,120000,5
52017287,Bedford-Stuyvesant,180000,4
21953389,Hell's Kitchen,100000,3
12971886,South Ozone Park,150000,6
51801890,Williamsburg,200000,4
50586830,Harlem,250000,8
22812215,Prospect-Lefferts Gardens,80000,4
4574717,Harlem,250000,8
22142275,Flatbush,180000,5
10015424,East Village,110000,3
11453061,Nolita,40000,2
44135966,Astoria,250000,7
5200473,Williamsburg,200000,4
21612067,Bedford-Stuyvesant,180000,4
5205996,Crown Heights,200000,5
16296180,SoHo,120000,4
49906949,East New York,150000,5
45592381,Bushwick,120000,4
2619575,East New York,150000,5
46047476,Bushwick,120000,4
21408269,Dongan Hills,150000,5
1635376,East Village,110000,3
6971147,Bedford-Stuyvesant,180000,4
54898636,Midwood,180000,5
26249178,Hell's Kitchen,100000,3
19170349,Washington Heights,170000,6
19295169,Bushwick,120000,4
21277374,East Harlem,120000,5
11077497,Longwood,120000,4
5477728,Upper East Side,200000,6
11514367,Hell's Kitchen,100000,3
5271720,Bushwick,120000,4
51687564,Williamsburg,200000,4
48308040,Williamsburg,200000,4
20033594,Bushwick,120000,4
19100759,Hell's Kitchen,100000,3
4863570,Elmhurst,120000,5
4763604,Hell's Kitchen,100000,3
51184971,Harlem,250000,8
56165612,Bushwick,120000,4
25311925,Lower East Side,100000,3
2025853,Park Slope,150000,5
2031376,Clinton Hill,50000,3
14783430,Prospect-Lefferts Gardens,80000,4
44296685,East Flatbush,120000,5
19110701,Upper East Side,200000,6
49406565,Greenwich Village,150000,3
46157384,Fort Greene,70000,3
21319901,Park Slope,150000,5
5305410,Williamsburg,200000,4
5737309,Williamsburg,200000,4
18731271,Bedford-Stuyvesant,180000,4
2099308,Crown Heights,200000,5
26389462,Greenwich Village,150000,3
15408082,Washington Heights,170000,6
9005820,Bedford-Stuyvesant,180000,4
5925091,West Village,100000,2
48954231,Upper East Side,200000,6
23976464,Hell's Kitchen,100000,3
10653883,Flushing,200000,7
22253288,Upper East Side,200000,6
51483765,Bushwick,120000,4
24952378,Corona,200000,6
51406996,Williamsburg,200000,4
7099833,Sunset Park,250000,6
56418013,Harlem,250000,8
23504247,Bedford-Stuyvesant,180000,4
2934938,Upper East Side,200000,6
7141255,Downtown Brooklyn,150000,5
20709057,Far Rockaway,250000,7
11249815,West Village,100000,2
7932149,Forest Hills,180000,6
43504687,East Flatbush,120000,5
1522155,Williamsburg,200000,4
43620118,Woodside,150000,4
49934564,Midtown,250000,3
11042702,Bushwick,120000,4
6620989,Harlem,250000,8
19723201,Flushing,200000,7
2162823,DUMBO,30000,1
7060619,Kips Bay,50000,2
15375496,Highbridge,120000,4
11458032,Harlem,250000,8
2775324,Clinton Hill,50000,3
43509106,Fort Greene,70000,3
45770774,Greenpoint,30000,2
10087223,East Harlem,120000,5
55825948,St. Albans,70000,3
45525001,Jamaica,250000,7
55758015,Bedford-Stuyvesant,180000,4
9384698,Upper West Side,210000,5
26203890,Chelsea,80000,3
55587354,Hell's Kitchen,100000,3
49931250,Chelsea,80000,3
55646450,Ridgewood,100000,4
15704667,Harlem,250000,8
1763510,Bushwick,120000,4
52186843,Greenpoint,30000,2
22177623,Midtown,250000,3
25833849,SoHo,120000,4
53457133,Bedford-Stuyvesant,180000,4
55942483,Williamsburg,200000,4
23318122,Highbridge,120000,4
15642257,Murray Hill,60000,2
20778647,Astoria,250000,7
26656776,Bedford-Stuyvesant,180000,4
18968207,Graniteville,15000,2
27047804,Clinton Hill,50000,3
44884333,Concourse,80000,4
16692731,Carroll Gardens,40000,2
6622093,Bedford-Stuyvesant,180000,4
6286295,South Slope,100000,3
7261657,Williamsburg,200000,4
15606357,Murray Hill,60000,2
11635320,Norwood,100000,4
53685233,Washington Heights,170000,6
44884885,Chelsea,80000,3
50059936,Williamsburg,200000,4
9983943,Long Island City,180000,6
10960962,SoHo,120000,4
1981116,Upper East Side,200000,6
13506513,Kips Bay,50000,2
24927524,Bushwick,120000,4
14944150,Sunnyside,120000,5
54637951,Williamsburg,200000,4
15889687,Williamsburg,200000,4
9227845,Woodside,150000,4
6370244,Williamsburg,200000,4
7250058,Inwood,60000,2
21311616,NoHo,30000,2
12437812,Williamsburg,200000,4
51997957,Chelsea,80000,3
53776363,Clinton Hill,50000,3
12840991,Greenpoint,30000,2
1903794,Nolita,40000,2
45083161,Ridgewood,100000,4
53863074,Upper West Side,210000,5
9511174,Parkchester,250000,7
21501607,Harlem,250000,8
3792108,Bedford-Stuyvesant,180000,4
54422554,Williamsburg,200000,4
55177548,Bedford-Stuyvesant,180000,4
25673129,Financial District,40000,2
53626689,Greenpoint,30000,2
5234163,East Village,110000,3
7354995,Sunset Park,250000,6
12702364,Bushwick,120000,4
21853423,Jamaica,250000,7
18480526,Sunset Park,250000,6
18583254,Flushing,200000,7
23170658,Lower East Side,100000,3
49608707,Harlem,250000,8
9209619,Harlem,250000,8
7391999,Long Island City,180000,6
54377265,Jackson Heights,180000,5
4874064,Fort Greene,70000,3
22258258,West Village,100000,2
16942371,Upper East Side,200000,6
14734276,Nolita,40000,2
55550902,Prospect-Lefferts Gardens,80000,4
53157234,Bedford-Stuyvesant,180000,4
8508750,Bushwick,120000,4
23641218,Fordham,200000,7
20055686,Fordham,200000,7
20418547,Bedford-Stuyvesant,180000,4
24744713,Bushwick,120000,4
54006672,Ridgewood,100000,4
46694772,Harlem,250000,8
56382114,Midtown,250000,3
13355182,Prospect-Lefferts Gardens,80000,4
3851756,Kensington,35000,2
14095817,South Slope,100000,3
23819058,Fort Greene,70000,3
51261188,Prospect Heights,90000,4
5048038,Chelsea,80000,3
50229492,Bedford-Stuyvesant,180000,4
21995916,Harlem,250000,8
4442165,Crown Heights,200000,5
11557446,Midtown,250000,3
12535017,Midwood,180000,5
10754954,Bedford-Stuyvesant,180000,4
55478551,Springfield Gardens,150000,5
46013786,West Village,100000,2
12618967,West Village,100000,2
12516791,Lower East Side,100000,3
46823458,Brighton Beach,120000,5
11765111,Upper East Side,200000,6
11984926,South Ozone Park,150000,6
10466101,Bedford-Stuyvesant,180000,4
18135891,East Village,110000,3
11687789,Upper West Side,210000,5
2884679,Bedford-Stuyvesant,180000,4
8384482,Crown Heights,200000,5
3609849,Upper West Side,210000,5
10187190,Upper West Side,210000,5
4580792,Bedford-Stuyvesant,180000,4
23160164,Red Hook,120000,5
15154576,Nolita,40000,2
26977662,Upper East Side,200000,6
48019740,Murray Hill,60000,2
53897316,Bayswater,120000,4
18170686,Flushing,200000,7
24070907,Schuylerville,60000,3
51161222,East Harlem,120000,5
53500213,Bedford-Stuyvesant,180000,4
51254561,Bay Ridge,200000,5
57129928,Bedford-Stuyvesant,180000,4
8638540,Bedford-Stuyvesant,180000,4
23329720,East Harlem,120000,5
54372294,Sunset Park,250000,6
4747035,Prospect Heights,90000,4
23882573,Financial District,40000,2
7884099,Fort Greene,70000,3
13694295,Williamsburg,200000,4
20453342,Ridgewood,100000,4
24477400,Lower East Side,100000,3
43168336,SoHo,120000,4
3757865,Harlem,250000,8
2912846,Crown Heights,200000,5
50503985,Harlem,250000,8
51954877,Williamsburg,200000,4
25461046,Washington Heights,170000,6
2910637,Williamsburg,200000,4
18193883,Williamsburg,200000,4
26069681,Bay Ridge,200000,5
46181685,Bedford-Stuyvesant,180000,4
20612404,Ozone Park,150000,6
47308377,Astoria,250000,7
56102098,Murray Hill,60000,2
5822915,Williamsburg,200000,4
24646956,Williamsburg,200000,4
56626783,West Village,100000,2
43394227,Long Island City,180000,6
45591829,Bushwick,120000,4
9368681,Hell's Kitchen,100000,3
19012391,Kips Bay,50000,2
45622758,Astoria,250000,7
15726206,Canarsie,120000,4
48140693,Murray Hill,60000,2
43863130,Williamsburg,200000,4
52287914,Upper East Side,200000,6
44396652,Pelham Gardens,150000,5
4073781,Astoria,250000,7
12961945,Lower East Side,100000,3
47527640,Upper East Side,200000,6
23584883,East Flatbush,120000,5
5291050,Bedford-Stuyvesant,180000,4
43595264,Lower East Side,100000,3
46463911,Queens Village,120000,4
25303641,Financial District,40000,2
46230840,Williamsburg,200000,4
5128674,Astoria,250000,7
22185355,East Village,110000,3
10901866,Chelsea,80000,3
51702476,Bushwick,120000,4
23148014,Bushwick,120000,4
47850736,East Harlem,120000,5
7028034,Williamsburg,200000,4
22369823,Midtown,250000,3
51804652,East Village,110000,3
44689371,East Village,110000,3
11448091,Long Island City,180000,6
23341871,Bushwick,120000,4
24969499,Hell's Kitchen,100000,3
53864178,Bushwick,120000,4
47199022,Washington Heights,170000,6
5738413,South Slope,100000,3
16804848,Upper West Side,210000,5
22589086,Inwood,60000,2
24401735,Upper East Side,200000,6
4278132,Astoria,250000,7
27284188,East Village,110000,3
5622982,Red Hook,120000,5
53108080,East New York,150000,5
2427375,Upper East Side,200000,6
49224306,East Village,110000,3
44301104,Sunnyside,120000,5
5895819,Hell's Kitchen,100000,3
2259475,South Slope,100000,3
22233957,East Elmhurst,100000,3
13961608,South Slope,100000,3
3836292,Bedford-Stuyvesant,180000,4
11421580,Bushwick,120000,4
9513936,Chelsea,80000,3
24786688,West Village,100000,2
45818272,Bedford-Stuyvesant,180000,4
16246473,Greenpoint,30000,2
5788672,Williamsburg,200000,4
19739218,Williamsburg,200000,4
1776213,East Village,110000,3
6583432,Park Slope,150000,5
27982848,Bushwick,120000,4
7851513,Upper East Side,200000,6
1707728,Upper East Side,200000,6
11116711,East Village,110000,3
47824225,West Village,100000,2
27295787,Bedford-Stuyvesant,180000,4
15119781,East Flatbush,120000,5
24485132,Sheepshead Bay,100000,3
12835468,Hell's Kitchen,100000,3
7246192,Kips Bay,50000,2
44181807,Hell's Kitchen,100000,3
8026040,Williamsburg,200000,4
22950290,Financial District,40000,2
8995879,Upper East Side,200000,6
21630846,Jackson Heights,180000,5
53326238,Harlem,250000,8
53702907,Hell's Kitchen,100000,3
24414438,Mott Haven,80000,3
20635049,Upper West Side,210000,5
16766187,Borough Park,250000,6
6565206,Greenpoint,30000,2
44844015,Sunset Park,250000,6
18624124,Ridgewood,100000,4
44538040,Crown Heights,200000,5
18917396,Inwood,60000,2
2649399,Soundview,120000,5
21260805,Flushing,200000,7
43406930,Bedford-Stuyvesant,180000,4
5666062,Greenwich Village,150000,3
11326585,Bushwick,120000,4
5500924,Upper West Side,210000,5
43581457,Theater District,120000,4
1447594,Williamsburg,200000,4
9744245,South Slope,100000,3
21494428,Harlem,250000,8
22240585,Bedford-Stuyvesant,180000,4
6129442,Nolita,40000,2
10370553,Kensington,35000,2
51295983,Bay Ridge,200000,5
51361155,Prospect Heights,90000,4
26730232,Midtown,250000,3
14082009,Greenpoint,30000,2
22460953,Long Island City,180000,6
56722331,Williamsburg,200000,4
44496618,Williamsburg,200000,4
45955795,Williamsburg,200000,4
18798099,West Village,100000,2
20068941,Bedford-Stuyvesant,180000,4
22260468,East Village,110000,3
43423499,Prospect-Lefferts Gardens,80000,4
20776990,St. Albans,70000,3
9949701,Bedford-Stuyvesant,180000,4
52170826,Woodside,150000,4
44848433,Middle Village,120000,5
4795637,Bushwick,120000,4
25879137,Bedford-Stuyvesant,180000,4
50002497,Sunset Park,250000,6
2058438,Lower East Side,100000,3
21174094,Mott Haven,80000,3
11851822,Prospect-Lefferts Gardens,80000,4
24431007,Bushwick,120000,4
22981771,Roosevelt Island,15000,2
25185448,Chelsea,80000,3
44210527,Bedford-Stuyvesant,180000,4
24363626,Williamsburg,200000,4
23169553,Brownsville,180000,7
5292155,Longwood,120000,4
1992715,Greenpoint,30000,2
17917733,Bedford-Stuyvesant,180000,4
48410216,Chelsea,80000,3
23892514,Financial District,40000,2
5481041,Fort Greene,70000,3
12607368,Midwood,180000,5
4615035,Williamsburg,200000,4
2388161,South Slope,100000,3
18570551,East Village,110000,3
10326369,Williamsburg,200000,4
48968039,Bedford-Stuyvesant,180000,4
4517830,Carroll Gardens,40000,2
4426148,Astoria,250000,7
55702233,Long Island City,180000,6
24381300,Bedford-Stuyvesant,180000,4
2065618,Kensington,35000,2
24637015,Bedford-Stuyvesant,180000,4
1480180,Clifton,30000,2
22701755,Williamsburg,200000,4
11888826,Crown Heights,200000,5
17122421,Harlem,250000,8
48044593,Upper West Side,210000,5
55554769,Hell's Kitchen,100000,3
45485787,Bensonhurst,180000,5
51844969,East Village,110000,3
10246286,Bedford-Stuyvesant,180000,4
54112161,Hell's Kitchen,100000,3
24987725,Bedford-Stuyvesant,180000,4
6977222,Bushwick,120000,4
23920681,Ditmars Steinway,80000,4
11564074,Bedford-Stuyvesant,180000,4
20451685,Williamsburg,200000,4
5091670,Washington Heights,170000,6
55969546,East Flatbush,120000,5
54502085,Theater District,120000,4
9872931,Windsor Terrace,30000,2
2598588,Williamsburg,200000,4
52979946,Prospect-Lefferts Gardens,80000,4
53139561,Upper West Side,210000,5
7742710,Park Slope,150000,5
17778553,Jackson Heights,180000,5
24766253,Financial District,40000,2
23429134,Greenpoint,30000,2
50178128,Chinatown,100000,3
2586437,Harlem,250000,8
52657403,Midtown,250000,3
54292211,Arverne,40000,2
6783917,Washington Heights,170000,6
9769651,Upper East Side,200000,6
14316184,Kew Gardens Hills,120000,5
14588468,East Village,110000,3
55772927,Woodside,150000,4
8606507,Crown Heights,200000,5
51448970,Chelsea,80000,3
19068174,Upper East Side,200000,6
20352823,Williamsburg,200000,4
46296011,Concord,60000,3
4473094,Greenpoint,30000,2
7221339,Bedford-Stuyvesant,180000,4
8064148,Greenpoint,30000,2
14648117,Williamsburg,200000,4
49644054,Williamsburg,200000,4
17955841,Williamsburg,200000,4
6650260,Kensington,35000,2
9436614,Rockaway Beach,60000,3
43521808,Hell's Kitchen,100000,3
43335131,Williamsburg,200000,4
17910001,Harlem,250000,8
51931128,Prospect Heights,90000,4
43920569,Bedford-Stuyvesant,180000,4
19413913,Midtown,250000,3
26498266,Hell's Kitchen,100000,3
12508507,Bedford-Stuyvesant,180000,4
5209862,Upper West Side,210000,5
3948961,Crown Heights,200000,5
7413539,Upper East Side,200000,6
15553889,Harlem,250000,8
8646825,Bedford-Stuyvesant,180000,4
2067827,Prospect-Lefferts Gardens,80000,4
55750283,Little Italy,60000,2
6115082,Greenpoint,30000,2
22231196,Flatiron District,50000,2
18486602,Clason Point,80000,4
11702701,Kingsbridge,50000,3
6138831,South Slope,100000,3
4219036,Upper West Side,210000,5
54375056,Chinatown,100000,3
7875262,Chelsea,80000,3
15629002,Corona,200000,6
50629357,Bushwick,120000,4
54168496,Williamsburg,200000,4
17794018,Highbridge,120000,4
46515274,Ditmars Steinway,80000,4
52230475,Midtown,250000,3
47349247,Jamaica,250000,7
45257135,East Flatbush,120000,5
24474638,Nolita,40000,2
13443550,Williamsburg,200000,4
50183099,Park Slope,150000,5
8363495,Gramercy,50000,2
18691505,Cypress Hills,100000,4
47632025,Upper East Side,200000,6
19703871,Hell's Kitchen,100000,3
24588964,Bedford-Stuyvesant,180000,4
6598897,Park Slope,150000,5
44828550,Harlem,250000,8
47635339,Washington Heights,170000,6
9481903,Upper West Side,210000,5
19960138,Williamsburg,200000,4
45137286,Washington Heights,170000,6
7088787,Theater District,120000,4
3424276,Hell's Kitchen,100000,3
46486003,Bedford-Stuyvesant,180000,4
2659893,Bedford-Stuyvesant,180000,4
18860509,Jackson Heights,180000,5
44608183,Astoria,250000,7
15872566,Ridgewood,100000,4
47223323,Flushing,200000,7
18463405,Hell's Kitchen,100000,3
45191964,Harlem,250000,8
53705668,Williamsburg,200000,4
57221610,Upper West Side,210000,5
55755253,East Flatbush,120000,5
55162083,Lower East Side,100000,3
9024046,Harlem,250000,8
13984252,East New York,150000,5
8455177,Jamaica,250000,7
57317710,Jamaica,250000,7
13783767,Bedford-Stuyvesant,180000,4
50025141,Sunnyside,120000,5
14961271,Washington Heights,170000,6
3687723,East Harlem,120000,5
19587336,Pelham Gardens,150000,5
3175741,Greenpoint,30000,2
11422132,Harlem,250000,8
43397541,Williamsburg,200000,4
25875823,Washington Heights,170000,6
51578761,Upper West Side,210000,5
7990693,Gramercy,50000,2
47574586,Ridgewood,100000,4
21651281,Chinatown,100000,3
48792960,Harlem,250000,8
24429350,Bushwick,120000,4
55848040,East Village,110000,3
19293512,East Elmhurst,100000,3
13598747,Crown Heights,200000,5
45434423,East Elmhurst,100000,3
46548412,Bronxdale,250000,6
15989101,East Harlem,120000,5
50012438,Woodhaven,100000,4
19436005,SoHo,120000,4
3466803,Williamsburg,200000,4
48627822,Washington Heights,170000,6
3593280,Sunset Park,250000,6
56307001,Inwood,60000,2
47159256,Ozone Park,150000,6
46261216,Washington Heights,170000,6
16634188,Upper West Side,210000,5
22947529,Bedford-Stuyvesant,180000,4
51036402,Park Slope,150000,5
27016323,Midtown,250000,3
26696541,Bedford-Stuyvesant,180000,4
55280275,South Ozone Park,150000,6
48555471,Gramercy,50000,2
23453988,Bayside,120000,4
8119378,Lower East Side,100000,3
4612273,Bensonhurst,180000,5
51761572,Bayside,120000,4
25705163,Bushwick,120000,4
55103539,Williamsburg,200000,4
52659060,Midtown,250000,3
46831190,Harlem,250000,8
12126867,Bedford-Stuyvesant,180000,4
25566535,Williamsburg,200000,4
6671248,Gramercy,50000,2
54365114,East Harlem,120000,5
52756817,Astoria,250000,7
17636612,East Harlem,120000,5
53674739,Longwood,120000,4
3672259,Upper East Side,200000,6
55496777,East Elmhurst,100000,3
53712296,Highbridge,120000,4
55137782,Cobble Hill,60000,2
25570954,East Flatbush,120000,5
1433235,Bedford-Stuyvesant,180000,4
10953782,Arverne,40000,2
3269632,Upper East Side,200000,6
9115175,Two Bridges,40000,2
56083320,Theater District,120000,4
26001196,Upper East Side,200000,6
13724119,Williamsburg,200000,4
50237224,Long Island City,180000,6
20746061,Bushwick,120000,4
23332482,Greenpoint,30000,2
26312140,Lower East Side,100000,3
2691374,Brooklyn Heights,100000,3
43068922,Williamsburg,200000,4
25345615,East Flatbush,120000,5
9035092,Harlem,250000,8
20348957,Midtown,250000,3
17578621,Bedford-Stuyvesant,180000,4
45512850,Rosedale,150000,6
25390352,Williamsburg,200000,4
46857700,East Harlem,120000,5
11225514,Hell's Kitchen,100000,3
23570523,Harlem,250000,8
56113144,Hell's Kitchen,100000,3
2211978,Harlem,250000,8
45117403,Bedford-Stuyvesant,180000,4
13139233,Brooklyn Heights,100000,3
15876984,Williamsburg,200000,4
50829290,Bedford-Stuyvesant,180000,4
2810671,East Village,110000,3
7432317,Crown Heights,200000,5
22879044,Roosevelt Island,15000,2
13533575,Downtown Brooklyn,150000,5
54048646,East Village,110000,3
1503929,Hell's Kitchen,100000,3
3080193,Upper West Side,210000,5
46625734,East Harlem,120000,5
2670939,Upper West Side,210000,5
48269379,Williamsburg,200000,4
7878576,Upper East Side,200000,6
24338220,East Harlem,120000,5
10478804,East New York,150000,5
50496253,Bushwick,120000,4
19143286,Jamaica,250000,7
9433852,Bedford-Stuyvesant,180000,4
3376226,Upper West Side,210000,5
7943195,East Harlem,120000,5
11121129,Williamsburg,200000,4
23050809,East Flatbush,120000,5
17679691,Hell's Kitchen,100000,3
5606966,Lower East Side,100000,3
50522211,Bushwick,120000,4
4764156,Nolita,40000,2
23496515,Gowanus,40000,2
47980526,Chelsea,80000,3
18296611,Wakefield,100000,4
12882414,Gowanus,40000,2
3194519,Bedford-Stuyvesant,180000,4
19344876,Upper East Side,200000,6
4403504,Crown Heights,200000,5
3900359,East Village,110000,3
20772571,Elmhurst,120000,5
46852177,Hell's Kitchen,100000,3
20474329,Hell's Kitchen,100000,3
45265972,Williamsburg,200000,4
12895669,East Village,110000,3
25571506,Chelsea,80000,3
18881496,Gramercy,50000,2
16653518,Bushwick,120000,4
20361660,East Harlem,120000,5
55112376,Flatbush,180000,5
21074680,Chinatown,100000,3
21138194,Nolita,40000,2
54171809,Midtown,250000,3
24940780,Sheepshead Bay,100000,3
13776587,Upper West Side,210000,5
21149240,Chinatown,100000,3
5829543,Sunnyside,120000,5
44117740,Middle Village,120000,5
43673139,Lower East Side,100000,3
50614997,Williamsburg,200000,4
50434948,Hell's Kitchen,100000,3
4772440,SoHo,120000,4
48657646,Rosedale,150000,6
19719335,West Village,100000,2
48112526,Hell's Kitchen,100000,3
1926991,Upper East Side,200000,6
47481247,Williamsburg,200000,4
55547036,Fort Greene,70000,3
54241399,Financial District,40000,2
10703590,Harlem,250000,8
12842096,East Harlem,120000,5
27087570,Chelsea,80000,3
11925830,Astoria,250000,7
54730737,Midtown,250000,3
4650382,Crown Heights,200000,5
4368709,Nolita,40000,2
48060058,Kensington,35000,2
21207784,Midwood,180000,5
42952387,Flatbush,180000,5
2010388,Bushwick,120000,4
19649193,Flushing,200000,7
3326519,Hell's Kitchen,100000,3
11296760,Greenpoint,30000,2
8658423,East Village,110000,3
15978055,Crown Heights,200000,5
16583928,Bedford-Stuyvesant,180000,4
26957227,Bedford-Stuyvesant,180000,4
14491264,Crown Heights,200000,5
47859020,Bushwick,120000,4
3407707,SoHo,120000,4
12107537,Midtown,250000,3
55117899,Harlem,250000,8
52445320,Harlem,250000,8
50875683,Bedford-Stuyvesant,180000,4
2943775,Williamsburg,200000,4
49132072,Upper East Side,200000,6
21263014,Bushwick,120000,4
11654098,Upper West Side,210000,5
3822484,Sunnyside,120000,5
47855707,Upper East Side,200000,6
2796311,East Village,110000,3
16897635,Astoria,250000,7
23139177,Greenpoint,30000,2
24651927,Bedford-Stuyvesant,180000,4
1070374,Prospect-Lefferts Gardens,80000,4
14302377,Murray Hill,60000,2
26726365,Springfield Gardens,150000,5
14409523,Williamsburg,200000,4
5078415,Boerum Hill,50000,2
46867090,Unionport,100000,4
21854527,Chelsea,80000,3
52040484,Lower East Side,100000,3
22082627,Fieldston,50000,3
14420017,Prospect-Lefferts Gardens,80000,4
18834551,Harlem,250000,8
18611974,Prospect-Lefferts Gardens,80000,4
48772525,Harlem,250000,8
46485450,Sunnyside,120000,5
3388377,Flatbush,180000,5
20838295,Hell's Kitchen,100000,3
12816690,Jamaica,250000,7
45523344,University Heights,150000,6
1519946,East Village,110000,3
17270437,Lower East Side,100000,3
43966962,Greenwich Village,150000,3
10504762,Williamsburg,200000,4
54483859,Bushwick,120000,4
44839596,Midtown,250000,3
15392065,Marble Hill,30000,2
48137932,Prospect Heights,90000,4
51867061,Brighton Beach,120000,5
54450169,Long Island City,180000,6
54080680,East Harlem,120000,5
47258118,Carroll Gardens,40000,2
47486218,Chinatown,100000,3
3073566,Williamsburg,200000,4
20889659,Bedford-Stuyvesant,180000,4
18810802,Bedford-Stuyvesant,180000,4
3227657,Astoria,250000,7
7018645,Crown Heights,200000,5
4475303,Upper East Side,200000,6
1073687,Clinton Hill,50000,3
54648444,Upper West Side,210000,5
21621457,Crown Heights,200000,5
42892739,Williamsburg,200000,4
55359254,East Flatbush,120000,5
1316147,Bushwick,120000,4
2296480,Sunset Park,250000,6
47411105,East Harlem,120000,5
43355566,Bedford-Stuyvesant,180000,4
20121962,Bushwick,120000,4
18421983,Clinton Hill,50000,3
4765813,Williamsburg,200000,4
1900480,Tribeca,100000,4
45411227,Upper East Side,200000,6
18931756,Chelsea,80000,3
11865629,Bedford-Stuyvesant,180000,4
9127326,East Flatbush,120000,5
10984711,Bushwick,120000,4
51625154,Fort Hamilton,100000,4
52696616,Glendale,80000,3
17906687,South Slope,100000,3
9242757,Kensington,35000,2
3534736,Boerum Hill,50000,2
52817017,Sunset Park,250000,6
49496590,West Village,100000,2
5593711,Crown Heights,200000,5
3777196,East Village,110000,3
47661297,Morningside Heights,150000,5
47314453,Crown Heights,200000,5
3547991,Prospect-Lefferts Gardens,80000,4
55740894,Fort Hamilton,100000,4
45082608,Hell's Kitchen,100000,3
2050154,Bushwick,120000,4
22112451,Gramercy,50000,2
51558878,South Ozone Park,150000,6
24760730,Williamsburg,200000,4
24324413,Middle Village,120000,5
7452200,SoHo,120000,4
18366753,Williamsburg,200000,4
49473946,Chelsea,80000,3
14052185,Greenpoint,30000,2
6279115,East Village,110000,3
5759953,Astoria,250000,7
43194295,Crown Heights,200000,5
2921131,Harlem,250000,8
49639636,Ridgewood,100000,4
20107602,South Ozone Park,150000,6
54227592,Concord,60000,3
48135170,East Village,110000,3
50126212,Midtown,250000,3
52406106,Bushwick,120000,4
5182247,Fort Greene,70000,3
23883677,Financial District,40000,2
49016641,Harlem,250000,8
15660483,Richmond Hill,180000,5
48641629,Hell's Kitchen,100000,3
4041195,Chelsea,80000,3
14033407,Chinatown,100000,3
55647555,Bedford-Stuyvesant,180000,4
14724334,Concord,60000,3
9645383,Bedford-Stuyvesant,180000,4
47125566,Harlem,250000,8
5170096,Prospect-Lefferts Gardens,80000,4
55769613,East Village,110000,3
25987388,Bay Ridge,200000,5
47963957,East Village,110000,3
44813638,East Village,110000,3
17636060,Sunset Park,250000,6
44989822,Bedford-Stuyvesant,180000,4
25028595,Dongan Hills,150000,5
46044163,Concord,60000,3
24786136,Fort Greene,70000,3
18677698,Jamaica,250000,7
20642229,East Elmhurst,100000,3
26470651,St. Albans,70000,3
53291443,Financial District,40000,2
3662317,Williamsburg,200000,4
48973009,Harlem,250000,8
51991329,Williamsburg,200000,4
50313994,Park Slope,150000,5
4983971,Fort Greene,70000,3
21821389,East Harlem,120000,5
9955776,Fort Greene,70000,3
13265710,Greenpoint,30000,2
5979768,Harlem,250000,8
2535625,Bedford-Stuyvesant,180000,4
24175292,Belmont,120000,5
1296264,Washington Heights,170000,6
1436548,Chinatown,100000,3
19273629,Gowanus,40000,2
48896792,Hell's Kitchen,100000,3
17859189,Bushwick,120000,4
54877096,Williamsburg,200000,4
4540474,Hell's Kitchen,100000,3
56018701,Carroll Gardens,40000,2
16355276,East Village,110000,3
20238497,Windsor Terrace,30000,2
49883200,East Harlem,120000,5
53150054,Bedford-Stuyvesant,180000,4
17844829,Lower East Side,100000,3
26539136,Bedford-Stuyvesant,180000,4
26609278,Canarsie,120000,4
43345625,Bedford-Stuyvesant,180000,4
12262733,Norwood,100000,4
7786342,Hell's Kitchen,100000,3
51611347,Flushing,200000,7
24418304,Bedford-Stuyvesant,180000,4
55184728,Flushing,200000,7
44221573,Hell's Kitchen,100000,3
17314069,East Village,110000,3
47533163,Inwood,60000,2
6292370,East Village,110000,3
23472766,Long Island City,180000,6
55209581,Williamsburg,200000,4
23673251,Williamsburg,200000,4
56847151,Maspeth,60000,3
6607733,Bushwick,120000,4
44811429,Kingsbridge,50000,3
19338801,Woodside,150000,4
53478121,Harlem,250000,8
4845344,East Harlem,120000,5
20814546,Hell's Kitchen,100000,3
1389603,Arrochar,15000,2
4116860,Bushwick,120000,4
44885437,Crown Heights,200000,5
1744732,Tribeca,100000,4
52447529,Washington Heights,170000,6
3000662,Theater District,120000,4
5222013,Kips Bay,50000,2
27286950,Bushwick,120000,4
13491601,Chelsea,80000,3
14362578,Williamsburg,200000,4
16419895,Williamsburg,200000,4
15009321,Crown Heights,200000,5
46963742,Marble Hill,30000,2
44736316,Prospect-Lefferts Gardens,80000,4
23317570,Elmhurst,120000,5
25140712,Williamsburg,200000,4
23687611,Bedford-Stuyvesant,180000,4
22191982,Hell's Kitchen,100000,3
2498069,East Harlem,120000,5
48470969,Midtown,250000,3
48903420,Williamsburg,200000,4
43623984,Williamsburg,200000,4
2764278,Hell's Kitchen,100000,3
46436848,Astoria,250000,7
12704021,Fordham,200000,7
3551305,Greenpoint,30000,2
55080343,Bedford-Stuyvesant,180000,4
55215104,Bushwick,120000,4
45146675,Harlem,250000,8
2389818,Bedford-Stuyvesant,180000,4
23229202,Longwood,120000,4
54347441,Bushwick,120000,4
11619856,Williamsburg,200000,4
13223183,Crown Heights,200000,5
1242691,Williamsburg,200000,4
55754149,East Elmhurst,100000,3
5397644,Greenpoint,30000,2
56911217,Washington Heights,170000,6
6333240,Nolita,40000,2
52960615,Bedford-Stuyvesant,180000,4
45593486,Williamsburg,200000,4
47634787,Washington Heights,170000,6
48969696,Flatbush,180000,5
54735155,Williamsburg,200000,4
49183436,East Village,110000,3
25802368,Williamsburg,200000,4
22237271,East New York,150000,5
49002834,Sunset Park,250000,6
47970585,Upper West Side,210000,5
44269070,Flatbush,180000,5
26451320,Fort Greene,70000,3
7176050,Bushwick,120000,4
43556603,South Ozone Park,150000,6
27401276,Williamsburg,200000,4
24193518,Financial District,40000,2
23486021,Greenwich Village,150000,3
53949785,Washington Heights,170000,6
18039239,Midwood,180000,5
53762003,Flatlands,50000,3
56364440,Greenwich Village,150000,3
53658170,Gowanus,40000,2
7827212,Prospect Heights,90000,4
25429013,Ridgewood,100000,4
46218689,Harlem,250000,8
26324291,Woodside,150000,4
46783692,East Flatbush,120000,5
25319105,Woodhaven,100000,4
23830657,Sunnyside,120000,5
22570860,East Flatbush,120000,5
52333755,East Elmhurst,100000,3
11379053,Harlem,250000,8
10974769,Kips Bay,50000,2
52877218,Clinton Hill,50000,3
1752464,Brooklyn Heights,100000,3
21410478,Morningside Heights,150000,5
3455757,Kensington,35000,2
12321277,Williamsburg,200000,4
19841946,Brownsville,180000,7
7270493,Washington Heights,170000,6
20435668,Queens Village,120000,4
8876582,East Harlem,120000,5
20926663,Hell's Kitchen,100000,3
26773311,Boerum Hill,50000,2
3520376,Crown Heights,200000,5
23729586,Middle Village,120000,5
1925886,Clinton Hill,50000,3
51956534,Upper East Side,200000,6
51105440,Ditmars Steinway,80000,4
18947772,Williamsburg,200000,4
24760177,Financial District,40000,2
27515602,Financial District,40000,2
20582028,Cypress Hills,100000,4
14373071,Bedford-Stuyvesant,180000,4
53345016,East Elmhurst,100000,3
48358300,Hell's Kitchen,100000,3
9891709,Clinton Hill,50000,3
19715469,Harlem,250000,8
26752324,Chelsea,80000,3
27354883,Bushwick,120000,4
2509115,St. Albans,70000,3
47912041,Bedford-Stuyvesant,180000,4
46368915,Flatlands,50000,3
50137810,Bushwick,120000,4
21506026,East Harlem,120000,5
55847488,Chinatown,100000,3
15521855,Belmont,120000,5
18289983,Upper West Side,210000,5
48046250,Bushwick,120000,4
47282971,Woodside,150000,4
4904992,Harlem,250000,8
7945956,Astoria,250000,7
23517502,Flatlands,50000,3
18090603,Upper West Side,210000,5
7405807,Bushwick,120000,4
48527303,Sunnyside,120000,5
15441772,Carroll Gardens,40000,2
2711257,Williamsburg,200000,4
51365021,Fort Hamilton,100000,4
11432626,Forest Hills,180000,6
43833858,Hell's Kitchen,100000,3
20271635,Harlem,250000,8
45078190,Kips Bay,50000,2
19353160,Woodside,150000,4
16675610,Upper West Side,210000,5
7502459,Williamsburg,200000,4
7281539,Bedford-Stuyvesant,180000,4
18452359,Bedford-Stuyvesant,180000,4
3181264,Hell's Kitchen,100000,3
54983690,Lower East Side,100000,3
19064308,St. George,150000,5
15472148,Bedford-Stuyvesant,180000,4
1593402,Upper West Side,210000,5
48086016,East Harlem,120000,5
52025019,Williamsburg,200000,4
53183745,Fresh Meadows,120000,4
11489513,Williamsburg,200000,4
50989457,Upper East Side,200000,6
5763267,Upper West Side,210000,5
57349744,East Village,110000,3
26245312,Williamsburg,200000,4
44662860,Prospect-Lefferts Gardens,80000,4
4002534,Greenpoint,30000,2
9119594,Williamsburg,200000,4
46511961,Bedford-Stuyvesant,180000,4
44741839,Upper West Side,210000,5
44533070,Williamsburg,200000,4
51874794,Longwood,120000,4
48515705,Elmhurst,120000,5
53035176,Concourse Village,80000,5
54941163,Crown Heights,200000,5
24386823,Hell's Kitchen,100000,3
53428414,Bushwick,120000,4
16524280,Gowanus,40000,2
13693190,Bushwick,120000,4
7677538,Harlem,250000,8
24856830,East Harlem,120000,5
45293035,Williamsburg,200000,4
46193284,Arverne,40000,2
53810605,Prospect-Lefferts Gardens,80000,4
43326294,Midland Beach,100000,4
10379390,Bedford-Stuyvesant,180000,4
23832313,Chelsea,80000,3
57186815,Highbridge,120000,4
54382788,Bedford-Stuyvesant,180000,4
15272768,East Village,110000,3
24955139,East Harlem,120000,5
6311148,Harlem,250000,8
22579697,Woodside,150000,4
25748794,Financial District,40000,2
56236859,Cypress Hills,100000,4
26049246,Astoria,250000,7
8687695,Greenpoint,30000,2
25330151,Crown Heights,200000,5
55504509,St. Albans,70000,3
4863018,Carroll Gardens,40000,2
49895903,Williamsburg,200000,4
7594141,East Village,110000,3
47219457,Windsor Terrace,30000,2
26299990,Ditmars Steinway,80000,4
50650345,Flatbush,180000,5
42967299,Bushwick,120000,4
5662196,Greenwich Village,150000,3
16235979,Greenpoint,30000,2
56317495,Chelsea,80000,3
3274603,Morningside Heights,150000,5
26934030,Fort Greene,70000,3
6126680,Flatiron District,50000,2
4355454,Upper West Side,210000,5
5066816,East Village,110000,3
18487154,Canarsie,120000,4
47490636,Civic Center,80000,3
8090107,East Village,110000,3
7893488,Williamsburg,200000,4
14020704,Bushwick,120000,4
10731205,Inwood,60000,2
56870899,Bedford-Stuyvesant,180000,4
26122702,Boerum Hill,50000,2
23497620,Crown Heights,200000,5
14405657,Long Island City,180000,6
21031048,Sunnyside,120000,5
56176106,Maspeth,60000,3
11600525,Gowanus,40000,2
7785237,Chelsea,80000,3
6453089,Lower East Side,100000,3
5149661,East Village,110000,3
9033987,Lower East Side,100000,3
23189989,East Flatbush,120000,5
50911582,Bedford-Stuyvesant,180000,4
19523269,Williamsburg,200000,4
1208449,Crown Heights,200000,5
22978458,Fort Greene,70000,3
11109531,East New York,150000,5
1638138,Midtown,250000,3
4581897,Upper East Side,200000,6
20996805,Jackson Heights,180000,5
4521696,Upper East Side,200000,6
1630406,Bedford-Stuyvesant,180000,4
23165135,Washington Heights,170000,6
16268013,Bedford-Stuyvesant,180000,4
48339521,Midtown,250000,3
51609690,Fordham,200000,7
14292988,Crown Heights,200000,5
48000961,Upper East Side,200000,6
50318965,Bedford-Stuyvesant,180000,4
18565028,Throgs Neck,100000,4
3559590,Upper East Side,200000,6
18832894,Little Italy,60000,2
24946855,SoHo,120000,4
57291200,Chinatown,100000,3
43966410,West Village,100000,2
4751453,Bushwick,120000,4
49079603,Flatbush,180000,5
44859479,Upper East Side,200000,6
20860387,Bushwick,120000,4
47325499,Crown Heights,200000,5
24936361,Hell's Kitchen,100000,3
22258811,Harlem,250000,8
10567724,Gowanus,40000,2
7055096,Park Slope,150000,5
21555181,Greenpoint,30000,2
21434227,Bushwick,120000,4
53438907,Highbridge,120000,4
53036281,Astoria,250000,7
23347946,East Village,110000,3
55460878,Jackson Heights,180000,5
21805372,Woodside,150000,4
2800177,Bedford-Stuyvesant,180000,4
47451423,Harlem,250000,8
12271018,East Flatbush,120000,5
7641639,Crown Heights,200000,5
25535054,Bushwick,120000,4
12446097,Ditmars Steinway,80000,4
8706473,Williamsburg,200000,4
7554928,Midtown,250000,3
25218034,Crown Heights,200000,5
49752857,Bedford-Stuyvesant,180000,4
48428994,Maspeth,60000,3
50508956,Crown Heights,200000,5
14342143,South Ozone Park,150000,6
21054797,Woodside,150000,4
17697917,Bushwick,120000,4
53034071,Harlem,250000,8
8086240,Harlem,250000,8
17994502,Crown Heights,200000,5
46674889,SoHo,120000,4
42897157,Chelsea,80000,3
8109989,East Village,110000,3
25088796,Astoria,250000,7
6511081,Greenpoint,30000,2
52535897,Jackson Heights,180000,5
55780107,Rosedale,150000,6
9058288,Harlem,250000,8
7608501,Williamsburg,200000,4
11818684,Bedford-Stuyvesant,180000,4
18351288,Morrisania,100000,4
9925952,Upper East Side,200000,6
24737533,Hell's Kitchen,100000,3
1401201,Crown Heights,200000,5
18588777,Greenwich Village,150000,3
56832238,Greenpoint,30000,2
26386701,Sunnyside,120000,5
6780051,Midtown,250000,3
12680824,Sheepshead Bay,100000,3
17224596,East Flatbush,120000,5
55217313,Clifton,30000,2
20809576,Belmont,120000,5
49169628,Astoria,250000,7
54150270,Crown Heights,200000,5
24338773,East Village,110000,3
17656495,Chelsea,80000,3
18255188,Washington Heights,170000,6
3751238,Greenwich Village,150000,3
26317111,Woodhaven,100000,4
10252361,Lower East Side,100000,3
3740192,Williamsburg,200000,4
25997882,East Village,110000,3
17342236,Williamsburg,200000,4
19116776,Maspeth,60000,3
3499941,Crown Heights,200000,5
26062501,Bedford-Stuyvesant,180000,4
22797856,Bedford-Stuyvesant,180000,4
7352234,Bushwick,120000,4
43225223,Harlem,250000,8
14453707,Crown Heights,200000,5
26625295,Bushwick,120000,4
15738909,Murray Hill,60000,2
43806243,East Village,110000,3
42829777,Hell's Kitchen,100000,3
22030711,Upper East Side,200000,6
20332941,Hell's Kitchen,100000,3
2589199,East Flatbush,120000,5
21853975,East Flatbush,120000,5
18644560,Chelsea,80000,3
54718586,Upper East Side,200000,6
56865376,Hell's Kitchen,100000,3
19920373,Chelsea,80000,3
13864955,Upper West Side,210000,5
23396549,Greenpoint,30000,2
56962029,Ditmars Steinway,80000,4
17487491,Flushing,200000,7
53366556,Washington Heights,170000,6
12921627,Hell's Kitchen,100000,3
54504294,Bedford-Stuyvesant,180000,4
3270184,Hell's Kitchen,100000,3
47678418,Boerum Hill,50000,2
7098728,Williamsburg,200000,4
9132849,Kingsbridge,50000,3
11423237,Williamsburg,200000,4
3511540,Bedford-Stuyvesant,180000,4
1598372,Harlem,250000,8
48013112,Clinton Hill,50000,3
53169937,Murray Hill,60000,2
44661756,Fresh Meadows,120000,4
47558569,Upper East Side,200000,6
19996038,Bushwick,120000,4
2379877,Brooklyn Heights,100000,3
54193901,SoHo,120000,4
1448699,Carroll Gardens,40000,2
8089554,Upper East Side,200000,6
7775848,Upper West Side,210000,5
1841937,South Slope,100000,3
4549864,Harlem,250000,8
20372706,Crown Heights,200000,5
8325386,Williamsburg,200000,4
27310147,Astoria,250000,7
16407745,Flatbush,180000,5
3771673,Astoria,250000,7
26001748,Bushwick,120000,4
54554553,South Slope,100000,3
11427103,St. Albans,70000,3
10941631,East Village,110000,3
20918931,Jackson Heights,180000,5
42910412,Carroll Gardens,40000,2
4807788,Crown Heights,200000,5
51753840,Gramercy,50000,2
10741147,Upper West Side,210000,5
23805803,Harlem,250000,8
19034483,Upper West Side,210000,5
3525347,Park Slope,150000,5
17541616,Williamsburg,200000,4
15809604,Financial District,40000,2
52614323,Highbridge,120000,4
7337322,Park Slope,150000,5
21540268,Astoria,250000,7
9342171,Crown Heights,200000,5
24398421,Bedford-Stuyvesant,180000,4
47222771,Upper West Side,210000,5
21018897,Bedford-Stuyvesant,180000,4
8055312,Williamsburg,200000,4
5585978,Prospect-Lefferts Gardens,80000,4
44222677,East Harlem,120000,5
47701615,Midtown,250000,3
9304614,Fort Hamilton,100000,4
17634403,Arrochar,15000,2
48543872,East Village,110000,3
47416628,East Flatbush,120000,5
10962067,Bushwick,120000,4
22211865,Harlem,250000,8
47807656,Sunnyside,120000,5
50418931,Midtown,250000,3
49410983,Crown Heights,200000,5
8318759,Upper West Side,210000,5
43453876,Prospect Heights,90000,4
11555789,Bath Beach,150000,5
5240239,Upper East Side,200000,6
57061443,Astoria,250000,7
53082674,Bushwick,120000,4
2638906,Murray Hill,60000,2
47529850,Prospect Heights,90000,4
16075812,Upper West Side,210000,5
9706689,Williamsburg,200000,4
16562941,Crown Heights,200000,5
45174290,Borough Park,250000,6
43132989,Upper East Side,200000,6
14811045,Arverne,40000,2
6853507,Crown Heights,200000,5
24520479,East Village,110000,3
24903223,Washington Heights,170000,6
54743440,Hell's Kitchen,100000,3
20632840,Harlem,250000,8
4069915,East Village,110000,3
10954887,Chelsea,80000,3
53088197,Prospect-Lefferts Gardens,80000,4
9232815,South Slope,100000,3
22612835,Bushwick,120000,4
14833690,East Village,110000,3
18279489,Ridgewood,100000,4
13783215,Bedford-Stuyvesant,180000,4
3235390,Williamsburg,200000,4
8476717,Bedford-Stuyvesant,180000,4
9176481,Kips Bay,50000,2
22967964,Hell's Kitchen,100000,3
43646628,Inwood,60000,2
4659771,Hell's Kitchen,100000,3
20299803,Nolita,40000,2
5814631,Upper East Side,200000,6
12097043,Sunset Park,250000,6
53901182,Jamaica,250000,7
50744236,Sunset Park,250000,6
9780145,Midtown,250000,3
5874279,Astoria,250000,7
7333456,Williamsburg,200000,4
1808799,Hell's Kitchen,100000,3
9736513,Williamsburg,200000,4
1695577,East Village,110000,3
24765700,Bedford-Stuyvesant,180000,4
45196934,Harlem,250000,8
10903523,Maspeth,60000,3
17513449,Harlem,250000,8
9671341,Sunnyside,120000,5
23504800,Bedford-Stuyvesant,180000,4
19474114,Bushwick,120000,4
47162570,Williamsburg,200000,4
9473066,Prospect-Lefferts Gardens,80000,4
9727124,Midtown,250000,3
18626886,Neponsit,30000,2
26765026,Harlem,250000,8
5535719,West Village,100000,2
2082187,Lower East Side,100000,3
47520460,Bedford-Stuyvesant,180000,4
26946181,Bedford-Stuyvesant,180000,4
1062641,Hell's Kitchen,100000,3
16822522,Borough Park,250000,6
4685729,Williamsburg,200000,4
20223585,East Flatbush,120000,5
44964416,East Harlem,120000,5
44395547,Upper East Side,200000,6
20377125,Prospect Heights,90000,4
17515658,Pelham Bay,200000,7
1915393,Park Slope,150000,5
11652994,Bedford-Stuyvesant,180000,4
3612058,Bedford-Stuyvesant,180000,4
53041251,Greenwich Village,150000,3
20841609,Cypress Hills,100000,4
43043517,East New York,150000,5
10855473,Hell's Kitchen,100000,3
9608932,Harlem,250000,8
57330413,Jamaica,250000,7
7162795,Upper East Side,200000,6
47381281,Financial District,40000,2
25470435,East Elmhurst,100000,3
14957405,Crown Heights,200000,5
3111122,Lower East Side,100000,3
1629301,Hell's Kitchen,100000,3
4728256,East Harlem,120000,5
14523297,East Harlem,120000,5
46772094,Murray Hill,60000,2
7583647,Bedford-Stuyvesant,180000,4
42815417,Harlem,250000,8
14943597,Ditmars Steinway,80000,4
53849818,Flatbush,180000,5
21573959,Ditmars Steinway,80000,4
52825302,Greenpoint,30000,2
43832201,Harlem,250000,8
55698919,Ditmars Steinway,80000,4
25974133,Astoria,250000,7
17032396,Greenpoint,30000,2
19973946,Midtown,250000,3
45183127,Harlem,250000,8
48237346,Harlem,250000,8
43138512,St. George,150000,5
13941173,Rosedale,150000,6
25432327,Crown Heights,200000,5
27238348,Bedford-Stuyvesant,180000,4
50407333,Kensington,35000,2
46069016,Rockaway Beach,60000,3
50966812,Chinatown,100000,3
14640385,Upper East Side,200000,6
13413726,Tribeca,100000,4
27062164,Hell's Kitchen,100000,3
46196045,Harlem,250000,8
10720711,Briarwood,80000,4
48087673,Astoria,250000,7
50557558,Kips Bay,50000,2
50038948,Ozone Park,150000,6
23593168,West Village,100000,2
13261844,Kingsbridge,50000,3
20881375,South Slope,100000,3
4931503,Park Slope,150000,5
3452443,Chelsea,80000,3
1218390,Williamsburg,200000,4
50605056,Upper East Side,200000,6
55119556,East Harlem,120000,5
50231701,West Village,100000,2
10606938,Astoria,250000,7
44574492,Upper West Side,210000,5
17895088,Midtown,250000,3
53917751,Forest Hills,180000,6
14244938,Harlem,250000,8
53453819,South Ozone Park,150000,6
43431784,Bushwick,120000,4
11835253,Bedford-Stuyvesant,180000,4
53630003,Washington Heights,170000,6
55393497,Bedford-Stuyvesant,180000,4
4399638,Washington Heights,170000,6
18742317,Bedford-Stuyvesant,180000,4
26039857,Harlem,250000,8
3197833,Red Hook,120000,5
3480058,Williamsburg,200000,4
42904889,Williamsburg,200000,4
56358917,Bedford-Stuyvesant,180000,4
43914494,Fordham,200000,7
57119434,Astoria,250000,7
52688332,East Harlem,120000,5
51664367,Jamaica,250000,7
16011193,Harlem,250000,8
23624096,Harlem,250000,8
52657955,Midtown,250000,3
1523260,Upper East Side,200000,6
54602603,SoHo,120000,4
15489822,Williamsburg,200000,4
48469312,Lower East Side,100000,3
48982951,Hell's Kitchen,100000,3
17893432,Midtown,250000,3
45976782,Upper West Side,210000,5
18870450,Sunnyside,120000,5
3929631,Bedford-Stuyvesant,180000,4
43133542,Astoria,250000,7
50406780,Financial District,40000,2
51371648,Fordham,200000,7
20942680,Flatlands,50000,3
6204002,Bushwick,120000,4
10975322,East Village,110000,3
45868531,East Harlem,120000,5
57211116,East Harlem,120000,5
54491591,Ditmars Steinway,80000,4
55945245,SoHo,120000,4
5211519,Greenpoint,30000,2
54433047,Sunset Park,250000,6
24731458,West Village,100000,2
9286388,Bushwick,120000,4
53347225,Prospect-Lefferts Gardens,80000,4
8575026,Midtown,250000,3
48827202,Woodhaven,100000,4
18959923,Upper West Side,210000,5
54164077,Harlem,250000,8
7553823,Midtown,250000,3
14461439,Williamsburg,200000,4
21615381,East Flatbush,120000,5
16390071,Greenwich Village,150000,3
12046784,Chelsea,80000,3
13452387,East Flatbush,120000,5
44644082,Windsor Terrace,30000,2
5534062,Carroll Gardens,40000,2
25417967,Chinatown,100000,3
4844792,Astoria,250000,7
6496721,Chelsea,80000,3
47606067,Corona,200000,6
2743843,Williamsburg,200000,4
6625407,East Village,110000,3
12673644,Bushwick,120000,4
43174412,Woodlawn,100000,4
3333147,Midtown,250000,3
49330348,Bedford-Stuyvesant,180000,4
12709544,Williamsburg,200000,4
17314621,Midtown,250000,3
6817055,Williamsburg,200000,4
10121466,Bedford-Stuyvesant,180000,4
51091632,East Harlem,120000,5
9993332,Sunset Park,250000,6
51603062,Woodhaven,100000,4
52463545,Elmhurst,120000,5
1735343,Greenpoint,30000,2
24606086,East Harlem,120000,5
13339166,Chelsea,80000,3
13276756,Middle Village,120000,5
26293915,Lower East Side,100000,3
45486892,Upper East Side,200000,6
20823383,Williamsburg,200000,4
5010482,East Harlem,120000,5
23680431,Inwood,60000,2
18226468,Hell's Kitchen,100000,3
21344754,Murray Hill,60000,2
18748944,College Point,60000,3
2838286,Crown Heights,200000,5
13307132,Upper West Side,210000,5
51386008,Upper East Side,200000,6
21912519,East Harlem,120000,5
16005118,Douglaston,120000,4
56349528,Washington Heights,170000,6
49385025,Hell's Kitchen,100000,3
43127466,Bath Beach,150000,5
22834860,Bedford-Stuyvesant,180000,4
19019019,East Village,110000,3
56516323,Harlem,250000,8
46225317,Kensington,35000,2
55390735,Harlem,250000,8
51197674,Hell's Kitchen,100000,3
5782597,Canarsie,120000,4
19262031,Greenwich Village,150000,3
21234294,Williamsburg,200000,4
24798286,East Harlem,120000,5
7973571,Morningside Heights,150000,5
52916984,Harlem,250000,8
12517343,Tribeca,100000,4
21215516,Williamsburg,200000,4
6988268,Crown Heights,200000,5
45307394,Stapleton,120000,5
27331686,Long Island City,180000,6
4954147,Bedford-Stuyvesant,180000,4
5650597,Washington Heights,170000,6
48049564,Sheepshead Bay,100000,3
12074951,Inwood,60000,2
45393553,Bushwick,120000,4
4990599,Midtown,250000,3
14857991,Richmond Hill,180000,5
54192797,Hell's Kitchen,100000,3
46031460,Prospect-Lefferts Gardens,80000,4
16288448,Sunset Park,250000,6
17341132,Longwood,120000,4
47028361,Flatlands,50000,3
44539697,Gramercy,50000,2
6052120,Bushwick,120000,4
48647152,Williamsburg,200000,4
8106123,Chelsea,80000,3
55798333,Jamaica,250000,7
23614707,East Harlem,120000,5
3353582,Morningside Heights,150000,5
2130790,South Slope,100000,3
17323458,Bedford-Stuyvesant,180000,4
25062838,Upper East Side,200000,6
19043872,East Harlem,120000,5
4977344,Midtown,250000,3
13429743,Jamaica,250000,7
11684475,Williamsburg,200000,4
7086025,Astoria,250000,7
22861370,Harlem,250000,8
12843200,East Harlem,120000,5
26431990,Hell's Kitchen,100000,3
52951779,Williamsburg,200000,4
5476623,Longwood,120000,4
45616682,Williamsburg,200000,4
44422610,Springfield Gardens,150000,5
55577965,East New York,150000,5
18535204,Ridgewood,100000,4
12383687,Williamsburg,200000,4
44898140,Harlem,250000,8
45939226,Washington Heights,170000,6
19839184,Greenwich Village,150000,3
1335478,Chinatown,100000,3
2717884,Midtown,250000,3
3301666,Hell's Kitchen,100000,3
47439272,East Harlem,120000,5
13958294,Prospect Heights,90000,4
46373333,Inwood,60000,2
24144363,Bayside,120000,4
42900471,Upper West Side,210000,5
1838071,Murray Hill,60000,2
3383406,Williamsburg,200000,4
45977334,Long Island City,180000,6
9271476,SoHo,120000,4
5546213,Upper East Side,200000,6
55334953,Bedford-Stuyvesant,180000,4
25231289,Todt Hill,150000,5
49979300,East Harlem,120000,5
22298024,Harlem,250000,8
13418145,Bedford-Stuyvesant,180000,4
21291733,Crown Heights,200000,5
5161260,Greenpoint,30000,2
45248298,Williamsburg,200000,4
18765513,Williamsburg,200000,4
56542281,Bedford-Stuyvesant,180000,4
3708711,Williamsburg,200000,4
20522932,South Ozone Park,150000,6
54153031,Inwood,60000,2
53779676,East Flatbush,120000,5
51491497,Astoria,250000,7
46314790,Bedford-Stuyvesant,180000,4
43574277,Bedford-Stuyvesant,180000,4
45914372,Clinton Hill,50000,3
18159088,Harlem,250000,8
51339615,Upper East Side,200000,6
6307834,Bedford-Stuyvesant,180000,4
15918407,Hell's Kitchen,100000,3
18681011,Highbridge,120000,4
55181414,Windsor Terrace,30000,2
9571375,Hell's Kitchen,100000,3
25353348,Sheepshead Bay,100000,3
9342723,Harlem,250000,8
6048253,Fort Greene,70000,3
55608894,Flushing,200000,7
54836226,Richmond Hill,180000,5
45415645,East Flatbush,120000,5
50886177,East Elmhurst,100000,3
19869009,Willowbrook,120000,5
1831443,Astoria,250000,7
52998172,Williamsburg,200000,4
20228556,South Slope,100000,3
27740388,Upper East Side,200000,6
8691561,Fort Greene,70000,3
53616748,Bushwick,120000,4
49660623,Kips Bay,50000,2
11015640,Jackson Heights,180000,5
16540849,Bushwick,120000,4
52387328,Woodside,150000,4
6468001,Williamsburg,200000,4
56668758,Chinatown,100000,3
48712876,Washington Heights,170000,6
11208392,Lower East Side,100000,3
47429883,Clinton Hill,50000,3
22837621,Chelsea,80000,3
17300814,Gowanus,40000,2
50443784,Hell's Kitchen,100000,3
47053767,Lower East Side,100000,3
49504322,East Village,110000,3
14357055,East New York,150000,5
26480040,East Harlem,120000,5
47742485,Harlem,250000,8
49130415,Gowanus,40000,2
6166446,Bedford-Stuyvesant,180000,4
49352992,Clinton Hill,50000,3
3710368,Harlem,250000,8
3160277,Upper West Side,210000,5
48866416,Hell's Kitchen,100000,3
47697196,Morningside Heights,150000,5
2152882,Sunset Park,250000,6
5024289,West Village,100000,2
18269548,Bedford-Stuyvesant,180000,4
16346439,Elmhurst,120000,5
21916385,Forest Hills,180000,6
44267413,Cobble Hill,60000,2
43128019,Midtown,250000,3
16023344,Bedford-Stuyvesant,180000,4
3342536,Fort Greene,70000,3
20565459,Bedford-Stuyvesant,180000,4
6456955,SoHo,120000,4
17258287,Tribeca,100000,4
9637651,Kensington,35000,2
3361314,Midtown,250000,3
19371939,Rossville,200000,6
15029204,Park Slope,150000,5
52602725,Lower East Side,100000,3
9640965,Harlem,250000,8
25014788,Corona,200000,6
54044780,Morningside Heights,150000,5
9932027,Windsor Terrace,30000,2
9975106,South Ozone Park,150000,6
25060629,Upper East Side,200000,6
2594722,Morningside Heights,150000,5
6381290,Financial District,40000,2
1761853,Upper West Side,210000,5
54532461,Bedford-Stuyvesant,180000,4
7141807,Williamsburg,200000,4
3703740,Ditmars Steinway,80000,4
22877939,Ditmars Steinway,80000,4
4130668,East Village,110000,3
13312655,Concourse,80000,4
16677267,East Village,110000,3
6040521,Upper West Side,210000,5
10424126,Bushwick,120000,4
25377649,Financial District,40000,2
3848443,Sunnyside,120000,5
6294579,Lower East Side,100000,3
47632577,Williamsburg,200000,4
48276559,Midtown,250000,3
8269052,Bedford-Stuyvesant,180000,4
22897822,Bedford-Stuyvesant,180000,4
12982380,Gramercy,50000,2
46978102,Rosedale,150000,6
46802470,East Flatbush,120000,5
7389790,East Flatbush,120000,5
26345831,Williamsburg,200000,4
9399610,Crown Heights,200000,5
9020732,Kips Bay,50000,2
56355051,Tompkinsville,60000,3
13450178,Glendale,80000,3
55552007,SoHo,120000,4
44001205,Glendale,80000,3
6457508,Upper West Side,210000,5
2334036,Hell's Kitchen,100000,3
12236223,Cobble Hill,60000,2
5662748,Chelsea,80000,3
55348208,Cypress Hills,100000,4
5876488,Bushwick,120000,4
8198910,Upper East Side,200000,6
15572667,Financial District,40000,2
7506325,East Village,110000,3
51307029,Bedford-Stuyvesant,180000,4
26197262,Maspeth,60000,3
1785602,Bushwick,120000,4
43212520,Windsor Terrace,30000,2
10650569,Upper East Side,200000,6
1407829,Financial District,40000,2
9840898,Lower East Side,100000,3
8198357,Hell's Kitchen,100000,3
18484393,Hell's Kitchen,100000,3
20300907,Chelsea,80000,3
2250639,Sunnyside,120000,5
18582150,Bedford-Stuyvesant,180000,4
11680057,Ridgewood,100000,4
54737365,East Village,110000,3
20387066,Bushwick,120000,4
17335056,Ridgewood,100000,4
4760290,Greenpoint,30000,2
48811738,Clinton Hill,50000,3
4078752,Harlem,250000,8
23319779,Fresh Meadows,120000,4
4027388,Stapleton,120000,5
52425989,South Slope,100000,3
55893328,Whitestone,120000,5
24823692,Bushwick,120000,4
17791256,Glendale,80000,3
50172605,Harlem,250000,8
7869739,West Village,100000,2
50808855,Williamsburg,200000,4
24078639,Springfield Gardens,150000,5
47832510,Tribeca,100000,4
4988942,Williamsburg,200000,4
53673082,Washington Heights,170000,6
3829664,Crown Heights,200000,5
24917031,Chelsea,80000,3
48650466,Financial District,40000,2
1486255,Bedford-Stuyvesant,180000,4
22986190,Van Nest,60000,3
9157150,Upper East Side,200000,6
2932729,Chelsea,80000,3
54435809,Clinton Hill,50000,3
7084368,Bedford-Stuyvesant,180000,4
47693883,Washington Heights,170000,6
19444290,Harlem,250000,8
3721414,Lower East Side,100000,3
49688790,West Village,100000,2
26723604,Upper East Side,200000,6
52778909,Bay Ridge,200000,5
1965100,West Village,100000,2
44003414,Hell's Kitchen,100000,3
21418762,Bensonhurst,180000,5
20477091,Bushwick,120000,4
2649952,Lower East Side,100000,3
52224952,Bushwick,120000,4
3135976,Greenwich Village,150000,3
9124012,Cobble Hill,60000,2
17681348,Kips Bay,50000,2
8705921,Harlem,250000,8
3879371,Kips Bay,50000,2
55146619,Bushwick,120000,4
44367932,Greenpoint,30000,2
50093626,Williamsburg,200000,4
7422928,Bedford-Stuyvesant,180000,4
4532190,Washington Heights,170000,6
23479394,Bushwick,120000,4
14115700,Bedford-Stuyvesant,180000,4
25723941,Hunts Point,80000,3
4522801,Bedford-Stuyvesant,180000,4
57264689,Murray Hill,60000,2
11379605,Ridgewood,100000,4
7081607,Bedford-Stuyvesant,180000,4
48862549,Tompkinsville,60000,3
43675348,Concord,60000,3
9808312,Hell's Kitchen,100000,3
15417471,Williamsburg,200000,4
26529747,Fort Greene,70000,3
6182462,Harlem,250000,8
19121747,Chinatown,100000,3
7034661,Clinton Hill,50000,3
51867614,Mott Haven,80000,3
26781043,Washington Heights,170000,6
6215048,West Village,100000,2
55784525,Chelsea,80000,3
21262462,Bedford-Stuyvesant,180000,4
45816615,Harlem,250000,8
23584331,Upper East Side,200000,6
49566180,Greenpoint,30000,2
5579351,Marble Hill,30000,2
43273273,Harlem,250000,8
9723258,Ditmars Steinway,80000,4
5602547,Williamsburg,200000,4
49578883,Bedford-Stuyvesant,180000,4
10125332,Upper East Side,200000,6
51052971,Williamsburg,200000,4
8732431,Midwood,180000,5
42918697,SoHo,120000,4
10418603,East Village,110000,3
16926354,Tribeca,100000,4
9540446,Parkchester,250000,7
22918257,Corona,200000,6
48948156,Astoria,250000,7
13394396,Williamsburg,200000,4
49566732,Williamsburg,200000,4
22430024,Kips Bay,50000,2
2572077,St. Albans,70000,3
2404178,Bushwick,120000,4
7975228,Upper East Side,200000,6
27528305,North Riverdale,100000,4
10651674,Bedford-Stuyvesant,180000,4
2024196,Lower East Side,100000,3
26365714,Bedford-Stuyvesant,180000,4
23605870,Canarsie,120000,4
3276260,East Village,110000,3
16930220,Theater District,120000,4
15609671,Ridgewood,100000,4
19440424,Hell's Kitchen,100000,3
2970286,East Village,110000,3
19180291,Bushwick,120000,4
53794036,Upper West Side,210000,5
12966363,Crown Heights,200000,5
51589255,Hell's Kitchen,100000,3
22843144,Lower East Side,100000,3
23004416,Greenwich Village,150000,3
6257575,Bedford-Stuyvesant,180000,4
45729904,Ridgewood,100000,4
50745340,Sunset Park,250000,6
18920157,Sheepshead Bay,100000,3
14886710,Bedford-Stuyvesant,180000,4
49867735,Upper East Side,200000,6
19429930,Ditmars Steinway,80000,4
4511203,East Village,110000,3
55350418,Springfield Gardens,150000,5
22542693,Bushwick,120000,4
23365620,Bushwick,120000,4
8707026,Chinatown,100000,3
6891616,Upper West Side,210000,5
26298885,East Harlem,120000,5
46805784,Midtown,250000,3
27268724,Sunnyside,120000,5
14349875,Bedford-Stuyvesant,180000,4
23817954,Williamsburg,200000,4
15996833,Chelsea,80000,3
2562688,Midwood,180000,5
46622421,Washington Heights,170000,6
3498837,Upper East Side,200000,6
5145243,Bedford-Stuyvesant,180000,4
54694837,Sheepshead Bay,100000,3
9959642,Corona,200000,6
11987688,Astoria,250000,7
19827034,Lower East Side,100000,3
8811963,Sunset Park,250000,6
8336985,Upper West Side,210000,5
24169216,Greenpoint,30000,2
25379306,Hell's Kitchen,100000,3
25068913,Washington Heights,170000,6
43474311,Hell's Kitchen,100000,3
51536234,East Elmhurst,100000,3
18668861,Sunnyside,120000,5
45744264,Kensington,35000,2
19241596,Williamsburg,200000,4
55311204,Flushing,200000,7
17124078,Flushing,200000,7
13483316,Hell's Kitchen,100000,3
8473403,Nolita,40000,2
19568557,Upper West Side,210000,5
50689558,Bedford-Stuyvesant,180000,4
17727742,Harlem,250000,8
19037245,Upper West Side,210000,5
9196916,Crown Heights,200000,5
46118171,Brooklyn Heights,100000,3
15381019,Hell's Kitchen,100000,3
3278469,Crown Heights,200000,5
17402437,Harlem,250000,8
2553299,Nolita,40000,2
20759869,Flushing,200000,7
4112994,Bedford-Stuyvesant,180000,4
47719841,Upper East Side,200000,6
23652264,Jamaica,250000,7
18287221,Kingsbridge,50000,3
45401285,Arverne,40000,2
52215010,Carroll Gardens,40000,2
18422535,SoHo,120000,4
6386261,Upper East Side,200000,6
44541354,East Harlem,120000,5
5071235,East Harlem,120000,5
48268827,Williamsburg,200000,4
7817823,Bushwick,120000,4
11485095,Inwood,60000,2
49765008,Williamsburg,200000,4
56851017,West Village,100000,2
2920579,Crown Heights,200000,5
26338651,Chelsea,80000,3
24364178,Murray Hill,60000,2
22366509,Chelsea,80000,3
26789328,Springfield Gardens,150000,5
3430351,East Harlem,120000,5
2487023,Harlem,250000,8
47115072,Williamsburg,200000,4
51237439,Soundview,120000,5
17104195,Flatbush,180000,5
5099954,East Village,110000,3
26780491,Hell's Kitchen,100000,3
3428142,Prospect Heights,90000,4
1123947,Hell's Kitchen,100000,3
22004753,Williamsburg,200000,4
23366725,Upper East Side,200000,6
26452425,Hell's Kitchen,100000,3
21654042,Roosevelt Island,15000,2
52225504,Midtown,250000,3
8264081,Lower East Side,100000,3
15804633,Greenpoint,30000,2
18507589,Bushwick,120000,4
26323186,Harlem,250000,8
22906659,Bushwick,120000,4
12323486,East Elmhurst,100000,3
13410965,Harlem,250000,8
53252230,Woodside,150000,4
7791312,Williamsburg,200000,4
48593579,Hell's Kitchen,100000,3
11096828,Upper East Side,200000,6
54575541,Williamsburg,200000,4
44567865,South Ozone Park,150000,6
1624883,Carroll Gardens,40000,2
8588281,Pelham Bay,200000,7
10066236,Bedford-Stuyvesant,180000,4
46608613,Lower East Side,100000,3
12676406,Bay Ridge,200000,5
48287053,Wakefield,100000,4
5257912,Park Slope,150000,5
52659612,Park Slope,150000,5
7599112,Greenpoint,30000,2
51384351,Williamsburg,200000,4
4987837,East Village,110000,3
19734247,Bedford-Stuyvesant,180000,4
45261001,Downtown Brooklyn,150000,5
22811663,East Harlem,120000,5
55920391,Harlem,250000,8
15732282,Bedford-Stuyvesant,180000,4
1569653,Hell's Kitchen,100000,3
47917564,East Village,110000,3
14026227,Richmond Hill,180000,5
55089732,Upper East Side,200000,6
4822700,Upper West Side,210000,5
16718137,East Village,110000,3
10249047,Clinton Hill,50000,3
48007037,Lower East Side,100000,3
8507645,Greenpoint,30000,2
24976127,Upper West Side,210000,5
17780210,Queens Village,120000,4
21401089,Upper East Side,200000,6
21312169,East Harlem,120000,5
3707606,Brooklyn Heights,100000,3
13421458,Williamsburg,200000,4
25502469,Chelsea,80000,3
55737028,East Flatbush,120000,5
7985722,Borough Park,250000,6
13858880,East Village,110000,3
5387703,Williamsburg,200000,4
3739087,Clinton Hill,50000,3
3665079,Park Slope,150000,5
7229623,Harlem,250000,8
46362840,Crown Heights,200000,5
18655606,Upper West Side,210000,5
24498940,Hell's Kitchen,100000,3
12633326,Hell's Kitchen,100000,3
3219373,South Slope,100000,3
43618461,Chelsea,80000,3
4739855,Crown Heights,200000,5
53113050,Harlem,250000,8
6823683,Midtown,250000,3
56331855,Midtown,250000,3
8719729,Upper East Side,200000,6
2692479,Williamsburg,200000,4
49543535,Flushing,200000,7
18664442,Jamaica,250000,7
25112545,East Flatbush,120000,5
19837528,East Village,110000,3
51504753,Harlem,250000,8
47274687,Harlem,250000,8
3505464,Bedford-Stuyvesant,180000,4
11986031,Kew Gardens Hills,120000,5
20638363,Bushwick,120000,4
54120998,Hell's Kitchen,100000,3
13283383,Middle Village,120000,5
25024177,Greenpoint,30000,2
4553177,Jackson Heights,180000,5
3288410,Claremont Village,80000,4
1542038,Hell's Kitchen,100000,3
17693499,Cypress Hills,100000,4
25725046,Williamsburg,200000,4
23933937,Williamsburg,200000,4
7245088,Crown Heights,200000,5
2376011,Bedford-Stuyvesant,180000,4
10359507,Harlem,250000,8
21058111,Bedford-Stuyvesant,180000,4
7089891,Clason Point,80000,4
44228200,Park Slope,150000,5
10532377,Harlem,250000,8
23399863,Harlem,250000,8
49943401,Flatbush,180000,5
53204732,Greenpoint,30000,2
4579135,Greenpoint,30000,2
5843902,Cobble Hill,60000,2
13909139,Flushing,200000,7
48292576,Hell's Kitchen,100000,3
47721498,Chelsea,80000,3
23551745,NoHo,30000,2
4613378,Harlem,250000,8
48197028,Bedford-Stuyvesant,180000,4
12786313,Harlem,250000,8
54392177,Flatbush,180000,5
55617178,Crown Heights,200000,5
9174271,East Village,110000,3
15681470,Bushwick,120000,4
8497152,West Village,100000,2
25549966,Sunnyside,120000,5
22538827,Prospect-Lefferts Gardens,80000,4
48808424,Harlem,250000,8
55491806,Jackson Heights,180000,5
7562108,Williamsburg,200000,4
23310942,Gramercy,50000,2
21666193,Bushwick,120000,4
20537844,Astoria,250000,7
5263435,Bushwick,120000,4
14202411,East Village,110000,3
9816044,Lower East Side,100000,3
8754523,Crown Heights,200000,5
21931849,Williamsburg,200000,4
6105693,SoHo,120000,4
21589975,Bedford-Stuyvesant,180000,4
45061621,Washington Heights,170000,6
2737767,Long Island City,180000,6
45943644,SoHo,120000,4
10295440,Lower East Side,100000,3
47675657,Williamsburg,200000,4
4394667,Sunset Park,250000,6
13420354,Harlem,250000,8
46008263,Flushing,200000,7
16951208,Greenwich Village,150000,3
47177482,Brownsville,180000,7
7764250,Prospect Heights,90000,4
51703581,Astoria,250000,7
55668542,Washington Heights,170000,6
23746707,Jamaica,250000,7
1808246,East Village,110000,3
21886008,Jackson Heights,180000,5
2186020,Prospect Heights,90000,4
13776035,Sunset Park,250000,6
20945441,Washington Heights,170000,6
13062463,Fort Hamilton,100000,4
11783337,Arverne,40000,2
46873165,Clinton Hill,50000,3
7840467,Williamsburg,200000,4
14489607,Fresh Meadows,120000,4
43246763,Williamsburg,200000,4
1014591,Park Slope,150000,5
52190157,Washington Heights,170000,6
23445151,Morris Park,180000,6
48894031,East Village,110000,3
56227470,Clinton Hill,50000,3
1913183,Clinton Hill,50000,3
16984898,Park Slope,150000,5
48981294,East Village,110000,3
11248710,Williamsburg,200000,4
13633542,Bushwick,120000,4
27109662,Nolita,40000,2
11944056,Maspeth,60000,3
7184335,Hell's Kitchen,100000,3
2156748,DUMBO,30000,1
18896961,Jamaica,250000,7
27499033,Bedford-Stuyvesant,180000,4
11158133,West Village,100000,2
54370637,Bedford-Stuyvesant,180000,4
25259457,Midtown,250000,3
7455514,Park Slope,150000,5
56727854,Gowanus,40000,2
55360911,Williamsburg,200000,4
2611843,Prospect-Lefferts Gardens,80000,4
3808677,Hell's Kitchen,100000,3
2342873,East Village,110000,3
21026629,Chelsea,80000,3
48024158,Kips Bay,50000,2
4596257,Upper West Side,210000,5
12125210,Borough Park,250000,6
22026292,Briarwood,80000,4
26982633,SoHo,120000,4
7390895,Lower East Side,100000,3
53238975,Williamsburg,200000,4
3451891,Murray Hill,60000,2
13544069,University Heights,150000,6
4638784,Bedford-Stuyvesant,180000,4
50664152,Lower East Side,100000,3
13488839,Chelsea,80000,3
18494334,Woodside,150000,4
51212586,Hell's Kitchen,100000,3
27336657,Bushwick,120000,4
23115428,Borough Park,250000,6
50332220,Bedford-Stuyvesant,180000,4
9532162,Bedford-Stuyvesant,180000,4
52509386,Ridgewood,100000,4
23427478,Williamsburg,200000,4
4323973,Williamsburg,200000,4
48116392,Astoria,250000,7
20433459,Harlem,250000,8
43801272,Williamsburg,200000,4
17906134,Olinville,120000,4
3761731,Astoria,250000,7
54097801,Forest Hills,180000,6
52594441,Flatbush,180000,5
55744760,SoHo,120000,4
7727798,SoHo,120000,4
23865451,Washington Heights,170000,6
49736840,Fort Hamilton,100000,4
19238282,Kensington,35000,2
5406481,SoHo,120000,4
6499483,Prospect Heights,90000,4
10452846,Williamsburg,200000,4
44824684,Sheepshead Bay,100000,3
57013393,Rego Park,150000,4
9502890,Washington Heights,170000,6
44466241,East Village,110000,3
15171145,Astoria,250000,7
11476258,Ozone Park,150000,6
51008787,Ditmars Steinway,80000,4
42949073,East Village,110000,3
17109166,Sunnyside,120000,5
55452041,Hell's Kitchen,100000,3
9444898,Sunnyside,120000,5
5946630,Lower East Side,100000,3
16200632,Financial District,40000,2
21266880,Chelsea,80000,3
47014001,Wakefield,100000,4
50286379,Murray Hill,60000,2
55325012,Chelsea,80000,3
47934133,Midtown,250000,3
54557315,Cambria Heights,100000,5
51958191,Inwood,60000,2
55563605,Flatlands,50000,3
7150644,Crown Heights,200000,5
18949981,East Harlem,120000,5
25752108,Bedford-Stuyvesant,180000,4
5141929,Lower East Side,100000,3
55765747,SoHo,120000,4
53137904,Harlem,250000,8
22044518,East Flatbush,120000,5
56472139,Arverne,40000,2
8563980,Sunnyside,120000,5
7378192,Fort Greene,70000,3
21264671,Washington Heights,170000,6
16790488,Canarsie,120000,4
21858946,East Village,110000,3
2573182,Williamsburg,200000,4
6374663,East Village,110000,3
4239471,Chelsea,80000,3
57191233,Bedford-Stuyvesant,180000,4
46304848,Bedford-Stuyvesant,180000,4
7695764,West Village,100000,2
18280042,Hell's Kitchen,100000,3
9024598,West Village,100000,2
24597801,Upper West Side,210000,5
51476033,Hell's Kitchen,100000,3
20605225,Harlem,250000,8
46437952,East Harlem,120000,5
53414606,Bushwick,120000,4
9217903,Upper East Side,200000,6
52114492,Upper East Side,200000,6
19234416,West Village,100000,2
21545791,East Village,110000,3
52374073,Maspeth,60000,3
1573519,Washington Heights,170000,6
18761647,Upper West Side,210000,5
20677576,Harlem,250000,8
9440480,Fort Greene,70000,3
7267180,Theater District,120000,4
26876039,Hell's Kitchen,100000,3
8824113,Mount Hope,80000,4
21763950,Cypress Hills,100000,4
25750451,Williamsburg,200000,4
12055068,East Flatbush,120000,5
43705172,Harlem,250000,8
53275979,Washington Heights,170000,6
22185907,Bushwick,120000,4
50774612,Upper East Side,200000,6
5131988,South Slope,100000,3
27801694,Park Slope,150000,5
47965062,East Village,110000,3
3367942,Greenpoint,30000,2
15749403,Chelsea,80000,3
1125604,Harlem,250000,8
10191056,Flushing,200000,7
46177819,Bedford-Stuyvesant,180000,4
12720590,Cypress Hills,100000,4
24191308,Financial District,40000,2
9116280,Little Italy,60000,2
52308349,Bedford-Stuyvesant,180000,4
46948830,Harlem,250000,8
52405554,East Village,110000,3
5613041,Williamsburg,200000,4
24203459,Hell's Kitchen,100000,3
26682181,Rockaway Beach,60000,3
7462141,West Village,100000,2
55900508,Harlem,250000,8
24833081,Upper West Side,210000,5
7748785,Upper West Side,210000,5
56184943,Harlem,250000,8
13028773,Hell's Kitchen,100000,3
51531815,Prospect-Lefferts Gardens,80000,4
49491067,Canarsie,120000,4
21877171,Bushwick,120000,4
3800945,Sunset Park,250000,6
44227648,Richmond Hill,180000,5
12574783,Fort Greene,70000,3
54727975,Midtown,250000,3
24797182,East Harlem,120000,5
44525338,Chelsea,80000,3
1862372,Sunset Park,250000,6
11243740,Harlem,250000,8
46523007,Sunnyside,120000,5
49655100,Bedford-Stuyvesant,180000,4
56673176,Bedford-Stuyvesant,180000,4
24656897,Harlem,250000,8
48010903,Upper West Side,210000,5
18901379,Boerum Hill,50000,2
23492649,Fordham,200000,7
49563970,Ridgewood,100000,4
56108725,Sheepshead Bay,100000,3
54059692,East New York,150000,5
48031890,Williamsburg,200000,4
5848873,Williamsburg,200000,4
14422226,Harlem,250000,8
16272431,East Elmhurst,100000,3
1529887,Bedford-Stuyvesant,180000,4
49723033,Howland Hook,60000,3
5059636,Carroll Gardens,40000,2
49572807,Hell's Kitchen,100000,3
51229155,Bedford-Stuyvesant,180000,4
55239405,Bedford-Stuyvesant,180000,4
48065581,Washington Heights,170000,6
51957086,Morningside Heights,150000,5
48009246,Midtown,250000,3
13486630,Canarsie,120000,4
44966073,Williamsburg,200000,4
47200679,Corona,200000,6
47502235,Lower East Side,100000,3
21659565,East Harlem,120000,5
24852412,Flatbush,180000,5
2654922,Kips Bay,50000,2
15172249,Concord,60000,3
2049601,Prospect Heights,90000,4
43009274,Upper East Side,200000,6
20943232,Upper West Side,210000,5
47476276,Midtown,250000,3
54076261,Crown Heights,200000,5
7005389,Bushwick,120000,4
50888386,East Elmhurst,100000,3
1964547,Nolita,40000,2
5246314,Crown Heights,200000,5
51181657,West Village,100000,2
48057296,Midtown,250000,3
55714383,East Flatbush,120000,5
1657468,East Village,110000,3
49470632,Williamsburg,200000,4
9892261,Upper West Side,210000,5
43703515,Bedford-Stuyvesant,180000,4
9564195,Crown Heights,200000,5
3434770,Upper West Side,210000,5
45170424,Crown Heights,200000,5
3565113,East Harlem,120000,5
56162299,Windsor Terrace,30000,2
50768537,Fort Greene,70000,3
53840982,East Village,110000,3
6185776,Bedford-Stuyvesant,180000,4
25801815,Hell's Kitchen,100000,3
3365732,Upper West Side,210000,5
25910066,Bedford-Stuyvesant,180000,4
48305831,Long Island City,180000,6
46518588,South Ozone Park,150000,6
4330600,East Harlem,120000,5
23910740,Financial District,40000,2
12430080,Bedford-Stuyvesant,180000,4
23690925,Williamsburg,200000,4
2155091,West Village,100000,2
17588010,East Harlem,120000,5
48026367,Bushwick,120000,4
48347254,Midtown,250000,3
52280734,Sunnyside,120000,5
8443026,Harlem,250000,8
10747222,Canarsie,120000,4
53109184,Morrisania,100000,4
44148117,East Village,110000,3
56678699,Carroll Gardens,40000,2
24280229,Bedford-Stuyvesant,180000,4
15800215,Midtown,250000,3
6608286,Upper East Side,200000,6
1253185,Upper West Side,210000,5
55146067,East Village,110000,3
23104382,Greenwich Village,150000,3
24336563,Schuylerville,60000,3
21595498,Bedford-Stuyvesant,180000,4
6606076,Upper West Side,210000,5
18250217,West Village,100000,2
2672044,Forest Hills,180000,6
9071544,SoHo,120000,4
14658610,Midtown,250000,3
9505099,Astoria,250000,7
14325574,Bedford-Stuyvesant,180000,4
48897897,Upper West Side,210000,5
7266627,Hell's Kitchen,100000,3
5069026,Greenwich Village,150000,3
56249010,Crown Heights,200000,5
53525066,Astoria,250000,7
7044050,East Village,110000,3
7366041,Midtown,250000,3
46347375,East Harlem,120000,5
2225785,Bedford-Stuyvesant,180000,4
23323093,Hell's Kitchen,100000,3
45913267,Cobble Hill,60000,2
12955317,Far Rockaway,250000,7
6338211,Long Island City,180000,6
19374700,Briarwood,80000,4
48820575,Williamsburg,200000,4
25657665,Harlem,250000,8
54642369,Woodside,150000,4
10123123,East Harlem,120000,5
22335580,Gramercy,50000,2
42994914,Williamsburg,200000,4
46762705,Morningside Heights,150000,5
12131838,Bedford-Stuyvesant,180000,4
11863420,East Village,110000,3
12233461,Arverne,40000,2
49950580,Forest Hills,180000,6
25821146,Williamsburg,200000,4
14460335,Crown Heights,200000,5
26392776,Flushing,200000,7
17061115,Astoria,250000,7
51165640,East Flatbush,120000,5
14530477,Gramercy,50000,2
26769445,Hell's Kitchen,100000,3
24693901,East Harlem,120000,5
3063624,Upper West Side,210000,5
26399956,Sunnyside,120000,5
17700679,East New York,150000,5
11937981,Bedford-Stuyvesant,180000,4
26880457,Upper East Side,200000,6
54819657,Chelsea,80000,3
13566161,Harlem,250000,8
17823842,Bushwick,120000,4
46354555,Crown Heights,200000,5
20854864,Harlem,250000,8
12761460,Greenpoint,30000,2
1101855,Ridgewood,100000,4
3243674,Harlem,250000,8
2783608,Williamsburg,200000,4
4380860,Bedford-Stuyvesant,180000,4
52270240,Brighton Beach,120000,5
51973103,East Harlem,120000,5
6390127,Midwood,180000,5
3489448,Crown Heights,200000,5
14960166,Upper East Side,200000,6
11689446,Williamsburg,200000,4
51927262,East Village,110000,3
47452528,East New York,150000,5
3899806,Woodside,150000,4
26781595,Astoria,250000,7
44219916,Williamsburg,200000,4
10149081,Brooklyn Heights,100000,3
4118517,South Slope,100000,3
25655456,Richmond Hill,180000,5
44335899,Concourse Village,80000,5
49751752,Long Island City,180000,6
11347572,SoHo,120000,4
47968928,Cypress Hills,100000,4
1912631,Flushing,200000,7
7835496,Hell's Kitchen,100000,3
3806468,Upper East Side,200000,6
25393113,Chinatown,100000,3
23155194,Kensington,35000,2
55168711,SoHo,120000,4
12066667,Bushwick,120000,4
55456459,Harlem,250000,8
22087598,Murray Hill,60000,2
3210536,Harlem,250000,8
16789936,Elmhurst,120000,5
4932055,Harlem,250000,8
24885550,Bushwick,120000,4
7649923,Chelsea,80000,3
8739059,Clinton Hill,50000,3
25002637,Chinatown,100000,3
45913820,South Ozone Park,150000,6
3006737,Williamsburg,200000,4
48932692,West Village,100000,2
51252904,East Harlem,120000,5
44807011,Brighton Beach,120000,5
55308995,Upper West Side,210000,5
53655409,East Village,110000,3
21767264,Hell's Kitchen,100000,3
52736934,Washington Heights,170000,6
19310081,Tompkinsville,60000,3
48162785,Bushwick,120000,4
18001130,Bushwick,120000,4
20560488,Gravesend,200000,6
48864759,Harlem,250000,8
25223557,Bedford-Stuyvesant,180000,4
12573126,Upper West Side,210000,5
51563849,Ridgewood,100000,4
26802031,Chinatown,100000,3
48427889,Lower East Side,100000,3
44397204,Greenpoint,30000,2
19102969,Williamsburg,200000,4
20372154,East Harlem,120000,5
16275193,Bedford-Stuyvesant,180000,4
12741577,Kingsbridge,50000,3
52893787,East Village,110000,3
4152208,East Village,110000,3
50990009,East Harlem,120000,5
2612395,Bedford-Stuyvesant,180000,4
15002141,Flatbush,180000,5
46516379,Fresh Meadows,120000,4
23162926,Crown Heights,200000,5
9908278,Midtown,250000,3
44604316,Murray Hill,60000,2
54631875,Borough Park,250000,6
20586999,Bedford-Stuyvesant,180000,4
15079463,Bedford-Stuyvesant,180000,4
8682724,Upper East Side,200000,6
19872875,Jamaica,250000,7
6207316,Fort Hamilton,100000,4
21129910,Ditmars Steinway,80000,4
17530018,Upper East Side,200000,6
20318581,Williamsburg,200000,4
12480892,Greenpoint,30000,2
10072311,Bushwick,120000,4
25303088,East New York,150000,5
9545417,Williamsburg,200000,4
24505015,Crown Heights,200000,5
9995542,Midtown,250000,3
45283093,Upper East Side,200000,6
13032639,Murray Hill,60000,2
17746520,Flatbush,180000,5
5472205,Bedford-Stuyvesant,180000,4
2706838,Bedford-Stuyvesant,180000,4
16861183,Bedford-Stuyvesant,180000,4
56294851,Midtown,250000,3
25353900,Williamsburg,200000,4
25700192,Bedford-Stuyvesant,180000,4
50401810,Williamsburg,200000,4
56794682,Richmond Hill,180000,5
15163413,Brownsville,180000,7
53626137,Sheepshead Bay,100000,3
11843537,Financial District,40000,2
45388030,Bedford-Stuyvesant,180000,4
19401211,Cobble Hill,60000,2
6890511,Harlem,250000,8
6253157,Prospect Heights,90000,4
47533716,East Village,110000,3
3735221,West Village,100000,2
50576336,Astoria,250000,7
23909635,Financial District,40000,2
24898252,Crown Heights,200000,5
17527257,Midtown,250000,3
3279574,Greenpoint,30000,2
23297687,Upper East Side,200000,6
3128796,Prospect-Lefferts Gardens,80000,4
55122870,East Elmhurst,100000,3
18090050,Upper East Side,200000,6
1920916,Bedford-Stuyvesant,180000,4
52794925,Bedford-Stuyvesant,180000,4
5946078,Crown Heights,200000,5
52562959,Bedford-Stuyvesant,180000,4
56057914,Williamsburg,200000,4
2938252,Sunnyside,120000,5
19952958,Bedford-Stuyvesant,180000,4
3750133,Park Slope,150000,5
2673700,Murray Hill,60000,2
57142079,Crown Heights,200000,5
2566554,Williamsburg,200000,4
18857747,Brooklyn Heights,100000,3
15398140,Midtown,250000,3
52681704,Harlem,250000,8
5404272,Chelsea,80000,3
20894077,Civic Center,80000,3
6854611,Bushwick,120000,4
45724933,Washington Heights,170000,6
55650316,Sunset Park,250000,6
17909448,Midtown,250000,3
24971156,Financial District,40000,2
47946284,Midtown,250000,3
6701072,Williamsburg,200000,4
16487828,Cypress Hills,100000,4
19815436,Jamaica,250000,7
55857429,Crown Heights,200000,5
45604532,Flatbush,180000,5
46493182,Williamsbridge,80000,4
56724540,Bedford-Stuyvesant,180000,4
11590584,Chinatown,100000,3
52603277,West Village,100000,2
56182181,Hell's Kitchen,100000,3
26442483,East Elmhurst,100000,3
19352056,Jamaica,250000,7
22137857,Hell's Kitchen,100000,3
4889528,Washington Heights,170000,6
1941351,Upper West Side,210000,5
44825789,Upper East Side,200000,6
8478926,West Village,100000,2
19153228,Hell's Kitchen,100000,3
17398571,Murray Hill,60000,2
49439703,East New York,150000,5
13032087,Midtown,250000,3
45907744,East Harlem,120000,5
3388929,Kips Bay,50000,2
6852402,Park Slope,150000,5
12945928,Astoria,250000,7
13758361,East Village,110000,3
11046568,Flushing,200000,7
21876619,East New York,150000,5
25380410,East Village,110000,3
10939975,Rosedale,150000,6
23851644,Gravesend,200000,6
25834953,SoHo,120000,4
19608875,Bedford-Stuyvesant,180000,4
55529915,Sunset Park,250000,6
7575915,Bedford-Stuyvesant,180000,4
26586634,Bushwick,120000,4
19683988,Bedford-Stuyvesant,180000,4
53296966,Harlem,250000,8
7495279,Upper West Side,210000,5
44530861,Bedford-Stuyvesant,180000,4
6001308,Upper West Side,210000,5
22201924,Chelsea,80000,3
4740959,Brooklyn Heights,100000,3
6494512,Upper West Side,210000,5
1824263,Gowanus,40000,2
14405105,Upper West Side,210000,5
54345232,Pelham Gardens,150000,5
10005483,Bushwick,120000,4
22552082,East Elmhurst,100000,3
11269145,Harlem,250000,8
6344839,Bushwick,120000,4
48206417,Jackson Heights,180000,5
50554797,Oakwood,120000,4
13615868,Williamsburg,200000,4
52717603,Flatbush,180000,5
1366406,Harlem,250000,8
51652769,Fresh Meadows,120000,4
19770699,East Elmhurst,100000,3
52116149,East Harlem,120000,5
45205219,Bushwick,120000,4
23407595,Brownsville,180000,7
48136827,Chinatown,100000,3
54003910,SoHo,120000,4
14289122,Carroll Gardens,40000,2
8686591,Jackson Heights,180000,5
3246988,Crown Heights,200000,5
16976061,Flushing,200000,7
22464819,Bushwick,120000,4
48687470,East New York,150000,5
50412303,Lower East Side,100000,3
27106348,East Harlem,120000,5
46054104,Crown Heights,200000,5
45151093,East New York,150000,5
7246744,Williamsburg,200000,4
22581354,Crown Heights,200000,5
54449064,East Village,110000,3
18350736,Upper East Side,200000,6
3040428,Chelsea,80000,3
7395313,East Flatbush,120000,5
57082983,Springfield Gardens,150000,5
13505408,Bedford-Stuyvesant,180000,4
19893310,Lower East Side,100000,3
55180861,Flushing,200000,7
13700922,West Village,100000,2
44781052,Bedford-Stuyvesant,180000,4
44978776,Ditmars Steinway,80000,4
49429762,Bushwick,120000,4
7152301,Lower East Side,100000,3
20809023,Bedford-Stuyvesant,180000,4
17771926,Upper West Side,210000,5
44747914,Hell's Kitchen,100000,3
26924089,Fort Greene,70000,3
2174421,Bushwick,120000,4
4411236,Bedford-Stuyvesant,180000,4
8699846,Flatbush,180000,5
5139720,Fort Greene,70000,3
2519609,Lower East Side,100000,3
50765775,Crown Heights,200000,5
26749562,East Flatbush,120000,5
23286641,Williamsburg,200000,4
46971474,Harlem,250000,8
8300533,East Village,110000,3
3228210,Battery Park City,50000,2
46312580,Hell's Kitchen,100000,3
44443597,Greenpoint,30000,2
52313320,East Village,110000,3
1896062,East Village,110000,3
20517961,Sheepshead Bay,100000,3
44067481,Gowanus,40000,2
27048909,Lower East Side,100000,3
4521144,Gramercy,50000,2
42862915,Park Slope,150000,5
8594909,Washington Heights,170000,6
4029597,Greenwich Village,150000,3
43619566,East Harlem,120000,5
16588899,Williamsburg,200000,4
46366706,East Harlem,120000,5
25362737,Harlem,250000,8
46070121,Williamsburg,200000,4
54946134,Upper West Side,210000,5
56503620,Greenpoint,30000,2
43911180,Kingsbridge,50000,3
23351260,Little Italy,60000,2
52327680,Bushwick,120000,4
24422170,Hell's Kitchen,100000,3
50800018,Ditmars Steinway,80000,4
6603315,Bedford-Stuyvesant,180000,4
20514647,Greenpoint,30000,2
16861735,Borough Park,250000,6
8064701,East Village,110000,3
11709881,Fort Hamilton,100000,4
25612929,Bedford-Stuyvesant,180000,4
25435640,Upper East Side,200000,6
21226562,Rego Park,150000,4
51977521,Jamaica Estates,250000,7
18511455,Hell's Kitchen,100000,3
19215638,East Village,110000,3
1674037,Harlem,250000,8
1914288,Williamsburg,200000,4
55243824,South Ozone Park,150000,6
42903232,Hell's Kitchen,100000,3
44655128,Kingsbridge,50000,3
25627841,Prospect Heights,90000,4
46421383,Crown Heights,200000,5
12569260,Cobble Hill,60000,2
12601845,East Harlem,120000,5
54635741,Hell's Kitchen,100000,3
56678147,Ditmars Steinway,80000,4
7509087,Hell's Kitchen,100000,3
9131192,Washington Heights,170000,6
23692582,Sheepshead Bay,100000,3
23779845,Bedford-Stuyvesant,180000,4
2056229,Harlem,250000,8
21931297,East New York,150000,5
20063418,Jackson Heights,180000,5
5854396,Williamsburg,200000,4
24007393,East Flatbush,120000,5
2603006,Greenwich Village,150000,3
24764596,Glendale,80000,3
22870207,Williamsburg,200000,4
1441519,South Slope,100000,3
23127026,Midwood,180000,5
18668308,Upper East Side,200000,6
3468460,Greenpoint,30000,2
56197093,Bedford-Stuyvesant,180000,4
2483709,Flatbush,180000,5
48418500,Sunset Park,250000,6
52189605,Midwood,180000,5
11067004,Rosedale,150000,6
47384595,Bellerose,100000,3
48656542,Hell's Kitchen,100000,3
50549274,Upper East Side,200000,6
19597829,Red Hook,120000,5
52737486,Hell's Kitchen,100000,3
55126184,Upper East Side,200000,6
3871639,Bedford-Stuyvesant,180000,4
9008029,Jackson Heights,180000,5
44765588,Williamsburg,200000,4
4188107,Williamsburg,200000,4
5424154,Upper West Side,210000,5
52894339,Bushwick,120000,4
15142978,Bushwick,120000,4
3069700,Upper East Side,200000,6
55154351,Bay Ridge,200000,5
44578911,Williamsburg,200000,4
4307404,Bushwick,120000,4
3441397,Bedford-Stuyvesant,180000,4
57018364,Harlem,250000,8
10909046,Park Slope,150000,5
3501046,Flatbush,180000,5
9903860,Midtown,250000,3
16530907,Bedford-Stuyvesant,180000,4
18758333,Bedford-Stuyvesant,180000,4
48853160,Upper West Side,210000,5
50495701,East Flatbush,120000,5
43627850,Greenpoint,30000,2
9994437,Elmhurst,120000,5
53213017,Lower East Side,100000,3
47538134,Gramercy,50000,2
26823018,Astoria,250000,7
6739733,Harlem,250000,8
56427955,Williamsburg,200000,4
23020985,Bushwick,120000,4
15061789,Hell's Kitchen,100000,3
48129647,East Harlem,120000,5
10854920,Harlem,250000,8
11495588,Prospect-Lefferts Gardens,80000,4
19003555,Crown Heights,200000,5
4753662,Upper West Side,210000,5
1991610,Carroll Gardens,40000,2
52654641,Midtown,250000,3
21320453,NoHo,30000,2
8720281,Harlem,250000,8
6531516,Hell's Kitchen,100000,3
46476613,East Elmhurst,100000,3
55910450,Little Italy,60000,2
3083507,Sunset Park,250000,6
19348742,Bay Ridge,200000,5
48844876,Long Island City,180000,6
9416179,Crown Heights,200000,5
56194332,Crown Heights,200000,5
5376657,Financial District,40000,2
1803828,Gramercy,50000,2
48224091,Harlem,250000,8
57065861,Chelsea,80000,3
2095442,Williamsburg,200000,4
50000840,Williamsburg,200000,4
25235155,Borough Park,250000,6
17805064,Bedford-Stuyvesant,180000,4
20239602,East Harlem,120000,5
26653462,Harlem,250000,8
16849032,Gramercy,50000,2
11024476,Harlem,250000,8
43081073,Crown Heights,200000,5
24771223,Inwood,60000,2
22401856,Murray Hill,60000,2
55265363,Astoria,250000,7
24472981,Harlem,250000,8
24254823,Ridgewood,100000,4
53414054,Harlem,250000,8
21159734,Bushwick,120000,4
17254973,Flatbush,180000,5
11336526,Upper East Side,200000,6
53014189,Williamsburg,200000,4
53782438,Hell's Kitchen,100000,3
1603895,Williamsburg,200000,4
4631052,Bedford-Stuyvesant,180000,4
8038743,Greenpoint,30000,2
16301151,East New York,150000,5
23127579,Harlem,250000,8
10049115,Forest Hills,180000,6
48590266,Astoria,250000,7
18387740,Upper West Side,210000,5
13721357,Williamsburg,200000,4
9073201,Lower East Side,100000,3
47446452,Civic Center,80000,3
13866612,Bedford-Stuyvesant,180000,4
3799288,Chelsea,80000,3
13390530,Upper East Side,200000,6
18224812,SoHo,120000,4
55911554,Williamsburg,200000,4
11758483,Hell's Kitchen,100000,3
22354359,Greenpoint,30000,2
56816222,Sunnyside,120000,5
9426673,East Harlem,120000,5
9795609,Hell's Kitchen,100000,3
23448465,Harlem,250000,8
44545220,East Elmhurst,100000,3
4469228,Bedford-Stuyvesant,180000,4
1178624,South Slope,100000,3
18958818,Upper East Side,200000,6
4816072,Prospect Heights,90000,4
6875047,Bushwick,120000,4
8545754,East New York,150000,5
24750788,Hell's Kitchen,100000,3
7061172,Williamsburg,200000,4
55405095,SoHo,120000,4
26168542,Midtown,250000,3
11349781,Bushwick,120000,4
54155793,Upper West Side,210000,5
6420504,Prospect-Lefferts Gardens,80000,4
48215254,Bedford-Stuyvesant,180000,4
15013739,Crown Heights,200000,5
1402858,Upper East Side,200000,6
15276634,Chinatown,100000,3
3671154,Upper West Side,210000,5
53945919,Bedford-Stuyvesant,180000,4
8566189,Cypress Hills,100000,4
9784011,West Village,100000,2
21206127,Woodside,150000,4
46894152,Bushwick,120000,4
4277580,Fort Greene,70000,3
13515349,Lower East Side,100000,3
15101555,Upper West Side,210000,5
21442511,Harlem,250000,8
21097876,Harlem,250000,8
13426981,Crown Heights,200000,5
3550201,Gowanus,40000,2
19029513,Gramercy,50000,2
10525197,Harlem,250000,8
1467477,Crown Heights,200000,5
53045117,Kingsbridge,50000,3
14807731,Bedford-Stuyvesant,180000,4
47780041,Midtown,250000,3
22972382,Murray Hill,60000,2
9252146,East Village,110000,3
16803191,Bedford-Stuyvesant,180000,4
6121709,Windsor Terrace,30000,2
3968292,East Harlem,120000,5
1084733,West Village,100000,2
6459717,Chelsea,80000,3
8129320,Bedford-Stuyvesant,180000,4
13563952,Prospect Heights,90000,4
54951105,Jackson Heights,180000,5
53023578,Canarsie,120000,4
1687293,Crown Heights,200000,5
53197552,Mott Haven,80000,3
3133766,Astoria,250000,7
2516847,Crown Heights,200000,5
6361408,Williamsburg,200000,4
56063989,Bushwick,120000,4
26908072,Financial District,40000,2
53623375,Bedford-Stuyvesant,180000,4
5314799,Upper East Side,200000,6
1304549,Bedford-Stuyvesant,180000,4
6265307,Long Island City,180000,6
7738291,Crown Heights,200000,5
17377031,Windsor Terrace,30000,2
17109718,Hell's Kitchen,100000,3
3524242,Harlem,250000,8
5367268,Astoria,250000,7
5251285,Bedford-Stuyvesant,180000,4
20551651,Flatbush,180000,5
25411891,Hell's Kitchen,100000,3
44738525,Flushing,200000,7
57062548,Ditmars Steinway,80000,4
7118059,Chelsea,80000,3
20876404,NoHo,30000,2
17350521,Cypress Hills,100000,4
11653546,Harlem,250000,8
11529831,Chelsea,80000,3
18498752,Jamaica,250000,7
10532929,Cambria Heights,100000,5
19976155,Crown Heights,200000,5
2340111,Crown Heights,200000,5
43567097,Clinton Hill,50000,3
23857167,Financial District,40000,2
57100656,Bedford-Stuyvesant,180000,4
9846421,Bushwick,120000,4
12357729,Inwood,60000,2
16335393,NoHo,30000,2
1953501,Fort Greene,70000,3
3657347,East Village,110000,3
53859760,Williamsburg,200000,4
2310839,Bedford-Stuyvesant,180000,4
5113210,Bedford-Stuyvesant,180000,4
20470463,Bedford-Stuyvesant,180000,4
57201175,Prospect-Lefferts Gardens,80000,4
6031132,Williamsburg,200000,4
19584574,Bedford-Stuyvesant,180000,4
52064785,Sunnyside,120000,5
22262677,Williamsburg,200000,4
22921571,Harlem,250000,8
45835945,Carroll Gardens,40000,2
52261404,Gowanus,40000,2
4258801,East Harlem,120000,5
23088365,Bedford-Stuyvesant,180000,4
26489429,Williamsburg,200000,4
1480732,Harlem,250000,8
44630275,Lower East Side,100000,3
7034109,Lower East Side,100000,3
46988043,Flatlands,50000,3
7734425,Middle Village,120000,5
2704077,Chelsea,80000,3
16985450,Brownsville,180000,7
24321099,Boerum Hill,50000,2
14647012,Harlem,250000,8
19531553,Allerton,60000,4
14765757,Williamsburg,200000,4
16845166,Harlem,250000,8
43034128,Sunnyside,120000,5
7905638,Upper West Side,210000,5
9038406,East Village,110000,3
8330357,Morningside Heights,150000,5
22184250,St. George,150000,5
19913193,Chelsea,80000,3
57073041,Greenpoint,30000,2
25805681,Canarsie,120000,4
4036777,Williamsburg,200000,4
19904356,Flatbush,180000,5
10856025,East Village,110000,3
7736635,East Village,110000,3
46940545,Upper East Side,200000,6
50443232,Hell's Kitchen,100000,3
50434395,Chelsea,80000,3
47792192,Bedford-Stuyvesant,180000,4
52193471,Crown Heights,200000,5
48111421,Lower East Side,100000,3
48667035,Upper West Side,210000,5
27651468,Hell's Kitchen,100000,3
45404047,Lower East Side,100000,3
55390183,Cambria Heights,100000,5
20907885,Financial District,40000,2
11954550,Crown Heights,200000,5
16525384,Murray Hill,60000,2
21288420,Chinatown,100000,3
15897972,Williamsburg,200000,4
7860902,Williamsburg,200000,4
7960316,Astoria,250000,7
5695886,Williamsburg,200000,4
54928460,Upper East Side,200000,6
43246211,Long Island City,180000,6
52468516,East Elmhurst,100000,3
22175966,Flushing,200000,7
52674524,Hell's Kitchen,100000,3
23820715,Woodside,150000,4
10539005,Bushwick,120000,4
47367473,Gramercy,50000,2
10470520,Williamsburg,200000,4
5447903,Upper East Side,200000,6
27125126,Bedford-Stuyvesant,180000,4
23788129,Flatbush,180000,5
7660417,Springfield Gardens,150000,5
9783458,Harlem,250000,8
4148894,Harlem,250000,8
7511848,Bedford-Stuyvesant,180000,4
54474470,East Village,110000,3
14901070,East Flatbush,120000,5
45281989,Bedford-Stuyvesant,180000,4
6296788,Bedford-Stuyvesant,180000,4
25160043,Financial District,40000,2
4753110,Upper West Side,210000,5
7320753,Woodside,150000,4
44185673,Prospect-Lefferts Gardens,80000,4
6411667,Williamsburg,200000,4
26563437,South Slope,100000,3
43864234,Lower East Side,100000,3
56357260,Borough Park,250000,6
7051230,Crown Heights,200000,5
3343640,Chelsea,80000,3
5804137,Bedford-Stuyvesant,180000,4
46730119,Flatiron District,50000,2
16842957,Chelsea,80000,3
57321576,Brighton Beach,120000,5
18678802,St. Albans,70000,3
13139785,Bushwick,120000,4
21121625,Williamsburg,200000,4
13483868,Harlem,250000,8
56506934,Cypress Hills,100000,4
11258099,Hell's Kitchen,100000,3
52626474,Lower East Side,100000,3
49931802,Harlem,250000,8
47528193,West Village,100000,2
4979553,Upper East Side,200000,6
23218156,Flatbush,180000,5
9579660,Williamsburg,200000,4
6971699,East Flatbush,120000,5
55127288,Hell's Kitchen,100000,3
9859123,Upper West Side,210000,5
26931821,Hell's Kitchen,100000,3
15689202,Red Hook,120000,5
53061134,Hell's Kitchen,100000,3
21741858,Maspeth,60000,3
42855735,Bedford-Stuyvesant,180000,4
9101920,Upper West Side,210000,5
26411554,Bedford-Stuyvesant,180000,4
13534128,Upper West Side,210000,5
22764165,Crown Heights,200000,5
26329262,Greenpoint,30000,2
4168777,Ridgewood,100000,4
51675966,Flatiron District,50000,2
8605402,Bushwick,120000,4
52532031,Kips Bay,50000,2
42972270,Hell's Kitchen,100000,3
18904141,Nolita,40000,2
25721179,Upper East Side,200000,6
25311373,Washington Heights,170000,6
55875655,Clinton Hill,50000,3
43460503,Crown Heights,200000,5
5101611,West Village,100000,2
52341487,Crown Heights,200000,5
47474620,Williamsbridge,80000,4
20137426,Flushing,200000,7
54657833,Bedford-Stuyvesant,180000,4
20389275,Harlem,250000,8
56619603,Financial District,40000,2
9519459,Chinatown,100000,3
43037441,East Village,110000,3
7922207,Hell's Kitchen,100000,3
54803641,East New York,150000,5
57343116,Coney Island,200000,6
1877836,East Village,110000,3
13896436,Bushwick,120000,4
13445760,Bedford-Stuyvesant,180000,4
22937587,Williamsburg,200000,4
45366490,Greenpoint,30000,2
53422891,East Village,110000,3
20362213,East Harlem,120000,5
2923340,Brooklyn Heights,100000,3
48102032,Bushwick,120000,4
21750142,Mott Haven,80000,3
26173513,Williamsburg,200000,4
5566096,Financial District,40000,2
25488661,Kips Bay,50000,2
23490992,Hell's Kitchen,100000,3
46768228,Whitestone,120000,5
54528043,Williamsburg,200000,4
53080465,Harlem,250000,8
5477175,Washington Heights,170000,6
3694351,East Village,110000,3
42954596,Midtown,250000,3
53567041,Kips Bay,50000,2
14327783,Elmhurst,120000,5
26518148,Cambria Heights,100000,5
44363514,Williamsburg,200000,4
46309267,Hell's Kitchen,100000,3
15746089,Ridgewood,100000,4
19986649,Williamsburg,200000,4
56031403,Prospect-Lefferts Gardens,80000,4
16585585,Bushwick,120000,4
18166820,Arverne,40000,2
44860584,Whitestone,120000,5
6141040,Upper West Side,210000,5
21337022,Little Italy,60000,2
6955682,East Village,110000,3
46742822,Astoria,250000,7
22844249,Washington Heights,170000,6
52496131,Bedford-Stuyvesant,180000,4
4281998,Harlem,250000,8
2652161,Upper East Side,200000,6
48550500,Bushwick,120000,4
4717210,Greenpoint,30000,2
48989026,Midtown,250000,3
16828597,Jamaica Estates,250000,7
1485151,Lower East Side,100000,3
4412893,Long Island City,180000,6
55686768,East Flatbush,120000,5
25421833,Upper East Side,200000,6
46268949,Upper West Side,210000,5
11695521,Sunnyside,120000,5
55075924,Washington Heights,170000,6
22219045,Hell's Kitchen,100000,3
19134450,Upper East Side,200000,6
9974554,Hell's Kitchen,100000,3
6300655,Harlem,250000,8
1522707,Midtown,250000,3
45220131,Pelham Gardens,150000,5
56097679,Bedford-Stuyvesant,180000,4
9946939,Greenpoint,30000,2
25321314,Financial District,40000,2
52872800,East Village,110000,3
8978205,Lower East Side,100000,3
19471905,Sheepshead Bay,100000,3
51953773,Upper East Side,200000,6
43517942,Crown Heights,200000,5
45524448,Westerleigh,100000,3
17455458,Midtown,250000,3
19514432,Clason Point,80000,4
26765579,Harlem,250000,8
52888816,Mott Haven,80000,3
2129133,Financial District,40000,2
50215684,Bedford-Stuyvesant,180000,4
48705144,Greenwich Village,150000,3
26666717,Morningside Heights,150000,5
13337509,Bushwick,120000,4
5716873,Harlem,250000,8
9620530,Greenwich Village,150000,3
3790451,Sunnyside,120000,5
54461767,Hell's Kitchen,100000,3
15498659,Springfield Gardens,150000,5
49964940,Sunnyside,120000,5
53522857,Rockaway Beach,60000,3
12311335,East Village,110000,3
22213522,Bedford-Stuyvesant,180000,4
11396174,Kingsbridge,50000,3
18413146,Financial District,40000,2
23360097,St. Albans,70000,3
20883031,Jackson Heights,180000,5
46592596,East Harlem,120000,5
20701877,Hell's Kitchen,100000,3
27036758,Williamsburg,200000,4
19139420,Bayswater,120000,4
45052232,Grant City,120000,4
44908081,Bedford-Stuyvesant,180000,4
18055255,Hell's Kitchen,100000,3
12279854,Bushwick,120000,4
19486265,Jackson Heights,180000,5
50077057,Hell's Kitchen,100000,3
2093233,Greenpoint,30000,2
9252698,West Village,100000,2
53025787,Astoria,250000,7
19056023,East Flatbush,120000,5
10289917,Williamsburg,200000,4
11585061,Lower East Side,100000,3
4970164,Park Slope,150000,5
48965830,Upper West Side,210000,5
23677117,Harlem,250000,8
50117927,Williamsburg,200000,4
53686890,Williamsburg,200000,4
43061743,Chelsea,80000,3
4397981,Upper West Side,210000,5
17891775,Crown Heights,200000,5
21285106,Bedford-Stuyvesant,180000,4
55068192,Bay Ridge,200000,5
46440714,Williamsburg,200000,4
43676452,South Beach,150000,5
20496421,Hell's Kitchen,100000,3
3889865,Bedford-Stuyvesant,180000,4
50870712,East Village,110000,3
20146816,Harlem,250000,8
46662739,Crown Heights,200000,5
12616757,Bedford-Stuyvesant,180000,4
21666745,East Village,110000,3
3024963,Williamsburg,200000,4
21214411,NoHo,30000,2
2466588,Bedford-Stuyvesant,180000,4
5244105,Williamsbridge,80000,4
7902325,Morningside Heights,150000,5
56961477,Sunnyside,120000,5
53998939,Greenwich Village,150000,3
57150363,Fresh Meadows,120000,4
5345176,Flatbush,180000,5
8745687,Ditmars Steinway,80000,4
15295412,Unionport,100000,4
46380513,Bedford-Stuyvesant,180000,4
54616963,Greenwich Village,150000,3
45349369,Williamsburg,200000,4
44138175,Harlem,250000,8
14808836,Bedford-Stuyvesant,180000,4
57124405,Upper East Side,200000,6
45127345,Bedford-Stuyvesant,180000,4
7107013,Murray Hill,60000,2
4483035,East Village,110000,3
13587148,Crown Heights,200000,5
11503321,Upper West Side,210000,5
13909692,Throgs Neck,100000,4
16570673,Gowanus,40000,2
8487210,Ditmars Steinway,80000,4
45858037,Astoria,250000,7
14780669,Bedford-Stuyvesant,180000,4
8179579,Financial District,40000,2
4465914,Fort Greene,70000,3
22277037,East Harlem,120000,5
9745902,Two Bridges,40000,2
1570205,Hell's Kitchen,100000,3
20987416,Crown Heights,200000,5
22123497,East Village,110000,3
49234800,Flushing,200000,7
44177389,Bedford-Stuyvesant,180000,4
52652432,Midtown,250000,3
22009171,St. Albans,70000,3
23281118,East Village,110000,3
16398355,Ditmars Steinway,80000,4
10033098,Park Slope,150000,5
21152554,Little Italy,60000,2
56084977,East Harlem,120000,5
1606105,Harlem,250000,8
23912949,Financial District,40000,2
51218661,Richmond Hill,180000,5
47512728,Washington Heights,170000,6
26818600,Theater District,120000,4
3842920,Bushwick,120000,4
25760945,Long Island City,180000,6
25132428,Lower East Side,100000,3
7715647,Williamsburg,200000,4
23144700,Harlem,250000,8
55348761,Hell's Kitchen,100000,3
3936811,East Elmhurst,100000,3
2457751,Greenpoint,30000,2
25269398,Washington Heights,170000,6
54744544,Williamsburg,200000,4
54707540,Crown Heights,200000,5
16995392,Williamsburg,200000,4
53761450,Crown Heights,200000,5
4114651,Windsor Terrace,30000,2
51965923,East Flatbush,120000,5
56993510,Greenpoint,30000,2
8943410,Forest Hills,180000,6
13792052,Crown Heights,200000,5
45039529,East Flatbush,120000,5
54966017,Bedford-Stuyvesant,180000,4
44412668,Greenpoint,30000,2
15604148,Williamsburg,200000,4
9561986,Sunset Park,250000,6
21899816,Hell's Kitchen,100000,3
14378042,Forest Hills,180000,6
25406368,Bedford-Stuyvesant,180000,4
13186731,East Elmhurst,100000,3
1975593,East Village,110000,3
25843238,Theater District,120000,4
9865199,Lower East Side,100000,3
6138278,Upper West Side,210000,5
11111188,Bedford-Stuyvesant,180000,4
9131744,East Village,110000,3
55771270,Sheepshead Bay,100000,3
26687152,Financial District,40000,2
8975443,Gramercy,50000,2
12755937,Bedford-Stuyvesant,180000,4
14898861,Flushing,200000,7
26743487,Clinton Hill,50000,3
2450571,East Village,110000,3
7359414,Astoria,250000,7
9370338,Hell's Kitchen,100000,3
1093018,Gowanus,40000,2
20736672,Theater District,120000,4
21736335,Flushing,200000,7
17888461,Ditmars Steinway,80000,4
13249141,Harlem,250000,8
2119744,Harlem,250000,8
48076627,Chelsea,80000,3
6443148,Upper West Side,210000,5
49711435,Hell's Kitchen,100000,3
22801722,SoHo,120000,4
21597155,Morningside Heights,150000,5
16666221,Midtown,250000,3
43431231,Little Italy,60000,2
56414700,Sunset Park,250000,6
50085342,Bushwick,120000,4
23645636,Woodside,150000,4
7687480,Sunset Park,250000,6
47124461,Greenpoint,30000,2
11438701,Civic Center,80000,3
50318412,Bedford-Stuyvesant,180000,4
19405077,City Island,60000,2
53095929,Harlem,250000,8
53362690,Arrochar,15000,2
55864609,Long Island City,180000,6
20458313,Williamsburg,200000,4
46969817,Midtown,250000,3
22714458,Chelsea,80000,3
47379624,Maspeth,60000,3
7760936,Upper West Side,210000,5
51525740,Briarwood,80000,4
13886495,Crown Heights,200000,5
6145458,Bushwick,120000,4
5492087,Williamsburg,200000,4
9753634,Washington Heights,170000,6
9012448,Maspeth,60000,3
6216153,Clinton Hill,50000,3
10710770,Park Slope,150000,5
54038705,City Island,60000,2
23330273,East Harlem,120000,5
18920710,Lower East Side,100000,3
16109503,Upper East Side,200000,6
5998546,Hell's Kitchen,100000,3
53629451,Greenwich Village,150000,3
2519056,Harlem,250000,8
16261937,East Flatbush,120000,5
27025160,Williamsburg,200000,4
3425933,Hell's Kitchen,100000,3
23367829,Harlem,250000,8
10082253,Dyker Heights,120000,5
4254935,Williamsburg,200000,4
55181966,Bedford-Stuyvesant,180000,4
21682210,Williamsburg,200000,4
5339653,Bedford-Stuyvesant,180000,4
25653247,Richmond Hill,180000,5
21206679,Bedford-Stuyvesant,180000,4
10104897,Bedford-Stuyvesant,180000,4
10456712,Upper West Side,210000,5
19885025,Williamsburg,200000,4
25155624,East Flatbush,120000,5
24772328,Inwood,60000,2
23881468,Financial District,40000,2
24850202,Financial District,40000,2
8886523,Clinton Hill,50000,3
22717220,Greenpoint,30000,2
16520414,Harlem,250000,8
5747250,Bushwick,120000,4
18670518,Bushwick,120000,4
17190354,South Slope,100000,3
8354658,Midtown,250000,3
43955364,Williamsburg,200000,4
51221423,Harlem,250000,8
10820125,Sunnyside,120000,5
56694716,Bedford-Stuyvesant,180000,4
3857279,Bushwick,120000,4
21274060,Bay Ridge,200000,5
50691215,Bedford-Stuyvesant,180000,4
49920756,Jackson Heights,180000,5
24614370,Midtown,250000,3
50004706,Crown Heights,200000,5
5434096,Williamsburg,200000,4
24159827,Corona,200000,6
48454400,Clinton Hill,50000,3
51510276,Douglaston,120000,4
9902755,East Village,110000,3
52049320,Inwood,60000,2
8670574,Williamsburg,200000,4
20516304,East Elmhurst,100000,3
8367361,Upper West Side,210000,5
14488502,Morris Park,180000,6
9417836,Chelsea,80000,3
55070401,Midtown,250000,3
14300168,Crown Heights,200000,5
44873287,Port Morris,50000,3
5342966,East Village,110000,3
4151103,Hell's Kitchen,100000,3
9936445,Greenpoint,30000,2
19787821,Hell's Kitchen,100000,3
3051474,Bushwick,120000,4
51199331,Midtown,250000,3
13255768,Bushwick,120000,4
47740828,East Village,110000,3
48941528,Crown Heights,200000,5
44912500,Financial District,40000,2
7241221,Bedford-Stuyvesant,180000,4
52924164,Midwood,180000,5
15411948,Crown Heights,200000,5
57229894,Williamsburg,200000,4
15678156,Astoria,250000,7
10883088,East Flatbush,120000,5
26841244,Upper East Side,200000,6
26296676,East Harlem,120000,5
48969143,Midtown,250000,3
4030702,East Village,110000,3
52279077,Greenwich Village,150000,3
47042169,East Flatbush,120000,5
48184325,Astoria,250000,7
18007205,Grymes Hill,150000,5
10551708,Greenpoint,30000,2
17977933,Bedford-Stuyvesant,180000,4
22835964,Flatlands,50000,3
11856240,Midtown,250000,3
3490000,Rego Park,150000,4
55592325,Bushwick,120000,4
5708589,Chelsea,80000,3
9832061,Greenpoint,30000,2
6910394,Flatbush,180000,5
2999005,Bedford-Stuyvesant,180000,4
56808490,East Village,110000,3
4437747,Upper West Side,210000,5
15432935,Flushing,200000,7
55170920,Park Slope,150000,5
54256864,East Flatbush,120000,5
53191477,Washington Heights,170000,6
11133832,Sunnyside,120000,5
27083704,Morningside Heights,150000,5
1221704,East Village,110000,3
1677904,Chelsea,80000,3
53491376,Schuylerville,60000,3
8499913,Lower East Side,100000,3
55781212,Queens Village,120000,4
12916104,Midtown,250000,3
8857251,Crown Heights,200000,5
17193115,Long Island City,180000,6
19227788,Clinton Hill,50000,3
11991554,Upper West Side,210000,5
1072583,Bedford-Stuyvesant,180000,4
9863542,Murray Hill,60000,2
3725832,West Village,100000,2
42932504,Sunset Park,250000,6
42926429,Flushing,200000,7
24301768,Ditmars Steinway,80000,4
12819451,Pelham Gardens,150000,5
2981884,Upper East Side,200000,6
23555059,Concord,60000,3
7638877,Bedford-Stuyvesant,180000,4
18996927,Washington Heights,170000,6
52832482,Bushwick,120000,4
12061696,Midtown,250000,3
1740313,Williamsburg,200000,4
24850755,Hell's Kitchen,100000,3
2283224,Lower East Side,100000,3
19774013,Sunset Park,250000,6
18254636,East Flatbush,120000,5
12024139,Harlem,250000,8
5154080,Upper West Side,210000,5
2434002,Harlem,250000,8
21813105,Spuyten Duyvil,30000,2
1958472,West Village,100000,2
11512157,Sheepshead Bay,100000,3
50585725,Bedford-Stuyvesant,180000,4
9833718,Harlem,250000,8
10282185,Long Island City,180000,6
54735708,Ditmars Steinway,80000,4
22568651,Woodside,150000,4
1563025,Williamsburg,200000,4
6904318,Washington Heights,170000,6
8082927,Bedford-Stuyvesant,180000,4
48649362,Ditmars Steinway,80000,4
56767619,Williamsburg,200000,4
49951133,Hell's Kitchen,100000,3
22350493,East Village,110000,3
19771804,East Harlem,120000,5
54356278,East New York,150000,5
14070411,Long Island City,180000,6
1772347,Hell's Kitchen,100000,3
9941968,Fort Greene,70000,3
22696232,Williamsburg,200000,4
5100507,East Harlem,120000,5
6263098,Kips Bay,50000,2
7456618,East Village,110000,3
8831845,Harlem,250000,8
17295291,Midtown,250000,3
24747475,Pelham Gardens,150000,5
24139945,Williamsburg,200000,4
10024261,Bushwick,120000,4
21366846,St. Albans,70000,3
7581991,Elmhurst,120000,5
1670171,Chelsea,80000,3
6792202,Upper West Side,210000,5
23266758,Chelsea,80000,3
49667803,Port Morris,50000,3
23438524,Upper East Side,200000,6
48843219,Bedford-Stuyvesant,180000,4
4813863,Lower East Side,100000,3
52821436,Flushing,200000,7
4136743,Downtown Brooklyn,150000,5
54005567,Chelsea,80000,3
9409551,Midtown,250000,3
17360462,Harlem,250000,8
22898374,Hell's Kitchen,100000,3
55104644,Midtown,250000,3
53950889,Upper East Side,200000,6
25805129,Hell's Kitchen,100000,3
14595096,West Brighton,150000,5
14606142,Bedford-Stuyvesant,180000,4
22358225,Carroll Gardens,40000,2
9742588,Washington Heights,170000,6
2889097,NoHo,30000,2
52609905,Two Bridges,40000,2
48052325,East Village,110000,3
22656467,Bedford-Stuyvesant,180000,4
16422104,Arverne,40000,2
15396483,West Village,100000,2
22655362,Williamsburg,200000,4
21889322,Williamsburg,200000,4
49572255,Murray Hill,60000,2
4952490,East Village,110000,3
12491385,Harlem,250000,8
5394330,Bedford-Stuyvesant,180000,4
14477456,Hell's Kitchen,100000,3
25436193,Hell's Kitchen,100000,3
45275913,Jamaica,250000,7
51557773,Bushwick,120000,4
18631304,SoHo,120000,4
18355707,Woodhaven,100000,4
20747718,Harlem,250000,8
15991310,Hell's Kitchen,100000,3
56848807,Bedford-Stuyvesant,180000,4
46329149,East Flatbush,120000,5
9800580,Williamsburg,200000,4
17498537,Little Italy,60000,2
6835281,Jackson Heights,180000,5
52048768,Sunnyside,120000,5
57173560,Kensington,35000,2
6941323,Harlem,250000,8
55649764,Soundview,120000,5
46447894,East Morrisania,150000,5
9433300,Bedford-Stuyvesant,180000,4
55691739,Flatbush,180000,5
54466185,Crown Heights,200000,5
11054301,Nolita,40000,2
21728603,East Flatbush,120000,5
43014797,Midtown,250000,3
47649146,Chelsea,80000,3
26360191,Harlem,250000,8
56705762,Park Slope,150000,5
45981200,Williamsburg,200000,4
5981977,Greenpoint,30000,2
15716265,Upper East Side,200000,6
5284975,Prospect Heights,90000,4
4330048,Red Hook,120000,5
50862980,Bushwick,120000,4
4900574,Upper West Side,210000,5
50198011,Norwood,100000,4
54065768,West Village,100000,2
27264858,Williamsbridge,80000,4
55233882,Borough Park,250000,6
53694622,East Village,110000,3
7351681,Bedford-Stuyvesant,180000,4
43357775,Bedford-Stuyvesant,180000,4
7135732,Astoria,250000,7
1353151,Prospect Heights,90000,4
23814088,Hell's Kitchen,100000,3
8927946,Civic Center,80000,3
3233180,Hell's Kitchen,100000,3
53333418,Kips Bay,50000,2
12351101,Upper East Side,200000,6
18573313,Upper West Side,210000,5
11931905,Jackson Heights,180000,5
17895641,Midtown,250000,3
18461748,Upper West Side,210000,5
22259915,SoHo,120000,4
15125856,St. George,150000,5
3103390,Upper East Side,200000,6
4935369,Hell's Kitchen,100000,3
7256686,Hell's Kitchen,100000,3
48824441,Financial District,40000,2
1473553,Greenpoint,30000,2
21543030,Bedford-Stuyvesant,180000,4
22783496,Upper West Side,210000,5
53666455,Harlem,250000,8
9696195,Midtown,250000,3
15786959,Bushwick,120000,4
24590621,Harlem,250000,8
25124143,Hell's Kitchen,100000,3
21706511,Springfield Gardens,150000,5
21127148,Bedford-Stuyvesant,180000,4
23212081,Harlem,250000,8
11439806,Sunset Park,250000,6
7248401,Bushwick,120000,4
50941959,Harlem,250000,8
12494699,Inwood,60000,2
13258530,East Village,110000,3
8887628,Washington Heights,170000,6
10813498,Murray Hill,60000,2
19218399,Lower East Side,100000,3
23259026,Tompkinsville,60000,3
7258895,Flatbush,180000,5
55221179,Murray Hill,60000,2
9981182,East Village,110000,3
14022913,Williamsburg,200000,4
16944580,Washington Heights,170000,6
52792164,Williamsburg,200000,4
18439104,Midtown,250000,3
2158405,Williamsburg,200000,4
24867324,Hell's Kitchen,100000,3
2354471,Greenpoint,30000,2
1413352,Bushwick,120000,4
1651393,Prospect-Lefferts Gardens,80000,4
23447360,Sunnyside,120000,5
2148463,Fort Greene,70000,3
5112657,Flatlands,50000,3
53134590,Woodhaven,100000,4
55911002,East Village,110000,3
55640375,Murray Hill,60000,2
17982904,Bushwick,120000,4
3736326,Bedford-Stuyvesant,180000,4
7490861,East Village,110000,3
1586774,Bedford-Stuyvesant,180000,4
24714889,Bedford-Stuyvesant,180000,4
15322475,Bushwick,120000,4
19042768,East Flatbush,120000,5
10563306,Howland Hook,60000,3
24699424,Upper West Side,210000,5
11754065,Bushwick,120000,4
7036870,Hell's Kitchen,100000,3
5862681,Williamsburg,200000,4
3198385,SoHo,120000,4
24902119,Financial District,40000,2
48871386,Hell's Kitchen,100000,3
6105140,Harlem,250000,8
18143623,Chelsea,80000,3
3721966,Tribeca,100000,4
3177950,East Village,110000,3
46007711,West Village,100000,2
25045164,West Village,100000,2
45040081,Hell's Kitchen,100000,3
16228247,Crown Heights,200000,5
18149146,Harlem,250000,8
23645084,Bedford-Stuyvesant,180000,4
18363439,Greenpoint,30000,2
9316765,Two Bridges,40000,2
2368831,Upper West Side,210000,5
7166109,Upper East Side,200000,6
43267198,Sunnyside,120000,5
24862905,Astoria,250000,7
16408849,Chelsea,80000,3
26302199,Bushwick,120000,4
57256405,Flatbush,180000,5
10310353,Upper West Side,210000,5
13605374,Clinton Hill,50000,3
53145636,Upper West Side,210000,5
18561162,Upper East Side,200000,6
15280500,Hell's Kitchen,100000,3
44640216,Park Slope,150000,5
6907080,Bushwick,120000,4
52012869,Flatbush,180000,5
8906958,South Slope,100000,3
44501036,Clinton Hill,50000,3
20276606,Park Slope,150000,5
50606161,Downtown Brooklyn,150000,5
5008273,Upper West Side,210000,5
8017203,East Harlem,120000,5
3845129,Clinton Hill,50000,3
6963967,Sheepshead Bay,100000,3
25343406,East New York,150000,5
19389612,Port Richmond,30000,2
50493491,Corona,200000,6
9474723,Lower East Side,100000,3
13674964,Williamsburg,200000,4
4526115,Prospect-Lefferts Gardens,80000,4
6089124,Flatiron District,50000,2
3134871,Rego Park,150000,4
1918154,Windsor Terrace,30000,2
23174524,Upper East Side,200000,6
21810895,East Village,110000,3
23932280,Prospect Heights,90000,4
20880822,Sunset Park,250000,6
25892945,Bellerose,100000,3
47676761,Bedford-Stuyvesant,180000,4
52108969,Harlem,250000,8
56260056,Lower East Side,100000,3
1165921,Carroll Gardens,40000,2
43143483,Midtown,250000,3
18017147,Long Island City,180000,6
22216284,Bedford-Stuyvesant,180000,4
43095985,Ridgewood,100000,4
14883397,Vinegar Hill,30000,2
52074726,Long Island City,180000,6
6340420,Flatbush,180000,5
51538995,Cambria Heights,100000,5
10094956,Rosedale,150000,6
14766861,Lower East Side,100000,3
9025703,Greenpoint,30000,2
52556332,Harlem,250000,8
27565861,Lower East Side,100000,3
6947950,Hell's Kitchen,100000,3
24897700,Chelsea,80000,3
5588740,Washington Heights,170000,6
6613256,Bushwick,120000,4
43149006,Harlem,250000,8
3303322,Harlem,250000,8
1707175,East Village,110000,3
22936483,East Harlem,120000,5
24414990,Kips Bay,50000,2
2095995,Harlem,250000,8
6674562,Midtown,250000,3
5652254,Flatbush,180000,5
19561378,Harlem,250000,8
9986152,Chelsea,80000,3
4020208,Windsor Terrace,30000,2
8806992,Flatbush,180000,5
45557034,Astoria,250000,7
2655475,Hell's Kitchen,100000,3
53205837,Long Island City,180000,6
2774771,Briarwood,80000,4
7020301,Ridgewood,100000,4
16884932,Bedford-Stuyvesant,180000,4
20188238,Upper West Side,210000,5
45228968,Prospect-Lefferts Gardens,80000,4
20997358,East Flatbush,120000,5
10065131,Washington Heights,170000,6
9926504,Upper East Side,200000,6
7325723,Hell's Kitchen,100000,3
24987173,Cypress Hills,100000,4
52222743,Hell's Kitchen,100000,3
54630771,Jamaica,250000,7
3925765,Harlem,250000,8
17282035,Harlem,250000,8
11541982,Sunset Park,250000,6
18322016,Bedford-Stuyvesant,180000,4
54439675,Bedford-Stuyvesant,180000,4
48486985,Flatbush,180000,5
2492546,Bedford-Stuyvesant,180000,4
15930005,Bedford-Stuyvesant,180000,4
20694145,Hell's Kitchen,100000,3
19287437,Upper East Side,200000,6
52512148,Brooklyn Heights,100000,3
21362428,Springfield Gardens,150000,5
22550425,Roosevelt Island,15000,2
25934367,Greenwich Village,150000,3
8022174,Williamsburg,200000,4
26687704,Fort Greene,70000,3
26263538,East Village,110000,3
21710377,Williamsburg,200000,4
4280893,Flatlands,50000,3
20448371,Hell's Kitchen,100000,3
18320359,Upper East Side,200000,6
6969490,Gramercy,50000,2
1070926,Williamsburg,200000,4
26020526,Sunset Park,250000,6
51807413,Midtown,250000,3
15452266,East Harlem,120000,5
51918978,West Brighton,150000,5
18726852,East Village,110000,3
1980012,Gramercy,50000,2
48219120,Nolita,40000,2
43378210,Woodhaven,100000,4
45264867,Bushwick,120000,4
48617881,Hell's Kitchen,100000,3
50136153,Upper West Side,210000,5
23704180,Washington Heights,170000,6
56997376,Flatbush,180000,5
26487220,Bushwick,120000,4
25438954,East Village,110000,3
8599879,Park Slope,150000,5
51407548,Sunset Park,250000,6
15674290,Kips Bay,50000,2
46022071,Jamaica,250000,7
48636106,Harlem,250000,8
11859002,Rosedale,150000,6
26720290,Bedford-Stuyvesant,180000,4
51983597,Williamsburg,200000,4
13894227,Williamsburg,200000,4
26999202,Flatbush,180000,5
1745836,Bedford-Stuyvesant,180000,4
13555667,Bedford-Stuyvesant,180000,4
26589947,Jamaica,250000,7
48387571,East Flatbush,120000,5
16175779,Vinegar Hill,30000,2
45240566,Bedford-Stuyvesant,180000,4
43551633,East Village,110000,3
10582084,Washington Heights,170000,6
15469387,Bedford-Stuyvesant,180000,4
22964098,West Village,100000,2
9035644,Crown Heights,200000,5
17902268,Hell's Kitchen,100000,3
47152629,Bedford-Stuyvesant,180000,4
53158339,Sheepshead Bay,100000,3
10177248,Sheepshead Bay,100000,3
49814162,Sunnyside,120000,5
2447257,Roosevelt Island,15000,2
52185186,Greenpoint,30000,2
2966972,Borough Park,250000,6
9125669,Ditmars Steinway,80000,4
53380916,Clinton Hill,50000,3
51545071,Gramercy,50000,2
49748991,Prospect-Lefferts Gardens,80000,4
49847853,Bedford-Stuyvesant,180000,4
26523119,Midtown,250000,3
5826781,Bushwick,120000,4
20903467,Bedford-Stuyvesant,180000,4
10068445,East Village,110000,3
6746913,Bushwick,120000,4
10556678,Kips Bay,50000,2
15637286,Crown Heights,200000,5
6950712,East Village,110000,3
48435622,Windsor Terrace,30000,2
21153106,East Village,110000,3
12457143,Greenwich Village,150000,3
52924716,Arverne,40000,2
21108370,Bedford-Stuyvesant,180000,4
23166792,Lower East Side,100000,3
8976548,Hell's Kitchen,100000,3
24415542,Bushwick,120000,4
3726937,Harlem,250000,8
45850305,Civic Center,80000,3
52216667,Forest Hills,180000,6
1723192,East Village,110000,3
22274275,East Village,110000,3
47366369,Lighthouse Hill,150000,6
22113004,Harlem,250000,8
22480835,Fort Hamilton,100000,4
3410469,Bedford-Stuyvesant,180000,4
17362671,Canarsie,120000,4
25685832,Woodside,150000,4
23657787,Bushwick,120000,4
16638054,Harlem,250000,8
54270671,Rockaway Beach,60000,3
5859367,Williamsburg,200000,4
22732132,Williamsburg,200000,4
18927337,Washington Heights,170000,6
56256742,Clinton Hill,50000,3
52701587,Crown Heights,200000,5
6268069,Upper West Side,210000,5
19164274,Prospect-Lefferts Gardens,80000,4
20368288,Upper East Side,200000,6
43670929,Midtown,250000,3
15764867,Harlem,250000,8
53700697,Crown Heights,200000,5
55152694,Williamsburg,200000,4
8587729,Upper East Side,200000,6
57175217,Bedford-Stuyvesant,180000,4
12889594,Rego Park,150000,4
53315744,Williamsburg,200000,4
22451011,Bedford-Stuyvesant,180000,4
12886280,Chelsea,80000,3
54588796,Morris Park,180000,6
11290133,Inwood,60000,2
24873399,Harlem,250000,8
5591501,Williamsburg,200000,4
21334261,Flatlands,50000,3
53198104,Harlem,250000,8
45507327,Midtown,250000,3
9591258,Little Italy,60000,2
9307928,Crown Heights,200000,5
3021649,NoHo,30000,2
3581682,West Village,100000,2
14894443,Ditmars Steinway,80000,4
50445994,Bedford-Stuyvesant,180000,4
17444412,Upper East Side,200000,6
53247811,Bedford-Stuyvesant,180000,4
10186637,Bushwick,120000,4
1374691,Greenpoint,30000,2
25201465,Cobble Hill,60000,2
43762611,Williamsburg,200000,4
24065384,Williamsburg,200000,4
20711266,Harlem,250000,8
7322410,Morningside Heights,150000,5
50055517,Jamaica,250000,7
26634684,Midtown,250000,3
24158170,Midtown,250000,3
13669993,Washington Heights,170000,6
53311878,Bushwick,120000,4
2182706,Bay Ridge,200000,5
9748111,Upper East Side,200000,6
11481229,Harlem,250000,8
11509948,Harlem,250000,8
50527734,Bedford-Stuyvesant,180000,4
4877930,Allerton,60000,4
55981696,Fordham,200000,7
48532274,Chelsea,80000,3
54234772,Cypress Hills,100000,4
4992808,Tremont,100000,4
19560825,Upper West Side,210000,5
20292070,East Village,110000,3
10083910,Upper East Side,200000,6
10000512,Chelsea,80000,3
46096631,West Village,100000,2
8845653,Harlem,250000,8
2488680,Hell's Kitchen,100000,3
4692909,Midtown,250000,3
9685701,Flushing,200000,7
56957058,East Flatbush,120000,5
22090912,Bushwick,120000,4
22748701,Upper West Side,210000,5
12584724,Forest Hills,180000,6
20532321,Prospect-Lefferts Gardens,80000,4
21328738,Bedford-Stuyvesant,180000,4
48221881,Williamsburg,200000,4
55590668,Williamsburg,200000,4
46006054,Bushwick,120000,4
51745003,Fort Hamilton,100000,4
27253812,Lower East Side,100000,3
8355211,Murray Hill,60000,2
19904908,Flatbush,180000,5
18444075,Edenwald,100000,4
6365274,Williamsburg,200000,4
49031001,Upper East Side,200000,6
5152975,Chelsea,80000,3
19681227,Bedford-Stuyvesant,180000,4
54388863,Gowanus,40000,2
50100806,Washington Heights,170000,6
46579341,Flushing,200000,7
47996543,Bedford-Stuyvesant,180000,4
18256293,Williamsburg,200000,4
48187087,Upper West Side,210000,5
20916169,Queens Village,120000,4
25220796,Bedford-Stuyvesant,180000,4
25585314,Chinatown,100000,3
13121007,Williamsburg,200000,4
42913174,Ridgewood,100000,4
48018083,Nolita,40000,2
3513196,Astoria,250000,7
24924211,Cypress Hills,100000,4
10331892,Upper West Side,210000,5
3670602,Midtown,250000,3
23378323,Long Island City,180000,6
23752782,Harlem,250000,8
22288635,Fort Greene,70000,3
44604869,Murray Hill,60000,2
19634281,Flatbush,180000,5
21808686,Bushwick,120000,4
11081363,Williamsburg,200000,4
15317504,Bushwick,120000,4
5346832,Harlem,250000,8
48012560,Sunset Park,250000,6
53038490,Astoria,250000,7
51146862,Sunnyside,120000,5
56174449,Prospect-Lefferts Gardens,80000,4
11746333,Chelsea,80000,3
4485797,East Harlem,120000,5
56266131,Bedford-Stuyvesant,180000,4
25653799,East Village,110000,3
55946902,Washington Heights,170000,6
47215591,Murray Hill,60000,2
18738451,Bushwick,120000,4
23198273,Bedford-Stuyvesant,180000,4
47016211,Bedford-Stuyvesant,180000,4
19473562,Hell's Kitchen,100000,3
11273011,Bedford-Stuyvesant,180000,4
53195343,Bedford-Stuyvesant,180000,4
22264886,Upper West Side,210000,5
25869748,East Village,110000,3
54441884,Bedford-Stuyvesant,180000,4
44827446,Bushwick,120000,4
50638746,Maspeth,60000,3
9779040,Gowanus,40000,2
20744404,Bushwick,120000,4
5775970,Williamsburg,200000,4
55110719,Williamsburg,200000,4
3656242,Chelsea,80000,3
52411077,Chinatown,100000,3
12371536,Williamsburg,200000,4
55399020,Hell's Kitchen,100000,3
11327689,Crown Heights,200000,5
26670031,Upper East Side,200000,6
19410600,Williamsburg,200000,4
18815220,East Village,110000,3
25114754,Williamsburg,200000,4
18868241,Sheepshead Bay,100000,3
11558551,Jamaica,250000,7
51579313,Gramercy,50000,2
9059393,Crown Heights,200000,5
26543554,Arrochar,15000,2
14676836,St. George,150000,5
16646890,Hell's Kitchen,100000,3
56179972,East Harlem,120000,5
11601078,West Village,100000,2
21181826,Brighton Beach,120000,5
8547963,Bedford-Stuyvesant,180000,4
13257425,Williamsburg,200000,4
20969190,Hell's Kitchen,100000,3
21716452,Hell's Kitchen,100000,3
54217098,Bedford-Stuyvesant,180000,4
2135760,Carroll Gardens,40000,2
1799410,Prospect Heights,90000,4
17101433,Ditmars Steinway,80000,4
15580951,Bedford-Stuyvesant,180000,4
4504023,Williamsburg,200000,4
16627560,East Harlem,120000,5
54341365,Greenwich Village,150000,3
49674983,Prospect Heights,90000,4
50421140,Rosedale,150000,6
4629947,East Village,110000,3
12803435,Rego Park,150000,4
14512251,Murray Hill,60000,2
52100684,Bushwick,120000,4
11374082,Park Slope,150000,5
25783037,Cypress Hills,100000,4
10921749,Jackson Heights,180000,5
51557221,Prospect Heights,90000,4
56554984,East Elmhurst,100000,3
1701652,Greenwich Village,150000,3
25252829,Lower East Side,100000,3
17241718,Midtown,250000,3
13469509,Financial District,40000,2
20805709,Flatlands,50000,3
7240117,Corona,200000,6
3832426,Greenwich Village,150000,3
20305878,Upper West Side,210000,5
4966850,Bushwick,120000,4
43519599,East Harlem,120000,5
21848452,Glendale,80000,3
49277327,Sunnyside,120000,5
5815735,Flushing,200000,7
6104588,Bushwick,120000,4
7665388,Bedford-Stuyvesant,180000,4
5107134,Washington Heights,170000,6
26517044,Upper East Side,200000,6
47607172,Nolita,40000,2
50400705,Harlem,250000,8
53905601,Jamaica Estates,250000,7
23309838,Prospect Heights,90000,4
15058476,Bedford-Stuyvesant,180000,4
8494942,Clinton Hill,50000,3
56723435,Harlem,250000,8
15326893,Chinatown,100000,3
24084162,Williamsburg,200000,4
12258315,Elmhurst,120000,5
26898683,Bedford-Stuyvesant,180000,4
50512822,Hell's Kitchen,100000,3
46945516,St. Albans,70000,3
48501345,Astoria,250000,7
10360060,SoHo,120000,4
7226309,Hell's Kitchen,100000,3
17501299,Hell's Kitchen,100000,3
7130761,Williamsburg,200000,4
24695006,Chelsea,80000,3
9639308,Sunnyside,120000,5
48059505,Greenpoint,30000,2
25906200,Long Island City,180000,6
52824750,Bushwick,120000,4
23505352,Bedford-Stuyvesant,180000,4
8767226,Rego Park,150000,4
8573921,Long Island City,180000,6
15964800,Harlem,250000,8
20926111,Bushwick,120000,4
43536721,Bedford-Stuyvesant,180000,4
46615793,Harlem,250000,8
55073715,Elmhurst,120000,5
49303837,Upper West Side,210000,5
43500269,Williamsburg,200000,4
16503292,Bedford-Stuyvesant,180000,4
48586952,Bushwick,120000,4
11038836,Sunset Park,250000,6
53073285,Lower East Side,100000,3
47085800,Elmhurst,120000,5
49484439,Jackson Heights,180000,5
3475640,Nolita,40000,2
19101312,Upper West Side,210000,5
13180656,Brighton Beach,120000,5
15533454,Theater District,120000,4
12073846,Upper East Side,200000,6
18776559,Gramercy,50000,2
8404918,Harlem,250000,8
6616570,Bensonhurst,180000,5
43369926,Astoria,250000,7
27551502,Harlem,250000,8
26829646,Bushwick,120000,4
43783599,Upper East Side,200000,6
17225701,Williamsburg,200000,4
43007617,Bushwick,120000,4
14042796,Bedford-Stuyvesant,180000,4
46924529,Inwood,60000,2
7744919,Chelsea,80000,3
51875898,Carroll Gardens,40000,2
6091885,East Village,110000,3
15223613,Astoria,250000,7
55049966,East Village,110000,3
21993707,Tompkinsville,60000,3
27173176,Bedford-Stuyvesant,180000,4
47862334,Murray Hill,60000,2
5064055,Long Island City,180000,6
47284628,Fort Hamilton,100000,4
56023671,West Village,100000,2
27045595,East Harlem,120000,5
16084097,Bushwick,120000,4
50244404,Washington Heights,170000,6
11461898,Sunnyside,120000,5
14061022,Flatlands,50000,3
15815127,East New York,150000,5
8828532,East Village,110000,3
7385924,Bedford-Stuyvesant,180000,4
52027781,Cobble Hill,60000,2
10568829,Astoria,250000,7
13721910,Astoria,250000,7
24212848,East Harlem,120000,5
46102154,Gramercy,50000,2
56388189,Castle Hill,100000,4
13254112,Upper East Side,200000,6
54895875,Astoria,250000,7
51618526,Bedford-Stuyvesant,180000,4
10638419,Williamsburg,200000,4
11566835,St. George,150000,5
15031413,Tribeca,100000,4
5052457,Ridgewood,100000,4
4845896,Chelsea,80000,3
5543451,Gramercy,50000,2
10448428,Upper West Side,210000,5
44446359,Bushwick,120000,4
18795890,Bedford-Stuyvesant,180000,4
9661400,Harlem,250000,8
27148323,Bedford-Stuyvesant,180000,4
1523812,Harlem,250000,8
48086568,Bergen Beach,120000,4
12787418,Upper East Side,200000,6
51631229,Park Slope,150000,5
12776372,Gramercy,50000,2
18427506,Harlem,250000,8
26123254,West Village,100000,2
49570598,Bedford-Stuyvesant,180000,4
6224437,Hell's Kitchen,100000,3
5990814,Greenpoint,30000,2
26079070,East Harlem,120000,5
8016651,Lower East Side,100000,3
24495626,Upper West Side,210000,5
52223847,Bedford-Stuyvesant,180000,4
47582870,Williamsburg,200000,4
8983728,Greenwich Village,150000,3
23315361,Bedford-Stuyvesant,180000,4
55535438,Greenpoint,30000,2
4771336,Lower East Side,100000,3
51145758,Bedford-Stuyvesant,180000,4
11654651,Washington Heights,170000,6
3884342,Upper East Side,200000,6
49272356,Ditmars Steinway,80000,4
56883050,East Harlem,120000,5
21874962,Ditmars Steinway,80000,4
24332697,Fort Greene,70000,3
20034146,Flushing,200000,7
9207962,Longwood,120000,4
3919689,Harlem,250000,8
52734725,Jackson Heights,180000,5
24718755,Richmond Hill,180000,5
21939581,Hell's Kitchen,100000,3
50982829,Chelsea,80000,3
13026564,Hell's Kitchen,100000,3
19497311,Williamsburg,200000,4
3583339,East Harlem,120000,5
5213728,Park Slope,150000,5
25404159,Stuyvesant Town,150000,5
53488614,Hell's Kitchen,100000,3
9533819,Jamaica,250000,7
2391475,Williamsburg,200000,4
25785799,Bedford-Stuyvesant,180000,4
46113752,Claremont Village,80000,4
25895154,Washington Heights,170000,6
7661522,Theater District,120000,4
23585988,Hell's Kitchen,100000,3
18703656,Tribeca,100000,4
55144962,Bushwick,120000,4
43067266,Prospect-Lefferts Gardens,80000,4
23471109,East Flatbush,120000,5
55227807,Flatbush,180000,5
54008881,Rockaway Beach,60000,3
48768658,Kew Gardens Hills,120000,5
49547401,Bushwick,120000,4
24794972,Crown Heights,200000,5
21454662,Washington Heights,170000,6
52093504,Hell's Kitchen,100000,3
4066601,Flatbush,180000,5
57226028,Upper West Side,210000,5
43697440,Williamsburg,200000,4
2158957,Gowanus,40000,2
52619294,Harlem,250000,8
10485984,Astoria,250000,7
47960091,Financial District,40000,2
53244498,Clason Point,80000,4
22197505,East Village,110000,3
19985544,Hell's Kitchen,100000,3
50556454,West Village,100000,2
3528109,Park Slope,150000,5
50337190,Long Island City,180000,6
11556341,Midtown,250000,3
49599318,East Flatbush,120000,5
17373717,Midtown,250000,3
25118620,Port Morris,50000,3
4153312,East Harlem,120000,5
48246735,Hell's Kitchen,100000,3
47003508,Williamsburg,200000,4
54588244,Civic Center,80000,3
13941725,Bedford-Stuyvesant,180000,4
4098082,Williamsburg,200000,4
27031787,Fort Hamilton,100000,4
1311729,Williamsburg,200000,4
15240735,East Flatbush,120000,5
13415383,East Flatbush,120000,5
49649577,Rego Park,150000,4
53730522,Sunset Park,250000,6
2908980,Chelsea,80000,3
48931587,Ditmars Steinway,80000,4
17671959,Williamsburg,200000,4
21827464,Crown Heights,200000,5
26414868,Lower East Side,100000,3
1338239,Bedford-Stuyvesant,180000,4
55568576,Crown Heights,200000,5
14910459,Bedford-Stuyvesant,180000,4
10181114,Kips Bay,50000,2
11850165,East Harlem,120000,5
24983859,Chinatown,100000,3
48584190,Hell's Kitchen,100000,3
7519581,East Village,110000,3
13200538,Flushing,200000,7
1660230,East Village,110000,3
8581654,Chelsea,80000,3
7636668,Brownsville,180000,7
21553524,Greenwich Village,150000,3
42998228,Astoria,250000,7
5776522,Bushwick,120000,4
22673588,Bushwick,120000,4
7174945,Jackson Heights,180000,5
4148341,Crown Heights,200000,5
17186488,Midtown,250000,3
19022333,Tompkinsville,60000,3
57189024,Crown Heights,200000,5
20864806,Morris Park,180000,6
8740716,Crown Heights,200000,5
22339447,Downtown Brooklyn,150000,5
19484056,Financial District,40000,2
54813582,Fordham,200000,7
15642809,Harlem,250000,8
17282588,Lower East Side,100000,3
1990505,Clinton Hill,50000,3
26459052,Fordham,200000,7
26905863,Upper West Side,210000,5
18727405,Harlem,250000,8
43074998,Upper West Side,210000,5
13446312,Upper East Side,200000,6
25011474,East New York,150000,5
52107864,Bedford-Stuyvesant,180000,4
52161437,Bedford-Stuyvesant,180000,4
9425016,Rosedale,150000,6
20147368,St. Albans,70000,3
4220140,Financial District,40000,2
17739340,Upper West Side,210000,5
18971521,Sunnyside,120000,5
8546306,Sunset Park,250000,6
25973581,Kips Bay,50000,2
19119538,Astoria,250000,7
2484262,Upper West Side,210000,5
17704545,East Harlem,120000,5
53613986,Williamsburg,200000,4
7567078,Crown Heights,200000,5
4618901,Windsor Terrace,30000,2
7965287,Dyker Heights,120000,5
48414634,Williamsburg,200000,4
3491657,Upper West Side,210000,5
53127962,Upper East Side,200000,6
22682425,Harlem,250000,8
11978851,Harlem,250000,8
20195418,Vinegar Hill,30000,2
4527772,Park Slope,150000,5
57202279,Crown Heights,200000,5
1005754,Hell's Kitchen,100000,3
23772665,Nolita,40000,2
7507982,Cypress Hills,100000,4
11518785,Ditmars Steinway,80000,4
50500671,Bedford-Stuyvesant,180000,4
45876263,Williamsburg,200000,4
6450880,South Slope,100000,3
9579107,East Village,110000,3
9570271,Fort Greene,70000,3
11490065,Chelsea,80000,3
22601789,Kips Bay,50000,2
56104859,Williamsburg,200000,4
55190251,Bedford-Stuyvesant,180000,4
8497704,Williamsburg,200000,4
2803491,Harlem,250000,8
21313825,Lower East Side,100000,3
21591080,Williamsbridge,80000,4
2618470,Maspeth,60000,3
52544734,Ozone Park,150000,6
21256939,Crown Heights,200000,5
42828120,Upper East Side,200000,6
2755993,Prospect Heights,90000,4
4509546,Woodside,150000,4
20832772,Williamsburg,200000,4
10220880,Canarsie,120000,4
22678559,Bushwick,120000,4
7215816,Midtown,250000,3
4999436,East Village,110000,3
23518055,Chelsea,80000,3
16943476,Upper East Side,200000,6
15548366,Flushing,200000,7
46446237,Ridgewood,100000,4
24508329,Harlem,250000,8
9969583,Chelsea,80000,3
24806571,Ridgewood,100000,4
54344679,Bushwick,120000,4
22854742,Woodside,150000,4
11182434,Bedford-Stuyvesant,180000,4
53807291,Bedford-Stuyvesant,180000,4
44749571,Upper West Side,210000,5
53994521,Bedford-Stuyvesant,180000,4
9554254,Clinton Hill,50000,3
7806224,Greenpoint,30000,2
22458191,Bushwick,120000,4
44910291,Flatbush,180000,5
1819845,Hell's Kitchen,100000,3
15838323,Canarsie,120000,4
6211182,Williamsburg,200000,4
5023737,Bedford-Stuyvesant,180000,4
44054226,Upper West Side,210000,5
55050519,Harlem,250000,8
8840682,Lower East Side,100000,3
52651327,Midtown,250000,3
22015246,Flushing,200000,7
43557156,Kew Gardens Hills,120000,5
8758390,Gramercy,50000,2
3892074,Williamsburg,200000,4
48171070,Williamsburg,200000,4
5081728,Hell's Kitchen,100000,3
9639860,Park Slope,150000,5
6588955,Chelsea,80000,3
51025356,Bedford-Stuyvesant,180000,4
18933412,Long Island City,180000,6
4981762,Upper West Side,210000,5
1656916,Lower East Side,100000,3
9958537,Upper East Side,200000,6
20062866,Murray Hill,60000,2
2079978,Civic Center,80000,3
9338305,Crown Heights,200000,5
7915580,East Village,110000,3
9330020,Rego Park,150000,4
15815679,Flushing,200000,7
51563296,Harlem,250000,8
11334317,Upper East Side,200000,6
51057390,Inwood,60000,2
18072377,South Ozone Park,150000,6
16601050,Randall Manor,60000,3
5871517,West Village,100000,2
21341440,Stuyvesant Town,150000,5
6894929,Williamsburg,200000,4
12722247,Bedford-Stuyvesant,180000,4
55591220,Carroll Gardens,40000,2
2428479,Harlem,250000,8
24942989,Clason Point,80000,4
50124003,Upper East Side,200000,6
45187545,Williamsburg,200000,4
43274930,Randall Manor,60000,3
55237748,West Village,100000,2
7665940,Upper East Side,200000,6
7144017,Harlem,250000,8
9684044,Hell's Kitchen,100000,3
10003826,Prospect Heights,90000,4
54895322,Flushing,200000,7
50742579,Chelsea,80000,3
18599823,Midtown,250000,3
17060011,Bedford-Stuyvesant,180000,4
22135648,Upper East Side,200000,6
5451769,Williamsburg,200000,4
26846215,Sheepshead Bay,100000,3
25811204,East Village,110000,3
50064354,SoHo,120000,4
24784479,Williamsburg,200000,4
2675910,Bedford-Stuyvesant,180000,4
7221891,Harlem,250000,8
2117534,Bedford-Stuyvesant,180000,4
50614445,Hell's Kitchen,100000,3
1083629,Williamsburg,200000,4
12874681,Bushwick,120000,4
9521668,Maspeth,60000,3
7427899,Bedford-Stuyvesant,180000,4
11384576,East New York,150000,5
10477147,Nolita,40000,2
52345353,Mount Hope,80000,4
24343743,Murray Hill,60000,2
56572105,East New York,150000,5
53031310,Lower East Side,100000,3
52608800,Bushwick,120000,4
52138241,Mott Haven,80000,3
20468254,Bedford-Stuyvesant,180000,4
4286969,Clinton Hill,50000,3
22214627,Bedford-Stuyvesant,180000,4
1338791,Concourse,80000,4
27158264,Lower East Side,100000,3
54777682,Flushing,200000,7
10790854,Harlem,250000,8
55513898,Cypress Hills,100000,4
2038003,Upper West Side,210000,5
11680609,Sheepshead Bay,100000,3
48042384,Hell's Kitchen,100000,3
1398992,Williamsburg,200000,4
51591464,Hell's Kitchen,100000,3
1952949,Civic Center,80000,3
18843388,Hell's Kitchen,100000,3
53337284,South Ozone Park,150000,6
21022211,Rosedale,150000,6
13684353,Upper East Side,200000,6
17098120,Midtown,250000,3
56241830,Theater District,120000,4
5271167,Bushwick,120000,4
26815838,Gramercy,50000,2
45789552,East Flatbush,120000,5
54621934,Bedford-Stuyvesant,180000,4
56842180,Hell's Kitchen,100000,3
22153874,Upper West Side,210000,5
13153593,Long Island City,180000,6
51282176,Harlem,250000,8
7000419,Upper West Side,210000,5
9396848,Harlem,250000,8
8787109,South Slope,100000,3
4917143,East Village,110000,3
51305372,Astoria,250000,7
55510585,Fordham,200000,7
23603661,Upper West Side,210000,5
23009386,Stapleton,120000,5
12894564,East Village,110000,3
14737589,Hell's Kitchen,100000,3
21011717,East Village,110000,3
21543582,Kips Bay,50000,2
5851635,Greenpoint,30000,2
21277926,Theater District,120000,4
9370890,Bushwick,120000,4
2973599,Astoria,250000,7
55180309,Bedford-Stuyvesant,180000,4
10669348,Flushing,200000,7
18008862,Chelsea,80000,3
2722303,East Village,110000,3
17848695,East Harlem,120000,5
2553851,Williamsburg,200000,4
9828195,Hell's Kitchen,100000,3
24062623,Cypress Hills,100000,4
18425296,Upper East Side,200000,6
12937091,Williamsburg,200000,4
15682575,Bushwick,120000,4
47401164,Lower East Side,100000,3
2730587,Washington Heights,170000,6
53961383,Greenwich Village,150000,3
51448418,East Elmhurst,100000,3
54162973,City Island,60000,2
49769426,Bushwick,120000,4
17289768,Washington Heights,170000,6
52032199,Upper West Side,210000,5
4583554,Bushwick,120000,4
16523728,Gowanus,40000,2
11614885,Midtown,250000,3
17447173,Sunnyside,120000,5
24673466,East Village,110000,3
25372126,East Harlem,120000,5
11086886,Rego Park,150000,4
7872500,Chinatown,100000,3
13023802,Canarsie,120000,4
8441922,East Village,110000,3
7540568,Williamsburg,200000,4
20141293,Bay Ridge,200000,5
44538593,Astoria,250000,7
10674871,Flatlands,50000,3
18758886,Little Italy,60000,2
56076140,Financial District,40000,2
51732853,Upper West Side,210000,5
12472055,Williamsburg,200000,4
45972916,Midtown,250000,3
18476660,Midwood,180000,5
2297032,Upper West Side,210000,5
11879989,Boerum Hill,50000,2
27281979,Sheepshead Bay,100000,3
1354808,West Village,100000,2
7311916,Gramercy,50000,2
12627251,Greenpoint,30000,2
56620155,Midtown,250000,3
49418716,East Village,110000,3
11933010,East Flatbush,120000,5
51158461,Bushwick,120000,4
22845906,Brownsville,180000,7
17968544,Chelsea,80000,3
21943447,Bedford-Stuyvesant,180000,4
26612592,Sunnyside,120000,5
3893179,Upper West Side,210000,5
24061518,East Village,110000,3
55063774,Upper West Side,210000,5
48232927,Hell's Kitchen,100000,3
43533959,Crown Heights,200000,5
3518167,Williamsburg,200000,4
5704723,Upper East Side,200000,6
47636996,Chinatown,100000,3
46455074,Vinegar Hill,30000,2
51638409,Midtown,250000,3
16029971,Prospect-Lefferts Gardens,80000,4
3552410,Harlem,250000,8
44089021,Tribeca,100000,4
7744367,Carroll Gardens,40000,2
11640843,Windsor Terrace,30000,2
5393778,East Flatbush,120000,5
2451124,Upper West Side,210000,5
15910675,Boerum Hill,50000,2
18799204,St. George,150000,5
16646338,Williamsburg,200000,4
2437868,East Village,110000,3
50598981,Hell's Kitchen,100000,3
53048431,Richmond Hill,180000,5
14476351,Forest Hills,180000,6
1945769,Upper East Side,200000,6
9363158,Bedford-Stuyvesant,180000,4
18716359,Harlem,250000,8
6694997,Arverne,40000,2
55493463,Sunnyside,120000,5
10314219,Williamsburg,200000,4
20989073,Long Island City,180000,6
21429256,Ditmars Steinway,80000,4
16334841,Bensonhurst,180000,5
18937831,Murray Hill,60000,2
17807273,Murray Hill,60000,2
42912069,Corona,200000,6
10790301,Clinton Hill,50000,3
20610195,Harlem,250000,8
48096509,Jamaica,250000,7
43452771,Hell's Kitchen,100000,3
13763332,Williamsburg,200000,4
6323851,Crown Heights,200000,5
54954418,Cobble Hill,60000,2
3665631,Park Slope,150000,5
46444580,Mott Haven,80000,3
9659191,Williamsburg,200000,4
43909523,Flatbush,180000,5
5697543,Chelsea,80000,3
53879090,Woodhaven,100000,4
54885381,East Harlem,120000,5
25529531,Upper East Side,200000,6
51458359,East Village,110000,3
46252932,Crown Heights,200000,5
20496974,Bushwick,120000,4
14455916,Williamsburg,200000,4
12321829,Upper West Side,210000,5
48533379,Boerum Hill,50000,2
13641826,Bedford-Stuyvesant,180000,4
6400069,Williamsburg,200000,4
53187611,East Harlem,120000,5
51445104,Gowanus,40000,2
14608903,East Village,110000,3
47331574,Harlem,250000,8
23224783,Bedford-Stuyvesant,180000,4
50193592,Upper East Side,200000,6
15761001,Hell's Kitchen,100000,3
4853629,Upper East Side,200000,6
44063062,Harlem,250000,8
50919867,East Harlem,120000,5
2268865,Chelsea,80000,3
12443887,East Flatbush,120000,5
19458097,Hell's Kitchen,100000,3
52892683,Clifton,30000,2
12823318,Upper East Side,200000,6
15506943,Lower East Side,100000,3
11822550,Long Island City,180000,6
25188210,Crown Heights,200000,5
42833643,Harlem,250000,8
18940592,Hollis,200000,6
49788204,Hell's Kitchen,100000,3
7172736,Boerum Hill,50000,2
10709665,Ditmars Steinway,80000,4
23002759,Harlem,250000,8
25816175,Bedford-Stuyvesant,180000,4
57255853,Canarsie,120000,4
7150092,Upper East Side,200000,6
12535569,Williamsburg,200000,4
46288279,Ditmars Steinway,80000,4
26233162,Fort Greene,70000,3
23526339,Crown Heights,200000,5
3037114,Williamsburg,200000,4
54082337,Bedford-Stuyvesant,180000,4
1392917,West Village,100000,2
12989560,Upper West Side,210000,5
55651973,Civic Center,80000,3
14443766,Jackson Heights,180000,5
52661269,Spuyten Duyvil,30000,2
27270381,Jamaica,250000,7
6754645,Washington Heights,170000,6
26351906,Midtown,250000,3
13263501,Chinatown,100000,3
7953688,Williamsburg,200000,4
55852458,Harlem,250000,8
23901903,Financial District,40000,2
6102379,Upper East Side,200000,6
54708645,Williamsburg,200000,4
3923555,Gramercy,50000,2
51910141,East Village,110000,3
56024224,Upper West Side,210000,5
44879362,Edenwald,100000,4
12776924,Upper East Side,200000,6
18560610,Park Slope,150000,5
47613799,Midtown,250000,3
11501664,SoHo,120000,4
6354780,Kips Bay,50000,2
2831658,Canarsie,120000,4
57161409,Clinton Hill,50000,3
53889584,Harlem,250000,8
52747428,Harlem,250000,8
55626568,Bedford-Stuyvesant,180000,4
43645524,Upper East Side,200000,6
54137014,Port Richmond,30000,2
51770961,Rockaway Beach,60000,3
4237814,East Harlem,120000,5
13588253,Flatbush,180000,5
6963415,Cypress Hills,100000,4
11049330,Financial District,40000,2
6966176,West Village,100000,2
43030814,Corona,200000,6
1968966,Lower East Side,100000,3
45934255,Williamsburg,200000,4
2343977,Ditmars Steinway,80000,4
42844689,Bedford-Stuyvesant,180000,4
18872107,Washington Heights,170000,6
26735202,Bedford-Stuyvesant,180000,4
54557867,Sunset Park,250000,6
50746997,Bedford-Stuyvesant,180000,4
53587476,Sunset Park,250000,6
43256152,Williamsburg,200000,4
50648135,Chelsea,80000,3
53099243,Williamsburg,200000,4
17131810,Williamsburg,200000,4
26777729,Briarwood,80000,4
5430782,Kips Bay,50000,2
8819695,Upper East Side,200000,6
45116299,East Village,110000,3
56879736,Harlem,250000,8
13753391,Downtown Brooklyn,150000,5
16071946,Williamsburg,200000,4
47576243,Carroll Gardens,40000,2
6557474,Clinton Hill,50000,3
5817392,Bedford-Stuyvesant,180000,4
53156682,Greenpoint,30000,2
22199162,City Island,60000,2
16112264,Bedford-Stuyvesant,180000,4
44678877,Flatbush,180000,5
26142032,Greenpoint,30000,2
12981275,Rego Park,150000,4
11351990,Tribeca,100000,4
9951910,Tribeca,100000,4
2494203,Bushwick,120000,4
48199789,Fort Greene,70000,3
5502581,East Harlem,120000,5
48134618,Harlem,250000,8
47955673,Longwood,120000,4
48844324,Chelsea,80000,3
46102706,Inwood,60000,2
52928582,Flushing,200000,7
11825864,Williamsburg,200000,4
6582328,Borough Park,250000,6
12497461,Rego Park,150000,4
4003639,Williamsburg,200000,4
19463620,Upper West Side,210000,5
23967075,Hell's Kitchen,100000,3
3771121,Brownsville,180000,7
44627513,Bedford-Stuyvesant,180000,4
15774256,Upper East Side,200000,6
9461467,Kips Bay,50000,2
21453557,Harlem,250000,8
13963265,Fresh Meadows,120000,4
5403719,Chelsea,80000,3
54503189,Park Slope,150000,5
13176237,Hell's Kitchen,100000,3
19889996,Canarsie,120000,4
22780182,Sunset Park,250000,6
55247690,Hell's Kitchen,100000,3
46189970,Woodhaven,100000,4
2376563,Clinton Hill,50000,3
51541204,Borough Park,250000,6
23052466,Clinton Hill,50000,3
56196541,Upper West Side,210000,5
4045061,Bushwick,120000,4
12124658,Cypress Hills,100000,4
52245387,Flushing,200000,7
23796966,Sunnyside,120000,5
46050790,Hell's Kitchen,100000,3
25611824,Jamaica,250000,7
12287034,Hell's Kitchen,100000,3
6913708,Greenpoint,30000,2
21689942,South Ozone Park,150000,6
4513412,Williamsburg,200000,4
19391269,Flatbush,180000,5
23222574,Bay Ridge,200000,5
50999398,Chinatown,100000,3
49989794,St. Albans,70000,3
53957517,SoHo,120000,4
54023793,Inwood,60000,2
54046990,Middle Village,120000,5
53902287,Washington Heights,170000,6
2453333,SoHo,120000,4
20513543,Washington Heights,170000,6
52060366,Gramercy,50000,2
23914606,Park Slope,150000,5
4307956,Bedford-Stuyvesant,180000,4
3799840,Greenpoint,30000,2
46979759,Washington Heights,170000,6
6712118,Clinton Hill,50000,3
18433581,Washington Heights,170000,6
25162804,Upper East Side,200000,6
43563231,Upper West Side,210000,5
49125997,Howland Hook,60000,3
50394630,Bushwick,120000,4
56494231,Hell's Kitchen,100000,3
10440143,Sunset Park,250000,6
56351737,Fort Greene,70000,3
52063128,Financial District,40000,2
57174112,Harlem,250000,8
45918790,Bedford-Stuyvesant,180000,4
2448362,East Flatbush,120000,5
52105655,Chelsea,80000,3
55660810,St. Albans,70000,3
50374747,Bedford-Stuyvesant,180000,4
43085491,Washington Heights,170000,6
17668093,South Slope,100000,3
7133523,East Village,110000,3
2442839,West Village,100000,2
54718034,Williamsburg,200000,4
24153200,East New York,150000,5
10851607,Prospect-Lefferts Gardens,80000,4
24116196,Crown Heights,200000,5
12653209,Park Slope,150000,5
50317308,Midland Beach,100000,4
3042085,Bushwick,120000,4
54312094,Ditmars Steinway,80000,4
8080717,Williamsburg,200000,4
4012476,Gramercy,50000,2
14106863,Midtown,250000,3
21777757,Canarsie,120000,4
8708130,Harlem,250000,8
12293662,Bedford-Stuyvesant,180000,4
53502974,Bushwick,120000,4
46883106,Crown Heights,200000,5
3756761,Bushwick,120000,4
46540680,Greenpoint,30000,2
7616785,Lower East Side,100000,3
51785873,Crown Heights,200000,5
20928872,East Flatbush,120000,5
17233433,Williamsburg,200000,4
53780229,Tompkinsville,60000,3
24143258,Murray Hill,60000,2
20404187,Lower East Side,100000,3
46709684,Bushwick,120000,4
9389116,Harlem,250000,8
16619275,Hell's Kitchen,100000,3
22487463,Rosedale,150000,6
23430239,Two Bridges,40000,2
2289852,Bedford-Stuyvesant,180000,4
27215151,Borough Park,250000,6
55296844,Washington Heights,170000,6
2931625,Williamsburg,200000,4
15499763,Carroll Gardens,40000,2
24009602,East Village,110000,3
20221376,Forest Hills,180000,6
4690148,Upper West Side,210000,5
22950843,East Harlem,120000,5
16092934,Park Slope,150000,5
8424800,Williamsburg,200000,4
42870094,Midtown,250000,3
1872865,Williamsburg,200000,4
19854649,Jackson Heights,180000,5
54747306,Bushwick,120000,4
49311569,Bedford-Stuyvesant,180000,4
12943167,Bedford-Stuyvesant,180000,4
43838276,Bedford-Stuyvesant,180000,4
55556978,Queens Village,120000,4
51060703,Midtown,250000,3
15542843,East Flatbush,120000,5
54441332,Bedford-Stuyvesant,180000,4
48841562,Crown Heights,200000,5
8905301,Wakefield,100000,4
48581981,Gowanus,40000,2
9259326,Flatiron District,50000,2
25484243,West Village,100000,2
15083881,Fort Hamilton,100000,4
8883762,Civic Center,80000,3
20927768,Williamsburg,200000,4
54639055,Bedford-Stuyvesant,180000,4
6002413,South Slope,100000,3
52013421,Bushwick,120000,4
9047242,Morningside Heights,150000,5
42901023,West Brighton,150000,5
45088684,Harlem,250000,8
27214599,Gravesend,200000,6
1126156,Harlem,250000,8
25985731,Borough Park,250000,6
56001579,East Elmhurst,100000,3
46081719,Lower East Side,100000,3
24902671,Elmhurst,120000,5
55663019,Clinton Hill,50000,3
3093448,Williamsburg,200000,4
13692638,Gowanus,40000,2
26129881,West Village,100000,2
43135198,Midtown,250000,3
10783121,Bedford-Stuyvesant,180000,4
14939731,Sunnyside,120000,5
25039641,Theater District,120000,4
48023053,East Village,110000,3
18571656,Bedford-Stuyvesant,180000,4
20753793,Bushwick,120000,4
3729698,East Village,110000,3
24175844,Bushwick,120000,4
49852823,Inwood,60000,2
50268705,Clinton Hill,50000,3
12886832,Long Island City,180000,6
48021949,Bushwick,120000,4
53011979,Bedford-Stuyvesant,180000,4
50022932,Bedford-Stuyvesant,180000,4
57310530,Bushwick,120000,4
48737730,Bedford-Stuyvesant,180000,4
20654932,Harlem,250000,8
7667045,Midtown,250000,3
18329749,Midtown,250000,3
3277917,Upper East Side,200000,6
46171744,Kingsbridge,50000,3
8738507,Greenwich Village,150000,3
20012607,Red Hook,120000,5
3562903,Fort Greene,70000,3
7341188,Greenpoint,30000,2
26266852,Flatiron District,50000,2
10171725,South Slope,100000,3
25658217,Richmond Hill,180000,5
14300720,Midtown,250000,3
54931774,Bushwick,120000,4
2814537,Williamsburg,200000,4
21297809,Kensington,35000,2
15891344,Elmhurst,120000,5
48723922,Upper West Side,210000,5
3793765,Queens Village,120000,4
48718399,Williamsburg,200000,4
9386907,Financial District,40000,2
14444318,Bedford-Stuyvesant,180000,4
47470201,Windsor Terrace,30000,2
53657618,Boerum Hill,50000,2
4432224,East Flatbush,120000,5
3835187,Kensington,35000,2
1537067,Midtown,250000,3
26810867,Bedford-Stuyvesant,180000,4
7858141,Bedford-Stuyvesant,180000,4
6413876,Prospect-Lefferts Gardens,80000,4
55760776,Sunset Park,250000,6
9533266,Hell's Kitchen,100000,3
55718249,Windsor Terrace,30000,2
44509321,Bedford-Stuyvesant,180000,4
7642744,Clinton Hill,50000,3
16846823,Murray Hill,60000,2
1572967,Crown Heights,200000,5
53648229,Red Hook,120000,5
14716602,Ditmars Steinway,80000,4
51869823,Upper West Side,210000,5
17182621,Upper East Side,200000,6
9431091,Arverne,40000,2
51144101,Flushing,200000,7
10219775,Williamsburg,200000,4
55367539,Crown Heights,200000,5
15929453,Middle Village,120000,5
22371480,Chelsea,80000,3
12281511,East Village,110000,3
11052091,Murray Hill,60000,2
24878922,Ridgewood,100000,4
55653078,Harlem,250000,8
25171089,East Harlem,120000,5
17306337,Upper West Side,210000,5
15213672,Crown Heights,200000,5
12312440,Clinton Hill,50000,3
53103661,Sheepshead Bay,100000,3
17734369,Bedford-Stuyvesant,180000,4
7634459,Bedford-Stuyvesant,180000,4
48388676,Crown Heights,200000,5
56500858,Harlem,250000,8
23000550,Astoria,250000,7
47094085,Fort Greene,70000,3
55952425,Chelsea,80000,3
6680085,Upper West Side,210000,5
48382601,South Slope,100000,3
54717482,Upper East Side,200000,6
8540231,Rosedale,150000,6
27294682,Midtown,250000,3
14902175,Rego Park,150000,4
48720608,Ditmars Steinway,80000,4
17607340,Lower East Side,100000,3
1024533,South Slope,100000,3
21148688,Lower East Side,100000,3
5407585,SoHo,120000,4
45961318,Flushing,200000,7
19956824,Wakefield,100000,4
6070345,East New York,150000,5
7374878,Sheepshead Bay,100000,3
19532658,Bedford-Stuyvesant,180000,4
12499670,Sunset Park,250000,6
16754037,Bedford-Stuyvesant,180000,4
15442324,Wakefield,100000,4
20756002,Cypress Hills,100000,4
1639243,Prospect Heights,90000,4
48669797,Williamsburg,200000,4
12686899,Little Italy,60000,2
24841366,Washington Heights,170000,6
8637436,Williamsburg,200000,4
46201016,Bedford-Stuyvesant,180000,4
11071974,Kips Bay,50000,2
7496936,Midtown,250000,3
24210087,Hell's Kitchen,100000,3
49837359,Prospect-Lefferts Gardens,80000,4
1204030,East Village,110000,3
12005361,SoHo,120000,4
16069737,Park Slope,150000,5
47956225,Crown Heights,200000,5
7009255,Boerum Hill,50000,2
22980115,Clinton Hill,50000,3
3754552,Harlem,250000,8
26617010,East Village,110000,3
13677726,Lower East Side,100000,3
4413998,Astoria,250000,7
17145065,Chinatown,100000,3
44417087,Hell's Kitchen,100000,3
45434976,Crown Heights,200000,5
6169207,Upper West Side,210000,5
15284366,Flushing,200000,7
24250405,Theater District,120000,4
4366500,Kingsbridge,50000,3
53083226,Greenpoint,30000,2
22859161,Hell's Kitchen,100000,3
27251050,East Village,110000,3
52564616,Upper East Side,200000,6
52895444,Williamsburg,200000,4
12339503,Kingsbridge,50000,3
4995017,Clinton Hill,50000,3
18495991,Crown Heights,200000,5
11090200,Kensington,35000,2
51763229,Flushing,200000,7
16973852,Midtown,250000,3
55897747,Bushwick,120000,4
9393535,Crown Heights,200000,5
26119388,Port Morris,50000,3
9178690,Greenpoint,30000,2
26730784,Hell's Kitchen,100000,3
52849051,Williamsburg,200000,4
24475743,Woodside,150000,4
1665753,Crown Heights,200000,5
47407239,East New York,150000,5
55630434,East Village,110000,3
1445938,Hell's Kitchen,100000,3
16970538,Bushwick,120000,4
53294205,Prospect-Lefferts Gardens,80000,4
52639177,Lower East Side,100000,3
24094104,Midtown,250000,3
25914484,Upper West Side,210000,5
13625257,Harlem,250000,8
53389200,SoHo,120000,4
3684409,Lower East Side,100000,3
3341983,Harlem,250000,8
23470557,Theater District,120000,4
44058092,Long Island City,180000,6
19192993,Upper East Side,200000,6
50641508,Bedford-Stuyvesant,180000,4
52292885,Sunset Park,250000,6
56362783,Harlem,250000,8
27404038,Briarwood,80000,4
6099065,Williamsburg,200000,4
1249871,Clinton Hill,50000,3
46903541,East Village,110000,3
6898795,Chelsea,80000,3
23003863,Williamsburg,200000,4
55684007,Bushwick,120000,4
4069363,Theater District,120000,4
2947641,Ridgewood,100000,4
21587214,Bedford-Stuyvesant,180000,4
10242420,East Village,110000,3
48631136,East Village,110000,3
18687087,Kingsbridge,50000,3
49610916,East Village,110000,3
51284937,Bedford-Stuyvesant,180000,4
18534100,Washington Heights,170000,6
27146666,Bushwick,120000,4
43430679,Rosedale,150000,6
49037076,Upper West Side,210000,5
48739387,Upper West Side,210000,5
55319489,Harlem,250000,8
47799372,Prospect-Lefferts Gardens,80000,4
23067378,Harlem,250000,8
20364974,East Elmhurst,100000,3
47863439,Washington Heights,170000,6
6355885,West Village,100000,2
4381412,Ridgewood,100000,4
46856596,Rosebank,150000,5
49634665,Kips Bay,50000,2
14229473,Harlem,250000,8
53636631,Upper West Side,210000,5
44654576,Williamsburg,200000,4
56878079,Williamsburg,200000,4
25041298,Financial District,40000,2
1650841,Chelsea,80000,3
2644429,Upper East Side,200000,6
23878154,Harlem,250000,8
19196860,Bushwick,120000,4
53936530,Borough Park,250000,6
16459108,Vinegar Hill,30000,2
6996553,Murray Hill,60000,2
51048553,Bedford-Stuyvesant,180000,4
3433113,Brooklyn Heights,100000,3
6502796,Bushwick,120000,4
9218455,Crown Heights,200000,5
47731991,East Village,110000,3
20262799,Bedford-Stuyvesant,180000,4
26916357,Williamsburg,200000,4
21763398,Bedford-Stuyvesant,180000,4
1411143,Williamsburg,200000,4
51516351,Chelsea,80000,3
4749796,Midwood,180000,5
49866631,Hell's Kitchen,100000,3
44392233,East Harlem,120000,5
23349051,Bushwick,120000,4
23856615,Financial District,40000,2
47354218,Hell's Kitchen,100000,3
21102847,Bedford-Stuyvesant,180000,4
9855810,Sunset Park,250000,6
19341562,Bedford-Stuyvesant,180000,4
11007907,Bedford-Stuyvesant,180000,4
26331471,East Village,110000,3
8843996,East Harlem,120000,5
14014629,East Village,110000,3
8443579,Upper East Side,200000,6
52464098,East Village,110000,3
56955954,South Slope,100000,3
17815557,Upper East Side,200000,6
9765232,Upper East Side,200000,6
17544930,Vinegar Hill,30000,2
19048291,Jamaica,250000,7
16910338,Prospect-Lefferts Gardens,80000,4
18827371,Downtown Brooklyn,150000,5
8453520,Park Slope,150000,5
48676424,Bay Ridge,200000,5
50336638,Bedford-Stuyvesant,180000,4
3733564,Greenpoint,30000,2
1997133,Kew Gardens,120000,4
55342133,Fresh Meadows,120000,4
49800355,Bedford-Stuyvesant,180000,4
52192918,Astoria,250000,7
7458275,Chinatown,100000,3
2344530,Midtown,250000,3
47496712,Upper West Side,210000,5
56912874,Sheepshead Bay,100000,3
26121597,Chinatown,100000,3
26335337,Williamsburg,200000,4
22014142,Bushwick,120000,4
52271897,Bedford-Stuyvesant,180000,4
27009143,Greenwich Village,150000,3
22710040,Crown Heights,200000,5
52596650,Williamsburg,200000,4
46630153,Bedford-Stuyvesant,180000,4
11320509,East Harlem,120000,5
49042047,East Harlem,120000,5
2223576,Williamsburg,200000,4
55933094,Williamsburg,200000,4
5589292,Bushwick,120000,4
15653303,Flushing,200000,7
12601293,Harlem,250000,8
26694884,Richmond Hill,180000,5
44458509,Long Island City,180000,6
52536449,Jackson Heights,180000,5
55010753,Elmhurst,120000,5
9840345,Bushwick,120000,4
23905217,Financial District,40000,2
11324375,Gravesend,200000,6
56256190,Harlem,250000,8
43137408,Midtown,250000,3
47319976,Ridgewood,100000,4
47925849,Bedford-Stuyvesant,180000,4
22401304,Chelsea,80000,3
49135938,Hell's Kitchen,100000,3
22375898,East Village,110000,3
48863654,Ditmars Steinway,80000,4
4471437,Bedford-Stuyvesant,180000,4
43202579,Upper East Side,200000,6
3262452,Flatbush,180000,5
6558579,Long Island City,180000,6
53605702,Midtown,250000,3
53359928,Chelsea,80000,3
3894283,Fort Greene,70000,3
49283402,Briarwood,80000,4
5713007,Upper West Side,210000,5
24356446,Wakefield,100000,4
49471736,Park Slope,150000,5
17708963,Bedford-Stuyvesant,180000,4
13916319,Elmhurst,120000,5
14264268,Carroll Gardens,40000,2
26914700,Hell's Kitchen,100000,3
55761881,West Village,100000,2
45024064,East Flatbush,120000,5
16081335,Ozone Park,150000,6
3332042,Williamsburg,200000,4
5798062,East Village,110000,3
9130087,Bushwick,120000,4
43083835,Sheepshead Bay,100000,3
24822587,Upper East Side,200000,6
20918379,Bushwick,120000,4
15537320,Kips Bay,50000,2
53785199,Hell's Kitchen,100000,3
24680094,Hell's Kitchen,100000,3
3501598,Upper East Side,200000,6
56314733,Crown Heights,200000,5
1938589,Williamsburg,200000,4
26975453,Flatbush,180000,5
47569063,Williamsburg,200000,4
52425437,Fordham,200000,7
26412659,Hell's Kitchen,100000,3
10957648,Cambria Heights,100000,5
24890520,Flushing,200000,7
9422254,East Harlem,120000,5
43895163,East Elmhurst,100000,3
18769379,East Village,110000,3
3126034,Theater District,120000,4
12388105,Midtown,250000,3
52655194,Midtown,250000,3
23737318,Murray Hill,60000,2
44713120,Harlem,250000,8
53986237,Harlem,250000,8
4084275,Park Slope,150000,5
8683277,Upper West Side,210000,5
53537769,East Elmhurst,100000,3
4808892,Chelsea,80000,3
4048375,Flatbush,180000,5
6037760,Clinton Hill,50000,3
52339830,Upper West Side,210000,5
23245771,Bushwick,120000,4
46951039,Highbridge,120000,4
56007655,Brooklyn Heights,100000,3
56543386,East Village,110000,3
55417246,East Harlem,120000,5
2582019,Bedford-Stuyvesant,180000,4
12503536,Hell's Kitchen,100000,3
9776831,Midtown,250000,3
55948006,Bushwick,120000,4
17110822,Sunnyside,120000,5
3749029,Gramercy,50000,2
7670359,East Village,110000,3
12696289,Lower East Side,100000,3
5016005,East Harlem,120000,5
43626745,East Flatbush,120000,5
25220243,Woodside,150000,4
44090677,Chinatown,100000,3
13645140,Greenwich Village,150000,3
52268584,East Village,110000,3
3554619,East Village,110000,3
18276175,Harlem,250000,8
2640562,Prospect-Lefferts Gardens,80000,4
42836956,Springfield Gardens,150000,5
8027144,Harlem,250000,8
49033210,Williamsburg,200000,4
53532246,Park Slope,150000,5
3707054,Bushwick,120000,4
25762050,Long Island City,180000,6
12002047,Elmhurst,120000,5
49456272,Astoria,250000,7
53459895,East Village,110000,3
6356437,Chinatown,100000,3
25193181,Crown Heights,200000,5
14186946,Astoria,250000,7
26169647,Midtown,250000,3
24645851,Chinatown,100000,3
26500475,Upper East Side,200000,6
7799044,Astoria,250000,7
23357335,Crown Heights,200000,5
4950281,East Village,110000,3
52484533,Park Slope,150000,5
57198966,Astoria,250000,7
27529410,Bedford-Stuyvesant,180000,4
7568735,Williamsburg,200000,4
11792173,Upper West Side,210000,5
21370160,Astoria,250000,7
7369907,East Village,110000,3
24835843,Bedford-Stuyvesant,180000,4
25828326,Midtown,250000,3
18952191,Upper West Side,210000,5
47900995,Crown Heights,200000,5
3240913,Washington Heights,170000,6
46117066,Harlem,250000,8
1514423,Lower East Side,100000,3
1673485,Bedford-Stuyvesant,180000,4
2727274,East Village,110000,3
6341525,Flatbush,180000,5
47913698,Upper West Side,210000,5
55202953,Sunset Park,250000,6
16456899,East New York,150000,5
1016800,Hell's Kitchen,100000,3
3195072,Greenpoint,30000,2
44526994,Far Rockaway,250000,7
8017755,Astoria,250000,7
25842133,Theater District,120000,4
19511118,Rockaway Beach,60000,3
6883331,Carroll Gardens,40000,2
50346027,Arverne,40000,2
49693209,Little Italy,60000,2
47531506,Astoria,250000,7
8556248,Prospect Heights,90000,4
47168093,Bedford-Stuyvesant,180000,4
6600001,Astoria,250000,7
17158320,Bedford-Stuyvesant,180000,4
47078620,Lower East Side,100000,3
50178680,Astoria,250000,7
6562997,East Harlem,120000,5
4577479,East Harlem,120000,5
19174768,Harlem,250000,8
18767722,Upper West Side,210000,5
6685608,Washington Heights,170000,6
51646141,Kingsbridge,50000,3
26301094,Hell's Kitchen,100000,3
44252501,Sheepshead Bay,100000,3
47536477,Williamsburg,200000,4
20277158,Bedford-Stuyvesant,180000,4
12690213,East Harlem,120000,5
23842807,Crown Heights,200000,5
4051137,Glendale,80000,3
46503124,East New York,150000,5
8067462,Upper West Side,210000,5
57074146,East Harlem,120000,5
43566545,Kips Bay,50000,2
23289955,Bushwick,120000,4
2966419,Financial District,40000,2
51215347,Windsor Terrace,30000,2
10083357,Inwood,60000,2
6823130,Hell's Kitchen,100000,3
21254729,Bushwick,120000,4
19111253,Hell's Kitchen,100000,3
46673232,Upper West Side,210000,5
43405273,Williamsburg,200000,4
6560236,Ozone Park,150000,6
8051446,Hell's Kitchen,100000,3
50830947,Ridgewood,100000,4
4585211,Long Island City,180000,6
6992134,Washington Heights,170000,6
48927721,South Slope,100000,3
50201877,Harlem,250000,8
2180497,West Village,100000,2
7792969,Bushwick,120000,4
17615072,Long Island City,180000,6
7512401,Harlem,250000,8
56224156,Oakwood,120000,4
51194360,Bushwick,120000,4
18232544,Greenpoint,30000,2
54488830,Sunnyside,120000,5
12615100,Maspeth,60000,3
15257304,Bedford-Stuyvesant,180000,4
52955092,Bedford-Stuyvesant,180000,4
4703403,Fort Greene,70000,3
16324900,Sheepshead Bay,100000,3
54156897,Upper West Side,210000,5
21475649,Bedford-Stuyvesant,180000,4
3777748,Prospect Heights,90000,4
26820256,Kips Bay,50000,2
10484879,Bedford-Stuyvesant,180000,4
55700023,Hollis,200000,6
6217810,East Village,110000,3
49658966,Greenwich Village,150000,3
24411676,Theater District,120000,4
5944973,East Village,110000,3
50940854,East Village,110000,3
6331583,Crown Heights,200000,5
50134496,Midtown,250000,3
14021809,Williamsburg,200000,4
53209703,Harlem,250000,8
52182425,East Harlem,120000,5
7027481,Crown Heights,200000,5
15648884,Bushwick,120000,4
10620745,East Village,110000,3
5191084,Gowanus,40000,2
7032452,Crown Heights,200000,5
10044696,Upper West Side,210000,5
1435996,Kensington,35000,2
47771205,Hell's Kitchen,100000,3
50462563,Park Slope,150000,5
23796414,Midtown,250000,3
6529859,Upper West Side,210000,5
46515827,Sunnyside,120000,5
53631108,East Elmhurst,100000,3
50396287,Williamsburg,200000,4
20868119,Jamaica,250000,7
45408465,Murray Hill,60000,2
45243328,Chelsea,80000,3
18478870,East Village,110000,3
19728172,Bedford-Stuyvesant,180000,4
23804146,Bushwick,120000,4
14951329,Sunnyside,120000,5
10214252,Upper East Side,200000,6
25425147,Financial District,40000,2
10174487,Williamsburg,200000,4
8984833,Little Italy,60000,2
16560732,Gowanus,40000,2
19365311,Woodside,150000,4
11305045,Upper East Side,200000,6
17062772,Ridgewood,100000,4
55453145,Crown Heights,200000,5
24922001,Bedford-Stuyvesant,180000,4
52977184,Hell's Kitchen,100000,3
22285321,Midwood,180000,5
5882563,Washington Heights,170000,6
53659827,Red Hook,120000,5
43881356,Clinton Hill,50000,3
11985478,Kew Gardens Hills,120000,5
17891222,Hollis,200000,6
8708683,Bedford-Stuyvesant,180000,4
21461290,Bull's Head,30000,2
44842910,Maspeth,60000,3
47238235,Upper West Side,210000,5
13541860,Bedford-Stuyvesant,180000,4
47464678,Long Island City,180000,6
3139842,Upper East Side,200000,6
11620408,Park Slope,150000,5
14854125,Bushwick,120000,4
16285686,Kensington,35000,2
1678456,South Slope,100000,3
49075737,Lower East Side,100000,3
6787231,Sunnyside,120000,5
49719167,Woodside,150000,4
11361379,East Harlem,120000,5
7616233,Bedford-Stuyvesant,180000,4
10530168,Bedford-Stuyvesant,180000,4
51552250,Upper West Side,210000,5
2893516,Williamsburg,200000,4
18185598,Upper East Side,200000,6
48630583,Carroll Gardens,40000,2
51351213,Upper East Side,200000,6
9618873,East Village,110000,3
15455027,Harlem,250000,8
24827006,Chinatown,100000,3
9410104,Ridgewood,100000,4
23151880,Bedford-Stuyvesant,180000,4
19540390,Bayswater,120000,4
24625969,Williamsburg,200000,4
52972766,Chelsea,80000,3
17975724,Prospect Heights,90000,4
12707887,Windsor Terrace,30000,2
8901988,Long Island City,180000,6
16622037,Mill Basin,200000,7
10409767,Upper West Side,210000,5
20448924,East New York,150000,5
13578312,Bedford-Stuyvesant,180000,4
51239649,Morris Park,180000,6
27397410,Murray Hill,60000,2
2892964,Fort Greene,70000,3
45293587,Astoria,250000,7
3472326,Upper East Side,200000,6
17583591,Crown Heights,200000,5
11966700,Midtown,250000,3
2332931,Ridgewood,100000,4
43186010,Williamsburg,200000,4
43605758,Bedford-Stuyvesant,180000,4
15407529,Astoria,250000,7
57030514,Prospect Heights,90000,4
21772787,Long Island City,180000,6
3049264,Long Island City,180000,6
13003367,East Village,110000,3
43841038,Bushwick,120000,4
1650289,Upper West Side,210000,5
3121063,Harlem,250000,8
56287118,East Flatbush,120000,5
44340317,Hell's Kitchen,100000,3
25315791,East Village,110000,3
5095536,Williamsburg,200000,4
14398477,Midwood,180000,5
4222902,Morningside Heights,150000,5
22627747,Williamsburg,200000,4
52615980,Clinton Hill,50000,3
4945863,East Village,110000,3
25163909,Crown Heights,200000,5
51157908,Bedford-Stuyvesant,180000,4
23446808,Bedford-Stuyvesant,180000,4
27303519,West Village,100000,2
2933281,Crown Heights,200000,5
25475406,Woodside,150000,4
50550378,Astoria,250000,7
12595770,Bushwick,120000,4
56209244,Williamsburg,200000,4
43069475,Park Slope,150000,5
48413530,Harlem,250000,8
11257547,Williamsburg,200000,4
4999988,South Slope,100000,3
14075934,Park Slope,150000,5
55877312,Port Morris,50000,3
20633944,East Flatbush,120000,5
24143811,Murray Hill,60000,2
19404524,St. Albans,70000,3
7976333,Bedford-Stuyvesant,180000,4
26191187,Bedford-Stuyvesant,180000,4
19301797,East New York,150000,5
5184456,Elmhurst,120000,5
12203085,Crown Heights,200000,5
57272974,Williamsburg,200000,4
6957892,Bedford-Stuyvesant,180000,4
7856484,Williamsburg,200000,4
5483251,Bedford-Stuyvesant,180000,4
43432336,Harlem,250000,8
57327652,Bushwick,120000,4
55665781,Financial District,40000,2
23306524,Astoria,250000,7
1546456,East Village,110000,3
3618133,South Slope,100000,3
55359807,Bedford-Stuyvesant,180000,4
50487968,Castleton Corners,60000,3
2231860,Bedford-Stuyvesant,180000,4
48635002,Bushwick,120000,4
24757416,Jamaica,250000,7
1234407,East Village,110000,3
11786650,Carroll Gardens,40000,2
1074240,East Village,110000,3
21313273,Stuyvesant Town,150000,5
1463059,Williamsburg,200000,4
18726300,Park Slope,150000,5
4479169,Greenpoint,30000,2
53051193,Greenpoint,30000,2
19336591,Murray Hill,60000,2
48419605,Long Island City,180000,6
14147733,Upper East Side,200000,6
27316222,Arverne,40000,2
13770512,Crown Heights,200000,5
16073051,Arrochar,15000,2
51835028,Sunset Park,250000,6
2604111,West Village,100000,2
19735904,Bedford-Stuyvesant,180000,4
14585707,Fort Greene,70000,3
17807825,Hell's Kitchen,100000,3
16358038,Greenwich Village,150000,3
53321820,Bushwick,120000,4
1574071,Upper West Side,210000,5
24778403,Kew Gardens,120000,4
9705032,Upper East Side,200000,6
50640955,Morris Heights,100000,5
5923434,Chelsea,80000,3
14100787,Woodside,150000,4
17307994,Bushwick,120000,4
12824974,Pelham Gardens,150000,5
48458818,Chinatown,100000,3
21578929,Sunnyside,120000,5
44205004,Hell's Kitchen,100000,3
4605646,Greenwich Village,150000,3
20698563,Harlem,250000,8
52363579,Hell's Kitchen,100000,3
14968451,Greenpoint,30000,2
8390558,Greenpoint,30000,2
44224334,Windsor Terrace,30000,2
6562445,Bedford-Stuyvesant,180000,4
20874195,East New York,150000,5
1627092,Sunnyside,120000,5
45534942,Fresh Meadows,120000,4
18553982,Bushwick,120000,4
56435135,Crown Heights,200000,5
2646638,Williamsburg,200000,4
49143670,Forest Hills,180000,6
46735090,Brownsville,180000,7
6628721,Hell's Kitchen,100000,3
54454587,Castle Hill,100000,4
15183848,East Harlem,120000,5
23120951,East Elmhurst,100000,3
21001224,Bedford-Stuyvesant,180000,4
7314677,Bushwick,120000,4
25952593,Bedford-Stuyvesant,180000,4
55269782,Prospect-Lefferts Gardens,80000,4
10978636,Woodhaven,100000,4
11211154,West Village,100000,2
12542749,Ditmars Steinway,80000,4
1313386,Greenpoint,30000,2
4822147,Upper West Side,210000,5
54114922,Greenpoint,30000,2
55188041,Upper West Side,210000,5
49797041,Upper East Side,200000,6
44956132,Bushwick,120000,4
3351925,Woodside,150000,4
56498649,Bedford-Stuyvesant,180000,4
50257107,Hell's Kitchen,100000,3
24932495,Crown Heights,200000,5
5835618,Williamsburg,200000,4
17778001,Jackson Heights,180000,5
24960110,East Flatbush,120000,5
17555424,East Village,110000,3
9965717,Midtown,250000,3
15230793,East Flatbush,120000,5
48417396,East Village,110000,3
52549704,Crown Heights,200000,5
5482146,Bushwick,120000,4
50125660,Midtown,250000,3
51179448,Bedford-Stuyvesant,180000,4
54554001,Fort Greene,70000,3
15565487,Bayside,120000,4
2560479,NoHo,30000,2
26815286,Jackson Heights,180000,5
7251163,Bedford-Stuyvesant,180000,4
47216143,West Village,100000,2
21665641,Washington Heights,170000,6
11640291,St. Albans,70000,3
19961243,Williamsburg,200000,4
3693246,Lower East Side,100000,3
25496946,Howard Beach,80000,4
54916862,Tompkinsville,60000,3
52022258,East Village,110000,3
4643202,Carroll Gardens,40000,2
1912079,East Village,110000,3
50219551,Astoria,250000,7
15197103,East Flatbush,120000,5
56186600,Crown Heights,200000,5
51728434,Arrochar,15000,2
23613050,Flushing,200000,7
2592512,South Slope,100000,3
52577319,NoHo,30000,2
9078724,Kensington,35000,2
46618002,Richmond Hill,180000,5
46627391,Hell's Kitchen,100000,3
2703525,Bedford-Stuyvesant,180000,4
48348910,Murray Hill,60000,2
44940115,Williamsburg,200000,4
47267507,Parkchester,250000,7
17674168,Bushwick,120000,4
25272712,East Flatbush,120000,5
21226010,Chinatown,100000,3
5157394,Midtown,250000,3
2801282,Bushwick,120000,4
20150682,Crown Heights,200000,5
53436698,St. Albans,70000,3
19823168,Bedford-Stuyvesant,180000,4
51704133,Harlem,250000,8
17404094,Flushing,200000,7
24315024,Maspeth,60000,3
14781221,Bedford-Stuyvesant,180000,4
50589039,Lower East Side,100000,3
20929977,Kips Bay,50000,2
12979066,East Harlem,120000,5
14301272,Chelsea,80000,3
9558672,Harlem,250000,8
26281764,Upper East Side,200000,6
26224325,Richmond Hill,180000,5
48616776,Fort Greene,70000,3
23045838,West Village,100000,2
45874054,Murray Hill,60000,2
50584069,Midtown,250000,3
46417517,East Elmhurst,100000,3
15954306,East Village,110000,3
44027715,Bedford-Stuyvesant,180000,4
54029316,Upper East Side,200000,6
1775108,Williamsburg,200000,4
50502328,Bedford-Stuyvesant,180000,4
5174515,Chelsea,80000,3
49635217,Harlem,250000,8
54079023,Chinatown,100000,3
8393319,Elmhurst,120000,5
8669469,Bedford-Stuyvesant,180000,4
14436034,West Village,100000,2
4552073,Harlem,250000,8
21393357,Upper West Side,210000,5
12020826,Harlem,250000,8
49563418,Inwood,60000,2
12411302,Williamsburg,200000,4
14876217,East Morrisania,150000,5
52073622,Upper East Side,200000,6
44462375,Williamsburg,200000,4
4040091,Harlem,250000,8
24186338,Mott Haven,80000,3
9457601,Upper West Side,210000,5
47461364,Crown Heights,200000,5
3000110,Upper East Side,200000,6
48552709,Bedford-Stuyvesant,180000,4
3942886,Bay Ridge,200000,5
5894162,Sunnyside,120000,5
26177932,Crown Heights,200000,5
19972841,Midtown,250000,3
44511530,West Village,100000,2
7209740,West Village,100000,2
17372613,Bushwick,120000,4
56751050,Chinatown,100000,3
7307497,Greenpoint,30000,2
50565290,Bedford-Stuyvesant,180000,4
11426551,Astoria,250000,7
1419427,Greenwich Village,150000,3
50249375,Corona,200000,6
49927936,Upper East Side,200000,6
7607396,NoHo,30000,2
3600460,Crown Heights,200000,5
2938804,East Village,110000,3
17257734,Tribeca,100000,4
18041448,Upper West Side,210000,5
10437934,Upper East Side,200000,6
3313816,Theater District,120000,4
17763089,Harlem,250000,8
17464847,Hell's Kitchen,100000,3
9617768,Bedford-Stuyvesant,180000,4
11477915,Upper West Side,210000,5
2068932,Harlem,250000,8
19107387,Hell's Kitchen,100000,3
14181423,Clinton Hill,50000,3
22732684,Upper East Side,200000,6
51891363,Two Bridges,40000,2
9866856,Kew Gardens,120000,4
11437597,Upper East Side,200000,6
10706904,Clinton Hill,50000,3
19668524,East Village,110000,3
23506456,Greenpoint,30000,2
14791162,Crown Heights,200000,5
12094282,Kips Bay,50000,2
1271411,Fort Greene,70000,3
44424267,South Slope,100000,3
53520095,East Village,110000,3
3434218,Upper East Side,200000,6
50023484,Jamaica,250000,7
9526639,Astoria,250000,7
56107621,Williamsburg,200000,4
11380710,Flatbush,180000,5
7155615,Carroll Gardens,40000,2
1206239,Bedford-Stuyvesant,180000,4
20864253,Harlem,250000,8
6627064,Upper West Side,210000,5
16820313,Bedford-Stuyvesant,180000,4
9285836,Flatbush,180000,5
2984093,Crown Heights,200000,5
24703291,East Harlem,120000,5
7738844,Hell's Kitchen,100000,3
20272740,Bedford-Stuyvesant,180000,4
43172755,West Village,100000,2
22595714,East Village,110000,3
56797444,Flatbush,180000,5
44605421,Midtown,250000,3
7845438,Washington Heights,170000,6
9040615,Gowanus,40000,2
19020124,Borough Park,250000,6
20283234,Little Italy,60000,2
2987959,Bushwick,120000,4
8359629,Murray Hill,60000,2
7842124,Midtown,250000,3
3462937,Upper West Side,210000,5
52319395,Crown Heights,200000,5
1060984,Williamsburg,200000,4
3561799,Harlem,250000,8
42896605,Crown Heights,200000,5
44301656,Ditmars Steinway,80000,4
55628224,Bedford-Stuyvesant,180000,4
3682200,Harlem,250000,8
54064663,Bayswater,120000,4
10846636,Harlem,250000,8
26251387,Boerum Hill,50000,2
22899479,Bedford-Stuyvesant,180000,4
45689034,East Flatbush,120000,5
9654772,Bushwick,120000,4
11178568,Prospect Heights,90000,4
20548338,Flatiron District,50000,2
2084949,Park Slope,150000,5
56540072,East Village,110000,3
21897607,Washington Heights,170000,6
8777720,East Harlem,120000,5
3629732,Fort Greene,70000,3
55370300,Ozone Park,150000,6
22856399,Astoria,250000,7
8358524,Hell's Kitchen,100000,3
27462029,Sunnyside,120000,5
56688088,Bedford-Stuyvesant,180000,4
2435659,Bedford-Stuyvesant,180000,4
24961767,SoHo,120000,4
5257360,Crown Heights,200000,5
45115194,Tremont,100000,4
57041560,Fordham,200000,7
24716546,Bedford-Stuyvesant,180000,4
14206277,Gramercy,50000,2
16936296,Rego Park,150000,4
7887965,East Harlem,120000,5
14852468,East New York,150000,5
23217051,Melrose,120000,4
53980714,Sunset Park,250000,6
4978448,East Village,110000,3
55040025,Springfield Gardens,150000,5
8326491,Bedford-Stuyvesant,180000,4
11492275,Harlem,250000,8
9673551,Bedford-Stuyvesant,180000,4
17772478,Hell's Kitchen,100000,3
3144812,East Harlem,120000,5
50218998,Flatbush,180000,5
47059842,Hell's Kitchen,100000,3
25926083,Greenpoint,30000,2
55041130,Little Italy,60000,2
48032995,Williamsburg,200000,4
54461215,Long Island City,180000,6
47532611,Williamsburg,200000,4
12698498,Prospect Heights,90000,4
1659125,East Village,110000,3
12153378,Brownsville,180000,7
51079482,Lower East Side,100000,3
11437045,East Flatbush,120000,5
10781464,Hell's Kitchen,100000,3
53130724,Kensington,35000,2
2830554,Upper East Side,200000,6
19589545,Bushwick,120000,4
48089882,Crown Heights,200000,5
3895940,Greenpoint,30000,2
26967721,Astoria,250000,7
51484318,Hell's Kitchen,100000,3
18391054,Windsor Terrace,30000,2
52520985,Harlem,250000,8
5980873,West Village,100000,2
14880083,Downtown Brooklyn,150000,5
23682088,Bath Beach,150000,5
24711023,Williamsburg,200000,4
13048656,Flushing,200000,7
43895716,Prospect-Lefferts Gardens,80000,4
55193012,Mariners Harbor,50000,3
4596809,Williamsburg,200000,4
8579444,Upper West Side,210000,5
1664648,East Village,110000,3
23628515,East Village,110000,3
16117235,Flushing,200000,7
8175713,Harlem,250000,8
4287521,Prospect Heights,90000,4
18704208,Sunset Park,250000,6
48388124,Williamsburg,200000,4
54232010,Bushwick,120000,4
9754739,Bedford-Stuyvesant,180000,4
5356222,East Village,110000,3
49525862,Bushwick,120000,4
18963789,Upper West Side,210000,5
21678343,Bedford-Stuyvesant,180000,4
49490515,Hell's Kitchen,100000,3
47776728,Astoria,250000,7
53511259,Hell's Kitchen,100000,3
3939572,Fieldston,50000,3
8195596,Bushwick,120000,4
18495439,Ridgewood,100000,4
6036655,Upper West Side,210000,5
25606301,East Harlem,120000,5
24233283,Greenpoint,30000,2
12936539,Fresh Meadows,120000,4
3540811,Lower East Side,100000,3
20882479,Murray Hill,60000,2
50111852,Kew Gardens Hills,120000,5
4773545,Inwood,60000,2
3330385,Washington Heights,170000,6
10414185,East Flatbush,120000,5
51297088,Maspeth,60000,3
48903972,East Flatbush,120000,5
51621288,Lower East Side,100000,3
2980227,Murray Hill,60000,2
48084359,Maspeth,60000,3
48265513,Williamsburg,200000,4
53221853,Rockaway Beach,60000,3
9713316,Financial District,40000,2
57148154,Midtown,250000,3
17444964,Upper West Side,210000,5
7231280,Harlem,250000,8
3354686,West Village,100000,2
26734098,Flatbush,180000,5
8369570,Midtown,250000,3
51478795,Midtown,250000,3
10096060,East Village,110000,3
22134543,East Harlem,120000,5
9814387,East Harlem,120000,5
1870656,Woodside,150000,4
9591810,Greenpoint,30000,2
46889182,Bushwick,120000,4
20804053,Upper East Side,200000,6
8095077,East Harlem,120000,5
21953941,Greenwich Village,150000,3
4011923,Brooklyn Heights,100000,3
49555686,East New York,150000,5
47571824,Chelsea,80000,3
14668000,City Island,60000,2
46089451,Prospect Heights,90000,4
5393226,Jackson Heights,180000,5
18499305,Hell's Kitchen,100000,3
50447650,Bedford-Stuyvesant,180000,4
21428704,East Village,110000,3
23308733,Upper West Side,210000,5
24600010,Long Island City,180000,6
48352777,Upper West Side,210000,5
9564748,Bedford-Stuyvesant,180000,4
47673448,Upper East Side,200000,6
3351373,Hell's Kitchen,100000,3
49524757,Bushwick,120000,4
23615812,Tribeca,100000,4
51744451,Harlem,250000,8
53708982,North Riverdale,100000,4
3730250,East Village,110000,3
7720618,Morningside Heights,150000,5
19211772,Williamsburg,200000,4
54986452,South Slope,100000,3
44820818,Harlem,250000,8
3647405,Washington Heights,170000,6
48182668,West Village,100000,2
54715273,Harlem,250000,8
25602435,NoHo,30000,2
16931325,Bushwick,120000,4
1605552,Kips Bay,50000,2
50950243,Financial District,40000,2
56210901,Harlem,250000,8
1686740,Upper West Side,210000,5
48611253,Inwood,60000,2
2257819,East Flatbush,120000,5
47559121,Bedford-Stuyvesant,180000,4
14093608,Bushwick,120000,4
3460728,Brooklyn Heights,100000,3
2066723,Upper East Side,200000,6
43634478,Midtown,250000,3
4944758,Harlem,250000,8
51225841,Bushwick,120000,4
47315005,Bedford-Stuyvesant,180000,4
54714168,Bedford-Stuyvesant,180000,4
23230859,Kips Bay,50000,2
56359470,Bushwick,120000,4
47753531,West Village,100000,2
49386682,Forest Hills,180000,6
3587757,Upper East Side,200000,6
12155035,Financial District,40000,2
49753962,Washington Heights,170000,6
22812768,Williamsburg,200000,4
17692947,Gowanus,40000,2
52553018,Highbridge,120000,4
56950983,Clinton Hill,50000,3
24528764,Rockaway Beach,60000,3
10710218,Upper West Side,210000,5
23069035,Bedford-Stuyvesant,180000,4
55412827,Harlem,250000,8
3487238,Greenpoint,30000,2
24912060,SoHo,120000,4
20536187,Washington Heights,170000,6
46565534,Financial District,40000,2
24796629,East Harlem,120000,5
6833072,Astoria,250000,7
44610392,Bedford-Stuyvesant,180000,4
8362390,Gowanus,40000,2
15686441,Carroll Gardens,40000,2
5140272,Upper West Side,210000,5
1576833,East New York,150000,5
11981612,Harlem,250000,8
25574820,Midland Beach,100000,4
6475181,Long Island City,180000,6
46215376,Hell's Kitchen,100000,3
24852964,Upper East Side,200000,6
14898309,Midtown,250000,3
3723070,Lower East Side,100000,3
1454774,Astoria,250000,7
11979955,East Village,110000,3
48868072,Hell's Kitchen,100000,3
55880073,Chelsea,80000,3
3717547,East Village,110000,3
14446527,Downtown Brooklyn,150000,5
19751369,Williamsburg,200000,4
42914278,SoHo,120000,4
2747709,Bushwick,120000,4
9948044,Corona,200000,6
54534670,Williamsburg,200000,4
16030524,Forest Hills,180000,6
22829889,East Village,110000,3
17773030,Bedford-Stuyvesant,180000,4
21319348,Williamsburg,200000,4
44348602,Upper East Side,200000,6
18962684,Greenpoint,30000,2
1450908,West Village,100000,2
19433796,Williamsburg,200000,4
19001898,Williamsburg,200000,4
12711201,Gramercy,50000,2
25555489,Chinatown,100000,3
21409373,Rockaway Beach,60000,3
51176686,Prospect-Lefferts Gardens,80000,4
52623160,Midtown,250000,3
43512972,Harlem,250000,8
50444889,Prospect Heights,90000,4
11321062,Williamsburg,200000,4
21117759,Clinton Hill,50000,3
46436296,Bedford-Stuyvesant,180000,4
24146020,Crown Heights,200000,5
51736719,Prospect Heights,90000,4
18917948,Prospect-Lefferts Gardens,80000,4
23990271,Ridgewood,100000,4
46889734,Upper West Side,210000,5
18310418,Crown Heights,200000,5
52647461,Fort Greene,70000,3
14304586,Williamsburg,200000,4
11977194,Williamsburg,200000,4
48217463,Bushwick,120000,4
19000241,SoHo,120000,4
5988053,Williamsburg,200000,4
12729427,Sunnyside,120000,5
7549957,Flatbush,180000,5
53727760,Canarsie,120000,4
10302068,Harlem,250000,8
52754608,Hell's Kitchen,100000,3
26741830,Hell's Kitchen,100000,3
4624976,Harlem,250000,8
8286173,Crown Heights,200000,5
11054853,Midtown,250000,3
1770690,Williamsburg,200000,4
11221095,Upper West Side,210000,5
52915879,Harlem,250000,8
2625098,Harlem,250000,8
20959249,East Harlem,120000,5
12182650,Sunset Park,250000,6
19670733,Bushwick,120000,4
18264577,Chinatown,100000,3
53363794,Flushing,200000,7
21070261,Upper East Side,200000,6
46223660,Astoria,250000,7
27135620,Upper East Side,200000,6
27396305,North Riverdale,100000,4
19652507,Crown Heights,200000,5
49477812,Crown Heights,200000,5
16105084,East Elmhurst,100000,3
48601312,Upper West Side,210000,5
7292033,Jamaica,250000,7
25623975,Rosedale,150000,6
22229539,Crown Heights,200000,5
49360724,Harlem,250000,8
5261778,Greenpoint,30000,2
7768116,East Village,110000,3
1561368,Crown Heights,200000,5
17995607,Hell's Kitchen,100000,3
54077366,Bedford-Stuyvesant,180000,4
44753437,Harlem,250000,8
14120670,Prospect Heights,90000,4
8975996,Bedford-Stuyvesant,180000,4
13304923,Mott Haven,80000,3
3851204,Bedford-Stuyvesant,180000,4
17647658,East Village,110000,3
56075587,Financial District,40000,2
9046138,Marble Hill,30000,2
3383958,Morningside Heights,150000,5
4131220,Chelsea,80000,3
17521734,Harlem,250000,8
52490608,Lower East Side,100000,3
23773217,Upper East Side,200000,6
2479291,Flatbush,180000,5
9077067,Lower East Side,100000,3
17882386,Bushwick,120000,4
49114398,Greenpoint,30000,2
2570973,Midtown,250000,3
3991488,Upper West Side,210000,5
55917077,Williamsburg,200000,4
22878491,Hell's Kitchen,100000,3
57052606,East Harlem,120000,5
18585463,Throgs Neck,100000,4
47137164,Bayside,120000,4
19410047,Harlem,250000,8
51533472,Upper East Side,200000,6
48314116,Sunset Park,250000,6
1820949,Williamsburg,200000,4
51710761,South Slope,100000,3
48803453,Williamsburg,200000,4
23900799,Financial District,40000,2
51184419,Chelsea,80000,3
53754823,Washington Heights,170000,6
10368896,Ditmars Steinway,80000,4
4046718,Harlem,250000,8
48142350,Williamsburg,200000,4
23393235,Harlem,250000,8
55697814,Flushing,200000,7
13602613,Borough Park,250000,6
15284919,Rosebank,150000,5
1876732,Upper West Side,210000,5
45812749,Morningside Heights,150000,5
15377153,Harlem,250000,8
47691121,Washington Heights,170000,6
47210068,SoHo,120000,4
23468348,Washington Heights,170000,6
50412856,East Harlem,120000,5
18903588,Ditmars Steinway,80000,4
56278834,Chelsea,80000,3
18916843,Longwood,120000,4
6846879,Hell's Kitchen,100000,3
43303650,Harlem,250000,8
56608005,Hunts Point,80000,3
23708046,Upper West Side,210000,5
17509583,Bushwick,120000,4
55993295,Upper West Side,210000,5
19178081,Hell's Kitchen,100000,3
10063474,West Village,100000,2
12979618,Washington Heights,170000,6
44711463,Bushwick,120000,4
16291762,East Flatbush,120000,5
11637529,Upper West Side,210000,5
26629161,Long Island City,180000,6
52342592,Flatiron District,50000,2
27337209,Williamsburg,200000,4
3779957,Carroll Gardens,40000,2
53852580,Hell's Kitchen,100000,3
12780238,Rosedale,150000,6
14018495,Midtown,250000,3
6789992,Gowanus,40000,2
50040605,Upper West Side,210000,5
43239583,Harlem,250000,8
8009471,Bedford-Stuyvesant,180000,4
7012569,Upper East Side,200000,6
10773732,Theater District,120000,4
23272281,Upper West Side,210000,5
49989241,Astoria,250000,7
2632278,Greenpoint,30000,2
47543105,Inwood,60000,2
51975312,Bedford-Stuyvesant,180000,4
10141901,Chelsea,80000,3
14757472,East Flatbush,120000,5
21170780,Corona,200000,6
54754486,Hell's Kitchen,100000,3
5093879,Gramercy,50000,2
21752904,East Village,110000,3
16170808,Washington Heights,170000,6
52985469,Prospect Heights,90000,4
52354742,Prospect-Lefferts Gardens,80000,4
6741390,Carroll Gardens,40000,2
57200070,Gramercy,50000,2
6481257,Long Island City,180000,6
11662383,Bushwick,120000,4
11104560,SoHo,120000,4
56712942,Greenpoint,30000,2
26934583,Chelsea,80000,3
20183267,Crown Heights,200000,5
4317898,Forest Hills,180000,6
9938655,Astoria,250000,7
47622636,Upper West Side,210000,5
22122945,Chinatown,100000,3
54714720,Wakefield,100000,4
18058569,Bedford-Stuyvesant,180000,4
49909158,SoHo,120000,4
6634244,Park Slope,150000,5
45714992,Upper West Side,210000,5
10446218,Cypress Hills,100000,4
2744947,Midtown,250000,3
22629404,Bedford-Stuyvesant,180000,4
13951666,University Heights,150000,6
9567509,Harlem,250000,8
48807319,Prospect-Lefferts Gardens,80000,4
23408699,East Flatbush,120000,5
47696644,Midtown,250000,3
2149015,Hell's Kitchen,100000,3
46973683,Clason Point,80000,4
17497985,East Elmhurst,100000,3
7288167,Chelsea,80000,3
25940443,Ridgewood,100000,4
16955074,East Village,110000,3
4082065,Bedford-Stuyvesant,180000,4
6399516,Fort Greene,70000,3
25454971,Financial District,40000,2
14628786,Upper West Side,210000,5
43137960,East Flatbush,120000,5
47376310,Greenpoint,30000,2
47547523,Little Italy,60000,2
54185617,Ditmars Steinway,80000,4
21598812,East Harlem,120000,5
6667934,Greenpoint,30000,2
16892112,Upper West Side,210000,5
53014741,Flatbush,180000,5
26847871,Lower East Side,100000,3
6168103,Kensington,35000,2
4496290,Upper West Side,210000,5
51014310,Greenpoint,30000,2
48899554,Williamsburg,200000,4
7844885,Downtown Brooklyn,150000,5
47766234,Elmhurst,120000,5
44465137,Chelsea,80000,3
43242897,Lower East Side,100000,3
49725794,Crown Heights,200000,5
48150082,Allerton,60000,4
49752305,East Village,110000,3
48106451,Hell's Kitchen,100000,3
56043554,Carroll Gardens,40000,2
2779742,Williamsburg,200000,4
49459586,Bedford-Stuyvesant,180000,4
17687424,Harlem,250000,8
10536243,Upper West Side,210000,5
13175685,Bath Beach,150000,5
22872968,Harlem,250000,8
51438477,Chinatown,100000,3
19236625,Bedford-Stuyvesant,180000,4
25764259,Ridgewood,100000,4
54195006,Brooklyn Heights,100000,3
7880233,Bedford-Stuyvesant,180000,4
15468282,Chinatown,100000,3
21758979,Washington Heights,170000,6
46722387,Jamaica,250000,7
55759672,East Village,110000,3
44512635,Williamsburg,200000,4
49674430,Upper West Side,210000,5
5856605,Bedford-Stuyvesant,180000,4
4929846,Greenpoint,30000,2
53572564,Kensington,35000,2
11467421,Murray Hill,60000,2
18397681,Lower East Side,100000,3
26510968,Arverne,40000,2
11220543,Harlem,250000,8
14146628,Williamsburg,200000,4
9643726,Jackson Heights,180000,5
51243515,Sheepshead Bay,100000,3
19705528,Upper East Side,200000,6
1951292,Upper West Side,210000,5
44384501,Harlem,250000,8
12260524,Harlem,250000,8
23134206,Bedford-Stuyvesant,180000,4
15050743,Washington Heights,170000,6
3005633,Williamsburg,200000,4
27616121,Crown Heights,200000,5
2215844,Concourse,80000,4
19401763,East Flatbush,120000,5
19867352,Edenwald,100000,4
46859910,Arverne,40000,2
12995083,Bushwick,120000,4
51900752,Bushwick,120000,4
12567603,Bedford-Stuyvesant,180000,4
1906003,Nolita,40000,2
11608810,Jamaica,250000,7
42989944,Upper East Side,200000,6
8875477,Harlem,250000,8
45607846,Upper West Side,210000,5
55234987,Bushwick,120000,4
8385587,Chelsea,80000,3
15816231,East Flatbush,120000,5
53796245,Hell's Kitchen,100000,3
44401070,Astoria,250000,7
12023587,Lower East Side,100000,3
10224194,Upper West Side,210000,5
49778815,Crown Heights,200000,5
5868756,Washington Heights,170000,6
15250676,Lower East Side,100000,3
6438177,South Slope,100000,3
10356746,Longwood,120000,4
22547664,East Flatbush,120000,5
9444346,Lower East Side,100000,3
14713840,Two Bridges,40000,2
8541336,Woodhaven,100000,4
13612554,Prospect Heights,90000,4
20936052,Bushwick,120000,4
54403775,Bedford-Stuyvesant,180000,4
12798464,Prospect Heights,90000,4
53795141,Upper West Side,210000,5
54497114,Williamsburg,200000,4
3525899,Fort Greene,70000,3
52956197,Ridgewood,100000,4
47249833,Astoria,250000,7
19197412,Crown Heights,200000,5
2205350,Astoria,250000,7
23193302,Upper East Side,200000,6
49213812,Midtown,250000,3
9466438,Williamsburg,200000,4
53093720,South Slope,100000,3
56835000,East Flatbush,120000,5
18350184,East New York,150000,5
9722153,Williamsburg,200000,4
47605515,Midtown,250000,3
54768293,Nolita,40000,2
9269819,Tribeca,100000,4
43358328,Carroll Gardens,40000,2
6622645,Williamsburg,200000,4
46603090,Tribeca,100000,4
45060516,Chelsea,80000,3
3071909,Upper West Side,210000,5
26768340,Astoria,250000,7
25069465,West Village,100000,2
18379456,Williamsburg,200000,4
54172362,Bergen Beach,120000,4
10672109,Flushing,200000,7
2394237,Astoria,250000,7
16935743,Upper West Side,210000,5
13686562,Harlem,250000,8
25200361,Hell's Kitchen,100000,3
55051623,Woodside,150000,4
15699696,Sunnyside,120000,5
17793465,Williamsburg,200000,4
5231402,East Village,110000,3
7808986,Boerum Hill,50000,2
2411358,Astoria,250000,7
23070692,Bedford-Stuyvesant,180000,4
13436371,Harlem,250000,8
8077404,Bushwick,120000,4
22311832,Lower East Side,100000,3
51251799,East Harlem,120000,5
22022426,Flushing,200000,7
49637426,Williamsburg,200000,4
8808649,Fort Greene,70000,3
24523793,Lower East Side,100000,3
5368924,Upper West Side,210000,5
13442998,Jackson Heights,180000,5
14950225,South Slope,100000,3
46899123,College Point,60000,3
21015031,Woodside,150000,4
21744619,Upper West Side,210000,5
26926298,Upper West Side,210000,5
9648145,Prospect-Lefferts Gardens,80000,4
7045707,Astoria,250000,7
6444253,Williamsburg,200000,4
44913052,Woodhaven,100000,4
12034081,Bedford-Stuyvesant,180000,4
9885082,Cobble Hill,60000,2
7609606,Chinatown,100000,3
23824029,Upper West Side,210000,5
1205687,Harlem,250000,8
21508787,Williamsburg,200000,4
56152357,Upper East Side,200000,6
56764306,Harlem,250000,8
47796610,Midtown,250000,3
7346158,Bushwick,120000,4
47352009,Clinton Hill,50000,3
8274022,South Slope,100000,3
2478186,Astoria,250000,7
2891859,Harlem,250000,8
49061377,West Village,100000,2
51454493,Upper East Side,200000,6
15047982,Upper West Side,210000,5
51870375,Edenwald,100000,4
2453885,Carroll Gardens,40000,2
16455242,Clinton Hill,50000,3
43773105,Sunnyside,120000,5
18938935,Murray Hill,60000,2
2866453,East Harlem,120000,5
11004041,Williamsburg,200000,4
11136041,East Harlem,120000,5
1682874,Harlem,250000,8
11056510,St. Albans,70000,3
18502066,Astoria,250000,7
1372482,Brighton Beach,120000,5
27203000,Rego Park,150000,4
52984364,Hell's Kitchen,100000,3
8997535,Gowanus,40000,2
20233527,Flushing,200000,7
52273554,Pelham Bay,200000,7
2267760,Kips Bay,50000,2
44904768,Maspeth,60000,3
18924576,Hell's Kitchen,100000,3
48942633,Park Slope,150000,5
49905292,SoHo,120000,4
51825639,Greenpoint,30000,2
16747961,Bedford-Stuyvesant,180000,4
48353881,Upper East Side,200000,6
12912790,Greenpoint,30000,2
13016070,Upper West Side,210000,5
10160679,Brooklyn Heights,100000,3
13838445,Chinatown,100000,3
8376750,SoHo,120000,4
5056323,Williamsburg,200000,4
24074773,Bedford-Stuyvesant,180000,4
55982801,Hell's Kitchen,100000,3
54514235,Concourse,80000,4
20609091,Upper West Side,210000,5
23926204,Parkchester,250000,7
2151777,Bedford-Stuyvesant,180000,4
11290685,Jamaica,250000,7
3813095,Greenpoint,30000,2
20393141,East New York,150000,5
19866799,Clinton Hill,50000,3
12791284,East Harlem,120000,5
55855772,Harlem,250000,8
45101939,Hell's Kitchen,100000,3
20213644,East Harlem,120000,5
8571712,Flatbush,180000,5
6936352,East Harlem,120000,5
8765569,Hell's Kitchen,100000,3
55561948,Upper East Side,200000,6
16319929,Bedford-Stuyvesant,180000,4
1683427,Flatiron District,50000,2
20971952,Arverne,40000,2
54184512,Murray Hill,60000,2
11860106,Bushwick,120000,4
49039838,Nolita,40000,2
24556931,Upper East Side,200000,6
2498621,Flatbush,180000,5
5003854,Harlem,250000,8
3188996,Williamsburg,200000,4
4310718,Lower East Side,100000,3
53748195,Long Island City,180000,6
20799082,Queens Village,120000,4
11066451,Upper West Side,210000,5
3787690,Bushwick,120000,4
46149100,Long Island City,180000,6
43940452,Crown Heights,200000,5
11522651,Bushwick,120000,4
22222359,Prospect-Lefferts Gardens,80000,4
49942296,Ridgewood,100000,4
11277430,Rockaway Beach,60000,3
8362943,Crown Heights,200000,5
22530542,East Flatbush,120000,5
14459230,East New York,150000,5
23693686,Kips Bay,50000,2
20379334,Throgs Neck,100000,4
23573285,Woodhaven,100000,4
4736541,East Village,110000,3
56600825,Crown Heights,200000,5
4680759,Williamsbridge,80000,4
15052953,Harlem,250000,8
9529953,Upper East Side,200000,6
17817766,Midtown,250000,3
19798314,Morrisania,100000,4
18434686,Washington Heights,170000,6
8649586,Bedford-Stuyvesant,180000,4
19017362,Norwood,100000,4
21613172,Williamsburg,200000,4
52826959,Greenpoint,30000,2
47499473,West Village,100000,2
1556398,Williamsburg,200000,4
13699265,Williamsburg,200000,4
50913792,Upper East Side,200000,6
23505904,Upper East Side,200000,6
25158938,Financial District,40000,2
9448765,Upper East Side,200000,6
44762827,Gramercy,50000,2
56684774,Sunnyside,120000,5
9881768,Hell's Kitchen,100000,3
43379867,Upper East Side,200000,6
48281530,East Flatbush,120000,5
9990019,Bedford-Stuyvesant,180000,4
18478317,Randall Manor,60000,3
53207494,Williamsburg,200000,4
51855463,Long Island City,180000,6
25781380,Harlem,250000,8
17408512,Crown Heights,200000,5
52607696,Bushwick,120000,4
53985684,Clinton Hill,50000,3
20700220,Bushwick,120000,4
49482230,East Village,110000,3
11180777,Greenpoint,30000,2
56574314,East Harlem,120000,5
4997779,Washington Heights,170000,6
2071141,Carroll Gardens,40000,2
7564869,Midtown,250000,3
1828129,Canarsie,120000,4
49698732,East Harlem,120000,5
20361108,East Harlem,120000,5
1585117,Ridgewood,100000,4
3039875,West Village,100000,2
56090500,Rosedale,150000,6
18250770,Bedford-Stuyvesant,180000,4
50985591,Longwood,120000,4
1962338,Harlem,250000,8
1817635,Upper West Side,210000,5
47834719,Crown Heights,200000,5
3810334,East Harlem,120000,5
21661222,Bedford-Stuyvesant,180000,4
18518083,Washington Heights,170000,6
16971091,Bedford-Stuyvesant,180000,4
22808349,Fort Greene,70000,3
44655680,Chelsea,80000,3
1171997,Greenpoint,30000,2
23273386,Hell's Kitchen,100000,3
45635461,Elmhurst,120000,5
9894471,West Village,100000,2
8156383,Greenpoint,30000,2
20910646,Washington Heights,170000,6
1694473,Upper West Side,210000,5
47770652,Longwood,120000,4
43558813,Williamsburg,200000,4
47503891,Williamsburg,200000,4
17023007,East Elmhurst,100000,3
25272160,East Flatbush,120000,5
50927047,Harlem,250000,8
14996066,Bensonhurst,180000,5
56357813,Williamsburg,200000,4
21259148,Richmond Hill,180000,5
49848957,Hell's Kitchen,100000,3
51746108,Astoria,250000,7
54726319,Midtown,250000,3
24279676,Harlem,250000,8
6194061,Bedford-Stuyvesant,180000,4
24787240,Lower East Side,100000,3
12337846,Flatbush,180000,5
2762068,Sunnyside,120000,5
4203019,Upper West Side,210000,5
6933590,Ridgewood,100000,4
13574446,Long Island City,180000,6
43583114,Harlem,250000,8
8998640,Lower East Side,100000,3
48900106,Williamsburg,200000,4
4710583,Bedford-Stuyvesant,180000,4
52039379,Bushwick,120000,4
7531731,Chelsea,80000,3
6424370,Boerum Hill,50000,2
21845690,Bushwick,120000,4
54693733,Upper East Side,200000,6
24243225,Theater District,120000,4
52016182,Tribeca,100000,4
21164704,Briarwood,80000,4
5811317,Williamsburg,200000,4
53185402,Harlem,250000,8
48510182,Tribeca,100000,4
52578976,Prospect Heights,90000,4
48222986,Upper West Side,210000,5
54017718,University Heights,150000,6
17620595,Bedford-Stuyvesant,180000,4
18302134,Crown Heights,200000,5
13187283,Bay Ridge,200000,5
19105178,Upper West Side,210000,5
45090340,Harlem,250000,8
9346589,Chelsea,80000,3
7119163,Upper East Side,200000,6
7821689,Washington Heights,170000,6
12652657,Windsor Terrace,30000,2
11696626,Hell's Kitchen,100000,3
1553636,Williamsburg,200000,4
6732001,East Harlem,120000,5
56293746,Midtown,250000,3
22702308,Bedford-Stuyvesant,180000,4
44114979,Lower East Side,100000,3
20163937,Woodhaven,100000,4
9622739,Clifton,30000,2
46655559,Fort Hamilton,100000,4
42936923,Upper East Side,200000,6
56054600,Long Island City,180000,6
5899132,Williamsburg,200000,4
19144391,Washington Heights,170000,6
46620764,Bedford-Stuyvesant,180000,4
6480152,Upper East Side,200000,6
44955027,Bedford-Stuyvesant,180000,4
10746670,Hell's Kitchen,100000,3
6699967,Theater District,120000,4
49818581,Carroll Gardens,40000,2
18455121,Lower East Side,100000,3
46034221,Harlem,250000,8
7825555,Greenpoint,30000,2
24342086,Williamsburg,200000,4
4382517,Bushwick,120000,4
1991058,Washington Heights,170000,6
5416975,East Elmhurst,100000,3
21434779,Bushwick,120000,4
12022483,Crown Heights,200000,5
21649624,Allerton,60000,4
8093973,Hell's Kitchen,100000,3
47282419,Chelsea,80000,3
22793437,Park Slope,150000,5
43103717,Sunset Park,250000,6
50554244,Upper West Side,210000,5
53590237,East Village,110000,3
53696831,Murray Hill,60000,2
27920990,Brooklyn Heights,100000,3
46212614,East Flatbush,120000,5
23219260,Bushwick,120000,4
18267891,Astoria,250000,7
54931222,Bushwick,120000,4
21989288,Harlem,250000,8
25876376,Williamsburg,200000,4
27425577,Park Slope,150000,5
5470548,Mount Hope,80000,4
24130555,East Village,110000,3
46967608,Bedford-Stuyvesant,180000,4
26443588,East Elmhurst,100000,3
47802686,Harlem,250000,8
3472879,Harlem,250000,8
49897007,Upper East Side,200000,6
53739911,Midwood,180000,5
45543779,Kips Bay,50000,2
6945189,Flatlands,50000,3
54607574,Upper East Side,200000,6
4001430,Financial District,40000,2
7420719,Greenwich Village,150000,3
44869973,Astoria,250000,7
42841927,Hell's Kitchen,100000,3
47639205,Park Slope,150000,5
18283355,Greenwich Village,150000,3
54499323,Chelsea,80000,3
48707905,Upper West Side,210000,5
9713869,Midtown,250000,3
4726047,Upper West Side,210000,5
25630602,Hell's Kitchen,100000,3
48089329,Astoria,250000,7
15578742,East New York,150000,5
54010538,Flatbush,180000,5
53659275,Boerum Hill,50000,2
16561284,Kingsbridge,50000,3
18062988,Upper East Side,200000,6
4501813,Financial District,40000,2
53460999,Bushwick,120000,4
2472111,Park Slope,150000,5
23565000,Carroll Gardens,40000,2
11565178,Midtown,250000,3
24104045,Stapleton,120000,5
17275408,Harlem,250000,8
18914082,Rego Park,150000,4
13383350,Bedford-Stuyvesant,180000,4
24543676,Bedford-Stuyvesant,180000,4
6592269,Bedford-Stuyvesant,180000,4
25109783,Astoria,250000,7
26072995,Elmhurst,120000,5
11671220,Lower East Side,100000,3
10086671,Ditmars Steinway,80000,4
18966550,Upper West Side,210000,5
43086596,Crown Heights,200000,5
21003433,Crown Heights,200000,5
51353975,East Harlem,120000,5
10067893,Carroll Gardens,40000,2
1062089,Gowanus,40000,2
6369692,Park Slope,150000,5
14502310,Bedford-Stuyvesant,180000,4
15756031,Roosevelt Island,15000,2
57110045,East Village,110000,3
5906865,Williamsburg,200000,4
8398842,Upper East Side,200000,6
17646001,Tompkinsville,60000,3
19004107,Flatlands,50000,3
15423546,Astoria,250000,7
11364693,East Village,110000,3
55743103,Williamsburg,200000,4
43699097,Bushwick,120000,4
53617852,Upper West Side,210000,5
44794860,Crown Heights,200000,5
17969097,Williamsburg,200000,4
44066376,Inwood,60000,2
53808396,Crown Heights,200000,5
15303145,Ditmars Steinway,80000,4
11148744,Hell's Kitchen,100000,3
48489195,Upper East Side,200000,6
11402250,Sunnyside,120000,5
14430511,Upper West Side,210000,5
49397176,St. Albans,70000,3
21260252,Gramercy,50000,2
56930548,Prospect Heights,90000,4
3645196,Washington Heights,170000,6
3390586,Upper East Side,200000,6
3541364,East Harlem,120000,5
46856044,Flushing,200000,7
53322924,Throgs Neck,100000,4
8807544,Flatlands,50000,3
18985329,Hell's Kitchen,100000,3
14102997,Upper East Side,200000,6
6673457,Williamsburg,200000,4
8218240,Flatbush,180000,5
4172643,Williamsburg,200000,4
45523896,Bensonhurst,180000,5
46113200,East Village,110000,3
55112929,Williamsburg,200000,4
3571740,Carroll Gardens,40000,2
9295777,Upper West Side,210000,5
17039023,Bushwick,120000,4
9371443,Midtown,250000,3
9803893,East Village,110000,3
3617581,Kips Bay,50000,2
52538106,Queens Village,120000,4
23243562,Chinatown,100000,3
3549648,Bushwick,120000,4
1012934,Williamsburg,200000,4
21376235,Upper West Side,210000,5
1569100,Upper West Side,210000,5
12665360,Chinatown,100000,3
16048750,Williamsburg,200000,4
21141508,Bushwick,120000,4
24866771,New Brighton,100000,4
5055218,Bay Ridge,200000,5
9515041,Upper East Side,200000,6
2846570,Clinton Hill,50000,3
55255974,Sunnyside,120000,5
4671370,East Village,110000,3
10755506,Upper West Side,210000,5
45001420,Jamaica,250000,7
46428011,Cypress Hills,100000,4
56093261,Lower East Side,100000,3
6760168,Williamsburg,200000,4
50965708,Chelsea,80000,3
55871789,Nolita,40000,2
1618807,Long Island City,180000,6
47667925,Midtown,250000,3
2733901,Williamsburg,200000,4
9194154,Midtown,250000,3
25035775,Hell's Kitchen,100000,3
23113771,Jamaica,250000,7
15021472,Lower East Side,100000,3
25469331,Upper East Side,200000,6
22302995,Harlem,250000,8
49859451,Greenpoint,30000,2
52705453,East Village,110000,3
2165584,Chinatown,100000,3
5460606,East Flatbush,120000,5
54688210,Hell's Kitchen,100000,3
23545117,Harlem,250000,8
8063596,Williamsburg,200000,4
1792782,Inwood,60000,2
55539856,Red Hook,120000,5
51802995,Bedford-Stuyvesant,180000,4
2844361,Midtown,250000,3
44856718,West Village,100000,2
6749674,Chelsea,80000,3
9528296,Laurelton,120000,5
53300280,Bushwick,120000,4
55199087,Jamaica,250000,7
19406181,Harlem,250000,8
9285284,Harlem,250000,8
25554385,Harlem,250000,8
23392683,Financial District,40000,2
24195727,Financial District,40000,2
21998125,Windsor Terrace,30000,2
6521022,Longwood,120000,4
9279761,Park Slope,150000,5
1120633,East Village,110000,3
49198348,Clifton,30000,2
52815361,Boerum Hill,50000,2
1623226,Harlem,250000,8
1669619,Fort Greene,70000,3
2377668,Glendale,80000,3
49675535,Williamsburg,200000,4
25127457,Bedford-Stuyvesant,180000,4
46110439,Rockaway Beach,60000,3
5684288,Arverne,40000,2
13150831,South Slope,100000,3
7115297,Upper West Side,210000,5
19408390,Clinton Hill,50000,3
23872631,Financial District,40000,2
7416853,Chinatown,100000,3
22779077,Park Slope,150000,5
24749684,East Elmhurst,100000,3
48470416,Flatbush,180000,5
24318890,Astoria,250000,7
48701830,Bedford-Stuyvesant,180000,4
46732328,Upper East Side,200000,6
49659518,Upper East Side,200000,6
11794383,Chelsea,80000,3
7510744,Harlem,250000,8
44575045,East Village,110000,3
43650494,Bedford-Stuyvesant,180000,4
7039632,Bedford-Stuyvesant,180000,4
43390913,Kensington,35000,2
5127569,Williamsburg,200000,4
12322381,Greenpoint,30000,2
52145421,Bedford-Stuyvesant,180000,4
51408100,Hell's Kitchen,100000,3
53236213,Randall Manor,60000,3
11983269,Williamsburg,200000,4
8400499,Greenpoint,30000,2
53278188,Upper West Side,210000,5
5739518,Bushwick,120000,4
4022969,SoHo,120000,4
15520198,Fort Greene,70000,3
47320528,Chelsea,80000,3
23620783,Glendale,80000,3
21868335,Williamsburg,200000,4
23443494,Nolita,40000,2
22019113,St. Albans,70000,3
5034231,Bedford-Stuyvesant,180000,4
55226150,Bedford-Stuyvesant,180000,4
51481004,Fresh Meadows,120000,4
14871246,Upper West Side,210000,5
47359189,Hell's Kitchen,100000,3
5596472,Williamsburg,200000,4
12042365,Upper East Side,200000,6
48157262,Upper West Side,210000,5
43098747,Brighton Beach,120000,5
57097895,Chelsea,80000,3
55473580,Port Morris,50000,3
44485020,Hell's Kitchen,100000,3
17805616,Bedford-Stuyvesant,180000,4
3324310,Midtown,250000,3
55060460,Laurelton,120000,5
45702841,Ridgewood,100000,4
20998462,Midtown,250000,3
18484945,Upper West Side,210000,5
49720824,West Village,100000,2
42818731,Richmond Hill,180000,5
48149530,Upper West Side,210000,5
56707971,Chinatown,100000,3
1735895,Astoria,250000,7
50132839,Midtown,250000,3
52968348,Upper East Side,200000,6
6587851,Chelsea,80000,3
12338950,Chelsea,80000,3
14272000,East New York,150000,5
11902633,Hell's Kitchen,100000,3
13243066,Hell's Kitchen,100000,3
47385147,Harlem,250000,8
50712754,Midtown,250000,3
7737187,Upper East Side,200000,6
52846289,Inwood,60000,2
11177464,East Harlem,120000,5
11903738,Boerum Hill,50000,2
56873661,Hell's Kitchen,100000,3
48027472,Upper East Side,200000,6
26369027,Sheepshead Bay,100000,3
24624864,Randall Manor,60000,3
45410122,Chinatown,100000,3
49662832,Nolita,40000,2
5409242,Upper West Side,210000,5
43604101,East Village,110000,3
50870160,Hell's Kitchen,100000,3
23178943,Upper West Side,210000,5
7124134,East Village,110000,3
50232806,Gowanus,40000,2
6287952,Harlem,250000,8
24366388,Long Island City,180000,6
12863635,Hell's Kitchen,100000,3
26758399,Harlem,250000,8
51819011,Coney Island,200000,6
47622084,Crown Heights,200000,5
43097642,Forest Hills,180000,6
9315660,Crown Heights,200000,5
27114080,South Ozone Park,150000,6
5626296,Sheepshead Bay,100000,3
53829383,Bedford-Stuyvesant,180000,4
2426822,Upper West Side,210000,5
53338389,Astoria,250000,7
48390333,Sunset Park,250000,6
6523231,East Village,110000,3
1365854,Chinatown,100000,3
1907660,Little Italy,60000,2
3524795,Williamsbridge,80000,4
3188444,Astoria,250000,7
48586399,Sunnyside,120000,5
7496384,Jamaica,250000,7
46146890,Williamsburg,200000,4
10415290,East Flatbush,120000,5
1412800,Long Island City,180000,6
50154931,Harlem,250000,8
24891625,Ridgewood,100000,4
4055555,Nolita,40000,2
20622346,Midtown,250000,3
8982623,Cobble Hill,60000,2
13132606,Inwood,60000,2
17699574,Sunnyside,120000,5
44592718,Harlem,250000,8
45807226,Hunts Point,80000,3
55868475,Brighton Beach,120000,5
1887778,Harlem,250000,8
56934966,Lower East Side,100000,3
22959127,SoHo,120000,4
6754093,Williamsburg,200000,4
21667297,Bedford-Stuyvesant,180000,4
51519112,Far Rockaway,250000,7
8339194,Upper West Side,210000,5
12268808,Harlem,250000,8
3412678,Gowanus,40000,2
24559140,Flatbush,180000,5
10334101,Hell's Kitchen,100000,3
8979310,Williamsburg,200000,4
16888246,Harlem,250000,8
12788523,Upper East Side,200000,6
5969827,Jamaica,250000,7
7167213,Park Slope,150000,5
17480863,Forest Hills,180000,6
21115550,Bedford-Stuyvesant,180000,4
47389565,Greenwich Village,150000,3
21698226,Jamaica,250000,7
26645177,Greenwich Village,150000,3
54359039,Hell's Kitchen,100000,3
55887253,Clinton Hill,50000,3
54660043,Chelsea,80000,3
51457255,East Village,110000,3
6500587,Crown Heights,200000,5
10657749,East Village,110000,3
19454231,Sheepshead Bay,100000,3
48076074,Washington Heights,170000,6
12262181,Hell's Kitchen,100000,3
44156401,Forest Hills,180000,6
8618105,Richmond Hill,180000,5
26408793,Hell's Kitchen,100000,3
55236644,Clifton,30000,2
54873783,Bedford-Stuyvesant,180000,4
53543844,Bushwick,120000,4
9201886,East Harlem,120000,5
8283964,Hell's Kitchen,100000,3
5088356,Jackson Heights,180000,5
47829196,Bedford-Stuyvesant,180000,4
17306889,Sunnyside,120000,5
26179036,Prospect-Lefferts Gardens,80000,4
10023709,Sunnyside,120000,5
18393815,Greenpoint,30000,2
2736110,SoHo,120000,4
2873081,Harlem,250000,8
18900827,West Village,100000,2
54297734,Long Island City,180000,6
9597333,Forest Hills,180000,6
25706267,Harlem,250000,8
48984055,Harlem,250000,8
22449354,Borough Park,250000,6
2400864,Greenwich Village,150000,3
25926635,Washington Heights,170000,6
47581213,Astoria,250000,7
44634141,Fort Hamilton,100000,4
53079912,Bedford-Stuyvesant,180000,4
24683960,Long Island City,180000,6
26577244,Hell's Kitchen,100000,3
13333090,Maspeth,60000,3
48520676,Crown Heights,200000,5
18656158,Harlem,250000,8
56351185,East Harlem,120000,5
20137979,Astoria,250000,7
15973637,Bushwick,120000,4
26387806,East New York,150000,5
44235380,Murray Hill,60000,2
50539885,Williamsburg,200000,4
3176846,Greenwich Village,150000,3
7681957,Upper West Side,210000,5
53607359,Williamsbridge,80000,4
47907623,Theater District,120000,4
18660024,Bushwick,120000,4
55057699,Nolita,40000,2
5161812,Bushwick,120000,4
4268191,Williamsburg,200000,4
15669319,Ditmars Steinway,80000,4
46206539,Crown Heights,200000,5
20005427,Ridgewood,100000,4
9997198,Midtown,250000,3
23791996,Bedford-Stuyvesant,180000,4
49617544,Midtown,250000,3
9043376,Corona,200000,6
45130658,East Village,110000,3
53868044,East Flatbush,120000,5
15511914,Ditmars Steinway,80000,4
25181582,Chelsea,80000,3
1211210,Hell's Kitchen,100000,3
17700127,Chelsea,80000,3
17648210,Bushwick,120000,4
7862559,Flatbush,180000,5
13748420,Harlem,250000,8
55592877,Hell's Kitchen,100000,3
4589077,Harlem,250000,8
44071347,Sunset Park,250000,6
6957339,Harlem,250000,8
51198226,Elmhurst,120000,5
56888021,Richmond Hill,180000,5
5754430,Harlem,250000,8
14218427,Lower East Side,100000,3
3143155,Hell's Kitchen,100000,3
23489887,Hell's Kitchen,100000,3
18655053,Arverne,40000,2
11919202,Bushwick,120000,4
14421121,South Slope,100000,3
20874747,Jamaica Estates,250000,7
20992387,Little Italy,60000,2
20779199,SoHo,120000,4
25088244,Corona,200000,6
11265279,Springfield Gardens,150000,5
7928283,Windsor Terrace,30000,2
54362905,East Village,110000,3
53663141,Little Italy,60000,2
9893918,East Flatbush,120000,5
18414803,Crown Heights,200000,5
21132119,Midtown,250000,3
23581569,Bensonhurst,180000,5
9943625,West Village,100000,2
1433787,Crown Heights,200000,5
46106020,East Flatbush,120000,5
44861688,Bedford-Stuyvesant,180000,4
52003480,Bedford-Stuyvesant,180000,4
12532255,Harlem,250000,8
56095470,East Village,110000,3
55835889,Borough Park,250000,6
48552157,Downtown Brooklyn,150000,5
11382919,Midtown,250000,3
15416366,Flatlands,50000,3
53444983,Kingsbridge,50000,3
52417152,East Harlem,120000,5
11492827,Jamaica,250000,7
49885409,Williamsburg,200000,4
49984823,Harlem,250000,8
48767002,Port Morris,50000,3
43072789,Hell's Kitchen,100000,3
1533201,Harlem,250000,8
18240276,Williamsburg,200000,4
18598166,Flushing,200000,7
27046699,Rosedale,150000,6
54037048,Bayswater,120000,4
20789140,Fort Greene,70000,3
7615129,Williamsburg,200000,4
5989157,Bedford-Stuyvesant,180000,4
26604307,Hell's Kitchen,100000,3
13084003,Chelsea,80000,3
19327202,Crown Heights,200000,5
23563343,Midwood,180000,5
48285396,Chelsea,80000,3
7817270,Fort Greene,70000,3
20830011,East New York,150000,5
23426373,Bedford-Stuyvesant,180000,4
49376188,Murray Hill,60000,2
9090322,Ridgewood,100000,4
50909926,Lower East Side,100000,3
44031029,Crown Heights,200000,5
57233208,Ridgewood,100000,4
7256134,Chinatown,100000,3
5729576,Williamsburg,200000,4
45790657,Lower East Side,100000,3
52826407,Inwood,60000,2
12998949,Harlem,250000,8
20454999,Crown Heights,200000,5
22912182,Fort Greene,70000,3
5037544,West Village,100000,2
55743655,Theater District,120000,4
5881459,Upper East Side,200000,6
1706071,Clinton Hill,50000,3
5624087,Clinton Hill,50000,3
12875234,Fresh Meadows,120000,4
43071684,Holliswood,120000,4
55171472,Stapleton,120000,5
25794635,Bushwick,120000,4
14880635,Jamaica,250000,7
24989382,Upper East Side,200000,6
26003957,Bedford-Stuyvesant,180000,4
17328429,East Harlem,120000,5
24368597,East Elmhurst,100000,3
48525094,Greenpoint,30000,2
17620043,Lower East Side,100000,3
6523784,Carroll Gardens,40000,2
3758970,Windsor Terrace,30000,2
54515340,West Village,100000,2
52698273,Flatbush,180000,5
3513749,Park Slope,150000,5
47795506,South Slope,100000,3
11627588,East Elmhurst,100000,3
20953726,Crown Heights,200000,5
19778984,Greenpoint,30000,2
19919268,Flatbush,180000,5
23576046,Bushwick,120000,4
1353703,Clinton Hill,50000,3
1814322,Gramercy,50000,2
53612882,Harlem,250000,8
18401548,Chinatown,100000,3
25468226,Kips Bay,50000,2
10917330,East Harlem,120000,5
13176790,West Brighton,150000,5
49320406,Greenwich Village,150000,3
13577759,Ditmars Steinway,80000,4
23906322,Financial District,40000,2
27291368,Bedford-Stuyvesant,180000,4
48073865,Parkchester,250000,7
14338276,Crown Heights,200000,5
49101695,Bushwick,120000,4
7040184,Bedford-Stuyvesant,180000,4
10933899,West Village,100000,2
22201372,Midtown,250000,3
6719298,East Village,110000,3
25692460,Midtown,250000,3
26950599,Williamsburg,200000,4
53689099,Williamsburg,200000,4
5891400,Hell's Kitchen,100000,3
56077244,East Flatbush,120000,5
53351644,Jamaica,250000,7
47286285,East Harlem,120000,5
49990346,Harlem,250000,8
55404543,Astoria,250000,7
24915374,Washington Heights,170000,6
53407978,Tribeca,100000,4
50688453,Williamsburg,200000,4
25542234,Crown Heights,200000,5
15647780,Windsor Terrace,30000,2
52935762,East Village,110000,3
25491423,Hell's Kitchen,100000,3
5479384,Park Slope,150000,5
7203665,Prospect-Lefferts Gardens,80000,4
14740903,Hell's Kitchen,100000,3
15574324,Fort Greene,70000,3
8751210,Bushwick,120000,4
22683529,Prospect-Lefferts Gardens,80000,4
26741278,Chelsea,80000,3
7273807,East Harlem,120000,5
6800486,Harlem,250000,8
3761179,Williamsburg,200000,4
23929518,Roosevelt Island,15000,2
21558494,Kew Gardens Hills,120000,5
50504537,Harlem,250000,8
9755291,Prospect Heights,90000,4
24989934,Parkchester,250000,7
54922385,Flushing,200000,7
21372922,Greenpoint,30000,2
3860593,Williamsburg,200000,4
2382638,Williamsburg,200000,4
2779190,Astoria,250000,7
51791396,Upper East Side,200000,6
21824703,Springfield Gardens,150000,5
9172615,Kensington,35000,2
7323514,Upper West Side,210000,5
26921327,Bushwick,120000,4
53375393,Bedford-Stuyvesant,180000,4
13236438,South Slope,100000,3
17913867,Gramercy,50000,2
54266805,East Village,110000,3
52778356,Ridgewood,100000,4
9326706,Crown Heights,200000,5
25868091,South Ozone Park,150000,6
26830750,SoHo,120000,4
6929172,Kips Bay,50000,2
13768303,Glendale,80000,3
17794570,Chelsea,80000,3
3580025,Williamsburg,200000,4
47220009,Upper West Side,210000,5
2463826,Red Hook,120000,5
5328607,Boerum Hill,50000,2
45319545,Bensonhurst,180000,5
11431522,Elmhurst,120000,5
14959062,Bushwick,120000,4
19480189,Jamaica,250000,7
20569325,Jackson Heights,180000,5
56767067,Midwood,180000,5
47940208,Bedford-Stuyvesant,180000,4
9838688,East Village,110000,3
53599074,Canarsie,120000,4
11675086,Williamsburg,200000,4
9128431,Washington Heights,170000,6
20481509,Bedford-Stuyvesant,180000,4
5239134,Williamsburg,200000,4
21300570,Bushwick,120000,4
46870956,Prospect-Lefferts Gardens,80000,4
4817177,Sunnyside,120000,5
43019768,Long Island City,180000,6
44416534,Sunset Park,250000,6
48427337,Upper West Side,210000,5
45015228,Williamsburg,200000,4
23602004,Bedford-Stuyvesant,180000,4
13764437,Lower East Side,100000,3
8646273,Tribeca,100000,4
25400293,Financial District,40000,2
27441042,Hell's Kitchen,100000,3
43689155,Washington Heights,170000,6
3276812,Maspeth,60000,3
21008956,Morris Park,180000,6
7045155,Astoria,250000,7
8768331,Morningside Heights,150000,5
8918557,Williamsburg,200000,4
25830535,Midtown,250000,3
12655971,Richmond Hill,180000,5
51620183,Bushwick,120000,4
3528661,Harlem,250000,8
25822250,East New York,150000,5
55975069,Bedford-Stuyvesant,180000,4
18192226,Prospect Heights,90000,4
47337649,East Village,110000,3
45881786,Ridgewood,100000,4
3888208,Bedford-Stuyvesant,180000,4
11206735,Bushwick,120000,4
18988642,Midtown,250000,3
54719691,Harlem,250000,8
46965399,Bedford-Stuyvesant,180000,4
23910188,Financial District,40000,2
13493810,East Village,110000,3
52676181,West Village,100000,2
2760412,Williamsburg,200000,4
15689755,Upper East Side,200000,6
15024785,Rosedale,150000,6
45639327,Upper East Side,200000,6
51889706,Williamsburg,200000,4
53582505,Borough Park,250000,6
44492752,Bushwick,120000,4
27571384,East Harlem,120000,5
6147115,Prospect-Lefferts Gardens,80000,4
23375561,Corona,200000,6
2204245,Prospect-Lefferts Gardens,80000,4
19626549,Bedford-Stuyvesant,180000,4
47772309,Harlem,250000,8
43595817,Harlem,250000,8
10096612,Park Slope,150000,5
9080933,Bedford-Stuyvesant,180000,4
14786744,Upper East Side,200000,6
17492462,Kensington,35000,2
1437653,Gowanus,40000,2
7060067,Chelsea,80000,3
20738881,East Elmhurst,100000,3
47759054,Brighton Beach,120000,5
17243927,Greenpoint,30000,2
19611085,Upper East Side,200000,6
19390717,Crown Heights,200000,5
19998799,Hell's Kitchen,100000,3
52031647,Bedford-Stuyvesant,180000,4
18446836,Greenpoint,30000,2
8237571,Lower East Side,100000,3
4124040,Upper West Side,210000,5
24887206,Crown Heights,200000,5
5673794,Harlem,250000,8
44367380,Bedford-Stuyvesant,180000,4
44293924,Bedford-Stuyvesant,180000,4
49459033,Flatbush,180000,5
21445273,Harlem,250000,8
52055396,Queens Village,120000,4
47449214,Clinton Hill,50000,3
50422245,Little Italy,60000,2
14779012,Bushwick,120000,4
50253241,Brooklyn Heights,100000,3
25116411,Port Morris,50000,3
46002188,Upper West Side,210000,5
44725822,Long Island City,180000,6
11733630,Crown Heights,200000,5
50111300,Ridgewood,100000,4
5469995,South Slope,100000,3
17160529,Bushwick,120000,4
5253494,Clinton Hill,50000,3
21681105,Rego Park,150000,4
54723005,Midtown,250000,3
14482427,Crown Heights,200000,5
6150981,East Elmhurst,100000,3
45177052,Clinton Hill,50000,3
1063194,Clinton Hill,50000,3
17613968,Upper West Side,210000,5
55961261,Flushing,200000,7
45071562,Bedford-Stuyvesant,180000,4
16775576,East New York,150000,5
12402465,Chelsea,80000,3
54393834,Flatiron District,50000,2
3344745,Williamsburg,200000,4
3905329,Williamsburg,200000,4
48638868,Flatbush,180000,5
14825957,Canarsie,120000,4
44673906,Sunnyside,120000,5
12539435,Chelsea,80000,3
26734650,Springfield Gardens,150000,5
27173728,Jamaica,250000,7
17111375,Kips Bay,50000,2
57044874,Harlem,250000,8
49501008,Financial District,40000,2
26340860,Chelsea,80000,3
14057156,Upper East Side,200000,6
48873043,Upper West Side,210000,5
5577142,Upper West Side,210000,5
53317954,Murray Hill,60000,2
23561686,Washington Heights,170000,6
49672221,East New York,150000,5
48202551,Park Slope,150000,5
3044846,Harlem,250000,8
9043929,Clinton Hill,50000,3
17255525,Bushwick,120000,4
43226328,Washington Heights,170000,6
56041897,Williamsburg,200000,4
18420878,Washington Heights,170000,6
54311541,Jackson Heights,180000,5
18217079,East Harlem,120000,5
49914681,Tribeca,100000,4
18377799,SoHo,120000,4
23154641,East Morrisania,150000,5
18873212,East Elmhurst,100000,3
45987276,Chinatown,100000,3
50161007,Springfield Gardens,150000,5
48412425,Greenpoint,30000,2
13938964,Bedford-Stuyvesant,180000,4
18202720,Bedford-Stuyvesant,180000,4
5922881,Fort Greene,70000,3
51951011,Long Island City,180000,6
49636322,Ridgewood,100000,4
26930716,Chelsea,80000,3
15487613,East Harlem,120000,5
54128730,Cobble Hill,60000,2
54975958,Hell's Kitchen,100000,3
9377518,Bedford-Stuyvesant,180000,4
2871976,Long Island City,180000,6
7325171,Bushwick,120000,4
48605178,Bedford-Stuyvesant,180000,4
21572854,Midtown,250000,3
20445058,Sunset Park,250000,6
48390885,Hell's Kitchen,100000,3
24753550,Upper West Side,210000,5
12349444,Bayside,120000,4
11586166,Bushwick,120000,4
27314565,Park Slope,150000,5
2552747,Williamsburg,200000,4
57171903,West Village,100000,2
11261413,East Flatbush,120000,5
54538537,Bushwick,120000,4
3529765,Forest Hills,180000,6
19038349,Hell's Kitchen,100000,3
5148004,Bushwick,120000,4
55914868,Fort Greene,70000,3
19274734,Crown Heights,200000,5
1704414,Brooklyn Heights,100000,3
56517980,Harlem,250000,8
17959708,Flatbush,180000,5
15347881,Kensington,35000,2
50088655,Forest Hills,180000,6
12150064,Midtown,250000,3
5753878,Flatbush,180000,5
48062819,Williamsburg,200000,4
11469078,East Harlem,120000,5
7328485,Longwood,120000,4
11854031,Bedford-Stuyvesant,180000,4
19664658,Williamsburg,200000,4
6782812,Williamsburg,200000,4
57157543,West Village,100000,2
18399338,Bedford-Stuyvesant,180000,4
20590865,Hell's Kitchen,100000,3
17232881,Fordham,200000,7
21851766,Bensonhurst,180000,5
18381665,Upper West Side,210000,5
46700847,East Flatbush,120000,5
19100207,Chinatown,100000,3
48395856,Harlem,250000,8
7018092,Williamsburg,200000,4
17295843,Tompkinsville,60000,3
2307526,East Village,110000,3
14787296,East Morrisania,150000,5
9730438,Elmhurst,120000,5
47488979,Cobble Hill,60000,2
44676115,Upper East Side,200000,6
3808125,Gramercy,50000,2
2205902,Clinton Hill,50000,3
15060685,Elmhurst,120000,5
24025618,Astoria,250000,7
10392645,Lower East Side,100000,3
53056163,East Harlem,120000,5
14722677,Upper East Side,200000,6
17246136,East Flatbush,120000,5
17879072,Midtown,250000,3
19659687,Bedford-Stuyvesant,180000,4
4108024,Forest Hills,180000,6
1249319,Williamsburg,200000,4
2917817,Bedford-Stuyvesant,180000,4
6956787,Bensonhurst,180000,5
7154510,Red Hook,120000,5
49507636,Bedford-Stuyvesant,180000,4
2102622,Bedford-Stuyvesant,180000,4
8034877,Bushwick,120000,4
47471858,Midtown,250000,3
19437110,Brooklyn Heights,100000,3
49220992,Crown Heights,200000,5
21135433,Whitestone,120000,5
2595826,Jackson Heights,180000,5
22908316,Hell's Kitchen,100000,3
13055836,Bedford-Stuyvesant,180000,4
17096463,Bedford-Stuyvesant,180000,4
21717557,Greenpoint,30000,2
26190634,Ditmars Steinway,80000,4
21464603,Financial District,40000,2
2927758,Clinton Hill,50000,3
23801937,Upper East Side,200000,6
9777935,Williamsburg,200000,4
2599692,Flatbush,180000,5
18890333,Red Hook,120000,5
17758670,Washington Heights,170000,6
6544771,Greenpoint,30000,2
11097932,Kips Bay,50000,2
24887759,Elmhurst,120000,5
22876834,Upper East Side,200000,6
8944515,Crown Heights,200000,5
50262078,Mott Haven,80000,3
4572508,Boerum Hill,50000,2
12677510,Midtown,250000,3
53750404,Financial District,40000,2
8852281,Bedford-Stuyvesant,180000,4
26545763,Morrisania,100000,4
9559225,Bedford-Stuyvesant,180000,4
22922123,Crown Heights,200000,5
1886121,Williamsburg,200000,4
47803238,Sunnyside,120000,5
1545904,Upper West Side,210000,5
19117881,Williamsburg,200000,4
8959427,Prospect Heights,90000,4
6007936,Harlem,250000,8
14299063,Bedford-Stuyvesant,180000,4
20837191,Bushwick,120000,4
13665575,Midtown,250000,3
23383294,Gramercy,50000,2
55438233,Long Island City,180000,6
13878211,Gramercy,50000,2
48548843,Chelsea,80000,3
56744975,Inwood,60000,2
22268200,Chinatown,100000,3
7958107,Williamsburg,200000,4
4081513,Greenpoint,30000,2
22515630,East Village,110000,3
44918575,Sunset Park,250000,6
4161597,Bedford-Stuyvesant,180000,4
25544996,Hell's Kitchen,100000,3
44017222,Williamsburg,200000,4
54257968,Clinton Hill,50000,3
20224138,East Harlem,120000,5
43126914,Williamsburg,200000,4
44095648,Far Rockaway,250000,7
12530599,Harlem,250000,8
6052672,Upper East Side,200000,6
19459202,Bedford-Stuyvesant,180000,4
6384604,Upper West Side,210000,5
44139280,Bedford-Stuyvesant,180000,4
17467608,Midtown,250000,3
9259878,Astoria,250000,7
19289094,Middle Village,120000,5
47504444,Richmond Hill,180000,5
6192404,Upper West Side,210000,5
51766543,Ridgewood,100000,4
13081794,Crown Heights,200000,5
55506718,Jamaica,250000,7
11811504,Carroll Gardens,40000,2
16421552,Ridgewood,100000,4
13573893,Upper East Side,200000,6
54362353,Williamsburg,200000,4
9754186,Ditmars Steinway,80000,4
2235174,Inwood,60000,2
47335992,Flushing,200000,7
55034502,Park Slope,150000,5
14869037,Williamsburg,200000,4
2588094,West Village,100000,2
44413773,East Harlem,120000,5
3618686,Midtown,250000,3
43959782,Midtown,250000,3
53250573,East Village,110000,3
20987968,Midtown,250000,3
46425802,Bushwick,120000,4
5178933,Ridgewood,100000,4
16686104,Morrisania,100000,4
48095957,Hell's Kitchen,100000,3
26821361,Williamsburg,200000,4
20325208,Woodside,150000,4
6160923,Kips Bay,50000,2
49670564,Williamsburg,200000,4
5407033,Bedford-Stuyvesant,180000,4
2852093,Flatbush,180000,5
11525965,Forest Hills,180000,6
50099701,Greenpoint,30000,2
16742991,Bedford-Stuyvesant,180000,4
3118302,Clinton Hill,50000,3
6550846,East Harlem,120000,5
9479693,Hell's Kitchen,100000,3
47456946,Bedford-Stuyvesant,180000,4
48301965,Upper West Side,210000,5
1830891,Ditmars Steinway,80000,4
14697271,Upper West Side,210000,5
1970623,Upper West Side,210000,5
4053898,Little Italy,60000,2
51172268,Sunset Park,250000,6
21156420,Astoria,250000,7
45669151,Harlem,250000,8
25263875,West Village,100000,2
56022567,Windsor Terrace,30000,2
6424922,South Slope,100000,3
15611880,Ditmars Steinway,80000,4
10731757,East Village,110000,3
49861108,Midtown,250000,3
52790507,Financial District,40000,2
54805850,Ozone Park,150000,6
6961205,Flatlands,50000,3
18123741,East Village,110000,3
11964491,Upper West Side,210000,5
48190953,Upper West Side,210000,5
49281193,Harlem,250000,8
2438421,Fort Greene,70000,3
3575054,West Village,100000,2
2828897,Williamsburg,200000,4
46411994,Astoria,250000,7
20099318,East Harlem,120000,5
5863233,Midtown,250000,3
4095873,Williamsburg,200000,4
7301422,Bedford-Stuyvesant,180000,4
44556819,Harlem,250000,8
26075756,Port Morris,50000,3
47559674,Morningside Heights,150000,5
10291574,Bedford-Stuyvesant,180000,4
5560020,Upper West Side,210000,5
16957835,St. George,150000,5
6829758,Midtown,250000,3
9707793,Bedford-Stuyvesant,180000,4
1100750,Harlem,250000,8
48628374,Upper West Side,210000,5
51112620,East Flatbush,120000,5
47099056,Springfield Gardens,150000,5
17300261,Sheepshead Bay,100000,3
52458575,East New York,150000,5
1649184,Harlem,250000,8
53798455,Fort Greene,70000,3
19036693,Briarwood,80000,4
10764343,Morningside Heights,150000,5
3957246,Hell's Kitchen,100000,3
51949354,Columbia St,50000,2
13575550,Hell's Kitchen,100000,3
19929762,Bushwick,120000,4
4214065,Jamaica,250000,7
15744432,Crown Heights,200000,5
26093982,East Flatbush,120000,5
8506541,Williamsburg,200000,4
3132109,Greenpoint,30000,2
45786238,Windsor Terrace,30000,2
8433637,Upper West Side,210000,5
20288757,Flatbush,180000,5
1364749,Williamsburg,200000,4
11981060,East Village,110000,3
20973056,Borough Park,250000,6
16745200,Upper West Side,210000,5
43131885,Bedford-Stuyvesant,180000,4
47435959,Lower East Side,100000,3
4714449,Williamsburg,200000,4
43224119,Upper East Side,200000,6
3986518,Williamsburg,200000,4
54374503,East Village,110000,3
12046231,Harlem,250000,8
4135086,Flatbush,180000,5
3763941,Fort Greene,70000,3
48502450,East Village,110000,3
13663366,Clinton Hill,50000,3
43702411,Harlem,250000,8
8567294,Bushwick,120000,4
50523316,Flushing,200000,7
7090444,Williamsburg,200000,4
5009377,Gowanus,40000,2
22882357,Bedford-Stuyvesant,180000,4
44000100,Bushwick,120000,4
47653012,Ridgewood,100000,4
45375880,Vinegar Hill,30000,2
16615409,Richmond Hill,180000,5
48660408,Ditmars Steinway,80000,4
12271570,Greenpoint,30000,2
9871826,Upper West Side,210000,5
21385624,Williamsburg,200000,4
10062370,Theater District,120000,4
18542384,Bushwick,120000,4
49488858,Williamsburg,200000,4
53469836,Park Slope,150000,5
55271439,Washington Heights,170000,6
52918641,Harlem,250000,8
19846917,Upper East Side,200000,6
11387890,Forest Hills,180000,6
23345185,Astoria,250000,7
23270072,Cypress Hills,100000,4
24678437,Hell's Kitchen,100000,3
43667616,Sunset Park,250000,6
21815866,Bedford-Stuyvesant,180000,4
24756864,Ridgewood,100000,4
47993229,Washington Heights,170000,6
50608922,Harlem,250000,8
14045005,Williamsburg,200000,4
21966092,Bedford-Stuyvesant,180000,4
7181573,East Village,110000,3
17139542,Astoria,250000,7
44662308,Cobble Hill,60000,2
2743290,Greenpoint,30000,2
2675357,Harlem,250000,8
47250938,Prospect-Lefferts Gardens,80000,4
3503255,Bushwick,120000,4
45871845,Crown Heights,200000,5
7063933,Bedford-Stuyvesant,180000,4
3890417,Harlem,250000,8
9121803,Little Italy,60000,2
21654595,Williamsburg,200000,4
6621541,Williamsburg,200000,4
22844801,Bedford-Stuyvesant,180000,4
8234257,Midtown,250000,3
4409027,Washington Heights,170000,6
15087195,Borough Park,250000,6
8354106,Lower East Side,100000,3
12897326,Concourse,80000,4
44028820,Greenwich Village,150000,3
19669628,Crown Heights,200000,5
2348396,Williamsburg,200000,4
9158807,Chelsea,80000,3
11476810,Midtown,250000,3
9475275,Maspeth,60000,3
3403841,Chinatown,100000,3
26753428,Bushwick,120000,4
14375281,Rego Park,150000,4
1580146,Williamsburg,200000,4
51024252,Bedford-Stuyvesant,180000,4
44459062,Astoria,250000,7
51798024,Brighton Beach,120000,5
27289159,Astoria,250000,7
6056538,Long Island City,180000,6
7177707,Williamsburg,200000,4
44528099,Far Rockaway,250000,7
7380953,Concourse Village,80000,5
50083132,Bushwick,120000,4
17569784,Bushwick,120000,4
7838258,Williamsburg,200000,4
45882891,West Village,100000,2
4360977,East Flatbush,120000,5
25784694,Port Morris,50000,3
13119350,Rego Park,150000,4
57300589,Park Slope,150000,5
9300748,Washington Heights,170000,6
8867193,Clinton Hill,50000,3
10299859,Tompkinsville,60000,3
43694678,Tompkinsville,60000,3
48464341,Williamsburg,200000,4
5108239,SoHo,120000,4
26719738,Gramercy,50000,2
54604813,Upper East Side,200000,6
50086999,Ridgewood,100000,4
1312833,Sunnyside,120000,5
22093121,St. Albans,70000,3
47334335,Upper East Side,200000,6
11757931,Maspeth,60000,3
6302311,Kips Bay,50000,2
17388629,Chelsea,80000,3
45887862,Kew Gardens Hills,120000,5
12435603,Lower East Side,100000,3
11065899,Financial District,40000,2
24837499,East Village,110000,3
9058841,Midtown,250000,3
25099842,Hell's Kitchen,100000,3
17172680,Bedford-Stuyvesant,180000,4
53670321,Harlem,250000,8
3105599,Riverdale,100000,4
9096949,Bedford-Stuyvesant,180000,4
26546868,Tribeca,100000,4
5848321,Williamsburg,200000,4
48666483,Harlem,250000,8
46989700,University Heights,150000,6
52655746,Midtown,250000,3
5868204,East Harlem,120000,5
16287343,Crown Heights,200000,5
6959548,Morningside Heights,150000,5
22137305,Hell's Kitchen,100000,3
49581092,Bedford-Stuyvesant,180000,4
53523961,Williamsburg,200000,4
8926289,Cobble Hill,60000,2
16939609,East Harlem,120000,5
3927974,Crown Heights,200000,5
44654023,East New York,150000,5
10009349,Jamaica,250000,7
18866032,Hell's Kitchen,100000,3
10843322,Harlem,250000,8
43162261,Chinatown,100000,3
9291911,Chelsea,80000,3
12663151,Bushwick,120000,4
51163984,Harlem,250000,8
7131866,St. George,150000,5
18137548,Williamsburg,200000,4
53701250,Hell's Kitchen,100000,3
25778619,Crown Heights,200000,5
47789431,Upper West Side,210000,5
22221807,Prospect-Lefferts Gardens,80000,4
7170527,Bay Ridge,200000,5
5483803,East Village,110000,3
9345484,East Village,110000,3
1816531,Hell's Kitchen,100000,3
11824759,Flushing,200000,7
23117085,Rosedale,150000,6
10577666,Kips Bay,50000,2
54774921,Breezy Point,150000,4
15078358,Williamsburg,200000,4
53778019,Borough Park,250000,6
46337434,Williamsburg,200000,4
19451470,East Flatbush,120000,5
2280463,Bedford-Stuyvesant,180000,4
47596678,Lower East Side,100000,3
1859058,Park Slope,150000,5
9110205,Murray Hill,60000,2
6915917,Washington Heights,170000,6
43843247,Greenpoint,30000,2
52887160,Ditmars Steinway,80000,4
6136069,East Village,110000,3
26085697,Long Island City,180000,6
50624386,Midtown,250000,3
27628824,Hell's Kitchen,100000,3
54879858,Bushwick,120000,4
19229998,Upper West Side,210000,5
43493641,Harlem,250000,8
6047149,Bushwick,120000,4
4727152,Williamsburg,200000,4
15344567,Inwood,60000,2
7128000,Prospect-Lefferts Gardens,80000,4
25053449,Bay Ridge,200000,5
47260879,Red Hook,120000,5
5285527,Lower East Side,100000,3
5003302,Washington Heights,170000,6
56437896,Fort Greene,70000,3
21616486,South Ozone Park,150000,6
25152310,Financial District,40000,2
44909186,Bushwick,120000,4
20303669,Borough Park,250000,6
13785976,Kensington,35000,2
22923780,Lower East Side,100000,3
48939871,SoHo,120000,4
5336339,Prospect Heights,90000,4
13954980,Astoria,250000,7
2156195,Prospect-Lefferts Gardens,80000,4
1200164,Washington Heights,170000,6
7463246,Chinatown,100000,3
54525281,Rosedale,150000,6
24555274,Upper West Side,210000,5
7832735,Bedford-Stuyvesant,180000,4
1751359,Williamsburg,200000,4
11773948,Bedford-Stuyvesant,180000,4
19975050,Midtown,250000,3
45946958,Rego Park,150000,4
1625987,Fort Greene,70000,3
52551913,Highbridge,120000,4
5590949,Chinatown,100000,3
6606629,Bedford-Stuyvesant,180000,4
6761273,Chelsea,80000,3
8267395,Morningside Heights,150000,5
57115016,Chelsea,80000,3
6188538,Murray Hill,60000,2
6007383,Ditmars Steinway,80000,4
7723932,Bushwick,120000,4
2145702,Upper East Side,200000,6
15644466,West Village,100000,2
7114192,East Village,110000,3
18942802,Crown Heights,200000,5
49869392,Harlem,250000,8
50381927,Kensington,35000,2
24694454,Williamsburg,200000,4
11622617,Crown Heights,200000,5
56027537,East Village,110000,3
25128562,Williamsbridge,80000,4
9883977,Lower East Side,100000,3
24223342,Murray Hill,60000,2
55203506,Williamsburg,200000,4
47668477,Midtown,250000,3
57114464,Gowanus,40000,2
16501636,East Harlem,120000,5
14536000,Jackson Heights,180000,5
8398290,Harlem,250000,8
7055649,East Elmhurst,100000,3
7120820,Hell's Kitchen,100000,3
12136256,Harlem,250000,8
12910029,Crown Heights,200000,5
2532864,Greenwich Village,150000,3
53171042,Financial District,40000,2
22296367,East Harlem,120000,5
47254252,Bushwick,120000,4
21069709,Hell's Kitchen,100000,3
2558822,Greenpoint,30000,2
57057577,Greenpoint,30000,2
1940246,Williamsburg,200000,4
11059271,Prospect-Lefferts Gardens,80000,4
6767900,Williamsburg,200000,4
56913427,Harlem,250000,8
8266290,Clinton Hill,50000,3
53225167,East Village,110000,3
1290189,Crown Heights,200000,5
55198535,Harlem,250000,8
17531675,Upper East Side,200000,6
11731973,Harlem,250000,8
21079650,Borough Park,250000,6
48035204,Bedford-Stuyvesant,180000,4
55722115,Bedford-Stuyvesant,180000,4
6267517,Prospect Heights,90000,4
7134075,East Harlem,120000,5
47688360,Ditmars Steinway,80000,4
23948296,Williamsburg,200000,4
14262611,Lower East Side,100000,3
56120876,Crown Heights,200000,5
43822812,Harlem,250000,8
48612358,Williamsburg,200000,4
20765944,Bedford-Stuyvesant,180000,4
55922600,Briarwood,80000,4
55273096,Bushwick,120000,4
6883883,Prospect Heights,90000,4
53604045,Bedford-Stuyvesant,180000,4
10983054,East Village,110000,3
52414943,Sunset Park,250000,6
16190691,Forest Hills,180000,6
47514385,Williamsburg,200000,4
7871396,Gowanus,40000,2
48741596,Bedford-Stuyvesant,180000,4
3213850,Upper West Side,210000,5
8736298,Morningside Heights,150000,5
9715525,Cambria Heights,100000,5
26534165,East Flatbush,120000,5
44406041,Upper East Side,200000,6
45286959,Williamsburg,200000,4
6728687,East Village,110000,3
10410319,Harlem,250000,8
6107350,Long Island City,180000,6
50579650,Crown Heights,200000,5
47987706,Rosedale,150000,6
26567303,Kips Bay,50000,2
26927403,Williamsbridge,80000,4
48039622,East Flatbush,120000,5
23810774,Mount Hope,80000,4
47147106,Greenpoint,30000,2
52762340,Prospect-Lefferts Gardens,80000,4
16486723,Brighton Beach,120000,5
44414878,East Harlem,120000,5
18711940,Park Slope,150000,5
50350446,East New York,150000,5
19432139,Flatbush,180000,5
45355444,Bedford-Stuyvesant,180000,4
44586091,Kips Bay,50000,2
17929331,Financial District,40000,2
46312028,West Village,100000,2
17658704,Flushing,200000,7
53853685,Financial District,40000,2
6967281,Ditmars Steinway,80000,4
21673925,Hell's Kitchen,100000,3
12165528,Bedford-Stuyvesant,180000,4
21795983,East Village,110000,3
7992349,Williamsburg,200000,4
9867960,Flatbush,180000,5
13831817,Sunset Park,250000,6
3881028,Bushwick,120000,4
14776250,Harlem,250000,8
20112573,East Harlem,120000,5
44018326,Carroll Gardens,40000,2
22023531,Williamsburg,200000,4
25184344,Financial District,40000,2
24831424,Fort Greene,70000,3
21970510,East Village,110000,3
8499361,Greenpoint,30000,2
6871180,Long Island City,180000,6
53720580,Greenpoint,30000,2
1815426,Ridgewood,100000,4
26845662,Midtown,250000,3
1579042,West Village,100000,2
55052728,Upper East Side,200000,6
1722640,Bushwick,120000,4
25613481,Williamsburg,200000,4
3162486,Crown Heights,200000,5
23120399,Long Island City,180000,6
3644092,West Village,100000,2
5333577,Astoria,250000,7
55640927,Jackson Heights,180000,5
14174243,East Village,110000,3
21094010,Bushwick,120000,4
16327661,Pelham Bay,200000,7
26541345,Midtown,250000,3
5087804,Upper East Side,200000,6
57185710,Chelsea,80000,3
45775745,Williamsburg,200000,4
7974124,Williamsburg,200000,4
51565506,Upper West Side,210000,5
49513159,South Slope,100000,3
52340935,Clinton Hill,50000,3
57044322,East Flatbush,120000,5
49947267,East New York,150000,5
55023456,Chelsea,80000,3
3503807,Harlem,250000,8
24956796,Bedford-Stuyvesant,180000,4
7717304,Harlem,250000,8
18970969,Midtown,250000,3
51252352,Bushwick,120000,4
6139935,Washington Heights,170000,6
23993585,Theater District,120000,4
24876713,Financial District,40000,2
46878136,Fort Greene,70000,3
46599224,Longwood,120000,4
22217941,Midtown,250000,3
7156167,Elmhurst,120000,5
16680581,Crown Heights,200000,5
12830497,Ditmars Steinway,80000,4
14788401,Bushwick,120000,4
9392982,Longwood,120000,4
15448952,East Village,110000,3
6107902,Upper East Side,200000,6
3284544,Clinton Hill,50000,3
23874841,Financial District,40000,2
20575400,Upper West Side,210000,5
7024168,Greenpoint,30000,2
44412116,East Village,110000,3
9051109,Midtown,250000,3
8324834,East Harlem,120000,5
20421861,Williamsburg,200000,4
23411461,Flatbush,180000,5
8367913,Jackson Heights,180000,5
22075999,Bedford-Stuyvesant,180000,4
3924660,Bedford-Stuyvesant,180000,4
6867867,Harlem,250000,8
2240697,Crown Heights,200000,5
19325545,Williamsburg,200000,4
48366584,East Village,110000,3
53104766,Flatlands,50000,3
18905245,Little Italy,60000,2
47909832,Midwood,180000,5
24016229,Bushwick,120000,4
56909008,Morris Park,180000,6
52158124,Prospect-Lefferts Gardens,80000,4
2055677,Flushing,200000,7
47686703,Cobble Hill,60000,2
54673850,East Flatbush,120000,5
10919539,East Village,110000,3
43809004,Ditmars Steinway,80000,4
54422001,Edenwald,100000,4
12897878,Bedford-Stuyvesant,180000,4
9296330,Bushwick,120000,4
46849416,Bushwick,120000,4
26834064,Bedford-Stuyvesant,180000,4
53881300,Chelsea,80000,3
53234004,Bushwick,120000,4
3598803,East Harlem,120000,5
52455813,Bushwick,120000,4
26787671,Williamsburg,200000,4
12991769,Long Island City,180000,6
49903083,Corona,200000,6
48923855,Kips Bay,50000,2
51902961,Chinatown,100000,3
53974086,Bushwick,120000,4
12947585,Douglaston,120000,4
4960775,Upper East Side,200000,6
22983428,Hunts Point,80000,3
53391962,Greenpoint,30000,2
19229445,Prospect-Lefferts Gardens,80000,4
8709787,Bushwick,120000,4
4348826,Nolita,40000,2
3078536,Murray Hill,60000,2
4498500,Chinatown,100000,3
11292342,Upper West Side,210000,5
48022501,Bushwick,120000,4
26402165,Hell's Kitchen,100000,3
53682472,Hell's Kitchen,100000,3
27211285,Bedford-Stuyvesant,180000,4
24803809,Hell's Kitchen,100000,3
56884155,East Flatbush,120000,5
9494605,Midtown,250000,3
52075831,Harlem,250000,8
6006279,Fort Greene,70000,3
25152863,Financial District,40000,2
50691767,Prospect Heights,90000,4
12441126,Bedford-Stuyvesant,180000,4
56424641,South Slope,100000,3
9513384,Washington Heights,170000,6
45633251,Carroll Gardens,40000,2
46511408,Sunnyside,120000,5
12893460,Chelsea,80000,3
24195175,Williamsburg,200000,4
10354537,Gramercy,50000,2
5733995,Upper West Side,210000,5
2654370,Williamsburg,200000,4
7977437,Ditmars Steinway,80000,4
1090809,Sunnyside,120000,5
13573341,East Flatbush,120000,5
15652198,Mott Haven,80000,3
47091876,Fort Greene,70000,3
55652526,Jackson Heights,180000,5
14567481,Midtown,250000,3
55846935,East Village,110000,3
25105365,Astoria,250000,7
15843294,Canarsie,120000,4
47576795,Crown Heights,200000,5
25551071,East Flatbush,120000,5
56110935,Boerum Hill,50000,2
9600095,Bushwick,120000,4
52081906,East Village,110000,3
13493257,Marble Hill,30000,2
17199743,Mott Haven,80000,3
13732403,Bedford-Stuyvesant,180000,4
16866706,East Village,110000,3
4867436,Williamsburg,200000,4
2563793,Maspeth,60000,3
6027818,Upper East Side,200000,6
16671744,Upper West Side,210000,5
6139383,West Village,100000,2
15861520,Gramercy,50000,2
5028708,Harlem,250000,8
10386018,Gramercy,50000,2
2960896,Flatbush,180000,5
15444533,Bedford-Stuyvesant,180000,4
26345278,Borough Park,250000,6
25457732,East Harlem,120000,5
57107836,Chinatown,100000,3
49217678,Harlem,250000,8
3636359,Williamsburg,200000,4
2256714,Chelsea,80000,3
16783861,Chelsea,80000,3
8270709,Midtown,250000,3
1530992,Upper West Side,210000,5
2873633,St. Albans,70000,3
3196176,Harlem,250000,8
9117937,Gramercy,50000,2
25662083,Upper West Side,210000,5
46216480,Hell's Kitchen,100000,3
10569381,Upper East Side,200000,6
47430988,West Village,100000,2
10398168,Kensington,35000,2
2197618,West Village,100000,2
3369598,University Heights,150000,6
12499117,Tribeca,100000,4
50784001,Great Kills,180000,6
17426738,Greenpoint,30000,2
14456469,Bushwick,120000,4
10056295,Inwood,60000,2
9819910,South Slope,100000,3
6727582,Prospect-Lefferts Gardens,80000,4
24834738,Jamaica Estates,250000,7
9366472,Morningside Heights,150000,5
46632362,Elmhurst,120000,5
22356568,Astoria,250000,7
43032471,Jamaica,250000,7
9068782,Sunset Park,250000,6
5519150,Clinton Hill,50000,3
9510070,Flushing,200000,7
50406228,Financial District,40000,2
53654304,Chelsea,80000,3
14781773,NoHo,30000,2
6917574,Bushwick,120000,4
6433207,Windsor Terrace,30000,2
13269024,Long Island City,180000,6
14924819,Jamaica,250000,7
50256002,Prospect-Lefferts Gardens,80000,4
8932916,Crown Heights,200000,5
10685364,Carroll Gardens,40000,2
23398758,Upper East Side,200000,6
27526096,Flushing,200000,7
21001776,East Village,110000,3
4545445,Clinton Hill,50000,3
20119201,Williamsburg,200000,4
46795291,Astoria,250000,7
44113322,Williamsburg,200000,4
46510856,Bedford-Stuyvesant,180000,4
27481360,Flatbush,180000,5
54119893,Forest Hills,180000,6
7153406,Financial District,40000,2
43894059,Greenpoint,30000,2
26313245,Chinatown,100000,3
9517250,Bedford-Stuyvesant,180000,4
25366051,Harlem,250000,8
5137511,East Village,110000,3
51970894,East Harlem,120000,5
6908737,East Village,110000,3
43998443,Upper East Side,200000,6
13610897,Bushwick,120000,4
13479450,Bedford-Stuyvesant,180000,4
16224381,Tribeca,100000,4
43794092,Harlem,250000,8
10877012,East New York,150000,5
9939207,Williamsburg,200000,4
50662495,Midtown,250000,3
5546765,Tribeca,100000,4
12394733,West Village,100000,2
57345325,Flatiron District,50000,2
6222228,Bushwick,120000,4
3544678,Nolita,40000,2
21211650,East Flatbush,120000,5
26935687,Harlem,250000,8
6396755,Flatbush,180000,5
20704086,Lower East Side,100000,3
8868297,West Village,100000,2
19434901,Hell's Kitchen,100000,3
18214870,Chelsea,80000,3
2264446,Upper West Side,210000,5
2535073,Canarsie,120000,4
21019450,SoHo,120000,4
7179364,Randall Manor,60000,3
9229501,Bedford-Stuyvesant,180000,4
44624752,Bedford-Stuyvesant,180000,4
1717117,Greenwich Village,150000,3
12976857,Crown Heights,200000,5
2876947,Dyker Heights,120000,5
10258989,East Village,110000,3
43711247,Bronxdale,250000,6
4456525,East Village,110000,3
6802695,Bedford-Stuyvesant,180000,4
17269885,Cobble Hill,60000,2
13543517,Tremont,100000,4
17134571,Crown Heights,200000,5
4839821,Ozone Park,150000,6
5283870,Flatlands,50000,3
52307245,Bedford-Stuyvesant,180000,4
50370881,Upper East Side,200000,6
8244751,Middle Village,120000,5
16233218,East New York,150000,5
24304530,Washington Heights,170000,6
14603933,Ditmars Steinway,80000,4
11921964,Harlem,250000,8
2559927,Ditmars Steinway,80000,4
53037385,Ridgewood,100000,4
17965231,Astoria,250000,7
14217875,East Flatbush,120000,5
48494718,Windsor Terrace,30000,2
25065047,Bedford-Stuyvesant,180000,4
3861145,Midtown,250000,3
20561593,Harlem,250000,8
4824909,Lower East Side,100000,3
21546896,East Village,110000,3
26433646,Long Island City,180000,6
21548553,Highbridge,120000,4
45176499,Clinton Hill,50000,3
47537582,Upper East Side,200000,6
1755226,Clinton Hill,50000,3
54981481,East Flatbush,120000,5
8996983,Morningside Heights,150000,5
55503405,Bushwick,120000,4
16099009,Flatbush,180000,5
24173083,Upper West Side,210000,5
2329065,Prospect Heights,90000,4
7767563,Chinatown,100000,3
4801712,Williamsburg,200000,4
21625323,Prospect-Lefferts Gardens,80000,4
7226862,Harlem,250000,8
9489635,East Village,110000,3
49651786,Astoria,250000,7
18288326,Lower East Side,100000,3
3588862,East New York,150000,5
2093785,Bedford-Stuyvesant,180000,4
3312712,Upper East Side,200000,6
49698179,Flatbush,180000,5
26901445,Flatbush,180000,5
19801628,Hell's Kitchen,100000,3
12976305,Cambria Heights,100000,5
45586306,East Village,110000,3
4407922,Upper West Side,210000,5
27763033,Upper East Side,200000,6
43526227,Crown Heights,200000,5
3802602,Carroll Gardens,40000,2
7178259,Upper West Side,210000,5
1661887,Flatbush,180000,5
43491984,Upper East Side,200000,6
9076514,Park Slope,150000,5
7757622,Upper East Side,200000,6
45458172,Crown Heights,200000,5
14659163,Williamsburg,200000,4
2342320,East Village,110000,3
12985694,Williamsburg,200000,4
48834934,Williamsburg,200000,4
21380101,Greenpoint,30000,2
6888854,Upper East Side,200000,6
11561864,Astoria,250000,7
6717641,Crown Heights,200000,5
55906584,Lower East Side,100000,3
20851550,Williamsburg,200000,4
10087776,Financial District,40000,2
50252136,Williamsburg,200000,4
46709132,East New York,150000,5
1329402,Boerum Hill,50000,2
6501692,Bedford-Stuyvesant,180000,4
14040587,Gramercy,50000,2
8802021,Williamsburg,200000,4
19830348,Civic Center,80000,3
55759120,Bedford-Stuyvesant,180000,4
20856521,Rockaway Beach,60000,3
6453642,Bushwick,120000,4
14241072,Morningside Heights,150000,5
49716958,East Village,110000,3
44219363,Harlem,250000,8
8834055,Harlem,250000,8
24234388,Chelsea,80000,3
48730550,Gowanus,40000,2
3372912,Williamsburg,200000,4
10013215,Clinton Hill,50000,3
27579117,East Harlem,120000,5
5371686,Greenpoint,30000,2
49725242,Forest Hills,180000,6
14835346,East New York,150000,5
9622187,East Harlem,120000,5
48273245,Inwood,60000,2
27024055,East Village,110000,3
1369720,East Harlem,120000,5
21436436,St. Albans,70000,3
11674534,Long Island City,180000,6
12246164,Williamsburg,200000,4
49619200,St. Albans,70000,3
11666801,Bedford-Stuyvesant,180000,4
50064907,Sunset Park,250000,6
1916497,Greenwich Village,150000,3
26159706,Windsor Terrace,30000,2
15364450,Bedford-Stuyvesant,180000,4
46176715,Bedford-Stuyvesant,180000,4
55899404,Bushwick,120000,4
9030121,Bedford-Stuyvesant,180000,4
14501205,Queens Village,120000,4
45198591,Schuylerville,60000,3
1812112,Columbia St,50000,2
20205912,Bushwick,120000,4
25104813,East Harlem,120000,5
25324628,Bayside,120000,4
23305419,Springfield Gardens,150000,5
43454980,Bedford-Stuyvesant,180000,4
2846018,Crown Heights,200000,5
15875880,Williamsburg,200000,4
17752595,Chinatown,100000,3
2864244,Harlem,250000,8
13901407,Borough Park,250000,6
20367736,Crown Heights,200000,5
7561003,Greenwich Village,150000,3
20859835,Harlem,250000,8
51542309,Washington Heights,170000,6
5906312,Harlem,250000,8
12865292,Rego Park,150000,4
43158395,East Harlem,120000,5
5201025,Kensington,35000,2
56065646,Williamsburg,200000,4
47119491,Bushwick,120000,4
12420139,Chelsea,80000,3
20938814,Bedford-Stuyvesant,180000,4
20783617,Williamsburg,200000,4
19967870,Midtown,250000,3
43936033,Harlem,250000,8
49000624,Upper East Side,200000,6
21476754,Williamsburg,200000,4
12190934,Williamsburg,200000,4
25368812,Richmond Hill,180000,5
54736812,Bedford-Stuyvesant,180000,4
5635133,Canarsie,120000,4
47954568,Lower East Side,100000,3
4708926,Washington Heights,170000,6
23250742,Pelham Gardens,150000,5
11636425,Woodside,150000,4
24207877,Glendale,80000,3
11799353,Prospect-Lefferts Gardens,80000,4
19960690,Upper East Side,200000,6
23857719,Financial District,40000,2
43700754,Prospect Heights,90000,4
17363224,Bedford-Stuyvesant,180000,4
10365030,South Slope,100000,3
47025600,Carroll Gardens,40000,2
11909813,Lower East Side,100000,3
54647892,Canarsie,120000,4
10408662,Williamsburg,200000,4
17122973,Harlem,250000,8
3309950,Red Hook,120000,5
23207662,Upper East Side,200000,6
43511315,Bedford-Stuyvesant,180000,4
54393282,Bedford-Stuyvesant,180000,4
46208748,East Village,110000,3
45495729,Harlem,250000,8
3937915,Upper West Side,210000,5
13383902,Hell's Kitchen,100000,3
14921505,Williamsbridge,80000,4
25681966,Midtown,250000,3
53259410,Astoria,250000,7
55666885,Ditmars Steinway,80000,4
55137230,Throgs Neck,100000,4
5832856,Harlem,250000,8
44245321,Bushwick,120000,4
23837836,Midtown,250000,3
10692544,Kips Bay,50000,2
4991151,Midwood,180000,5
17358253,East Harlem,120000,5
6857373,East Village,110000,3
43156186,Upper West Side,210000,5
19678465,Clinton Hill,50000,3
43496955,Castleton Corners,60000,3
4779620,Sunnyside,120000,5
10217014,Prospect-Lefferts Gardens,80000,4
56363888,Bedford-Stuyvesant,180000,4
1072030,Washington Heights,170000,6
7061724,Astoria,250000,7
23116533,Bedford-Stuyvesant,180000,4
20875852,Long Island City,180000,6
26523671,Midtown,250000,3
19157094,Harlem,250000,8
18125950,Bedford-Stuyvesant,180000,4
1658021,Upper East Side,200000,6
43258361,Corona,200000,6
7540016,Rego Park,150000,4
47775623,Prospect-Lefferts Gardens,80000,4
51062360,Sunset Park,250000,6
48085463,Bedford-Stuyvesant,180000,4
4156074,Windsor Terrace,30000,2
10916226,Midtown,250000,3
10352327,Midtown,250000,3
46226974,East Village,110000,3
12681929,Upper East Side,200000,6
56422984,Williamsburg,200000,4
12047888,East Harlem,120000,5
2677567,Tribeca,100000,4
52120015,Crown Heights,200000,5
3873296,Gramercy,50000,2
51722911,Bedford-Stuyvesant,180000,4
49478916,Midtown,250000,3
45562557,Forest Hills,180000,6
26396090,Upper East Side,200000,6
4349379,Chelsea,80000,3
10844427,Bedford-Stuyvesant,180000,4
50311232,South Slope,100000,3
49216574,Flushing,200000,7
53221301,Hell's Kitchen,100000,3
24270840,Upper West Side,210000,5
14854677,Bedford-Stuyvesant,180000,4
7004837,Harlem,250000,8
9460915,Arverne,40000,2
13166296,DUMBO,30000,1
2526789,Park Slope,150000,5
52704901,Flushing,200000,7
6785574,Upper West Side,210000,5
9925399,Upper East Side,200000,6
20849341,Harlem,250000,8
49629694,Rosedale,150000,6
22960232,Hell's Kitchen,100000,3
12638297,Bedford-Stuyvesant,180000,4
17787942,Upper East Side,200000,6
23872079,Financial District,40000,2
13704236,Jamaica,250000,7
1699443,East Village,110000,3
49846748,Bedford-Stuyvesant,180000,4
56461645,Williamsburg,200000,4
17724428,Prospect-Lefferts Gardens,80000,4
15494793,Williamsburg,200000,4
16117787,East Elmhurst,100000,3
25072227,Hell's Kitchen,100000,3
54380026,Bedford-Stuyvesant,180000,4
51688669,East Elmhurst,100000,3
24409467,East Flatbush,120000,5
54270119,Clason Point,80000,4
52356952,Chelsea,80000,3
48639420,Ridgewood,100000,4
49894246,Hell's Kitchen,100000,3
52161990,Flushing,200000,7
12543854,Harlem,250000,8
27279770,Canarsie,120000,4
21194529,Chelsea,80000,3
47601649,Bedford-Stuyvesant,180000,4
56748841,Lower East Side,100000,3
53174356,Harlem,250000,8
7493070,Prospect-Lefferts Gardens,80000,4
16436464,Harlem,250000,8
6127232,Harlem,250000,8
53640497,Corona,200000,6
46165116,Clason Point,80000,4
50205743,Chinatown,100000,3
53683024,Park Slope,150000,5
54223173,Flatiron District,50000,2
16504949,Greenpoint,30000,2
25433431,Springfield Gardens,150000,5
7335665,Crown Heights,200000,5
16041017,Upper East Side,200000,6
15845503,East Village,110000,3
48181564,East Village,110000,3
55549246,Midtown,250000,3
47321080,Chelsea,80000,3
23466691,Belle Harbor,150000,5
50313442,Upper West Side,210000,5
19207906,Washington Heights,170000,6
4446031,Astoria,250000,7
15748298,Ridgewood,100000,4
48047907,Greenpoint,30000,2
15791930,Upper East Side,200000,6
49535251,Bushwick,120000,4
47614904,Harlem,250000,8
46620211,East Morrisania,150000,5
49474498,Williamsburg,200000,4
21299466,Kensington,35000,2
6046044,Lower East Side,100000,3
18984224,Harlem,250000,8
48573144,Long Island City,180000,6
23337453,Elmhurst,120000,5
21254177,Bay Terrace,60000,3
46060179,Morris Park,180000,6
51578209,Clinton Hill,50000,3
20826145,Claremont Village,80000,4
24280781,Williamsburg,200000,4
12729979,Ditmars Steinway,80000,4
3459623,Lower East Side,100000,3
7555480,Flushing,200000,7
23328064,Jamaica,250000,7
25717313,Bedford-Stuyvesant,180000,4
23717987,Upper West Side,210000,5
18762199,East Village,110000,3
44847881,Chelsea,80000,3
21061424,Crown Heights,200000,5
20677024,Hell's Kitchen,100000,3
23972045,Prospect-Lefferts Gardens,80000,4
13741792,Hell's Kitchen,100000,3
25458285,Bushwick,120000,4
18822952,Borough Park,250000,6
51698058,Harlem,250000,8
46659977,East Village,110000,3
45005286,West Village,100000,2
9878454,Chelsea,80000,3
21111684,Park Slope,150000,5
4042300,Upper West Side,210000,5
46010472,Little Italy,60000,2
19364206,Astoria,250000,7
12490281,Williamsburg,200000,4
5412556,Bedford-Stuyvesant,180000,4
22148903,East Village,110000,3
48170518,Financial District,40000,2
21485038,Williamsburg,200000,4
3809782,Hell's Kitchen,100000,3
52847946,Upper East Side,200000,6
2125267,Flatbush,180000,5
22466476,Upper East Side,200000,6
44493304,Hell's Kitchen,100000,3
4737646,East Village,110000,3
6443700,Lower East Side,100000,3
51899095,Flatiron District,50000,2
25052344,Forest Hills,180000,6
1019562,Greenpoint,30000,2
24305635,Brownsville,180000,7
18688191,Great Kills,180000,6
47207306,Upper East Side,200000,6
5764924,Financial District,40000,2
42821492,West Village,100000,2
20260037,Bushwick,120000,4
5039754,Fort Greene,70000,3
52378491,Bedford-Stuyvesant,180000,4
6111768,Bushwick,120000,4
43059533,West Brighton,150000,5
11481781,Chelsea,80000,3
53159443,Chinatown,100000,3
9328363,Chelsea,80000,3
11074736,Williamsburg,200000,4
7731112,Hell's Kitchen,100000,3
45558139,Washington Heights,170000,6
9660848,Chelsea,80000,3
11264727,Midtown,250000,3
48285948,Ditmars Steinway,80000,4
2166137,Williamsburg,200000,4
27013561,SoHo,120000,4
52973318,Harlem,250000,8
13704788,Fort Greene,70000,3
55030636,Bedford-Stuyvesant,180000,4
11303940,Hell's Kitchen,100000,3
56999033,Harlem,250000,8
45100282,Upper East Side,200000,6
54946686,Chinatown,100000,3
12333427,Greenpoint,30000,2
15702457,Harlem,250000,8
4080961,Greenpoint,30000,2
1320565,Bensonhurst,180000,5
51061808,Tribeca,100000,4
23674356,Harlem,250000,8
5684840,Arverne,40000,2
8360181,Inwood,60000,2
55685664,Williamsburg,200000,4
5414213,East Flatbush,120000,5
54751724,East Village,110000,3
1866238,Lower East Side,100000,3
25790217,Hell's Kitchen,100000,3
48389228,East New York,150000,5
2054572,Astoria,250000,7
20665425,East Village,110000,3
55223941,Crown Heights,200000,5
45199696,Williamsburg,200000,4
2691926,Fort Greene,70000,3
11103455,Greenpoint,30000,2
47949045,Inwood,60000,2
24476848,Kingsbridge,50000,3
50902193,Kingsbridge,50000,3
22668065,Greenpoint,30000,2
1001254,Kensington,35000,2
11950684,Upper West Side,210000,5
56083872,Prospect-Lefferts Gardens,80000,4
15365554,Ridgewood,100000,4
18492677,East Village,110000,3
26573378,Bedford-Stuyvesant,180000,4
18572761,Flushing,200000,7
25313582,Williamsburg,200000,4
48108108,Williamsburg,200000,4
14546494,Brooklyn Heights,100000,3
45630490,Morningside Heights,150000,5
20840504,Upper East Side,200000,6
55959052,Carroll Gardens,40000,2
52726440,Chelsea,80000,3
44920232,Harlem,250000,8
47763472,Bushwick,120000,4
7880785,Nolita,40000,2
56996272,Concourse Village,80000,5
5685392,Sheepshead Bay,100000,3
22823261,Bay Ridge,200000,5
53026339,Financial District,40000,2
7177155,Bedford-Stuyvesant,180000,4
51789739,Upper East Side,200000,6
52166408,Crown Heights,200000,5
20435116,Mariners Harbor,50000,3
18710836,Murray Hill,60000,2
26420944,Hell's Kitchen,100000,3
24945198,East Harlem,120000,5
48184877,East Harlem,120000,5
9163225,Bedford-Stuyvesant,180000,4
50010781,Long Island City,180000,6
47591707,Bushwick,120000,4
5587083,Bedford-Stuyvesant,180000,4
17367642,Bedford-Stuyvesant,180000,4
19839737,East Flatbush,120000,5
21614277,Williamsburg,200000,4
4761394,Bedford-Stuyvesant,180000,4
57333175,Chinatown,100000,3
27668589,Bushwick,120000,4
3032143,Bedford-Stuyvesant,180000,4
57311083,Lower East Side,100000,3
50422797,Bushwick,120000,4
19389060,Bedford-Stuyvesant,180000,4
8387796,Inwood,60000,2
4524458,Williamsburg,200000,4
54739021,Cypress Hills,100000,4
15338492,Washington Heights,170000,6
3603221,Bedford-Stuyvesant,180000,4
43367164,East Village,110000,3
55142753,Lower East Side,100000,3
26989813,Upper West Side,210000,5
27001963,East Village,110000,3
16460213,Clinton Hill,50000,3
52883846,Bedford-Stuyvesant,180000,4
27094750,Bushwick,120000,4
56178315,Crown Heights,200000,5
47131089,Midtown,250000,3
15544500,East New York,150000,5
8301637,West Village,100000,2
48321295,Astoria,250000,7
51831714,Long Island City,180000,6
7987379,Midtown,250000,3
19565796,Harlem,250000,8
45043947,Chelsea,80000,3
14872903,Mott Haven,80000,3
3841263,Greenwich Village,150000,3
45156616,Hell's Kitchen,100000,3
1487360,Kensington,35000,2
54012747,Greenwich Village,150000,3
25082721,West Village,100000,2
54656176,Kips Bay,50000,2
47439825,Flatbush,180000,5
9479141,Gramercy,50000,2
10334654,Williamsburg,200000,4
21117207,East Harlem,120000,5
51680384,East Village,110000,3
14112938,Inwood,60000,2
6340972,Washington Heights,170000,6
4356006,South Slope,100000,3
44057539,Bedford-Stuyvesant,180000,4
1510004,Hell's Kitchen,100000,3
14866828,Sheepshead Bay,100000,3
20369945,Bedford-Stuyvesant,180000,4
47704376,Williamsburg,200000,4
47227741,Springfield Gardens,150000,5
46003845,Upper East Side,200000,6
21893740,Ridgewood,100000,4
1495092,Upper West Side,210000,5
3812543,Hell's Kitchen,100000,3
56103755,Chelsea,80000,3
8171847,Chelsea,80000,3
10688678,Ridgewood,100000,4
1091361,Bedford-Stuyvesant,180000,4
49998631,Bushwick,120000,4
16575644,West Village,100000,2
45054993,Hell's Kitchen,100000,3
4693462,East Elmhurst,100000,3
6559683,Harlem,250000,8
46628496,Williamsburg,200000,4
12564289,Astoria,250000,7
9472513,Bedford-Stuyvesant,180000,4
52365236,Lower East Side,100000,3
9292464,Harlem,250000,8
45656448,Boerum Hill,50000,2
26567855,Hell's Kitchen,100000,3
6947398,Midtown,250000,3
5679317,East Harlem,120000,5
50823214,Harlem,250000,8
9975659,Harlem,250000,8
57258614,Hell's Kitchen,100000,3
12308022,East Village,110000,3
43159500,Upper West Side,210000,5
12795703,Bedford-Stuyvesant,180000,4
14272553,Chelsea,80000,3
13899750,Bushwick,120000,4
4930398,East Harlem,120000,5
52687227,Financial District,40000,2
4367052,South Slope,100000,3
53161100,Williamsburg,200000,4
20242363,Gravesend,200000,6
20702982,Jackson Heights,180000,5
49475050,Flatbush,180000,5
53534455,Gramercy,50000,2
48632793,Bushwick,120000,4
42991600,Bushwick,120000,4
44043732,Williamsburg,200000,4
5466682,Bedford-Stuyvesant,180000,4
46773751,Lower East Side,100000,3
52629788,Crown Heights,200000,5
10176696,Upper West Side,210000,5
14951882,SoHo,120000,4
47546971,East Harlem,120000,5
48151739,Upper West Side,210000,5
22167681,Midtown,250000,3
15155680,Financial District,40000,2
19711051,Midtown,250000,3
14249908,South Slope,100000,3
19786164,Harlem,250000,8
4093664,Greenpoint,30000,2
57287886,Bedford-Stuyvesant,180000,4
48001514,Crown Heights,200000,5
52419361,Williamsburg,200000,4
14849706,Crown Heights,200000,5
43289290,Sunnyside,120000,5
6686712,Williamsburg,200000,4
11565730,Midtown,250000,3
23202139,St. Albans,70000,3
4632709,Washington Heights,170000,6
55076477,Williamsburg,200000,4
25656008,Jamaica,250000,7
17379793,Richmond Hill,180000,5
22437756,Financial District,40000,2
49234247,Ditmars Steinway,80000,4
9708898,Williamsburg,200000,4
2731692,Upper West Side,210000,5
3989279,South Slope,100000,3
10247390,East New York,150000,5
20675919,Bedford-Stuyvesant,180000,4
10416946,East Flatbush,120000,5
57289543,Bushwick,120000,4
17877967,Upper West Side,210000,5
52796582,University Heights,150000,6
9296882,Elmhurst,120000,5
1348733,Kips Bay,50000,2
4828223,Eastchester,120000,5
2261685,Greenpoint,30000,2
24326622,Bedford-Stuyvesant,180000,4
52369654,Bushwick,120000,4
13829608,Arverne,40000,2
55697262,Upper East Side,200000,6
52789955,Astoria,250000,7
24993248,Woodhaven,100000,4
47901547,Upper West Side,210000,5
10173934,Williamsbridge,80000,4
22079866,Midtown,250000,3
5581560,Chelsea,80000,3
5049695,Murray Hill,60000,2
45432214,Long Island City,180000,6
2194304,Upper East Side,200000,6
8565085,Astoria,250000,7
1136650,Chinatown,100000,3
14336067,East Harlem,120000,5
8451863,Bedford-Stuyvesant,180000,4
53167728,Midtown,250000,3
17195877,Upper East Side,200000,6
10124780,East New York,150000,5
46492078,Hell's Kitchen,100000,3
16787175,Harlem,250000,8
3261900,Fort Greene,70000,3
20479852,West Village,100000,2
15829486,Lower East Side,100000,3
26098953,Bushwick,120000,4
55866818,SoHo,120000,4
46947725,Wakefield,100000,4
23488783,Hell's Kitchen,100000,3
11419371,Park Slope,150000,5
52053739,Tompkinsville,60000,3
45329486,Brooklyn Heights,100000,3
8007814,Hell's Kitchen,100000,3
17072161,Downtown Brooklyn,150000,5
49498799,Crown Heights,200000,5
9014657,East Village,110000,3
56658816,Upper East Side,200000,6
49372875,Forest Hills,180000,6
19147705,Jamaica Estates,250000,7
20651065,Harlem,250000,8
48784675,DUMBO,30000,1
51379381,Jamaica,250000,7
22597923,Chinatown,100000,3
1809351,Chinatown,100000,3
2971390,Williamsburg,200000,4
49317645,Bedford-Stuyvesant,180000,4
20624555,Bensonhurst,180000,5
25751556,Hunts Point,80000,3
22052251,Morningside Heights,150000,5
43005408,Hell's Kitchen,100000,3
57265242,Murray Hill,60000,2
9138372,Upper East Side,200000,6
17097567,Sunset Park,250000,6
11240426,Park Slope,150000,5
8488315,East Village,110000,3
50047785,Inwood,60000,2
53308012,Forest Hills,180000,6
15383228,Harlem,250000,8
8950038,Washington Heights,170000,6
23059646,South Slope,100000,3
3234285,Hell's Kitchen,100000,3
51375514,Harlem,250000,8
48359956,Bushwick,120000,4
3772225,Kips Bay,50000,2
55677931,Bushwick,120000,4
3921898,Bedford-Stuyvesant,180000,4
45374775,Washington Heights,170000,6
5582665,Bushwick,120000,4
55031188,Flushing,200000,7
22154426,Bedford-Stuyvesant,180000,4
20556622,Concourse,80000,4
3299456,Fort Greene,70000,3
55179757,Williamsburg,200000,4
19335487,Williamsburg,200000,4
45755862,Bedford-Stuyvesant,180000,4
4453211,Midtown,250000,3
26319320,Hell's Kitchen,100000,3
13549040,Crown Heights,200000,5
48379839,Fort Hamilton,100000,4
27425025,Greenpoint,30000,2
6327165,NoHo,30000,2
15522960,Bedford-Stuyvesant,180000,4
13472270,Chelsea,80000,3
17023559,Harlem,250000,8
7643296,East Village,110000,3
55766852,Morris Park,180000,6
46482689,Williamsburg,200000,4
20722312,Bushwick,120000,4
51446209,NoHo,30000,2
53000381,Nolita,40000,2
18361782,East Village,110000,3
44771111,Bayside,120000,4
19278048,Hell's Kitchen,100000,3
55185832,Gramercy,50000,2
10373867,Bedford-Stuyvesant,180000,4
25305850,Financial District,40000,2
18429715,East Harlem,120000,5
26465128,Woodhaven,100000,4
2332379,East Harlem,120000,5
14450393,Jamaica,250000,7
14002478,Bedford-Stuyvesant,180000,4
50241643,Williamsburg,200000,4
51126979,Astoria,250000,7
20443953,Harlem,250000,8
44773320,Bushwick,120000,4
11420476,Harlem,250000,8
17911657,Civic Center,80000,3
54122102,Astoria,250000,7
11230484,Hell's Kitchen,100000,3
15698591,West Village,100000,2
56193780,Greenpoint,30000,2
46577132,Maspeth,60000,3
47387908,East Flatbush,120000,5
11926382,East Village,110000,3
18320912,Clinton Hill,50000,3
18822400,Borough Park,250000,6
57055368,Upper East Side,200000,6
55153799,Midtown,250000,3
55522183,Bedford-Stuyvesant,180000,4
17260496,Harlem,250000,8
9616664,Wakefield,100000,4
14251565,Bushwick,120000,4
24593935,Flatlands,50000,3
7151749,Lower East Side,100000,3
53340598,Downtown Brooklyn,150000,5
53658723,West Village,100000,2
8322625,Harlem,250000,8
8556800,East Harlem,120000,5
13045894,Inwood,60000,2
50264287,Harlem,250000,8
57075803,East Harlem,120000,5
47023943,East Harlem,120000,5
10065684,Upper West Side,210000,5
5330263,Ridgewood,100000,4
3449130,Inwood,60000,2
1243796,East Village,110000,3
25463808,Kips Bay,50000,2
51895781,Ditmars Steinway,80000,4
19959586,Upper East Side,200000,6
22182593,Bay Ridge,200000,5
2835524,Upper West Side,210000,5
20786931,Sunnyside,120000,5
2953717,Upper West Side,210000,5
53136799,Hell's Kitchen,100000,3
1634824,Sunset Park,250000,6
54626905,Willowbrook,120000,5
21208888,SoHo,120000,4
20725626,Long Island City,180000,6
9286941,Crown Heights,200000,5
48154501,Greenpoint,30000,2
15351195,Rosedale,150000,6
46049133,Hell's Kitchen,100000,3
46248514,St. George,150000,5
26795955,East Village,110000,3
4433881,Crown Heights,200000,5
44353020,Rego Park,150000,4
26878800,East Village,110000,3
7050126,Inwood,60000,2
14413942,Bushwick,120000,4
9052213,Harlem,250000,8
47855154,Harlem,250000,8
6940770,Upper West Side,210000,5
45413436,Sheepshead Bay,100000,3
55135573,Williamsburg,200000,4
25546653,Astoria,250000,7
24846889,Bushwick,120000,4
6573491,Harlem,250000,8
15679261,Prospect-Lefferts Gardens,80000,4
57164171,Cobble Hill,60000,2
3766702,Park Slope,150000,5
10341281,East Flatbush,120000,5
22624986,Clinton Hill,50000,3
15666558,Upper West Side,210000,5
23603109,Harlem,250000,8
42940789,Harlem,250000,8
52739143,East Flatbush,120000,5
43097090,East New York,150000,5
6196822,Williamsburg,200000,4
19357027,Greenpoint,30000,2
48445563,Astoria,250000,7
25343959,Lower East Side,100000,3
51879764,Clinton Hill,50000,3
16262490,Crown Heights,200000,5
8038190,SoHo,120000,4
17916076,Harlem,250000,8
46407024,East New York,150000,5
3545782,Greenwich Village,150000,3
3378988,South Slope,100000,3
25843790,Theater District,120000,4
11369112,Harlem,250000,8
6851850,Chelsea,80000,3
13082899,Williamsburg,200000,4
15020367,Kensington,35000,2
24899909,Hell's Kitchen,100000,3
6095751,Washington Heights,170000,6
14604485,Flushing,200000,7
56483185,Harlem,250000,8
23226440,Mariners Harbor,50000,3
47154838,Upper West Side,210000,5
2656027,Greenpoint,30000,2
47129432,Nolita,40000,2
48132409,Upper West Side,210000,5
47242654,Upper East Side,200000,6
5513627,SoHo,120000,4
48993445,Williamsburg,200000,4
11156476,Woodside,150000,4
15212015,East Flatbush,120000,5
51881974,Flushing,200000,7
54425867,Williamsburg,200000,4
9996094,Park Slope,150000,5
1431025,West Village,100000,2
55637614,Midtown,250000,3
3391690,East Village,110000,3
44878257,Rego Park,150000,4
55014067,Bedford-Stuyvesant,180000,4
43241792,Gowanus,40000,2
6015668,Upper West Side,210000,5
56939937,Windsor Terrace,30000,2
4242232,Midtown,250000,3
13810278,East Village,110000,3
1137202,Midtown,250000,3
51339063,Gramercy,50000,2
25580895,Midtown,250000,3
55090837,Hell's Kitchen,100000,3
27508975,Upper West Side,210000,5
19483503,Financial District,40000,2
54939506,Park Slope,150000,5
11099589,Throgs Neck,100000,4
48114183,Flatbush,180000,5
5056875,Prospect Heights,90000,4
13540203,Bedford-Stuyvesant,180000,4
21924117,Harlem,250000,8
19339905,Forest Hills,180000,6
25357766,Hell's Kitchen,100000,3
5326397,Cypress Hills,100000,4
52069756,Bushwick,120000,4
56816774,Forest Hills,180000,6
20237945,Douglaston,120000,4
5040306,Far Rockaway,250000,7
22380317,Upper East Side,200000,6
4213513,Bushwick,120000,4
9317317,Greenpoint,30000,2
2790236,Clinton Hill,50000,3
55173682,Crown Heights,200000,5
55756910,East Flatbush,120000,5
6809323,Clinton Hill,50000,3
15630106,Canarsie,120000,4
12011989,East Harlem,120000,5
46134187,Crown Heights,200000,5
15285471,Bushwick,120000,4
1834757,Flatlands,50000,3
22859713,Hell's Kitchen,100000,3
22170995,Midtown,250000,3
23891410,Financial District,40000,2
49771083,Lower East Side,100000,3
6517708,Lower East Side,100000,3
6689474,Chelsea,80000,3
24213400,Upper West Side,210000,5
23382189,East Harlem,120000,5
7043498,Williamsburg,200000,4
20229661,Chelsea,80000,3
44324853,Chinatown,100000,3
49342498,East Flatbush,120000,5
44047598,Chinatown,100000,3
55164845,Midtown,250000,3
19840289,Upper West Side,210000,5
8390005,East Harlem,120000,5
4416759,East Village,110000,3
49668355,Bushwick,120000,4
47333783,NoHo,30000,2
15802976,Bedford-Stuyvesant,180000,4
22944767,Upper East Side,200000,6
2986302,Bushwick,120000,4
23372248,Lower East Side,100000,3
2647742,Bedford-Stuyvesant,180000,4
47633682,Upper East Side,200000,6
55211238,Ridgewood,100000,4
2171107,Upper West Side,210000,5
2486471,Bedford-Stuyvesant,180000,4
8922975,Hell's Kitchen,100000,3
24092999,Gramercy,50000,2
5388255,Theater District,120000,4
19887235,Fresh Meadows,120000,4
20409158,Prospect-Lefferts Gardens,80000,4
14164302,Red Hook,120000,5
44922994,Harlem,250000,8
56541729,Clinton Hill,50000,3
54940611,Woodside,150000,4
47002403,Crown Heights,200000,5
53556547,Canarsie,120000,4
3647958,Washington Heights,170000,6
2744395,Bedford-Stuyvesant,180000,4
5240791,Financial District,40000,2
48704039,Crown Heights,200000,5
11882198,Prospect Heights,90000,4
8627494,Crown Heights,200000,5
17601265,Allerton,60000,4
45706155,Bedford-Stuyvesant,180000,4
8349135,Lower East Side,100000,3
22986742,Borough Park,250000,6
19622683,Harlem,250000,8
6220019,Lower East Side,100000,3
9598990,Upper West Side,210000,5
14696167,Bedford-Stuyvesant,180000,4
22977905,Astoria,250000,7
53322372,Astoria,250000,7
21087935,Concord,60000,3
21171884,Bedford-Stuyvesant,180000,4
42864571,Bedford-Stuyvesant,180000,4
14006344,Bedford-Stuyvesant,180000,4
19395135,Inwood,60000,2
46156279,Flushing,200000,7
43350043,East Flatbush,120000,5
10126437,West Village,100000,2
43099851,Washington Heights,170000,6
8478373,Washington Heights,170000,6
23799728,Bushwick,120000,4
57294514,Fort Hamilton,100000,4
17709516,East Village,110000,3
43772553,Murray Hill,60000,2
49327034,Morningside Heights,150000,5
4775754,Greenwich Village,150000,3
50813825,Harlem,250000,8
19707737,Downtown Brooklyn,150000,5
5140825,Harlem,250000,8
8731879,Astoria,250000,7
1207896,Midtown,250000,3
53870254,Flatbush,180000,5
12656523,Park Slope,150000,5
19687854,Bushwick,120000,4
51477138,Greenpoint,30000,2
22681320,Prospect-Lefferts Gardens,80000,4
21840720,Greenpoint,30000,2
47001298,Concourse,80000,4
7868082,Corona,200000,6
50341057,East Flatbush,120000,5
6840804,Williamsburg,200000,4
12459352,Crown Heights,200000,5
21523699,Bedford-Stuyvesant,180000,4
5758848,Williamsburg,200000,4
21488905,Fort Greene,70000,3
2710152,Bushwick,120000,4
45647611,Park Slope,150000,5
47378519,Harlem,250000,8
16832463,East Village,110000,3
10968142,East Elmhurst,100000,3
47810418,Chelsea,80000,3
21486695,Bedford-Stuyvesant,180000,4
47298436,Murray Hill,60000,2
2150672,Williamsburg,200000,4
17963021,Harlem,250000,8
47121700,Williamsburg,200000,4
19085847,Borough Park,250000,6
11347020,SoHo,120000,4
54721348,Midtown,250000,3
6617675,Eastchester,120000,5
56525712,Bedford-Stuyvesant,180000,4
8561771,Gravesend,200000,6
54514788,Williamsburg,200000,4
53257201,Hell's Kitchen,100000,3
46291593,Gowanus,40000,2
45777954,Gramercy,50000,2
55366434,Arverne,40000,2
14742560,Columbia St,50000,2
45843678,East New York,150000,5
22127363,West Village,100000,2
9689567,Jackson Heights,180000,5
6692788,Astoria,250000,7
19109596,Washington Heights,170000,6
55614969,Kips Bay,50000,2
6872285,East Harlem,120000,5
4119622,Hell's Kitchen,100000,3
56135788,Boerum Hill,50000,2
17961917,Wakefield,100000,4
44551296,Washington Heights,170000,6
47447557,Williamsburg,200000,4
7754308,Carroll Gardens,40000,2
56141863,Lower East Side,100000,3
10054085,Fort Greene,70000,3
47687255,Fort Greene,70000,3
1020114,Harlem,250000,8
55280828,South Ozone Park,150000,6
5935032,Greenpoint,30000,2
8279545,Chinatown,100000,3
7485890,Bushwick,120000,4
51999613,Midtown,250000,3
49269595,Clinton Hill,50000,3
24185233,East New York,150000,5
15968114,Harlem,250000,8
19554198,Ditmars Steinway,80000,4
1172549,Kingsbridge,50000,3
15458341,Williamsburg,200000,4
16239845,Hell's Kitchen,100000,3
10482118,South Slope,100000,3
2536730,Bedford-Stuyvesant,180000,4
57314949,Williamsburg,200000,4
13730746,Gowanus,40000,2
15531797,Williamsburg,200000,4
48084911,East Village,110000,3
16291209,Williamsburg,200000,4
2514638,Chelsea,80000,3
1531544,Hell's Kitchen,100000,3
11925278,Castleton Corners,60000,3
45359311,East Harlem,120000,5
52963929,Chinatown,100000,3
45545436,Prospect-Lefferts Gardens,80000,4
11376292,Boerum Hill,50000,2
22204685,Bedford-Stuyvesant,180000,4
3658451,Bushwick,120000,4
26740725,Bedford-Stuyvesant,180000,4
8688800,Bedford-Stuyvesant,180000,4
19170901,Bushwick,120000,4
15450056,Forest Hills,180000,6
15150710,Jamaica,250000,7
6833624,Williamsburg,200000,4
55238853,Hell's Kitchen,100000,3
6628168,Williamsburg,200000,4
6548085,Sheepshead Bay,100000,3
26966064,Flushing,200000,7
15020919,East Harlem,120000,5
44084602,Inwood,60000,2
2726721,Harlem,250000,8
49001729,Upper East Side,200000,6
3012260,Bedford-Stuyvesant,180000,4
3187339,Fort Greene,70000,3
50874026,East Village,110000,3
4974582,West Village,100000,2
48257781,Bedford-Stuyvesant,180000,4
22727161,Williamsburg,200000,4
46910169,Washington Heights,170000,6
26215488,Tottenville,40000,2
47287942,Upper East Side,200000,6
24522688,Hell's Kitchen,100000,3
24202907,Harlem,250000,8
54589348,Harlem,250000,8
55711622,Crown Heights,200000,5
44737421,Arrochar,15000,2
47372996,Bushwick,120000,4
25138503,Bedford-Stuyvesant,180000,4
9823776,West Village,100000,2
19782298,Williamsburg,200000,4
43501926,Windsor Terrace,30000,2
54539641,Williamsburg,200000,4
1699996,Hell's Kitchen,100000,3
46413651,Hell's Kitchen,100000,3
46341852,Sheepshead Bay,100000,3
52152048,Harlem,250000,8
3574502,Park Slope,150000,5
54477784,Brighton Beach,120000,5
27462581,Williamsburg,200000,4
27179251,East Village,110000,3
2209768,Crown Heights,200000,5
15512466,Hell's Kitchen,100000,3
21224905,Hell's Kitchen,100000,3
21078546,Sheepshead Bay,100000,3
54508712,Williamsburg,200000,4
21196738,Maspeth,60000,3
50466429,Boerum Hill,50000,2
22202476,Forest Hills,180000,6
21369055,Sunset Park,250000,6
56045211,Rego Park,150000,4
26094534,Crown Heights,200000,5
51284385,Upper West Side,210000,5
5272272,Flatiron District,50000,2
47966167,East Village,110000,3
50590696,Lower East Side,100000,3
21832435,East Flatbush,120000,5
12088206,East Village,110000,3
54104981,Stapleton,120000,5
10144663,Upper West Side,210000,5
54345784,Chelsea,80000,3
8095630,SoHo,120000,4
10490402,Midtown,250000,3
44263547,Bay Ridge,200000,5
2422956,Williamsburg,200000,4
25967505,Bedford-Stuyvesant,180000,4
2948746,Murray Hill,60000,2
25047373,Astoria,250000,7
44681638,Upper East Side,200000,6
55157665,Maspeth,60000,3
56756021,Far Rockaway,250000,7
11995420,Clinton Hill,50000,3
22968516,Hell's Kitchen,100000,3
44333137,Greenpoint,30000,2
25164461,Crown Heights,200000,5
21412687,NoHo,30000,2
6964519,Williamsburg,200000,4
17587457,Mount Hope,80000,4
51009340,Carroll Gardens,40000,2
3874401,Crown Heights,200000,5
1484046,Ridgewood,100000,4
49211603,Arverne,40000,2
20302012,Laurelton,120000,5
5461159,Clinton Hill,50000,3
56659369,East Harlem,120000,5
6429340,Bushwick,120000,4
55653630,Fort Greene,70000,3
3920794,Greenwich Village,150000,3
9013000,Lower East Side,100000,3
24650270,Todt Hill,150000,5
49646263,Maspeth,60000,3
13260739,Flatlands,50000,3
17087626,Harlem,250000,8
6685055,Upper West Side,210000,5
52393956,Sunset Park,250000,6
16268565,Williamsburg,200000,4
48942081,Bedford-Stuyvesant,180000,4
16249234,Flatbush,180000,5
3760075,Prospect-Lefferts Gardens,80000,4
20726178,Long Island City,180000,6
51661054,Jamaica,250000,7
54795908,East Harlem,120000,5
20286547,Flatbush,180000,5
49740154,East Harlem,120000,5
26264643,Clinton Hill,50000,3
13327567,Bushwick,120000,4
20109259,Bushwick,120000,4
22848667,Woodhaven,100000,4
11844090,Financial District,40000,2
19756339,Concourse,80000,4
22310175,Hell's Kitchen,100000,3
4016342,East Harlem,120000,5
23288850,Lower East Side,100000,3
11861211,Lower East Side,100000,3
47739171,Kips Bay,50000,2
9485216,Greenpoint,30000,2
19783402,Chelsea,80000,3
13343584,Bushwick,120000,4
49578330,Jackson Heights,180000,5
56215319,Williamsburg,200000,4
1405620,Fort Greene,70000,3
1418875,Upper East Side,200000,6
12600188,Greenpoint,30000,2
1789468,West Village,100000,2
51515246,East Village,110000,3
51396502,Chelsea,80000,3
24866219,East Village,110000,3
10150186,Washington Heights,170000,6
2794102,City Island,60000,2
9398505,Harlem,250000,8
19681779,Bedford-Stuyvesant,180000,4
27349360,Red Hook,120000,5
3123825,Ridgewood,100000,4
46483241,Harlem,250000,8
15878641,Greenwich Village,150000,3
49536908,Upper East Side,200000,6
6987716,Gramercy,50000,2
54699256,Washington Heights,170000,6
2662102,East Harlem,120000,5
51069540,Washington Heights,170000,6
16992078,Upper East Side,200000,6
10221432,Washington Heights,170000,6
22757538,Sunnyside,120000,5
21272403,Upper West Side,210000,5
55534886,St. Albans,70000,3
48818365,West Village,100000,2
22226777,Kensington,35000,2
8034324,Sunset Park,250000,6
26856156,Bedford-Stuyvesant,180000,4
50321174,Hell's Kitchen,100000,3
55692844,Flatlands,50000,3
50103568,Williamsburg,200000,4
14202963,Chinatown,100000,3
52160333,Harlem,250000,8
47628711,Bay Ridge,200000,5
8175161,Ditmars Steinway,80000,4
45140600,Harlem,250000,8
21007851,SoHo,120000,4
3599908,Bedford-Stuyvesant,180000,4
14531029,Inwood,60000,2
54603156,Clinton Hill,50000,3
10915121,Crown Heights,200000,5
54030421,Fort Greene,70000,3
20846027,Bellerose,100000,3
1946874,West Village,100000,2
4582449,Harlem,250000,8
1913736,Upper West Side,210000,5
23242457,Ozone Park,150000,6
2167794,Bushwick,120000,4
51172820,Hell's Kitchen,100000,3
19957929,Bedford-Stuyvesant,180000,4
12205846,Fort Greene,70000,3
3048712,Astoria,250000,7
11808190,Upper East Side,200000,6
45367043,Williamsburg,200000,4
27147218,Bedford-Stuyvesant,180000,4
44494409,Flatbush,180000,5
9395744,Flatbush,180000,5
20833877,Williamsburg,200000,4
22712249,Harlem,250000,8
8112751,Williamsburg,200000,4
48466550,Midtown,250000,3
12969677,East Harlem,120000,5
2345634,Upper West Side,210000,5
4182584,Upper East Side,200000,6
57268555,Astoria,250000,7
10469967,Cypress Hills,100000,4
48744910,Prospect Heights,90000,4
51749422,East Elmhurst,100000,3
53134038,East Village,110000,3
52835243,Sunset Park,250000,6
53540530,Greenpoint,30000,2
42908203,Upper East Side,200000,6
16726974,Chelsea,80000,3
43101508,Chelsea,80000,3
45047813,SoHo,120000,4
48916123,Morningside Heights,150000,5
52572901,Gramercy,50000,2
46319208,Prospect-Lefferts Gardens,80000,4
23625753,Gramercy,50000,2
7411882,Gramercy,50000,2
13393291,Bedford-Stuyvesant,180000,4
3190653,Nolita,40000,2
20695249,Crown Heights,200000,5
18009415,Woodside,150000,4
12394180,Concourse,80000,4
26314350,Sunnyside,120000,5
54663356,Mill Basin,200000,7
14158227,Ridgewood,100000,4
53476464,Flatbush,180000,5
54391072,Bedford-Stuyvesant,180000,4
52767863,Harlem,250000,8
13811382,Long Island City,180000,6
23539042,Bushwick,120000,4
45090893,Upper West Side,210000,5
21926326,Forest Hills,180000,6
56140207,Chinatown,100000,3
2399760,SoHo,120000,4
51615765,Bedford-Stuyvesant,180000,4
6884436,Woodside,150000,4
6461926,Harlem,250000,8
8826875,Chelsea,80000,3
10449532,Hell's Kitchen,100000,3
7557689,Gramercy,50000,2
8519244,Carroll Gardens,40000,2
13406546,Hell's Kitchen,100000,3
1967861,Fieldston,50000,3
48541111,Astoria,250000,7
53457685,Hell's Kitchen,100000,3
3006185,Williamsburg,200000,4
6192956,Greenpoint,30000,2
11553580,St. Albans,70000,3
52649671,Crown Heights,200000,5
49551268,Nolita,40000,2
48082150,Chinatown,100000,3
14204068,Williamsburg,200000,4
57274631,Downtown Brooklyn,150000,5
19361997,Forest Hills,180000,6
44106694,Midwood,180000,5
52156467,Murray Hill,60000,2
25020863,Midtown,250000,3
25391456,Prospect-Lefferts Gardens,80000,4
22895060,Upper East Side,200000,6
6344286,Bushwick,120000,4
45099177,Nolita,40000,2
5994680,Harlem,250000,8
22586877,Bedford-Stuyvesant,180000,4
8353001,Murray Hill,60000,2
13090078,Fresh Meadows,120000,4
1777318,Harlem,250000,8
2179392,East Village,110000,3
9628262,Upper West Side,210000,5
21252520,Gramercy,50000,2
54959941,Williamsburg,200000,4
15962038,Bedford-Stuyvesant,180000,4
53579191,Upper East Side,200000,6
24782822,Harlem,250000,8
5773760,Upper West Side,210000,5
51767095,Crown Heights,200000,5
4865779,East Flatbush,120000,5
18609765,Harlem,250000,8
50426111,East Village,110000,3
44369589,Harlem,250000,8
15710742,Chelsea,80000,3
55315623,Astoria,250000,7
48240660,Williamsburg,200000,4
43203684,Long Island City,180000,6
6528754,East Flatbush,120000,5
21669507,Rego Park,150000,4
3896493,Mott Haven,80000,3
43456637,Bedford-Stuyvesant,180000,4
26801478,West Village,100000,2
6583984,Harlem,250000,8
18714149,Richmond Hill,180000,5
44917471,Crown Heights,200000,5
24006288,Stapleton,120000,5
56021462,Flatlands,50000,3
53046222,Lower East Side,100000,3
53874672,Maspeth,60000,3
14551464,East Harlem,120000,5
49890932,Park Slope,150000,5
26915252,Tottenville,40000,2
18690953,Flushing,200000,7
1583460,Prospect-Lefferts Gardens,80000,4
6581775,Clinton Hill,50000,3
51462226,East New York,150000,5
49765560,Financial District,40000,2
51108754,Middle Village,120000,5
51755497,Harlem,250000,8
47882769,East Village,110000,3
46011577,Flushing,200000,7
4094768,East Harlem,120000,5
21806477,Corona,200000,6
25446134,Bushwick,120000,4
5109343,Upper West Side,210000,5
48829964,Prospect Heights,90000,4
3740744,Upper East Side,200000,6
9154389,Upper West Side,210000,5
51653321,Cobble Hill,60000,2
47612142,Upper West Side,210000,5
3170218,Flatbush,180000,5
6513842,East Village,110000,3
6708252,East Village,110000,3
24020095,Nolita,40000,2
23937803,Williamsburg,200000,4
8381169,Bushwick,120000,4
18425849,Fresh Meadows,120000,4
9421702,Financial District,40000,2
2747156,Canarsie,120000,4
21636369,Midtown,250000,3
24961215,Crown Heights,200000,5
5309828,Fort Greene,70000,3
7859797,Greenpoint,30000,2
3898702,Inwood,60000,2
4321211,Crown Heights,200000,5
13314865,Flushing,200000,7
50472504,Lower East Side,100000,3
5389360,Clinton Hill,50000,3
47570720,Jackson Heights,180000,5
2045735,Prospect Heights,90000,4
7707915,Bushwick,120000,4
24003526,Upper East Side,200000,6
13256873,Harlem,250000,8
6394546,Harlem,250000,8
24271392,Maspeth,60000,3
3679991,Clinton Hill,50000,3
43731130,Lower East Side,100000,3
49830731,West Village,100000,2
48815604,Harlem,250000,8
56589226,East Harlem,120000,5
5645627,Prospect-Lefferts Gardens,80000,4
27152741,Bushwick,120000,4
44507664,Harlem,250000,8
24840261,Bushwick,120000,4
44075213,Hell's Kitchen,100000,3
11279639,Bedford-Stuyvesant,180000,4
16385100,Gowanus,40000,2
48649914,East Harlem,120000,5
46558354,Flatiron District,50000,2
3916928,Murray Hill,60000,2
10280528,Bedford-Stuyvesant,180000,4
2761516,Flatbush,180000,5
10016529,Upper East Side,200000,6
50034530,East New York,150000,5
25407473,Brighton Beach,120000,5
2423509,Bedford-Stuyvesant,180000,4
1386289,Clinton Hill,50000,3
23397101,Washington Heights,170000,6
6057090,SoHo,120000,4
2574286,Williamsburg,200000,4
17930436,East Harlem,120000,5
8275127,South Slope,100000,3
14700033,Chinatown,100000,3
51258979,Lower East Side,100000,3
4142818,Windsor Terrace,30000,2
49671669,Flushing,200000,7
11780023,Lower East Side,100000,3
8098391,Upper West Side,210000,5
6458612,Chelsea,80000,3
5700304,Bushwick,120000,4
55120108,East Harlem,120000,5
46238020,Williamsburg,200000,4
52205069,Sunnyside,120000,5
51485422,Flatbush,180000,5
17258839,Forest Hills,180000,6
15748851,Chelsea,80000,3
22675245,East Harlem,120000,5
21949523,Bedford-Stuyvesant,180000,4
52415495,Upper West Side,210000,5
21271851,Bedford-Stuyvesant,180000,4
15806842,Harlem,250000,8
1316699,Lower East Side,100000,3
27506765,Borough Park,250000,6
7105356,Astoria,250000,7
49466213,Maspeth,60000,3
2384295,Financial District,40000,2
54319273,Harlem,250000,8
13046999,Fordham,200000,7
44224886,Park Slope,150000,5
48780257,Downtown Brooklyn,150000,5
16531460,Elmhurst,120000,5
49895350,Upper West Side,210000,5
2299793,Cobble Hill,60000,2
55563053,Concourse,80000,4
8413202,Harlem,250000,8
43291499,Bedford-Stuyvesant,180000,4
1959577,Lower East Side,100000,3
56692507,Chelsea,80000,3
5951601,Harlem,250000,8
17703440,Williamsburg,200000,4
3671707,Sunset Park,250000,6
17887909,Washington Heights,170000,6
10102135,Harlem,250000,8
3531422,Flatbush,180000,5
3020545,Upper East Side,200000,6
10420260,Hell's Kitchen,100000,3
2042974,East Village,110000,3
53000933,Harlem,250000,8
18430819,East Elmhurst,100000,3
47696092,Greenpoint,30000,2
54327558,Upper West Side,210000,5
4810549,East Harlem,120000,5
43065609,Flatlands,50000,3
50077609,Crown Heights,200000,5
2105936,Prospect-Lefferts Gardens,80000,4
16838539,Kew Gardens,120000,4
19961795,Harlem,250000,8
20705191,Washington Heights,170000,6
12062800,Midtown,250000,3
25736644,Harlem,250000,8
9797266,Bushwick,120000,4
43536168,Upper West Side,210000,5
44316016,Bedford-Stuyvesant,180000,4
22126259,East Flatbush,120000,5
15942708,Clason Point,80000,4
12868606,Bedford-Stuyvesant,180000,4
9523877,Bergen Beach,120000,4
16433703,Sunset Park,250000,6
2044631,Sunset Park,250000,6
55134468,Ridgewood,100000,4
22066610,Williamsburg,200000,4
51880317,Harlem,250000,8
5458397,Midtown,250000,3
7310811,Flushing,200000,7
50052204,Williamsburg,200000,4
22704517,Greenpoint,30000,2
14774593,East Village,110000,3
21389491,Flushing,200000,7
27137277,East Harlem,120000,5
25980208,Richmond Hill,180000,5
13177894,Upper West Side,210000,5
5414765,Flatbush,180000,5
55485179,Washington Heights,170000,6
54278403,Brooklyn Heights,100000,3
46663843,Greenpoint,30000,2
9336095,Kew Gardens,120000,4
46484898,Westchester Square,200000,6
26861127,Williamsburg,200000,4
5125360,Upper East Side,200000,6
2854303,Morningside Heights,150000,5
1440415,Williamsburg,200000,4
16678924,Upper West Side,210000,5
55917630,Bushwick,120000,4
13676621,Williamsburg,200000,4
43285976,Williamsburg,200000,4
7789655,Harlem,250000,8
46955458,Hell's Kitchen,100000,3
52290676,Upper East Side,200000,6
52499445,Upper East Side,200000,6
47589498,Boerum Hill,50000,2
26392224,Williamsburg,200000,4
10038069,Upper West Side,210000,5
3291172,Jackson Heights,180000,5
52565721,Hell's Kitchen,100000,3
43633373,Midtown,250000,3
26768893,Pelham Gardens,150000,5
19978916,Bedford-Stuyvesant,180000,4
9062707,East Harlem,120000,5
53527275,East Village,110000,3
14605037,Bedford-Stuyvesant,180000,4
19109044,Borough Park,250000,6
3730803,Williamsburg,200000,4
27053879,Upper West Side,210000,5
1957920,Bedford-Stuyvesant,180000,4
55745312,Crown Heights,200000,5
15005455,Maspeth,60000,3
7679748,Mott Haven,80000,3
10370001,West Village,100000,2
54762218,Ridgewood,100000,4
6905975,Crown Heights,200000,5
20442296,Williamsburg,200000,4
8311579,East Village,110000,3
5397092,Midtown,250000,3
43489223,Midtown,250000,3
4154417,Upper East Side,200000,6
24497835,Upper West Side,210000,5
12257210,Clinton Hill,50000,3
26817495,Williamsburg,200000,4
51287699,East Flatbush,120000,5
20928320,Canarsie,120000,4
24089133,Flatbush,180000,5
56988539,Upper East Side,200000,6
55216761,West Village,100000,2
53426757,Sunnyside,120000,5
9004163,East Harlem,120000,5
46689249,Astoria,250000,7
47681732,Hell's Kitchen,100000,3
53773049,Greenpoint,30000,2
22320116,Crown Heights,200000,5
51912902,East Village,110000,3
5196607,Boerum Hill,50000,2
3412126,Greenwich Village,150000,3
3940677,Bedford-Stuyvesant,180000,4
21223248,Upper East Side,200000,6
45929284,Bay Ridge,200000,5
57053711,Williamsburg,200000,4
43857607,Harlem,250000,8
17619491,Bedford-Stuyvesant,180000,4
25256695,Astoria,250000,7
19415570,Harlem,250000,8
57300037,Huguenot,150000,5
16983241,Upper East Side,200000,6
8941201,Williamsburg,200000,4
54271776,Lower East Side,100000,3
26468994,Gowanus,40000,2
3334804,Clinton Hill,50000,3
43192085,Park Slope,150000,5
11615990,Astoria,250000,7
50637642,Inwood,60000,2
54110504,Washington Heights,170000,6
12549929,East Flatbush,120000,5
43858711,Hell's Kitchen,100000,3
2648295,Prospect-Lefferts Gardens,80000,4
4927084,Upper East Side,200000,6
20376572,Ridgewood,100000,4
4541579,Harlem,250000,8
25602987,Ridgewood,100000,4
17412378,Williamsburg,200000,4
44964968,Bedford-Stuyvesant,180000,4
1840280,Clinton Hill,50000,3
24110120,Greenwich Village,150000,3
18399891,Woodhaven,100000,4
7053439,Upper East Side,200000,6
45954138,Bedford-Stuyvesant,180000,4
24977231,Upper East Side,200000,6
51526292,West Village,100000,2
2737215,Bedford-Stuyvesant,180000,4
14868484,Crown Heights,200000,5
53787409,Gramercy,50000,2
1103512,Park Slope,150000,5
56478214,Williamsburg,200000,4
20986864,SoHo,120000,4
47989915,Bedford-Stuyvesant,180000,4
48790198,Fordham,200000,7
47096846,Flatbush,180000,5
8573369,Crown Heights,200000,5
1390708,Arrochar,15000,2
13536337,Hell's Kitchen,100000,3
27099720,Flushing,200000,7
12865845,Chelsea,80000,3
9904412,Clinton Hill,50000,3
26772206,Bedford-Stuyvesant,180000,4
1584013,Williamsburg,200000,4
13181760,Harlem,250000,8
9111862,Lower East Side,100000,3
53857551,Upper East Side,200000,6
2062304,Bushwick,120000,4
26175722,Williamsburg,200000,4
20774228,Jamaica,250000,7
10944393,Carroll Gardens,40000,2
47591155,Chelsea,80000,3
11795487,East Village,110000,3
45844230,Chelsea,80000,3
47466887,Bedford-Stuyvesant,180000,4
6495064,Carroll Gardens,40000,2
56523503,Williamsburg,200000,4
23074006,Bushwick,120000,4
1667410,Boerum Hill,50000,2
21008404,East Village,110000,3
53516229,Bedford-Stuyvesant,180000,4
14441004,East Elmhurst,100000,3
47634234,SoHo,120000,4
26180141,Midtown,250000,3
8496047,SoHo,120000,4
3171323,Hell's Kitchen,100000,3
11937428,Fort Greene,70000,3
45129001,Harlem,250000,8
10345700,Long Island City,180000,6
17222387,Bedford-Stuyvesant,180000,4
7782475,Williamsburg,200000,4
16609886,Chelsea,80000,3
47782803,Harlem,250000,8
13517006,Harlem,250000,8
1469686,Williamsburg,200000,4
43013692,Crown Heights,200000,5
21499398,Financial District,40000,2
44623647,East Village,110000,3
15235212,Midtown,250000,3
50998294,Lower East Side,100000,3
22277589,Bedford-Stuyvesant,180000,4
54715825,Bedford-Stuyvesant,180000,4
50165425,Woodlawn,100000,4
8888732,Harlem,250000,8
2501935,St. Albans,70000,3
49842882,Financial District,40000,2
48872491,Hell's Kitchen,100000,3
55856324,City Island,60000,2
21489457,Williamsburg,200000,4
18994165,Williamsburg,200000,4
22518392,Sunnyside,120000,5
5163469,Washington Heights,170000,6
25899020,Washington Heights,170000,6
48382048,Washington Heights,170000,6
44876600,Mott Haven,80000,3
43721741,Midtown,250000,3
17400228,Prospect-Lefferts Gardens,80000,4
2741633,Upper East Side,200000,6
14509489,Bedford-Stuyvesant,180000,4
26723052,Upper West Side,210000,5
9032883,Theater District,120000,4
51944383,Midtown,250000,3
3097867,Bushwick,120000,4
47840794,Flatbush,180000,5
5256255,Upper East Side,200000,6
12095938,Sunset Park,250000,6
43039651,Bedford-Stuyvesant,180000,4
43373240,Midtown,250000,3
6828653,Chinatown,100000,3
48960859,Kensington,35000,2
20559384,Financial District,40000,2
56652189,Chelsea,80000,3
50280856,Sunnyside,120000,5
43834410,Norwood,100000,4
25433983,Gowanus,40000,2
12779134,Ditmars Steinway,80000,4
18257950,Williamsburg,200000,4
45823243,Bushwick,120000,4
49653443,Bedford-Stuyvesant,180000,4
45073219,Harlem,250000,8
48278216,Cambria Heights,100000,5
53012532,East Flatbush,120000,5
52646357,Ditmars Steinway,80000,4
12104223,Concord,60000,3
51532368,East Harlem,120000,5
55074268,East Harlem,120000,5
49222649,Canarsie,120000,4
4559253,Williamsburg,200000,4
51621840,Chinatown,100000,3
6247634,Long Island City,180000,6
12500222,Midtown,250000,3
26884323,Flatiron District,50000,2
10499791,Bedford-Stuyvesant,180000,4
9200782,Bushwick,120000,4
7294242,Bushwick,120000,4
49737393,Briarwood,80000,4
20475434,Hell's Kitchen,100000,3
16945132,Hell's Kitchen,100000,3
2927206,East Village,110000,3
15063446,Carroll Gardens,40000,2
24362521,Kips Bay,50000,2
56565478,Greenpoint,30000,2
57148706,Lower East Side,100000,3
3209984,Jamaica,250000,7
11570149,Midtown,250000,3
12941510,Kensington,35000,2
49645711,East Flatbush,120000,5
23194407,Williamsburg,200000,4
45821586,South Slope,100000,3
15555546,Flushing,200000,7
3027725,Kips Bay,50000,2
18319807,Inwood,60000,2
10557783,Woodlawn,100000,4
23077319,Nolita,40000,2
20800186,Harlem,250000,8
8964950,Upper East Side,200000,6
5578246,Park Slope,150000,5
26163019,Bushwick,120000,4
56601929,Gramercy,50000,2
51483213,Washington Heights,170000,6
45025169,East Elmhurst,100000,3
3398318,East Flatbush,120000,5
23217604,South Ozone Park,150000,6
10350670,Hell's Kitchen,100000,3
22475312,Greenwich Village,150000,3
43755984,Bedford-Stuyvesant,180000,4
2539492,Astoria,250000,7
45985619,Bushwick,120000,4
2120296,West Village,100000,2
44647396,Midtown,250000,3
44569522,Williamsburg,200000,4
5281109,Bedford-Stuyvesant,180000,4
47317766,Ridgewood,100000,4
6373558,Chelsea,80000,3
3696008,Harlem,250000,8
22439965,Flatbush,180000,5
1601686,West Village,100000,2
55851354,Upper East Side,200000,6
3185683,Astoria,250000,7
22654258,Bedford-Stuyvesant,180000,4
21153658,Williamsburg,200000,4
5866547,Sunset Park,250000,6
47745799,Elmhurst,120000,5
17359357,Financial District,40000,2
9847525,Chelsea,80000,3
9897232,Flatbush,180000,5
3959455,Midtown,250000,3
4430014,Harlem,250000,8
21841824,Williamsburg,200000,4
8031010,Greenpoint,30000,2
22563680,East Village,110000,3
45513402,Bedford-Stuyvesant,180000,4
25137951,Kew Gardens,120000,4
20710714,Battery Park City,50000,2
1469134,Fort Greene,70000,3
24790554,Longwood,120000,4
57280706,Flushing,200000,7
9129535,Washington Heights,170000,6
45955242,Sheepshead Bay,100000,3
22179832,Morningside Heights,150000,5
3355239,Washington Heights,170000,6
24783374,Bedford-Stuyvesant,180000,4
20229108,Harlem,250000,8
4175956,Bay Ridge,200000,5
3124377,Clinton Hill,50000,3
23846673,Financial District,40000,2
5539585,Prospect-Lefferts Gardens,80000,4
7466008,Kensington,35000,2
52258090,Lower East Side,100000,3
50295768,Hell's Kitchen,100000,3
20891868,Soundview,120000,5
7663731,Williamsburg,200000,4
9473618,Midtown,250000,3
56951535,Harlem,250000,8
5808555,Nolita,40000,2
55312309,Mott Haven,80000,3
52037722,Crown Heights,200000,5
17863055,Chelsea,80000,3
19708289,Crown Heights,200000,5
25768677,Prospect-Lefferts Gardens,80000,4
55661362,Bedford-Stuyvesant,180000,4
48006484,Upper West Side,210000,5
24860696,Astoria,250000,7
21704854,Bedford-Stuyvesant,180000,4
15433487,Rosedale,150000,6
23969836,Williamsburg,200000,4
6015115,Bedford-Stuyvesant,180000,4
21611515,Lower East Side,100000,3
5541794,Boerum Hill,50000,2
2009836,Sunnyside,120000,5
14799999,Morris Park,180000,6
56519084,Hell's Kitchen,100000,3
44009489,Williamsburg,200000,4
52923611,East Harlem,120000,5
54652310,Williamsburg,200000,4
43109793,Washington Heights,170000,6
49684372,Williamsburg,200000,4
55611655,Fort Greene,70000,3
19290198,East Elmhurst,100000,3
16979375,Bedford-Stuyvesant,180000,4
23191645,Windsor Terrace,30000,2
3448577,Bushwick,120000,4
2689717,Morningside Heights,150000,5
27899451,Bedford-Stuyvesant,180000,4
50569709,Bedford-Stuyvesant,180000,4
1637033,East Harlem,120000,5
50373090,Nolita,40000,2
3295038,Williamsburg,200000,4
46536814,West Village,100000,2
53399142,Jamaica,250000,7
3454100,Bedford-Stuyvesant,180000,4
20424622,Greenpoint,30000,2
8368466,Bushwick,120000,4
24982202,East Harlem,120000,5
47271373,Sunnyside,120000,5
11285162,Bedford-Stuyvesant,180000,4
48021397,East Village,110000,3
15860415,Ditmars Steinway,80000,4
10307591,Hell's Kitchen,100000,3
3667288,Allerton,60000,4
22974039,Elmhurst,120000,5
44107246,Williamsburg,200000,4
25051792,Murray Hill,60000,2
18905797,East Elmhurst,100000,3
1556950,Bushwick,120000,4
3221030,Borough Park,250000,6
50214580,Williamsburg,200000,4
8663946,Astoria,250000,7
49404908,Maspeth,60000,3
19469143,East New York,150000,5
8411545,South Slope,100000,3
18334719,Chinatown,100000,3
4897260,Sunnyside,120000,5
2419642,Midtown,250000,3
44552400,East Flatbush,120000,5
3536393,Upper West Side,210000,5
9811626,Upper West Side,210000,5
14708870,Little Italy,60000,2
8032115,Greenpoint,30000,2
55480760,Jamaica,250000,7
12802330,Fort Hamilton,100000,4
5788120,Bushwick,120000,4
22276484,Flushing,200000,7
23852196,Financial District,40000,2
14521088,Carroll Gardens,40000,2
54367876,Prospect Heights,90000,4
10485432,Flatbush,180000,5
22234510,Flushing,200000,7
8799260,Williamsburg,200000,4
1492883,Washington Heights,170000,6
45272599,West Village,100000,2
55860743,Bedford-Stuyvesant,180000,4
18994718,Kips Bay,50000,2
17581934,Upper West Side,210000,5
46743927,Concord,60000,3
52595545,Fort Greene,70000,3
24127242,Bedford-Stuyvesant,180000,4
4337780,Upper East Side,200000,6
10954334,Harlem,250000,8
44059196,East Elmhurst,100000,3
51500334,Bedford-Stuyvesant,180000,4
20780856,Murray Hill,60000,2
52283496,Upper West Side,210000,5
9967927,Crown Heights,200000,5
23461168,Harlem,250000,8
16254205,Williamsburg,200000,4
10007692,Upper West Side,210000,5
51171716,Red Hook,120000,5
6062613,Williamsburg,200000,4
25263323,Upper West Side,210000,5
48703487,Chelsea,80000,3
55641480,Bedford-Stuyvesant,180000,4
6352018,Bedford-Stuyvesant,180000,4
5504238,Crown Heights,200000,5
48487538,Bushwick,120000,4
15454475,Upper East Side,200000,6
7019197,Williamsburg,200000,4
43811766,Arverne,40000,2
13357944,Greenpoint,30000,2
46774855,Crown Heights,200000,5
3794869,Upper East Side,200000,6
8507093,Upper West Side,210000,5
5768790,Midtown,250000,3
3223791,Theater District,120000,4
21697674,Jamaica,250000,7
6982193,Upper West Side,210000,5
43116420,East Harlem,120000,5
4318450,Upper East Side,200000,6
15925034,Jamaica,250000,7
5779836,Upper West Side,210000,5
17625566,Midtown,250000,3
17155006,East Village,110000,3
4722733,Astoria,250000,7
55965680,Midwood,180000,5
51374962,East Flatbush,120000,5
2906219,Williamsburg,200000,4
27236691,Bedford-Stuyvesant,180000,4
14434377,Bushwick,120000,4
1628749,Lower East Side,100000,3
48563203,Chelsea,80000,3
47723707,Upper East Side,200000,6
46848311,Chinatown,100000,3
47163122,Crown Heights,200000,5
4137295,Fort Greene,70000,3
4383069,Park Slope,150000,5
15337387,East Flatbush,120000,5
51561087,Harlem,250000,8
43092119,Bushwick,120000,4
9518907,Williamsburg,200000,4
50276990,Williamsburg,200000,4
54099458,Bedford-Stuyvesant,180000,4
14976183,Greenwich Village,150000,3
2094338,Crown Heights,200000,5
2141836,Hell's Kitchen,100000,3
52857888,Harlem,250000,8
9356530,Upper East Side,200000,6
14840317,Astoria,250000,7
7691898,East Harlem,120000,5
3903120,Williamsburg,200000,4
48565412,Washington Heights,170000,6
13503751,Upper East Side,200000,6
5481594,Mount Hope,80000,4
18503171,Bushwick,120000,4
3324862,Fort Greene,70000,3
57008974,Upper East Side,200000,6
16969434,East New York,150000,5
49403803,Midtown,250000,3
26415421,Harlem,250000,8
23085052,Bushwick,120000,4
15523512,Flatlands,50000,3
43975799,Chinatown,100000,3
46697533,St. George,150000,5
48284844,Williamsburg,200000,4
4892842,East Village,110000,3
17407960,Harlem,250000,8
26836825,Upper East Side,200000,6
18303238,Hell's Kitchen,100000,3
47595573,Theater District,120000,4
54387206,Bedford-Stuyvesant,180000,4
6416085,Upper West Side,210000,5
7070561,Upper East Side,200000,6
44500484,Astoria,250000,7
23845016,Bushwick,120000,4
45492967,Chelsea,80000,3
5039201,Williamsburg,200000,4
7657656,Upper East Side,200000,6
26570617,East Village,110000,3
9882320,Crown Heights,200000,5
48500241,Chelsea,80000,3
25435088,Chinatown,100000,3
23656682,Upper West Side,210000,5
9629367,Upper West Side,210000,5
21190110,Bushwick,120000,4
46405367,East Village,110000,3
45839812,Crown Heights,200000,5
8444131,Midtown,250000,3
12013646,Astoria,250000,7
55019590,Bedford-Stuyvesant,180000,4
53047879,Upper West Side,210000,5
48528408,Midtown,250000,3
55845278,Concord,60000,3
49702045,Flushing,200000,7
52558541,East New York,150000,5
48410768,Harlem,250000,8
3997011,Upper West Side,210000,5
53472045,Richmond Hill,180000,5
10155709,Williamsburg,200000,4
1403410,Nolita,40000,2
17871892,Crown Heights,200000,5
8163562,East Village,110000,3
11987135,Williamsburg,200000,4
10279976,East Harlem,120000,5
5634581,East Harlem,120000,5
13282279,East Village,110000,3
50572470,Theater District,120000,4
24366940,Bedford-Stuyvesant,180000,4
26494399,Williamsburg,200000,4
1566891,East Village,110000,3
18880944,Upper East Side,200000,6
3763388,Prospect Heights,90000,4
23275043,Flatbush,180000,5
12940957,Williamsburg,200000,4
55740341,Sheepshead Bay,100000,3
14916535,Bedford-Stuyvesant,180000,4
11191823,Hell's Kitchen,100000,3
8884866,Williamsburg,200000,4
47165884,Greenpoint,30000,2
2224681,Midtown,250000,3
26400508,Richmond Hill,180000,5
56846046,Prospect-Lefferts Gardens,80000,4
4072124,Chinatown,100000,3
13628019,Williamsburg,200000,4
55608342,Sunset Park,250000,6
44403832,Rockaway Beach,60000,3
2455542,Bushwick,120000,4
9395191,Hell's Kitchen,100000,3
54391625,Bedford-Stuyvesant,180000,4
12357176,East Harlem,120000,5
19259822,University Heights,150000,6
18557296,Hell's Kitchen,100000,3
25133532,Midwood,180000,5
50372538,Williamsburg,200000,4
24728696,Bushwick,120000,4
5339100,Williamsburg,200000,4
5974798,Bushwick,120000,4
25891840,Bushwick,120000,4
21126043,Bushwick,120000,4
21230428,Inwood,60000,2
52333203,Woodlawn,100000,4
55758567,Bedford-Stuyvesant,180000,4
25665949,Hell's Kitchen,100000,3
2566002,Chinatown,100000,3
2517400,Lower East Side,100000,3
19864038,Bedford-Stuyvesant,180000,4
6347048,Flatbush,180000,5
6775080,Sunset Park,250000,6
51102126,Chelsea,80000,3
51756049,Williamsburg,200000,4
5360088,Crown Heights,200000,5
17821633,Flushing,200000,7
14304034,East Harlem,120000,5
44542459,Upper East Side,200000,6
8018860,Nolita,40000,2
18868793,Greenpoint,30000,2
8924080,Upper East Side,200000,6
43268303,Hell's Kitchen,100000,3
11049882,Financial District,40000,2
6806561,Bedford-Stuyvesant,180000,4
52315529,Richmond Hill,180000,5
47235474,Parkchester,250000,7
1639795,Park Slope,150000,5
9739274,Upper West Side,210000,5
14999932,Gowanus,40000,2
26291153,Flatbush,180000,5
53623928,Hell's Kitchen,100000,3
55368091,Harlem,250000,8
24551960,Bushwick,120000,4
14853572,Crown Heights,200000,5
52319947,Murray Hill,60000,2
53412949,Arverne,40000,2
50425006,Bedford-Stuyvesant,180000,4
53354958,Bedford-Stuyvesant,180000,4
20004322,Ridgewood,100000,4
5735099,Williamsburg,200000,4
55159874,Williamsburg,200000,4
4096425,Hell's Kitchen,100000,3
7139046,Woodside,150000,4
45449888,Gramercy,50000,2
2186572,Harlem,250000,8
19211219,Williamsburg,200000,4
4043404,East Village,110000,3
53078808,Clinton Hill,50000,3
3019440,Washington Heights,170000,6
46073987,Bedford-Stuyvesant,180000,4
51200988,Bedford-Stuyvesant,180000,4
14417808,Murray Hill,60000,2
49229829,East Flatbush,120000,5
47877246,Bedford-Stuyvesant,180000,4
8786005,Williamsburg,200000,4
1901033,East Village,110000,3
20399769,Maspeth,60000,3
11132727,Bushwick,120000,4
48155053,Harlem,250000,8
18941145,Williamsburg,200000,4
8382826,Upper West Side,210000,5
23204348,Bedford-Stuyvesant,180000,4
9314003,Upper West Side,210000,5
17788495,Bushwick,120000,4
50364253,Midtown,250000,3
43031918,Bedford-Stuyvesant,180000,4
51894676,Westerleigh,100000,3
44677220,Ditmars Steinway,80000,4
18949429,Clinton Hill,50000,3
53125201,Flushing,200000,7
20318029,Washington Heights,170000,6
19898281,Kips Bay,50000,2
21752352,Harlem,250000,8
14587916,Canarsie,120000,4
17626118,Harlem,250000,8
15390408,Crown Heights,200000,5
2064514,Bushwick,120000,4
24285199,Bedford-Stuyvesant,180000,4
12930464,Bushwick,120000,4
48259438,Flatlands,50000,3
43146797,Bushwick,120000,4
23751125,Harlem,250000,8
1666305,Long Island City,180000,6
51683698,Williamsburg,200000,4
55152142,Woodhaven,100000,4
4529428,Chinatown,100000,3
46600881,Park Slope,150000,5
47594469,East Village,110000,3
19886682,East Village,110000,3
16947342,Bedford-Stuyvesant,180000,4
17743206,Randall Manor,60000,3
49266281,Harlem,250000,8
23911845,Financial District,40000,2
6547533,Nolita,40000,2
48421814,Upper West Side,210000,5
48749328,Bushwick,120000,4
55214552,Chinatown,100000,3
9969031,Chelsea,80000,3
51147415,Forest Hills,180000,6
5320322,Inwood,60000,2
13952771,Westerleigh,100000,3
24347609,Chelsea,80000,3
46533500,Williamsburg,200000,4
25541682,Bedford-Stuyvesant,180000,4
21169123,Brighton Beach,120000,5
53536664,Bushwick,120000,4
26536927,Chelsea,80000,3
5260674,Upper East Side,200000,6
47225532,Astoria,250000,7
4047271,Park Slope,150000,5
47620427,Upper East Side,200000,6
5427468,Ridgewood,100000,4
21246445,East Village,110000,3
25868644,Midtown,250000,3
6392336,Boerum Hill,50000,2
1902690,Tribeca,100000,4
2213082,Upper East Side,200000,6
23661653,Huguenot,150000,5
20850446,Sunset Park,250000,6
14114595,Chinatown,100000,3
15158994,Cypress Hills,100000,4
51805756,Hell's Kitchen,100000,3
54133701,Sunnyside,120000,5
53699041,Williamsburg,200000,4
24763491,Greenwich Village,150000,3
11967805,Bedford-Stuyvesant,180000,4
1936380,Astoria,250000,7
23073453,Williamsburg,200000,4
26047589,Astoria,250000,7
15091614,East Village,110000,3
24975574,Greenwich Village,150000,3
47786669,Long Island City,180000,6
48270484,Bedford-Stuyvesant,180000,4
5167335,East Harlem,120000,5
48449981,Two Bridges,40000,2
7747128,Carroll Gardens,40000,2
48706801,Kips Bay,50000,2
47005165,Rosedale,150000,6
53769183,Flushing,200000,7
49516473,Arverne,40000,2
15551680,Williamsburg,200000,4
21066947,East Elmhurst,100000,3
4186450,Bedford-Stuyvesant,180000,4
21778310,East Harlem,120000,5
9074857,Bedford-Stuyvesant,180000,4
26584424,Hell's Kitchen,100000,3
8114408,Prospect Heights,90000,4
16571778,Williamsburg,200000,4
3820275,Greenpoint,30000,2
52170274,Williamsburg,200000,4
7680852,Clinton Hill,50000,3
18428610,East Village,110000,3
5367820,Greenpoint,30000,2
55603923,Bellerose,100000,3
48709562,Flatiron District,50000,2
47488427,Sunnyside,120000,5
17431709,Midwood,180000,5
13362915,Roosevelt Island,15000,2
52794373,Astoria,250000,7
51164536,East Harlem,120000,5
1212867,Midtown,250000,3
55063222,Harlem,250000,8
54417583,Bedford-Stuyvesant,180000,4
7197590,Ditmars Steinway,80000,4
2425165,Chelsea,80000,3
53548263,Financial District,40000,2
9121251,Harlem,250000,8
3386167,Upper West Side,210000,5
8052550,Bedford-Stuyvesant,180000,4
49060273,Crown Heights,200000,5
44649053,Harlem,250000,8
56740557,Bedford-Stuyvesant,180000,4
45304081,Bedford-Stuyvesant,180000,4
42915935,East New York,150000,5
46205986,Elmhurst,120000,5
46061284,Fresh Meadows,120000,4
5527987,Flatlands,50000,3
9685149,Upper East Side,200000,6
24599458,Williamsburg,200000,4
3265214,Harlem,250000,8
48371002,Hell's Kitchen,100000,3
21054244,Crown Heights,200000,5
20376020,Bushwick,120000,4
3186235,Williamsburg,200000,4
9850839,Harlem,250000,8
4564223,East Village,110000,3
5770447,Washington Heights,170000,6
3722518,Bedford-Stuyvesant,180000,4
25674786,Chelsea,80000,3
44830207,East Village,110000,3
55997161,Williamsburg,200000,4
23246875,East Harlem,120000,5
23437419,Upper East Side,200000,6
11946265,Crown Heights,200000,5
55392945,Upper West Side,210000,5
48492508,Crown Heights,200000,5
20371049,Fort Greene,70000,3
44290610,Clinton Hill,50000,3
52118358,Harlem,250000,8
10729548,West Village,100000,2
12342817,Fordham,200000,7
19845260,Clinton Hill,50000,3
17670855,Williamsburg,200000,4
8885419,Harlem,250000,8
3551857,Fort Greene,70000,3
3415992,Woodhaven,100000,4
24469115,Bedford-Stuyvesant,180000,4
19316156,Bushwick,120000,4
51529054,Crown Heights,200000,5
2540044,Washington Heights,170000,6
7860350,Hell's Kitchen,100000,3
22186459,Williamsburg,200000,4
56589779,Inwood,60000,2
57340907,Ridgewood,100000,4
5436305,Washington Heights,170000,6
18453464,Chinatown,100000,3
21314930,East Village,110000,3
45857485,Williamsburg,200000,4
52930239,Financial District,40000,2
3716443,East Village,110000,3
18277832,Upper East Side,200000,6
6794411,Williamsburg,200000,4
19870113,East Harlem,120000,5
43839933,Ridgewood,100000,4
18856090,Williamsburg,200000,4
6431550,Harlem,250000,8
13519768,Bushwick,120000,4
11231037,Bedford-Stuyvesant,180000,4
1784497,Windsor Terrace,30000,2
56693611,Bedford-Stuyvesant,180000,4
19123404,Chelsea,80000,3
21776653,Hell's Kitchen,100000,3
52383462,Midtown,250000,3
48933244,Kensington,35000,2
22161054,Midtown,250000,3
57277392,Bedford-Stuyvesant,180000,4
17534989,Sunset Park,250000,6
8872716,East Harlem,120000,5
23234725,Woodhaven,100000,4
15221956,Borough Park,250000,6
44561237,Upper West Side,210000,5
2417986,Williamsburg,200000,4
11223857,Chelsea,80000,3
3918585,Upper West Side,210000,5
5090565,Upper East Side,200000,6
8160801,Williamsburg,200000,4
17441650,Upper East Side,200000,6
5476071,Upper East Side,200000,6
55564710,Theater District,120000,4
24899357,Bushwick,120000,4
2420747,Queens Village,120000,4
18372276,Flatbush,180000,5
44375112,Rego Park,150000,4
20328522,East Harlem,120000,5
23144148,East Flatbush,120000,5
12200323,Upper West Side,210000,5
48776943,Upper East Side,200000,6
26682734,Washington Heights,170000,6
45213503,Bedford-Stuyvesant,180000,4
24697215,Bedford-Stuyvesant,180000,4
5145795,Prospect Heights,90000,4
53949232,Upper East Side,200000,6
55964023,Woodside,150000,4
6771766,Chelsea,80000,3
5423050,Prospect-Lefferts Gardens,80000,4
5133092,Upper West Side,210000,5
21776101,Lower East Side,100000,3
44461271,Rego Park,150000,4
57197309,St. George,150000,5
27348255,Chelsea,80000,3
21223801,Fordham,200000,7
19520507,Brooklyn Heights,100000,3
25691355,Oakwood,120000,4
26899235,Fort Greene,70000,3
24060966,Murray Hill,60000,2
5625744,South Slope,100000,3
2336245,Upper East Side,200000,6
12556004,Sunset Park,250000,6
1586222,Upper West Side,210000,5
53413501,Upper West Side,210000,5
15595311,Hell's Kitchen,100000,3
52110073,Arden Heights,150000,5
26382283,Upper West Side,210000,5
22457086,Hell's Kitchen,100000,3
53057268,Bedford-Stuyvesant,180000,4
55088627,Hell's Kitchen,100000,3
45241671,Washington Heights,170000,6
48618985,Inwood,60000,2
1137754,East Flatbush,120000,5
5685945,Ditmars Steinway,80000,4
49201109,Williamsburg,200000,4
16225486,Bensonhurst,180000,5
20182163,Bushwick,120000,4
11491170,Red Hook,120000,5
19450918,Upper East Side,200000,6
47175825,Williamsburg,200000,4
47226085,Williamsburg,200000,4
47883874,East Harlem,120000,5
20736120,Williamsburg,200000,4
48035756,Prospect-Lefferts Gardens,80000,4
16899292,Williamsburg,200000,4
9156046,Park Slope,150000,5
12312992,Bedford-Stuyvesant,180000,4
45923209,Clinton Hill,50000,3
25157833,Financial District,40000,2
9302957,East New York,150000,5
2994034,Long Island City,180000,6
20857073,Kips Bay,50000,2
43433993,Bedford-Stuyvesant,180000,4
25497498,Nolita,40000,2
20422413,Bedford-Stuyvesant,180000,4
16309987,Ditmars Steinway,80000,4
22241689,Greenwich Village,150000,3
52340383,Washington Heights,170000,6
27630481,Hell's Kitchen,100000,3
51787530,West Village,100000,2
53664246,East Flatbush,120000,5
21641339,Astoria,250000,7
48897344,Williamsburg,200000,4
7506878,Chelsea,80000,3
53837668,Bedford-Stuyvesant,180000,4
6289609,Park Slope,150000,5
16909785,Midtown,250000,3
13578864,Sunnyside,120000,5
5442933,Park Slope,150000,5
55793914,Maspeth,60000,3
8016098,Gramercy,50000,2
26147555,East Village,110000,3
13088422,Chelsea,80000,3
8566741,East Harlem,120000,5
2277701,Bedford-Stuyvesant,180000,4
53512363,Lower East Side,100000,3
7977990,Jackson Heights,180000,5
9055527,Upper East Side,200000,6
56557745,East Elmhurst,100000,3
50586278,Lower East Side,100000,3
8661737,Prospect-Lefferts Gardens,80000,4
44614258,Downtown Brooklyn,150000,5
6949607,East Village,110000,3
4161044,Williamsburg,200000,4
54146956,Bedford-Stuyvesant,180000,4
22490777,Bushwick,120000,4
20245125,Harlem,250000,8
6827549,Fort Greene,70000,3
19384089,Park Slope,150000,5
5081176,Crown Heights,200000,5
56817326,Bushwick,120000,4
53968011,Washington Heights,170000,6
22501270,Kips Bay,50000,2
17744311,Bedford-Stuyvesant,180000,4
5562782,Ridgewood,100000,4
12320172,Clinton Hill,50000,3
21642996,Lower East Side,100000,3
49855585,Bedford-Stuyvesant,180000,4
18467271,East Village,110000,3
14354293,Harlem,250000,8
5672689,Elmhurst,120000,5
54662252,Flatbush,180000,5
57075250,East Harlem,120000,5
23698105,Harlem,250000,8
26712558,Hell's Kitchen,100000,3
51827296,Crown Heights,200000,5
11216125,Crown Heights,200000,5
20590312,Cypress Hills,100000,4
15556650,Bedford-Stuyvesant,180000,4
10972560,Bushwick,120000,4
52747980,Jackson Heights,180000,5
13863298,Crown Heights,200000,5
49512607,Prospect-Lefferts Gardens,80000,4
7525104,Forest Hills,180000,6
9092531,Bushwick,120000,4
48733864,Williamsburg,200000,4
21736887,Bedford-Stuyvesant,180000,4
51219214,Park Slope,150000,5
21049826,Long Island City,180000,6
48902867,Hell's Kitchen,100000,3
18764961,Rockaway Beach,60000,3
3944543,Sheepshead Bay,100000,3
57270765,Bedford-Stuyvesant,180000,4
46936127,Bedford-Stuyvesant,180000,4
51329674,Harlem,250000,8
4712792,Bushwick,120000,4
44889303,Stapleton,120000,5
48961963,Sunset Park,250000,6
7278778,Bedford-Stuyvesant,180000,4
6895482,East Harlem,120000,5
55785078,Williamsburg,200000,4
11163104,Crown Heights,200000,5
52953436,Midtown,250000,3
45544331,Hell's Kitchen,100000,3
1987192,Harlem,250000,8
2432898,Harlem,250000,8
56231888,Gravesend,200000,6
15621269,Bedford-Stuyvesant,180000,4
53580848,Borough Park,250000,6
3570083,Flatbush,180000,5
19817092,Williamsburg,200000,4
25455523,Financial District,40000,2
7338426,Lower East Side,100000,3
44052569,Greenpoint,30000,2
26050903,East New York,150000,5
18429163,Arrochar,15000,2
48211388,Upper West Side,210000,5
44932935,Greenpoint,30000,2
5752773,Chelsea,80000,3
11129413,Williamsburg,200000,4
21468469,Williamsburg,200000,4
7658760,East Harlem,120000,5
46898571,Chinatown,100000,3
9067678,Williamsburg,200000,4
5699200,Park Slope,150000,5
54355725,Red Hook,120000,5
53669769,Bedford-Stuyvesant,180000,4
4419521,South Slope,100000,3
49140356,Kips Bay,50000,2
24973365,Theater District,120000,4
23485469,Bedford-Stuyvesant,180000,4
4256040,East Harlem,120000,5
19716574,East Village,110000,3
49586062,Clinton Hill,50000,3
12120792,Arrochar,15000,2
9497367,Kensington,35000,2
19349294,South Slope,100000,3
47180796,Jamaica,250000,7
9692329,Williamsburg,200000,4
1582908,East Village,110000,3
54352411,Bushwick,120000,4
10035307,Bedford-Stuyvesant,180000,4
19676808,Bedford-Stuyvesant,180000,4
43346177,Long Island City,180000,6
46763809,Fort Greene,70000,3
8805887,Lower East Side,100000,3
23879811,Financial District,40000,2
12852037,Bushwick,120000,4
25709581,East Village,110000,3
47512176,Bedford-Stuyvesant,180000,4
53729417,Sunnyside,120000,5
4573060,Upper East Side,200000,6
53219644,Upper West Side,210000,5
7847647,East Village,110000,3
44209974,Bedford-Stuyvesant,180000,4
21946209,Norwood,100000,4
53089854,Williamsburg,200000,4
13192806,Harlem,250000,8
26613696,Williamsburg,200000,4
55468610,Battery Park City,50000,2
12996187,South Ozone Park,150000,6
27198582,East Flatbush,120000,5
47009583,Dyker Heights,120000,5
7048469,Upper East Side,200000,6
10891924,Hell's Kitchen,100000,3
45833184,Wakefield,100000,4
53130172,Flatbush,180000,5
5121494,Bushwick,120000,4
24638119,Bedford-Stuyvesant,180000,4
8884314,Upper West Side,210000,5
55713831,East Harlem,120000,5
5078967,Bedford-Stuyvesant,180000,4
44748467,West Brighton,150000,5
15622926,Hell's Kitchen,100000,3
51382142,Pelham Gardens,150000,5
14860752,Forest Hills,180000,6
5225326,Lower East Side,100000,3
55688977,Sunset Park,250000,6
20538949,Washington Heights,170000,6
20647752,Tribeca,100000,4
44100067,Chelsea,80000,3
18597062,Bedford-Stuyvesant,180000,4
23696448,Kips Bay,50000,2
50796152,Arverne,40000,2
15779227,Long Island City,180000,6
10049667,Williamsburg,200000,4
3594937,Gramercy,50000,2
25139608,Williamsburg,200000,4
3729146,Lower East Side,100000,3
4776859,Greenwich Village,150000,3
4549311,Bushwick,120000,4
16529803,East Elmhurst,100000,3
50400153,Wakefield,100000,4
17635507,Briarwood,80000,4
4114099,Upper West Side,210000,5
6672352,Crown Heights,200000,5
20358346,Bushwick,120000,4
51546175,Long Island City,180000,6
2502487,Theater District,120000,4
8010575,Lower East Side,100000,3
1978907,Crown Heights,200000,5
26196710,Sunset Park,250000,6
52497236,Upper West Side,210000,5
19102416,Prospect-Lefferts Gardens,80000,4
5170649,Cobble Hill,60000,2
25690251,Upper East Side,200000,6
54651206,Lower East Side,100000,3
2574839,Bushwick,120000,4
45259897,Harlem,250000,8
18421430,Hell's Kitchen,100000,3
1424398,Bushwick,120000,4
24181367,Bushwick,120000,4
47899338,Greenwich Village,150000,3
7818927,Fort Greene,70000,3
19609980,Prospect Heights,90000,4
44983747,Chelsea,80000,3
53149502,Sunnyside,120000,5
8527528,Upper East Side,200000,6
52820884,Upper East Side,200000,6
44800383,Upper East Side,200000,6
5538481,St. George,150000,5
3561247,Park Slope,150000,5
3263005,Co-op City,250000,7
17290872,Sunnyside,120000,5
47120043,Flushing,200000,7
21314378,Greenpoint,30000,2
17875758,Corona,200000,6
49941744,Harlem,250000,8
47101817,Bushwick,120000,4
1600582,Harlem,250000,8
22500166,Hell's Kitchen,100000,3
24658554,Washington Heights,170000,6
11555237,Williamsburg,200000,4
27143352,Fort Greene,70000,3
4580240,Sunnyside,120000,5
15879746,Long Island City,180000,6
53632212,Chinatown,100000,3
51387665,Pelham Gardens,150000,5
53675292,Inwood,60000,2
9856914,Long Island City,180000,6
26736859,West Village,100000,2
25232394,Hell's Kitchen,100000,3
7094310,East Village,110000,3
15931662,Williamsburg,200000,4
6530411,Boerum Hill,50000,2
25364946,Washington Heights,170000,6
21847347,Columbia St,50000,2
6688921,Midtown,250000,3
15137455,East New York,150000,5
8678858,Bedford-Stuyvesant,180000,4
18127607,Tribeca,100000,4
48060610,Williamsburg,200000,4
25327390,Ozone Park,150000,6
10857130,Park Slope,150000,5
8340851,Upper West Side,210000,5
25979104,Williamsburg,200000,4
18747840,Midtown,250000,3
23993033,Midtown,250000,3
8378407,Hell's Kitchen,100000,3
16820865,Crown Heights,200000,5
11755722,Bedford-Stuyvesant,180000,4
23836732,Long Island City,180000,6
1449804,Carroll Gardens,40000,2
10252913,Harlem,250000,8
8381721,Hell's Kitchen,100000,3
4650934,Williamsburg,200000,4
19248776,Ridgewood,100000,4
5515836,Washington Heights,170000,6
43726712,Financial District,40000,2
5053561,Windsor Terrace,30000,2
13033192,Murray Hill,60000,2
15091061,Crown Heights,200000,5
51976969,Brooklyn Heights,100000,3
26715872,Astoria,250000,7
50681826,East Harlem,120000,5
10836694,Norwood,100000,4
5313142,Park Slope,150000,5
17944795,Upper West Side,210000,5
15648332,Upper West Side,210000,5
51487631,Williamsburg,200000,4
57215535,Long Island City,180000,6
9138924,Midtown,250000,3
12692975,Williamsburg,200000,4
10034203,Fort Greene,70000,3
9495158,Washington Heights,170000,6
11851270,Theater District,120000,4
48429546,Kew Gardens,120000,4
24167560,Rosedale,150000,6
3818618,Williamsburg,200000,4
11458584,East Harlem,120000,5
22790676,Williamsburg,200000,4
5665510,Hell's Kitchen,100000,3
57202832,Upper East Side,200000,6
43851532,Bushwick,120000,4
11778366,East Flatbush,120000,5
7371564,Midtown,250000,3
3940124,Williamsburg,200000,4
56821192,Bedford-Stuyvesant,180000,4
18877078,Little Italy,60000,2
56011521,Williamsburg,200000,4
51587045,Flatbush,180000,5
22165472,Midtown,250000,3
11644157,Hunts Point,80000,3
55907136,Chinatown,100000,3
48447772,Cobble Hill,60000,2
49831836,Harlem,250000,8
25789665,Chelsea,80000,3
10945498,Murray Hill,60000,2
49592138,Bushwick,120000,4
53557099,St. George,150000,5
22476969,East Flatbush,120000,5
11475153,Murray Hill,60000,2
1800514,East Village,110000,3
14371967,SoHo,120000,4
2454990,Greenpoint,30000,2
2351157,East Harlem,120000,5
26143137,Maspeth,60000,3
11328241,Park Slope,150000,5
51716284,Long Island City,180000,6
9506204,Flatiron District,50000,2
6735867,Chelsea,80000,3
44519262,Douglaston,120000,4
44737973,DUMBO,30000,1
21229324,Jackson Heights,180000,5
24962319,East Flatbush,120000,5
12924941,Williamsburg,200000,4
4806131,Hell's Kitchen,100000,3
54220412,Upper West Side,210000,5
9619978,West Village,100000,2
19271420,Upper East Side,200000,6
57314396,East New York,150000,5
20197075,Upper East Side,200000,6
47849079,Bushwick,120000,4
7219129,Flatbush,180000,5
47993782,Arverne,40000,2
45112985,Bedford-Stuyvesant,180000,4
12764221,Concourse Village,80000,5
12566498,Harlem,250000,8
17770269,Chelsea,80000,3
55632643,Jamaica Estates,250000,7
22343313,Williamsburg,200000,4
24708814,Clason Point,80000,4
50092522,Chelsea,80000,3
22877387,Midtown,250000,3
51577104,Kips Bay,50000,2
45403495,Sunset Park,250000,6
54166286,Clinton Hill,50000,3
21268537,Concourse,80000,4
26958331,Bedford-Stuyvesant,180000,4
8617553,Williamsburg,200000,4
24824797,Jamaica Hills,200000,6
52767310,Woodside,150000,4
15736700,Astoria,250000,7
11774500,Long Island City,180000,6
1581803,Harlem,250000,8
1129470,Chinatown,100000,3
4587420,Williamsburg,200000,4
42931952,Chelsea,80000,3
13972654,Hell's Kitchen,100000,3
20348405,Park Slope,150000,5
23141386,Prospect Heights,90000,4
8592700,Bay Ridge,200000,5
11266384,Bedford-Stuyvesant,180000,4
20341777,Bronxdale,250000,6
21963883,Upper East Side,200000,6
2922235,Williamsburg,200000,4
51467749,St. George,150000,5
8560666,Dyker Heights,120000,5
5149109,Williamsburg,200000,4
1296817,Prospect-Lefferts Gardens,80000,4
11025029,Williamsburg,200000,4
21032705,South Slope,100000,3
3909196,Battery Park City,50000,2
15378810,Highbridge,120000,4
11354752,Flushing,200000,7
23284984,East Harlem,120000,5
9041167,Flatiron District,50000,2
11284057,Bedford-Stuyvesant,180000,4
21163048,St. Albans,70000,3
46766019,Prospect Heights,90000,4
53882404,Chinatown,100000,3
45420616,SoHo,120000,4
51393188,Ditmars Steinway,80000,4
5094431,Murray Hill,60000,2
48890164,Upper West Side,210000,5
47590603,Crown Heights,200000,5
49657861,Washington Heights,170000,6
13838997,South Slope,100000,3
55391840,East Flatbush,120000,5
47191842,Hell's Kitchen,100000,3
12812272,East Flatbush,120000,5
24540914,Kips Bay,50000,2
44946190,Washington Heights,170000,6
53689651,Chelsea,80000,3
2294270,Williamsburg,200000,4
10911255,Chelsea,80000,3
23594824,Harlem,250000,8
44719747,South Slope,100000,3
55777345,SoHo,120000,4
45431110,Harlem,250000,8
1577385,Gowanus,40000,2
5682631,East Village,110000,3
18281698,Elmhurst,120000,5
48116944,Clinton Hill,50000,3
6681742,Williamsburg,200000,4
49589376,Flatbush,180000,5
53645467,Canarsie,120000,4
10223089,Williamsburg,200000,4
4506232,South Slope,100000,3
25912275,Glendale,80000,3
22279798,Washington Heights,170000,6
53966906,Williamsburg,200000,4
12169394,Upper East Side,200000,6
47361950,Prospect-Lefferts Gardens,80000,4
3786033,Williamsburg,200000,4
19596725,Upper East Side,200000,6
19606666,Bushwick,120000,4
50272571,Fort Hamilton,100000,4
14299615,Williamsburg,200000,4
2804596,East Flatbush,120000,5
55216209,Williamsburg,200000,4
55543723,Wakefield,100000,4
4882900,Crown Heights,200000,5
17817214,Williamsburg,200000,4
7741605,Williamsburg,200000,4
8346374,Bushwick,120000,4
13449073,Williamsburg,200000,4
14561958,Richmond Hill,180000,5
51147967,Bushwick,120000,4
52741352,Greenpoint,30000,2
2527893,Upper East Side,200000,6
50545960,Williamsburg,200000,4
48159472,East Village,110000,3
50029559,Midtown,250000,3
46784245,Lower East Side,100000,3
50718830,Castle Hill,100000,4
45189754,Bedford-Stuyvesant,180000,4
13461224,Clinton Hill,50000,3
50216789,Upper West Side,210000,5
26852842,Long Island City,180000,6
55130602,Crown Heights,200000,5
24756311,East Harlem,120000,5
53170489,Harlem,250000,8
9401267,East Village,110000,3
3414335,Harlem,250000,8
56019805,East New York,150000,5
18562819,Williamsburg,200000,4
46938336,Bedford-Stuyvesant,180000,4
9202439,Sunnyside,120000,5
19282466,East Elmhurst,100000,3
43274378,Kingsbridge,50000,3
48519019,Bedford-Stuyvesant,180000,4
8508198,Greenpoint,30000,2
23402072,East Village,110000,3
2081083,Harlem,250000,8
27352121,Borough Park,250000,6
3529213,Upper West Side,210000,5
11250367,Harlem,250000,8
1927543,Astoria,250000,7
51548384,Williamsburg,200000,4
51049105,Long Island City,180000,6
18203272,Bushwick,120000,4
49587167,Harlem,250000,8
9288045,East Harlem,120000,5
52850155,Chinatown,100000,3
51118695,Sunset Park,250000,6
44998659,Crown Heights,200000,5
13134262,Bedford-Stuyvesant,180000,4
49409326,Harlem,250000,8
5508104,Williamsburg,200000,4
12268256,Ridgewood,100000,4
24438739,East Village,110000,3
20303116,Upper West Side,210000,5
57029410,East Flatbush,120000,5
7580334,East Village,110000,3
21640235,Upper West Side,210000,5
3994802,East Harlem,120000,5
11651889,Williamsburg,200000,4
23551193,Sunnyside,120000,5
6516052,Red Hook,120000,5
54156345,Bushwick,120000,4
17962469,Concourse Village,80000,5
11111740,Upper West Side,210000,5
49087888,Harlem,250000,8
6076973,Washington Heights,170000,6
11127204,Flushing,200000,7
18909664,Fort Greene,70000,3
54949448,Hell's Kitchen,100000,3
44926307,Bedford-Stuyvesant,180000,4
8243094,Fort Greene,70000,3
20516857,Kensington,35000,2
48039070,Jackson Heights,180000,5
27569728,Murray Hill,60000,2
53336179,Harlem,250000,8
8317102,Astoria,250000,7
4872959,Roosevelt Island,15000,2
4209094,Upper West Side,210000,5
12998397,Harlem,250000,8
53163862,Financial District,40000,2
51948802,Bushwick,120000,4
23061855,Hell's Kitchen,100000,3
18331405,East New York,150000,5
20912303,Williamsburg,200000,4
3910300,Prospect Heights,90000,4
12348340,Crown Heights,200000,5
56905694,Bushwick,120000,4
45925970,Harlem,250000,8
21423181,Upper West Side,210000,5
18981463,Morris Park,180000,6
52398926,Bedford-Stuyvesant,180000,4
20415786,Crown Heights,200000,5
5456188,Lower East Side,100000,3
49261310,Bushwick,120000,4
6968938,Upper East Side,200000,6
12184306,Bedford-Stuyvesant,180000,4
15725102,Murray Hill,60000,2
49454615,Hell's Kitchen,100000,3
8825218,Windsor Terrace,30000,2
3358000,Greenpoint,30000,2
44082393,East Harlem,120000,5
48530065,Hell's Kitchen,100000,3
25231842,Harlem,250000,8
26545211,Chelsea,80000,3
24189099,Financial District,40000,2
54315407,Midtown,250000,3
11538115,Washington Heights,170000,6
52146525,Chelsea,80000,3
6214496,Bedford-Stuyvesant,180000,4
7924417,East Village,110000,3
25573163,Harlem,250000,8
24952930,Fordham,200000,7
13924051,Harlem,250000,8
48810081,East New York,150000,5
4497395,Gramercy,50000,2
8239228,Midtown,250000,3
6417190,Upper East Side,200000,6
21110579,Brighton Beach,120000,5
16974404,Flatbush,180000,5
55297397,Gowanus,40000,2
9079276,East Flatbush,120000,5
9283075,East Village,110000,3
1681770,East Harlem,120000,5
51125323,Richmond Hill,180000,5
57011184,Ditmars Steinway,80000,4
46662186,Astoria,250000,7
3738535,South Slope,100000,3
51900199,East Harlem,120000,5
43941556,Gramercy,50000,2
46048029,Forest Hills,180000,6
50957423,West Village,100000,2
26962750,Lower East Side,100000,3
55804408,Williamsburg,200000,4
9411760,Upper East Side,200000,6
24389032,Bedford-Stuyvesant,180000,4
8170190,Inwood,60000,2
19237730,East Flatbush,120000,5
53235661,Ridgewood,100000,4
46472747,East Flatbush,120000,5
21491666,Murray Hill,60000,2
51239096,Bay Ridge,200000,5
55032845,Bushwick,120000,4
55434919,Hell's Kitchen,100000,3
52121119,Bedford-Stuyvesant,180000,4
9706136,Williamsburg,200000,4
24824244,Williamsburg,200000,4
49507084,Carroll Gardens,40000,2
48218568,Harlem,250000,8
47712109,Gramercy,50000,2
56627335,Greenwich Village,150000,3
24373015,Flushing,200000,7
13227049,Upper East Side,200000,6
53369870,Prospect-Lefferts Gardens,80000,4
19499520,Bushwick,120000,4
46170087,Bushwick,120000,4
2188781,Nolita,40000,2
26810315,Kips Bay,50000,2
15719579,Bedford-Stuyvesant,180000,4
50423349,Harlem,250000,8
15514123,Elmhurst,120000,5
27301310,Clinton Hill,50000,3
1730924,Crown Heights,200000,5
9640413,Harlem,250000,8
10898000,Washington Heights,170000,6
45098073,Williamsburg,200000,4
2531207,Fort Greene,70000,3
1603343,East Village,110000,3
49857242,Prospect-Lefferts Gardens,80000,4
17169366,East Village,110000,3
52407211,Williamsburg,200000,4
47481799,Long Island City,180000,6
47750770,Midtown,250000,3
25611272,Financial District,40000,2
8407679,Williamsburg,200000,4
48985160,East Village,110000,3
23640113,Bedford-Stuyvesant,180000,4
5703618,West Village,100000,2
21339231,Crown Heights,200000,5
14462544,Harlem,250000,8
56743870,Chelsea,80000,3
9585735,Midtown,250000,3
5421393,Williamsburg,200000,4
50543751,East Village,110000,3
1862924,Williamsburg,200000,4
15081672,Greenpoint,30000,2
43253391,Washington Heights,170000,6
46865985,Cypress Hills,100000,4
9784563,Midtown,250000,3
4046166,Lower East Side,100000,3
24913165,East New York,150000,5
48368241,Ridgewood,100000,4
48526199,Midtown,250000,3
47818702,Harlem,250000,8
48558232,Midtown,250000,3
4930951,Chelsea,80000,3
46028146,Bushwick,120000,4
10093851,Hell's Kitchen,100000,3
46032012,Crown Heights,200000,5
19677913,Clinton Hill,50000,3
25075541,Astoria,250000,7
49008909,Cypress Hills,100000,4
13005024,Schuylerville,60000,3
50583516,Harlem,250000,8
55796124,Harlem,250000,8
54354621,Upper East Side,200000,6
55409514,Williamsburg,200000,4
57214982,Bedford-Stuyvesant,180000,4
27197477,East Flatbush,120000,5
13417040,Hell's Kitchen,100000,3
1504481,Williamsburg,200000,4
6239902,Vinegar Hill,30000,2
47738619,Astoria,250000,7
1780631,Upper East Side,200000,6
54937849,Hell's Kitchen,100000,3
17567575,West Village,100000,2
53232347,Astoria,250000,7
2467693,Williamsburg,200000,4
8003395,Midtown,250000,3
25533397,Lower East Side,100000,3
53805634,Briarwood,80000,4
10344595,Two Bridges,40000,2
21925774,Midtown,250000,3
4133982,Bedford-Stuyvesant,180000,4
11341497,Ridgewood,100000,4
44008937,Crown Heights,200000,5
12460456,Chelsea,80000,3
6793858,Bedford-Stuyvesant,180000,4
1817083,Williamsburg,200000,4
11751303,Park Slope,150000,5
8626390,Bushwick,120000,4
3089582,Gowanus,40000,2
17036814,Upper East Side,200000,6
27423920,Harlem,250000,8
54933431,Hell's Kitchen,100000,3
26842901,Williamsburg,200000,4
55201297,Greenpoint,30000,2
9124564,Fort Greene,70000,3
21913071,Bedford-Stuyvesant,180000,4
26887085,Riverdale,100000,4
54978720,Crown Heights,200000,5
51326912,Concourse Village,80000,5
48125781,Upper West Side,210000,5
48417948,East Village,110000,3
7220786,Morningside Heights,150000,5
2556613,East Village,110000,3
25336226,Financial District,40000,2
8108885,Nolita,40000,2
1247662,Williamsburg,200000,4
1274725,Gramercy,50000,2
8211613,Long Island City,180000,6
3904225,Williamsburg,200000,4
12679167,Washington Heights,170000,6
13953323,Jamaica,250000,7
20197627,Bedford-Stuyvesant,180000,4
52136584,East New York,150000,5
17191458,Columbia St,50000,2
17786838,Ozone Park,150000,6
42849659,Lower East Side,100000,3
17659256,East Harlem,120000,5
9230606,Harlem,250000,8
46279442,Williamsburg,200000,4
49628590,Financial District,40000,2
7340083,Upper West Side,210000,5
23643979,Bedford-Stuyvesant,180000,4
15450609,Concourse Village,80000,5
18007758,South Slope,100000,3
18915187,Washington Heights,170000,6
50283065,East Village,110000,3
21671164,Park Slope,150000,5
19802180,Hell's Kitchen,100000,3
23632933,Upper West Side,210000,5
54481097,Flushing,200000,7
8540783,Springfield Gardens,150000,5
19859067,Greenwich Village,150000,3
12543301,Lower East Side,100000,3
24788345,Crown Heights,200000,5
14621606,Arverne,40000,2
8135395,Crown Heights,200000,5
23457302,Rosedale,150000,6
18564476,Astoria,250000,7
17726637,Park Slope,150000,5
16349201,Fort Hamilton,100000,4
22616701,Park Slope,150000,5
54555658,Williamsburg,200000,4
18213213,East Village,110000,3
1988848,NoHo,30000,2
43807348,East Elmhurst,100000,3
51843865,Bushwick,120000,4
26305513,Chinatown,100000,3
16630321,Harlem,250000,8
21217173,Bedford-Stuyvesant,180000,4
9613350,Chelsea,80000,3
13024355,Flatbush,180000,5
54259073,Lower East Side,100000,3
45986171,Little Italy,60000,2
46644513,Crown Heights,200000,5
8907511,Windsor Terrace,30000,2
50992771,Bedford-Stuyvesant,180000,4
48668692,East Flatbush,120000,5
44402727,Carroll Gardens,40000,2
7541673,East Village,110000,3
4412341,Harlem,250000,8
46532948,Washington Heights,170000,6
25184896,East Flatbush,120000,5
11316091,Williamsburg,200000,4
52812047,Midtown,250000,3
11144878,Bushwick,120000,4
52571796,Bay Ridge,200000,5
45632147,Williamsburg,200000,4
4357663,West Village,100000,2
19164826,Mott Haven,80000,3
23228097,Bushwick,120000,4
48032443,Washington Heights,170000,6
19730381,Flatlands,50000,3
4410684,Bushwick,120000,4
43565440,West Village,100000,2
53103109,Lower East Side,100000,3
54855557,Long Island City,180000,6
21196186,SoHo,120000,4
45870740,Bedford-Stuyvesant,180000,4
52214458,Crown Heights,200000,5
10021500,Hell's Kitchen,100000,3
6747465,Ridgewood,100000,4
2018673,East Village,110000,3
26295019,Gramercy,50000,2
54196663,Sunset Park,250000,6
3174637,East Harlem,120000,5
8170742,Bedford-Stuyvesant,180000,4
23800832,Elmhurst,120000,5
14153256,Washington Heights,170000,6
19659135,Clinton Hill,50000,3
15668215,East Harlem,120000,5
1653602,Bedford-Stuyvesant,180000,4
50723248,Bedford-Stuyvesant,180000,4
3015022,Hell's Kitchen,100000,3
7299213,Cobble Hill,60000,2
53843743,Borough Park,250000,6
1302340,Williamsburg,200000,4
52784984,Bedford-Stuyvesant,180000,4
9719392,Bushwick,120000,4
55102987,Hell's Kitchen,100000,3
16496665,Roosevelt Island,15000,2
49248055,Carroll Gardens,40000,2
44749019,West Brighton,150000,5
16968881,Forest Hills,180000,6
5986396,Bushwick,120000,4
55056042,New Dorp Beach,150000,5
46798604,Chinatown,100000,3
3180712,Financial District,40000,2
5967065,Bushwick,120000,4
23852749,Financial District,40000,2
23563896,Chelsea,80000,3
11207840,Prospect-Lefferts Gardens,80000,4
8568951,Crown Heights,200000,5
4128459,Long Island City,180000,6
5308724,Park Slope,150000,5
1091913,DUMBO,30000,1
22536065,Hell's Kitchen,100000,3
3239256,Boerum Hill,50000,2
54163525,Financial District,40000,2
9028464,Chelsea,80000,3
11338735,Carroll Gardens,40000,2
47478486,Upper West Side,210000,5
10928376,Canarsie,120000,4
20047402,Flushing,200000,7
14973974,Bushwick,120000,4
51663815,Chinatown,100000,3
50169291,Woodside,150000,4
4669713,East Village,110000,3
55121765,Upper East Side,200000,6
2446153,Clinton Hill,50000,3
47593916,Financial District,40000,2
46684278,Williamsburg,200000,4
3287306,Bay Ridge,200000,5
3571188,Midtown,250000,3
3840710,Prospect Heights,90000,4
49426448,Crown Heights,200000,5
48391990,Lower East Side,100000,3
10084462,Williamsburg,200000,4
11870048,Murray Hill,60000,2
49845643,Bushwick,120000,4
56908456,Bay Ridge,200000,5
13204405,Crown Heights,200000,5
20902914,St. Albans,70000,3
5386046,Long Island City,180000,6
54212127,Sheepshead Bay,100000,3
52060919,Bedford-Stuyvesant,180000,4
9476932,East Flatbush,120000,5
2091576,Sunset Park,250000,6
8667812,Upper West Side,210000,5
14534343,East Flatbush,120000,5
15589788,Hell's Kitchen,100000,3
45055546,Harlem,250000,8
25682518,Harlem,250000,8
2441734,Prospect Heights,90000,4
7111983,Howard Beach,80000,4
8356315,East Elmhurst,100000,3
51003817,Bedford-Stuyvesant,180000,4
1204582,Rockaway Beach,60000,3
24826453,Inwood,60000,2
56002132,Bushwick,120000,4
7330694,Forest Hills,180000,6
3888760,Harlem,250000,8
45728799,East Harlem,120000,5
24436530,Springfield Gardens,150000,5
4160492,Lower East Side,100000,3
54006119,Williamsburg,200000,4
26594366,Bedford-Stuyvesant,180000,4
21795431,Greenwich Village,150000,3
17918837,Williamsburg,200000,4
42930847,Upper East Side,200000,6
48459370,East Harlem,120000,5
15965905,Murray Hill,60000,2
24846336,East Harlem,120000,5
55009096,Bedford-Stuyvesant,180000,4
45249955,Prospect-Lefferts Gardens,80000,4
6625959,Long Island City,180000,6
2371592,Sunset Park,250000,6
48952574,Downtown Brooklyn,150000,5
22091464,Chelsea,80000,3
12641611,Hell's Kitchen,100000,3
17981800,East Village,110000,3
12546063,Middle Village,120000,5
8128768,Prospect Heights,90000,4
48305279,Washington Heights,170000,6
1447042,Cobble Hill,60000,2
9057184,Harlem,250000,8
3471222,Upper East Side,200000,6
43727816,Castle Hill,100000,4
44565655,Upper West Side,210000,5
21191215,Bushwick,120000,4
27549845,Bronxdale,250000,6
45790105,Lower East Side,100000,3
24334906,Lower East Side,100000,3
3317130,Astoria,250000,7
16969986,Elmhurst,120000,5
50999950,Crown Heights,200000,5
51431297,Bedford-Stuyvesant,180000,4
50020170,Gowanus,40000,2
6375215,Bedford-Stuyvesant,180000,4
2120848,Briarwood,80000,4
18725748,East Village,110000,3
50247718,Greenpoint,30000,2
44334242,Bushwick,120000,4
56656607,Bedford-Stuyvesant,180000,4
55928676,Corona,200000,6
52821988,Flushing,200000,7
7204217,Jackson Heights,180000,5
3207775,Williamsburg,200000,4
47619322,Bedford-Stuyvesant,180000,4
17806720,Upper East Side,200000,6
55490149,Mott Haven,80000,3
55783421,Bayswater,120000,4
24912612,Bay Ridge,200000,5
15244048,Midtown,250000,3
45387478,Williamsburg,200000,4
14342695,Clinton Hill,50000,3
50497357,Williamsburg,200000,4
21772234,Tompkinsville,60000,3
53256648,Jamaica,250000,7
44486124,Greenpoint,30000,2
7929940,Williamsburg,200000,4
1343762,Harlem,250000,8
54272328,Clason Point,80000,4
46379409,Bedford-Stuyvesant,180000,4
24814303,Carroll Gardens,40000,2
2773114,Astoria,250000,7
23828447,Bushwick,120000,4
1539829,Briarwood,80000,4
47579557,Gowanus,40000,2
19700005,Washington Heights,170000,6
9931475,Chelsea,80000,3
10104345,Upper West Side,210000,5
12415168,Rosedale,150000,6
54644026,Downtown Brooklyn,150000,5
19733695,Ditmars Steinway,80000,4
50294663,Harlem,250000,8
19469696,Concord,60000,3
12343369,Gramercy,50000,2
43256704,Greenpoint,30000,2
46640647,Westchester Square,200000,6
6928620,Greenwich Village,150000,3
16423209,Upper West Side,210000,5
13539098,Upper West Side,210000,5
5175067,Hell's Kitchen,100000,3
6993239,Riverdale,100000,4
16258624,Bushwick,120000,4
26474517,Williamsburg,200000,4
24181919,East New York,150000,5
19679017,East Village,110000,3
2013150,Kips Bay,50000,2
12658732,Harlem,250000,8
12810062,Fordham,200000,7
13467852,East Flatbush,120000,5
6944636,Great Kills,180000,6
21235399,Upper West Side,210000,5
1410038,East Harlem,120000,5
18403204,Williamsburg,200000,4
27728238,Williamsburg,200000,4
5620773,East Harlem,120000,5
6703834,Astoria,250000,7
13193911,Williamsburg,200000,4
14706108,Bay Ridge,200000,5
44577806,Williamsburg,200000,4
12234566,East Village,110000,3
45051127,Bedford-Stuyvesant,180000,4
18845044,Bedford-Stuyvesant,180000,4
13611450,Harlem,250000,8
17277065,Murray Hill,60000,2
2382086,Crown Heights,200000,5
2233517,Lower East Side,100000,3
46545651,Bushwick,120000,4
56742766,East Harlem,120000,5
4055003,East Harlem,120000,5
26027154,Inwood,60000,2
23900246,Financial District,40000,2
11155924,Upper West Side,210000,5
18253531,East Flatbush,120000,5
51372753,Fordham,200000,7
2174974,East Village,110000,3
9083694,Upper East Side,200000,6
25543891,Flushing,200000,7
21862812,Woodside,150000,4
22455982,Bedford-Stuyvesant,180000,4
15916198,Queens Village,120000,4
47961196,Harlem,250000,8
6646394,Sunnyside,120000,5
19254851,Greenwich Village,150000,3
47631473,Sunset Park,250000,6
16286239,Queens Village,120000,4
7126343,Flatbush,180000,5
1982773,Kips Bay,50000,2
44514292,Sunnyside,120000,5
49538012,East Village,110000,3
26746248,West Village,100000,2
2682537,Upper West Side,210000,5
11112292,Prospect Heights,90000,4
15065103,Bedford-Stuyvesant,180000,4
47814284,Park Slope,150000,5
12961393,Williamsburg,200000,4
26130434,Upper West Side,210000,5
14812150,Bedford-Stuyvesant,180000,4
25954802,Bushwick,120000,4
20193761,Clinton Hill,50000,3
56076692,Kensington,35000,2
44921337,Crown Heights,200000,5
53724446,Upper West Side,210000,5
48363270,Williamsburg,200000,4
6449776,Ridgewood,100000,4
23090022,Bushwick,120000,4
25023625,Williamsburg,200000,4
54908578,Crown Heights,200000,5
8018308,Crown Heights,200000,5
22703965,Hell's Kitchen,100000,3
3628627,Williamsburg,200000,4
19887787,Brighton Beach,120000,5
27151636,Sunnyside,120000,5
51086662,Far Rockaway,250000,7
3401632,Bedford-Stuyvesant,180000,4
55581279,Williamsburg,200000,4
19385194,Stapleton,120000,5
10318085,East Village,110000,3
55988324,Inwood,60000,2
2228547,Chelsea,80000,3
51018729,Bedford-Stuyvesant,180000,4
6024505,Upper East Side,200000,6
13181208,Upper East Side,200000,6
55985010,Fordham,200000,7
12871368,Prospect Heights,90000,4
8578892,Upper East Side,200000,6
3275155,Gramercy,50000,2
24128346,Chelsea,80000,3
14892233,Queens Village,120000,4
45506222,Long Island City,180000,6
3469012,Williamsburg,200000,4
25131323,Lower East Side,100000,3
14475799,Bushwick,120000,4
55323907,Clason Point,80000,4
27304624,Kips Bay,50000,2
23036449,Chinatown,100000,3
15131932,Hell's Kitchen,100000,3
44170209,East Harlem,120000,5
7510192,Washington Heights,170000,6
18830685,East Village,110000,3
53691308,Long Island City,180000,6
20825592,Upper West Side,210000,5
53132381,Financial District,40000,2
51517456,Highbridge,120000,4
12368222,Williamsburg,200000,4
26568408,West Village,100000,2
44776082,Crown Heights,200000,5
6362512,Crown Heights,200000,5
11413296,Bedford-Stuyvesant,180000,4
56788054,Sunset Park,250000,6
1373034,Upper West Side,210000,5
26737964,Bedford-Stuyvesant,180000,4
46451760,Downtown Brooklyn,150000,5
8078508,Crown Heights,200000,5
9967374,Hell's Kitchen,100000,3
3760627,Harlem,250000,8
4998883,Prospect Heights,90000,4
49495485,East Harlem,120000,5
22739312,Clinton Hill,50000,3
54360696,Sunnyside,120000,5
54755590,Hell's Kitchen,100000,3
5263987,Williamsburg,200000,4
27399619,East Harlem,120000,5
23875393,Financial District,40000,2
47822569,Astoria,250000,7
3596041,East Village,110000,3
7970257,Sunnyside,120000,5
16883275,Midtown,250000,3
53242288,Hell's Kitchen,100000,3
4539370,Upper West Side,210000,5
52961720,Sunset Park,250000,6
46605299,Crown Heights,200000,5
2306421,Park Slope,150000,5
25234603,Sunnyside,120000,5
54481650,Bushwick,120000,4
53417920,Bushwick,120000,4
55389079,Hell's Kitchen,100000,3
15336835,Bedford-Stuyvesant,180000,4
43102613,Williamsburg,200000,4
1017905,East Village,110000,3
50358178,East Village,110000,3
1778974,Gramercy,50000,2
20512438,Gramercy,50000,2
15764315,Flushing,200000,7
18560058,Murray Hill,60000,2
8180684,Upper West Side,210000,5
54036496,Harlem,250000,8
24535391,Murray Hill,60000,2
52112283,Williamsburg,200000,4
20623450,East New York,150000,5
15797453,Upper West Side,210000,5
3091239,Hell's Kitchen,100000,3
18407071,East Village,110000,3
26416525,Hell's Kitchen,100000,3
15249019,Bedford-Stuyvesant,180000,4
9709450,Washington Heights,170000,6
55458668,Harlem,250000,8
23925100,Tribeca,100000,4
53193686,Upper East Side,200000,6
9149418,Gramercy,50000,2
26931269,Upper East Side,200000,6
15874223,Flushing,200000,7
1581251,Harlem,250000,8
51541757,East Harlem,120000,5
55048862,Ditmars Steinway,80000,4
49541326,Woodhaven,100000,4
57095686,Hell's Kitchen,100000,3
48846533,Harlem,250000,8
22018560,Bedford-Stuyvesant,180000,4
52407763,West Village,100000,2
12598531,East Harlem,120000,5
17351073,Harlem,250000,8
15777570,Jamaica,250000,7
12765326,Flatbush,180000,5
55954081,SoHo,120000,4
20921140,Bushwick,120000,4
53016950,Bedford-Stuyvesant,180000,4
50549826,Williamsburg,200000,4
48327371,Upper East Side,200000,6
52926925,Upper East Side,200000,6
6154295,Crown Heights,200000,5
16876647,Bushwick,120000,4
11643052,Chinatown,100000,3
11060376,East Elmhurst,100000,3
8517034,Williamsburg,200000,4
24166455,Clinton Hill,50000,3
57119987,Sunset Park,250000,6
2088262,East Harlem,120000,5
13470061,Richmond Hill,180000,5
52673972,Harlem,250000,8
55648660,Astoria,250000,7
45199144,Parkchester,250000,7
12852589,South Slope,100000,3
25501364,Bushwick,120000,4
50562529,Gravesend,200000,6
47095189,Flatlands,50000,3
54798670,East Village,110000,3
54581064,Bedford-Stuyvesant,180000,4
53885718,Jamaica,250000,7
57160305,Crown Heights,200000,5
4150551,Ridgewood,100000,4
17721114,Washington Heights,170000,6
3215507,Nolita,40000,2
3077984,East Village,110000,3
23816297,Elmhurst,120000,5
1716012,Carroll Gardens,40000,2
18665547,Bedford-Stuyvesant,180000,4
21688837,Harlem,250000,8
48169413,Crown Heights,200000,5
5953810,Chelsea,80000,3
9560329,Williamsburg,200000,4
26036543,Chinatown,100000,3
10831724,East Village,110000,3
14104101,Midtown,250000,3
12922732,Flatbush,180000,5
6184672,Inwood,60000,2
16683895,Flushing,200000,7
20097661,Long Island City,180000,6
27638213,Rockaway Beach,60000,3
1478523,Bushwick,120000,4
52242073,Bedford-Stuyvesant,180000,4
53240632,Hell's Kitchen,100000,3
51405339,West Village,100000,2
45249403,Lower East Side,100000,3
44249188,Midtown,250000,3
43009826,Williamsburg,200000,4
23138625,East Village,110000,3
6535934,Bedford-Stuyvesant,180000,4
3615372,Chelsea,80000,3
6465240,Canarsie,120000,4
14712184,Hell's Kitchen,100000,3
46624078,Columbia St,50000,2
5731233,Park Slope,150000,5
4411789,Bedford-Stuyvesant,180000,4
18178971,East Village,110000,3
21303332,Clinton Hill,50000,3
5493744,Flushing,200000,7
54342470,Bedford-Stuyvesant,180000,4
14214561,Windsor Terrace,30000,2
9305719,East Village,110000,3
54902502,Windsor Terrace,30000,2
24793868,Hell's Kitchen,100000,3
26911386,Washington Heights,170000,6
53853132,Hell's Kitchen,100000,3
26116626,Fort Greene,70000,3
11293999,Hell's Kitchen,100000,3
3737983,Harlem,250000,8
52439244,Kips Bay,50000,2
10177801,Hell's Kitchen,100000,3
47571272,East Village,110000,3
7468217,Laurelton,120000,5
13987014,Bushwick,120000,4
7899563,Murray Hill,60000,2
55201849,Harlem,250000,8
19110148,East Flatbush,120000,5
2302555,Upper West Side,210000,5
18723538,Upper East Side,200000,6
9400714,Crown Heights,200000,5
52885503,Tribeca,100000,4
56465511,Arverne,40000,2
55889462,Bedford-Stuyvesant,180000,4
51695296,Inwood,60000,2
46092765,Carroll Gardens,40000,2
53758137,SoHo,120000,4
54541298,Chelsea,80000,3
14586811,Chelsea,80000,3
11941294,Harlem,250000,8
55532677,West Village,100000,2
15299278,Prospect-Lefferts Gardens,80000,4
53806187,Jamaica,250000,7
7038527,Harlem,250000,8
21453005,Harlem,250000,8
53634421,Tribeca,100000,4
17311860,Bushwick,120000,4
5523016,Kips Bay,50000,2
5386598,Washington Heights,170000,6
21327081,Astoria,250000,7
11360275,Chelsea,80000,3
18576074,Williamsburg,200000,4
44040418,Bedford-Stuyvesant,180000,4
42948521,Chinatown,100000,3
48907286,Two Bridges,40000,2
47371892,Midtown,250000,3
23286089,East Harlem,120000,5
7134628,Crown Heights,200000,5
13431952,Long Island City,180000,6
1244348,Harlem,250000,8
17765298,Bedford-Stuyvesant,180000,4
23995794,Crown Heights,200000,5
55028979,East Village,110000,3
19741427,Chelsea,80000,3
18563924,Bushwick,120000,4
54462871,Flushing,200000,7
53687995,Upper West Side,210000,5
43381524,Williamsburg,200000,4
22891747,Kips Bay,50000,2
22557053,Boerum Hill,50000,2
10896895,Bedford-Stuyvesant,180000,4
20921692,Bushwick,120000,4
5270063,Bushwick,120000,4
7763697,Two Bridges,40000,2
16438673,Bushwick,120000,4
1790573,East Harlem,120000,5
2723407,Carroll Gardens,40000,2
1640899,Chinatown,100000,3
49657309,Crown Heights,200000,5
9937550,Chelsea,80000,3
45622205,Crown Heights,200000,5
45198039,Woodside,150000,4
53003695,Ridgewood,100000,4
26007823,Bedford-Stuyvesant,180000,4
2061200,Williamsburg,200000,4
6690026,Washington Heights,170000,6
47582318,Bedford-Stuyvesant,180000,4
4407370,West Village,100000,2
22447697,Lower East Side,100000,3
54380579,Harlem,250000,8
25268293,Jamaica Hills,200000,6
4133429,Bedford-Stuyvesant,180000,4
44772216,Flushing,200000,7
5928404,Flatbush,180000,5
24380747,Williamsburg,200000,4
18378903,Hell's Kitchen,100000,3
8645168,Bushwick,120000,4
12890698,Williamsburg,200000,4
56895201,Bushwick,120000,4
24853516,Bedford-Stuyvesant,180000,4
5413661,East Village,110000,3
10662720,Williamsburg,200000,4
21604335,Williamsburg,200000,4
4570851,Lower East Side,100000,3
48426232,Murray Hill,60000,2
13174028,Prospect Heights,90000,4
48745462,Little Italy,60000,2
19032826,Upper East Side,200000,6
52529821,Upper West Side,210000,5
49544640,Jamaica,250000,7
1483494,East Harlem,120000,5
55408961,Harlem,250000,8
4489663,Harlem,250000,8
9695643,Williamsburg,200000,4
55914316,Astoria,250000,7
49206080,Bedford-Stuyvesant,180000,4
53696279,Williamsburg,200000,4
1883359,Crown Heights,200000,5
9757500,Flushing,200000,7
17274303,Upper West Side,210000,5
27483569,Astoria,250000,7
8048684,Williamsburg,200000,4
44314359,Astoria,250000,7
6517156,Neponsit,30000,2
6378529,South Slope,100000,3
46658872,Borough Park,250000,6
15376600,Harlem,250000,8
14097474,Harlem,250000,8
52675076,Bedford-Stuyvesant,180000,4
54055826,Bushwick,120000,4
7065038,Harlem,250000,8
4749244,Upper West Side,210000,5
57265794,Midtown,250000,3
26145898,Upper East Side,200000,6
14134478,Bedford-Stuyvesant,180000,4
17056145,Bedford-Stuyvesant,180000,4
43707934,Harlem,250000,8
1790020,Cobble Hill,60000,2
9573584,Williamsburg,200000,4
22581906,Washington Heights,170000,6
1613284,Crown Heights,200000,5
52530926,Bedford-Stuyvesant,180000,4
15047430,Hell's Kitchen,100000,3
47102922,Bushwick,120000,4
19869561,Harlem,250000,8
22739864,Ditmars Steinway,80000,4
51561640,Harlem,250000,8
23595929,Harlem,250000,8
7660969,Williamsburg,200000,4
54159659,East Flatbush,120000,5
4887319,Williamsburg,200000,4
20944337,Long Island City,180000,6
3673363,Greenwich Village,150000,3
20843818,Midtown,250000,3
3308845,Upper East Side,200000,6
47881665,Upper West Side,210000,5
44100619,East Harlem,120000,5
25361080,Bay Ridge,200000,5
45563662,Bedford-Stuyvesant,180000,4
5696991,East Village,110000,3
19598382,East New York,150000,5
50288588,Midtown,250000,3
8599327,Upper East Side,200000,6
24871190,Bedford-Stuyvesant,180000,4
16179645,Upper East Side,200000,6
25117516,Morningside Heights,150000,5
51388217,Greenpoint,30000,2
2674805,Williamsburg,200000,4
6465792,Fort Greene,70000,3
53862521,East Village,110000,3
50259316,Hell's Kitchen,100000,3
19905460,Mill Basin,200000,7
54034287,Flatbush,180000,5
9404028,Chelsea,80000,3
17947557,East Village,110000,3
56584256,West Village,100000,2
14770175,Sheepshead Bay,100000,3
54870469,East Harlem,120000,5
26586081,Upper West Side,210000,5
3264109,Borough Park,250000,6
56170031,Bedford-Stuyvesant,180000,4
5762162,Clinton Hill,50000,3
48123020,Williamsburg,200000,4
9648697,Upper West Side,210000,5
52398374,Upper East Side,200000,6
23194959,Hell's Kitchen,100000,3
5797509,East Village,110000,3
18641246,Jamaica,250000,7
52537001,Jackson Heights,180000,5
3268528,Upper East Side,200000,6
16444749,Financial District,40000,2
47358637,Bushwick,120000,4
43320219,South Slope,100000,3
19613846,Gowanus,40000,2
4856942,Ridgewood,100000,4
11718165,Sunnyside,120000,5
5373343,Williamsburg,200000,4
7887412,Williamsburg,200000,4
47080277,Murray Hill,60000,2
54123207,Woodside,150000,4
17428947,Greenpoint,30000,2
44988165,Williamsburg,200000,4
6234379,Park Slope,150000,5
55670199,Williamsburg,200000,4
48433965,Upper East Side,200000,6
10305382,Hell's Kitchen,100000,3
14618845,East Harlem,120000,5
20420204,East Flatbush,120000,5
20943784,Greenpoint,30000,2
52109521,Harlem,250000,8
3222687,Bushwick,120000,4
4024074,Battery Park City,50000,2
1128917,Greenpoint,30000,2
50433291,Chelsea,80000,3
21470679,Washington Heights,170000,6
16482857,Pelham Gardens,150000,5
56348976,Midtown,250000,3
2705182,East Village,110000,3
9010238,Financial District,40000,2
2230756,Williamsburg,200000,4
18982015,Midwood,180000,5
52238759,Forest Hills,180000,6
43829992,Elmhurst,120000,5
51863748,Bensonhurst,180000,5
53781333,Astoria,250000,7
13185626,Williamsburg,200000,4
56162851,Corona,200000,6
50243299,Sheepshead Bay,100000,3
11016744,Upper West Side,210000,5
19661344,Hell's Kitchen,100000,3
48578115,East Village,110000,3
47735305,Kensington,35000,2
16597183,Williamsburg,200000,4
18776007,Middle Village,120000,5
49618096,Highbridge,120000,4
27122365,Bay Ridge,200000,5
9686254,Harlem,250000,8
5438514,Upper West Side,210000,5
55233330,Hell's Kitchen,100000,3
47604410,Harlem,250000,8
5636790,Williamsburg,200000,4
25511858,Chinatown,100000,3
56662130,Bedford-Stuyvesant,180000,4
27042833,East Harlem,120000,5
46743374,Williamsburg,200000,4
4232843,Astoria,250000,7
25379858,Chinatown,100000,3
46217032,Upper West Side,210000,5
46624630,Harlem,250000,8
42973927,Sunnyside,120000,5
9142790,Midtown,250000,3
4010819,Theater District,120000,4
57217192,Harlem,250000,8
55741446,Harlem,250000,8
44712567,Astoria,250000,7
25278235,Flatbush,180000,5
54743992,Bushwick,120000,4
45996112,Williamsburg,200000,4
20096004,Brooklyn Heights,100000,3
14469724,Harlem,250000,8
45992799,South Slope,100000,3
12689109,East Harlem,120000,5
19338248,Upper East Side,200000,6
54096144,Upper East Side,200000,6
20733910,Jackson Heights,180000,5
17641030,Bedford-Stuyvesant,180000,4
17116345,Richmond Hill,180000,5
46983073,Morningside Heights,150000,5
48109765,Longwood,120000,4
48253363,Bedford-Stuyvesant,180000,4
7065590,Columbia St,50000,2
48320191,Flushing,200000,7
52783879,Nolita,40000,2
53660932,Bedford-Stuyvesant,180000,4
50835917,Crown Heights,200000,5
43450562,Boerum Hill,50000,2
5598129,Forest Hills,180000,6
43424604,East Harlem,120000,5
12274884,Cypress Hills,100000,4
10472729,Williamsburg,200000,4
8697637,Long Island City,180000,6
17749834,Long Island City,180000,6
2992930,Bedford-Stuyvesant,180000,4
25774753,Financial District,40000,2
19033379,Long Island City,180000,6
42980554,Upper West Side,210000,5
50702261,Bronxdale,250000,6
11368559,Chelsea,80000,3
5063503,Bedford-Stuyvesant,180000,4
49401042,Bedford-Stuyvesant,180000,4
21814762,Upper East Side,200000,6
49945610,Midtown,250000,3
45897251,Bedford-Stuyvesant,180000,4
44083498,Chelsea,80000,3
13537441,Greenpoint,30000,2
3546334,South Slope,100000,3
4721629,Red Hook,120000,5
48020292,Upper West Side,210000,5
11053196,Williamsburg,200000,4
12513477,Schuylerville,60000,3
54122655,Bedford-Stuyvesant,180000,4
15864834,Belmont,120000,5
8972130,Upper East Side,200000,6
5053009,Flatbush,180000,5
12167185,Harlem,250000,8
53639392,Gramercy,50000,2
50094731,Sunset Park,250000,6
52733620,Prospect Heights,90000,4
47411657,Bushwick,120000,4
47303959,Bedford-Stuyvesant,180000,4
18567238,Upper West Side,210000,5
10061265,Harlem,250000,8
10893581,Astoria,250000,7
43537825,Astoria,250000,7
17185935,Bedford-Stuyvesant,180000,4
6874494,Sunset Park,250000,6
2929968,Gowanus,40000,2
46571609,Gowanus,40000,2
8265738,East Harlem,120000,5
3776091,Harlem,250000,8
18697028,Nolita,40000,2
12378164,East Village,110000,3
44137071,Flatbush,180000,5
23110457,Hell's Kitchen,100000,3
13057493,Bushwick,120000,4
54998602,Williamsburg,200000,4
4618349,East Village,110000,3
14067649,Upper East Side,200000,6
19766833,Flushing,200000,7
7472083,Upper West Side,210000,5
51756601,Williamsburg,200000,4
51941070,Bushwick,120000,4
11011774,Midtown,250000,3
15823963,East Village,110000,3
10295993,Prospect Heights,90000,4
2395341,West Village,100000,2
19675151,Sunset Park,250000,6
9537133,Williamsburg,200000,4
11586718,East Harlem,120000,5
43753222,Sunset Park,250000,6
49568941,East Harlem,120000,5
26258015,Bedford-Stuyvesant,180000,4
7945404,Astoria,250000,7
7471531,Upper East Side,200000,6
8676649,Williamsburg,200000,4
18273414,Lower East Side,100000,3
57051502,Pelham Gardens,150000,5
18114904,East Village,110000,3
16200080,Columbia St,50000,2
57129376,Concourse,80000,4
26283973,Bushwick,120000,4
44459614,Sunset Park,250000,6
18294954,Upper West Side,210000,5
51968132,Stapleton,120000,5
55316727,Long Island City,180000,6
53338941,Canarsie,120000,4
20104288,Kips Bay,50000,2
27116289,East Harlem,120000,5
3449682,West Village,100000,2
52204517,East Village,110000,3
21373474,Bedford-Stuyvesant,180000,4
10823992,Forest Hills,180000,6
13140890,Astoria,250000,7
2475425,Sunset Park,250000,6
52231579,Bedford-Stuyvesant,180000,4
25086034,East New York,150000,5
26322082,Prospect Heights,90000,4
15140216,Hell's Kitchen,100000,3
22854190,Upper West Side,210000,5
51358393,Bedford-Stuyvesant,180000,4
54245818,Woodside,150000,4
23686506,East Elmhurst,100000,3
15289337,East Flatbush,120000,5
4544341,Concourse Village,80000,5
54198320,Hell's Kitchen,100000,3
19046082,Maspeth,60000,3
53138456,Bensonhurst,180000,5
53594656,Sunnyside,120000,5
7584200,Crown Heights,200000,5
44925203,St. George,150000,5
11123890,Claremont Village,80000,4
10513047,Lower East Side,100000,3
17190906,Bushwick,120000,4
13545726,Bedford-Stuyvesant,180000,4
18861613,Williamsburg,200000,4
43974142,Chelsea,80000,3
3482820,Bedford-Stuyvesant,180000,4
18258502,Flushing,200000,7
2995139,Hell's Kitchen,100000,3
10822335,Hell's Kitchen,100000,3
47261984,East Village,110000,3
53238422,Sunset Park,250000,6
56432373,Upper West Side,210000,5
7761488,Washington Heights,170000,6
26897026,Hell's Kitchen,100000,3
43688603,Midtown,250000,3
46634019,Midtown,250000,3
22016903,Bedford-Stuyvesant,180000,4
2263894,Bushwick,120000,4
10042487,Bedford-Stuyvesant,180000,4
11265832,Clinton Hill,50000,3
6092990,Morningside Heights,150000,5
2187124,Midtown,250000,3
2449467,Bushwick,120000,4
1734790,Arverne,40000,2
22818291,Fort Greene,70000,3
19534315,Arverne,40000,2
44430894,Chelsea,80000,3
11497245,Williamsburg,200000,4
56115353,Bedford-Stuyvesant,180000,4
8085136,Upper East Side,200000,6
24266974,Harlem,250000,8
54215993,Hell's Kitchen,100000,3
15260617,Bedford-Stuyvesant,180000,4
3122168,East Harlem,120000,5
9499576,Williamsburg,200000,4
4750348,Crown Heights,200000,5
12921075,Bushwick,120000,4
13618077,Bedford-Stuyvesant,180000,4
19751921,Williamsburg,200000,4
44670040,Jamaica,250000,7
1610523,Lower East Side,100000,3
13915215,Upper East Side,200000,6
1785050,West Village,100000,2
46371676,Morris Park,180000,6
5370029,Park Slope,150000,5
19117328,Hell's Kitchen,100000,3
25316344,Ditmars Steinway,80000,4
51933337,Lower East Side,100000,3
45264315,Gowanus,40000,2
48200342,Kensington,35000,2
26501579,Jamaica,250000,7
9474170,South Slope,100000,3
22724952,Bushwick,120000,4
12959183,Bedford-Stuyvesant,180000,4
50832051,Bushwick,120000,4
5522464,Lower East Side,100000,3
13983700,East Harlem,120000,5
45491310,East Flatbush,120000,5
4513964,Bedford-Stuyvesant,180000,4
11274668,Prospect-Lefferts Gardens,80000,4
9031778,East Village,110000,3
1576280,Clinton Hill,50000,3
14311214,West Village,100000,2
25785246,Wakefield,100000,4
7712333,Bushwick,120000,4
19849678,Upper East Side,200000,6
52743562,Greenpoint,30000,2
6143249,Williamsburg,200000,4
11926935,Bushwick,120000,4
13804202,Vinegar Hill,30000,2
53869149,Hell's Kitchen,100000,3
6184119,Lower East Side,100000,3
13367333,Bedford-Stuyvesant,180000,4
51776484,Nolita,40000,2
16951760,East Harlem,120000,5
48530617,Crown Heights,200000,5
24904880,Bushwick,120000,4
25045717,Williamsburg,200000,4
23950506,Williamsburg,200000,4
11226066,Bedford-Stuyvesant,180000,4
48015874,Clinton Hill,50000,3
5741175,Midwood,180000,5
10961514,Sunset Park,250000,6
55982249,Clinton Hill,50000,3
7690241,Bushwick,120000,4
49608154,Long Island City,180000,6
15534006,Harlem,250000,8
53060029,Crown Heights,200000,5
24275810,Williamsburg,200000,4
7961421,Upper East Side,200000,6
56237411,SoHo,120000,4
53922170,Prospect-Lefferts Gardens,80000,4
21420419,Carroll Gardens,40000,2
26394985,Flushing,200000,7
50911030,Crown Heights,200000,5
19645879,Bedford-Stuyvesant,180000,4
26455186,Downtown Brooklyn,150000,5
24388480,Bushwick,120000,4
46990805,Woodhaven,100000,4
55511689,Bushwick,120000,4
20314715,Bedford-Stuyvesant,180000,4
1794439,Harlem,250000,8
12128524,Bedford-Stuyvesant,180000,4
52664030,Olinville,120000,4
11920307,Upper East Side,200000,6
25447239,Concourse,80000,4
27491301,SoHo,120000,4
43224671,Bedford-Stuyvesant,180000,4
10251256,Bensonhurst,180000,5
19073697,West Village,100000,2
55934751,Mott Haven,80000,3
20850998,Flushing,200000,7
16831359,Williamsburg,200000,4
49811401,Williamsburg,200000,4
45902221,Upper East Side,200000,6
11930248,Windsor Terrace,30000,2
12635536,Elmhurst,120000,5
43509658,Bedford-Stuyvesant,180000,4
3170770,Two Bridges,40000,2
2465483,Harlem,250000,8
13813591,Carroll Gardens,40000,2
7393104,Chelsea,80000,3
55761329,Crown Heights,200000,5
43807900,Cobble Hill,60000,2
8961636,East Village,110000,3
48171622,Harlem,250000,8
18400443,Sheepshead Bay,100000,3
23145805,Bedford-Stuyvesant,180000,4
20730044,Elmhurst,120000,5
46123141,East Harlem,120000,5
6725373,Bedford-Stuyvesant,180000,4
21340336,Forest Hills,180000,6
12914447,Greenpoint,30000,2
9964613,Sunnyside,120000,5
26558466,Hell's Kitchen,100000,3
9383041,Mott Haven,80000,3
8918004,Midtown,250000,3
15656617,Harlem,250000,8
18767170,Astoria,250000,7
43010379,Civic Center,80000,3
1732029,Park Slope,150000,5
17056697,Williamsburg,200000,4
6117291,Bushwick,120000,4
18997479,Washington Heights,170000,6
3192310,Williamsburg,200000,4
7667597,Bedford-Stuyvesant,180000,4
1587326,Mott Haven,80000,3
6128889,Upper East Side,200000,6
3792660,Flatbush,180000,5
24364731,Williamsburg,200000,4
7232937,Midtown,250000,3
48105898,Harlem,250000,8
24480161,Greenpoint,30000,2
5780940,East Harlem,120000,5
23097202,St. Albans,70000,3
3354134,Sunnyside,120000,5
27105796,Long Island City,180000,6
19937494,Bedford-Stuyvesant,180000,4
20810680,Crown Heights,200000,5
45436633,Upper West Side,210000,5
52263061,Flatbush,180000,5
43289842,Sunnyside,120000,5
4610064,Clason Point,80000,4
13592671,Vinegar Hill,30000,2
47503339,Inwood,60000,2
15780332,Clinton Hill,50000,3
8787661,Pelham Gardens,150000,5
6798277,Williamsburg,200000,4
17472579,Midtown,250000,3
45062725,Hell's Kitchen,100000,3
18809697,Williamsburg,200000,4
23619678,Harlem,250000,8
27542665,Williamsburg,200000,4
23611946,Bedford-Stuyvesant,180000,4
20941023,Ditmars Steinway,80000,4
21483934,Bushwick,120000,4
2144597,Clinton Hill,50000,3
10377181,SoHo,120000,4
45687377,Bedford-Stuyvesant,180000,4
51632334,Upper West Side,210000,5
49935116,Bedford-Stuyvesant,180000,4
11571806,Midtown,250000,3
2773667,Bedford-Stuyvesant,180000,4
54296077,South Slope,100000,3
19290751,East Village,110000,3
43008169,South Slope,100000,3
16552447,Boerum Hill,50000,2
10221985,DUMBO,30000,1
55762986,Harlem,250000,8
13380036,Williamsburg,200000,4
54032630,Crown Heights,200000,5
19894967,Fort Greene,70000,3
5531853,East Village,110000,3
54011642,Bedford-Stuyvesant,180000,4
5006063,Williamsburg,200000,4
24870085,St. Albans,70000,3
16896530,Sunset Park,250000,6
5621326,Nolita,40000,2
54990318,Rosedale,150000,6
5146348,Nolita,40000,2
12920522,Washington Heights,170000,6
4855285,Midwood,180000,5
13174580,Astoria,250000,7
17861398,Harlem,250000,8
22860265,East Harlem,120000,5
48922750,SoHo,120000,4
24259794,Bushwick,120000,4
50732085,Upper East Side,200000,6
46566638,Crown Heights,200000,5
22938140,Springfield Gardens,150000,5
6790545,Washington Heights,170000,6
24150438,Murray Hill,60000,2
54756695,Hell's Kitchen,100000,3
5975350,Ditmars Steinway,80000,4
25716761,Bushwick,120000,4
21476202,Sunnyside,120000,5
13160221,Bedford-Stuyvesant,180000,4
43922778,Upper East Side,200000,6
15782541,Hell's Kitchen,100000,3
22774659,Upper East Side,200000,6
8966607,Inwood,60000,2
51508619,Astoria,250000,7
6357541,Bedford-Stuyvesant,180000,4
15368868,Upper East Side,200000,6
1723744,Fort Greene,70000,3
14246595,Bedford-Stuyvesant,180000,4
43598026,Lower East Side,100000,3
55679588,Bushwick,120000,4
44650157,Bushwick,120000,4
4078199,Bushwick,120000,4
53505736,Midtown,250000,3
9910487,Crown Heights,200000,5
1796096,Astoria,250000,7
27634899,Williamsburg,200000,4
3106151,Hell's Kitchen,100000,3
24170321,Flatbush,180000,5
43647733,Maspeth,60000,3
4552625,Washington Heights,170000,6
18317598,Upper East Side,200000,6
44992031,Harlem,250000,8
19639804,West Village,100000,2
13446864,SoHo,120000,4
49545745,East Village,110000,3
19701109,Woodside,150000,4
19082533,Williamsburg,200000,4
5487669,Chelsea,80000,3
26481697,Bushwick,120000,4
7765354,Sunnyside,120000,5
57184606,East Village,110000,3
51247933,East Flatbush,120000,5
48397513,Parkchester,250000,7
23853853,Financial District,40000,2
24940227,Sheepshead Bay,100000,3
15807947,Maspeth,60000,3
23782606,Two Bridges,40000,2
2634487,Bushwick,120000,4
53877986,Bushwick,120000,4
3748476,Lower East Side,100000,3
5113762,Upper West Side,210000,5
12973543,East Elmhurst,100000,3
50541541,Harlem,250000,8
49835702,Bedford-Stuyvesant,180000,4
26904206,Chelsea,80000,3
46918453,Bushwick,120000,4
10908493,Midtown,250000,3
9821015,Williamsburg,200000,4
2630069,Lower East Side,100000,3
8410441,Greenpoint,30000,2
17396914,Harlem,250000,8
14613322,East Village,110000,3
45294691,Harlem,250000,8
22118527,Fort Greene,70000,3
48878566,Prospect-Lefferts Gardens,80000,4
54426420,East Village,110000,3
8495495,Hell's Kitchen,100000,3
14890576,Upper West Side,210000,5
44620333,Flushing,200000,7
22676902,Williamsburg,200000,4
1703309,Prospect-Lefferts Gardens,80000,4
11813161,Rego Park,150000,4
54595423,East Village,110000,3
44598793,Washington Heights,170000,6
55513346,Sunnyside,120000,5
12690766,Washington Heights,170000,6
20781961,Red Hook,120000,5
10027023,Bushwick,120000,4
43700201,Bedford-Stuyvesant,180000,4
24402287,Borough Park,250000,6
13544621,East Village,110000,3
18744526,Hell's Kitchen,100000,3
13562295,Crown Heights,200000,5
17366537,Harlem,250000,8
11522099,Flatbush,180000,5
11791621,West Village,100000,2
47588393,Greenpoint,30000,2
16780547,Brooklyn Heights,100000,3
7085473,Upper West Side,210000,5
4444374,Prospect Heights,90000,4
53832697,Sunnyside,120000,5
13313208,Chelsea,80000,3
44579463,Crown Heights,200000,5
53840429,Williamsburg,200000,4
24776194,Bedford-Stuyvesant,180000,4
45369252,Prospect Heights,90000,4
49032658,Cypress Hills,100000,4
17324010,East Village,110000,3
3917480,Sunnyside,120000,5
46353451,NoHo,30000,2
20813442,Maspeth,60000,3
5074549,DUMBO,30000,1
22687396,Two Bridges,40000,2
53068866,East Flatbush,120000,5
51635095,Windsor Terrace,30000,2
46173953,Chelsea,80000,3
42822044,Harlem,250000,8
7984065,Lower East Side,100000,3
23211528,Prospect-Lefferts Gardens,80000,4
7730007,Carroll Gardens,40000,2
1629853,Fort Greene,70000,3
8303294,Hell's Kitchen,100000,3
13510931,Hell's Kitchen,100000,3
51115381,Astoria,250000,7
26603203,Flushing,200000,7
19313947,Crown Heights,200000,5
3492209,East Village,110000,3
52713737,Williamsburg,200000,4
9190840,West Village,100000,2
20295937,Bedford-Stuyvesant,180000,4
50822662,Chinatown,100000,3
49020507,Chinatown,100000,3
16990421,Cobble Hill,60000,2
9953014,Elmhurst,120000,5
20345644,Williamsburg,200000,4
43928854,East Harlem,120000,5
14207934,University Heights,150000,6
12229595,Williamsburg,200000,4
6171416,Hell's Kitchen,100000,3
8470089,Upper East Side,200000,6
55116795,Flatbush,180000,5
9848077,Harlem,250000,8
5496506,Williamsburg,200000,4
21375131,East Village,110000,3
17259391,Bedford-Stuyvesant,180000,4
1934723,Downtown Brooklyn,150000,5
21878276,Hell's Kitchen,100000,3
2585332,Lower East Side,100000,3
2273283,Crown Heights,200000,5
9056632,Bedford-Stuyvesant,180000,4
15023128,Park Slope,150000,5
56352842,Arrochar,15000,2
23890305,Financial District,40000,2
1210658,Crown Heights,200000,5
23855510,East Elmhurst,100000,3
9672998,Astoria,250000,7
25533950,Bushwick,120000,4
49637979,Prospect-Lefferts Gardens,80000,4
2932177,Hell's Kitchen,100000,3
4068258,Williamsburg,200000,4
50148856,Bushwick,120000,4
18215422,Harlem,250000,8
7728350,Hell's Kitchen,100000,3
2663207,Crown Heights,200000,5
54102772,Upper East Side,200000,6
55746969,Long Island City,180000,6
13288906,Whitestone,120000,5
10880326,Upper East Side,200000,6
16628665,East Harlem,120000,5
26940106,East Elmhurst,100000,3
52534792,Bushwick,120000,4
47525431,East Harlem,120000,5
50028455,East Village,110000,3
13168505,Bedford-Stuyvesant,180000,4
19208458,SoHo,120000,4
9543208,Harlem,250000,8
17438336,East Flatbush,120000,5
54318721,Upper West Side,210000,5
48092643,Upper East Side,200000,6
6860687,Tribeca,100000,4
23187227,Bedford-Stuyvesant,180000,4
45597904,Richmond Hill,180000,5
9199677,Bushwick,120000,4
44855061,Middle Village,120000,5
57064204,Rockaway Beach,60000,3
19364759,Bedford-Stuyvesant,180000,4
48316325,Washington Heights,170000,6
1466373,Williamsburg,200000,4
49669460,Astoria,250000,7
46015995,Bedford-Stuyvesant,180000,4
18918500,Greenpoint,30000,2
21918042,Howard Beach,80000,4
22307413,Williamsbridge,80000,4
54992527,Bedford-Stuyvesant,180000,4
47888292,East Village,110000,3
26890951,Astoria,250000,7
5731786,Ditmars Steinway,80000,4
23801385,Kingsbridge,50000,3
7329589,Norwood,100000,4
49611468,Upper East Side,200000,6
24300112,East Flatbush,120000,5
15923930,Chinatown,100000,3
17837649,Fort Greene,70000,3
50003601,Upper West Side,210000,5
13281174,Bushwick,120000,4
50112404,Bushwick,120000,4
47253147,Bushwick,120000,4
1924782,Clinton Hill,50000,3
53525618,Upper West Side,210000,5
49786547,Chelsea,80000,3
48712324,Harlem,250000,8
44926860,Prospect-Lefferts Gardens,80000,4
20915065,Crown Heights,200000,5
9041719,Harlem,250000,8
3856175,Greenpoint,30000,2
44936249,Ozone Park,150000,6
23635695,Upper West Side,210000,5
11186300,Prospect-Lefferts Gardens,80000,4
19547570,Williamsburg,200000,4
57034380,Fort Hamilton,100000,4
55377480,Washington Heights,170000,6
5264540,Astoria,250000,7
43208102,Woodside,150000,4
9637099,Fort Greene,70000,3
23101068,Long Island City,180000,6
55246033,East Harlem,120000,5
55176443,Bedford-Stuyvesant,180000,4
47566301,East Village,110000,3
20519066,Williamsburg,200000,4
23482708,East Harlem,120000,5
43447248,Williamsburg,200000,4
7650476,Bushwick,120000,4
8718072,Midtown,250000,3
9823224,Harlem,250000,8
1359226,Chelsea,80000,3
43057876,Bedford-Stuyvesant,180000,4
54181751,Greenpoint,30000,2
4758081,Elmhurst,120000,5
20641124,Hell's Kitchen,100000,3
7852618,Fort Greene,70000,3
48077179,Upper West Side,210000,5
51682041,Rego Park,150000,4
8530290,Flatbush,180000,5
5917911,Jackson Heights,180000,5
10848293,Crown Heights,200000,5
12185963,Harlem,250000,8
53963592,Greenpoint,30000,2
42933057,East Harlem,120000,5
49695418,Bushwick,120000,4
52976632,Harlem,250000,8
7142360,SoHo,120000,4
22791228,Bedford-Stuyvesant,180000,4
27289711,Hell's Kitchen,100000,3
26249731,Midtown,250000,3
43279901,Prospect-Lefferts Gardens,80000,4
9177585,Kips Bay,50000,2
25345063,Lower East Side,100000,3
14378594,Murray Hill,60000,2
24238806,Chelsea,80000,3
44513739,Harlem,250000,8
46470538,Flushing,200000,7
1358674,Bedford-Stuyvesant,180000,4
26405479,Midtown,250000,3
8819143,Williamsburg,200000,4
25070570,West Village,100000,2
23107696,Springfield Gardens,150000,5
7231832,East Village,110000,3
47546419,Greenwich Village,150000,3
54143090,Stapleton,120000,5
51505305,Sunnyside,120000,5
10129198,Hell's Kitchen,100000,3
45970154,Midwood,180000,5
44682743,Coney Island,200000,6
25661531,Flatbush,180000,5
52551361,Williamsburg,200000,4
53374840,Glendale,80000,3
10594787,Washington Heights,170000,6
2615157,Williamsburg,200000,4
6100170,West Village,100000,2
54857214,East Harlem,120000,5
54324796,Harlem,250000,8
3206118,Greenwich Village,150000,3
56965343,Bay Ridge,200000,5
8966054,Flatbush,180000,5
8339746,Flatbush,180000,5
22443279,Gramercy,50000,2
8283412,Brooklyn Heights,100000,3
52428751,Williamsburg,200000,4
13107200,Flatbush,180000,5
53079360,East Harlem,120000,5
44238142,Bedford-Stuyvesant,180000,4
45873502,Murray Hill,60000,2
24939675,Springfield Gardens,150000,5
46580998,Crown Heights,200000,5
17834888,East New York,150000,5
16439778,Williamsburg,200000,4
48937662,Chelsea,80000,3
52969452,Midtown,250000,3
6112873,Bushwick,120000,4
27514498,Williamsburg,200000,4
6022295,Crown Heights,200000,5
5350146,East Village,110000,3
9575241,Prospect Heights,90000,4
48917227,Gramercy,50000,2
8925736,Sunnyside,120000,5
5527435,Prospect-Lefferts Gardens,80000,4
17779105,Jackson Heights,180000,5
4008057,Washington Heights,170000,6
43550528,Harlem,250000,8
6249291,Chelsea,80000,3
51265054,Bushwick,120000,4
56391503,Lower East Side,100000,3
13480555,Grant City,120000,4
26218249,Gramercy,50000,2
17271542,Long Island City,180000,6
44134309,Richmond Hill,180000,5
11355856,Bedford-Stuyvesant,180000,4
6898243,Prospect Heights,90000,4
20282129,Springfield Gardens,150000,5
55230568,Bedford-Stuyvesant,180000,4
1823158,Inwood,60000,2
23647845,Bedford-Stuyvesant,180000,4
21609858,Chelsea,80000,3
20999567,East Flatbush,120000,5
43029709,Harlem,250000,8
4854733,College Point,60000,3
10714636,Sunnyside,120000,5
26606516,Williamsburg,200000,4
22926541,Williamsburg,200000,4
48445011,Crown Heights,200000,5
47646937,Upper West Side,210000,5
12756489,Upper East Side,200000,6
50714964,Williamsburg,200000,4
48067237,Flatbush,180000,5
12796807,Astoria,250000,7
4209647,Williamsburg,200000,4
6085258,Bedford-Stuyvesant,180000,4
3576711,East Village,110000,3
21294495,Lower East Side,100000,3
8804783,Washington Heights,170000,6
9323392,Lower East Side,100000,3
45105253,Downtown Brooklyn,150000,5
48614567,Jackson Heights,180000,5
51456150,Chelsea,80000,3
10144110,Kips Bay,50000,2
7450543,Tribeca,100000,4
49991451,Prospect Heights,90000,4
1508347,Hell's Kitchen,100000,3
17003676,Gravesend,200000,6
55275857,Sheepshead Bay,100000,3
20041326,Upper East Side,200000,6
2419090,Williamsburg,200000,4
48132961,Fort Greene,70000,3
13001710,Bedford-Stuyvesant,180000,4
6377424,Hell's Kitchen,100000,3
9743140,Long Island City,180000,6
6701624,Gramercy,50000,2
50211266,Williamsburg,200000,4
6159266,Bedford-Stuyvesant,180000,4
43004303,Forest Hills,180000,6
6525441,Crown Heights,200000,5
26205547,Sunset Park,250000,6
43865339,Bedford-Stuyvesant,180000,4
22590743,Washington Heights,170000,6
52792716,Financial District,40000,2
24405601,Ditmars Steinway,80000,4
20870329,Bedford-Stuyvesant,180000,4
23544565,Morningside Heights,150000,5
48210835,Prospect-Lefferts Gardens,80000,4
22306861,East Village,110000,3
20535635,Washington Heights,170000,6
27495719,Williamsburg,200000,4
4972373,Elmhurst,120000,5
44246978,Crown Heights,200000,5
7576468,Greenpoint,30000,2
25340645,Crown Heights,200000,5
54631323,Coney Island,200000,6
56443972,Upper East Side,200000,6
17982352,Harlem,250000,8
21519281,Hell's Kitchen,100000,3
9729885,Hell's Kitchen,100000,3
24855725,Hell's Kitchen,100000,3
5854948,West Village,100000,2
15904047,Bedford-Stuyvesant,180000,4
22517839,East Flatbush,120000,5
5355117,West Village,100000,2
21828017,Bedford-Stuyvesant,180000,4
6675666,Chelsea,80000,3
19921477,Williamsburg,200000,4
17819423,NoHo,30000,2
21189006,Washington Heights,170000,6
18701999,East Village,110000,3
25023072,West Village,100000,2
56216976,South Ozone Park,150000,6
7669806,Bedford-Stuyvesant,180000,4
11656308,Flatbush,180000,5
2969733,Harlem,250000,8
26138166,Harlem,250000,8
7087682,Chinatown,100000,3
11096275,Greenwich Village,150000,3
54058036,Upper East Side,200000,6
7156720,Park Slope,150000,5
1203478,Greenpoint,30000,2
8105571,Williamsburg,200000,4
12997844,Williamsburg,200000,4
57017259,Upper East Side,200000,6
6923097,Williamsburg,200000,4
12913895,Midtown,250000,3
48277664,Upper West Side,210000,5
47640862,Long Island City,180000,6
1277486,Williamsburg,200000,4
19765176,Upper East Side,200000,6
43498060,East Village,110000,3
13890913,Mount Hope,80000,4
14971212,Harlem,250000,8
26174065,Greenpoint,30000,2
19519955,Sunset Park,250000,6
55495672,Upper East Side,200000,6
8716967,Crown Heights,200000,5
5055770,Bedford-Stuyvesant,180000,4
22659781,East New York,150000,5
53585819,Williamsburg,200000,4
24497283,Financial District,40000,2
8521453,Midtown,250000,3
15900733,Queens Village,120000,4
47793297,Harlem,250000,8
13454596,Bedford-Stuyvesant,180000,4
54903055,Bushwick,120000,4
15753821,Crown Heights,200000,5
51022042,Crown Heights,200000,5
51479347,Lower East Side,100000,3
44274041,Bushwick,120000,4
44576701,Schuylerville,60000,3
9120146,East Elmhurst,100000,3
5691468,Bushwick,120000,4
47395641,East Village,110000,3
56752707,Upper East Side,200000,6
4784039,Harlem,250000,8
11703253,Randall Manor,60000,3
24722621,Astoria,250000,7
45169872,Bedford-Stuyvesant,180000,4
44798726,Upper East Side,200000,6
47065918,St. George,150000,5
22814425,Murray Hill,60000,2
54197767,Harlem,250000,8
49819133,Upper East Side,200000,6
1770138,Prospect Heights,90000,4
3161381,Hell's Kitchen,100000,3
2413015,Washington Heights,170000,6
18812459,Bedford-Stuyvesant,180000,4
7505221,Flatiron District,50000,2
5093327,Hell's Kitchen,100000,3
1013487,Park Slope,150000,5
12980723,East Flatbush,120000,5
5835066,East Village,110000,3
7864216,Crown Heights,200000,5
42903785,Greenpoint,30000,2
8394424,Williamsburg,200000,4
21535298,Harlem,250000,8
19347085,Stapleton,120000,5
13304371,Brighton Beach,120000,5
4557596,Upper East Side,200000,6
44463480,Upper East Side,200000,6
26348040,Williamsburg,200000,4
43204236,St. Albans,70000,3
5228088,Upper West Side,210000,5
46523559,SoHo,120000,4
22235062,Crown Heights,200000,5
53214673,Bedford-Stuyvesant,180000,4
57279049,Fordham,200000,7
14870694,Astoria,250000,7
52100132,Williamsburg,200000,4
46188865,Crown Heights,200000,5
23125369,Bedford-Stuyvesant,180000,4
51394845,Rockaway Beach,60000,3
24505567,Ridgewood,100000,4
56941594,Williamsburg,200000,4
19222265,Bushwick,120000,4
20812337,Woodside,150000,4
55217866,Clifton,30000,2
5586531,Prospect-Lefferts Gardens,80000,4
22347731,Williamsburg,200000,4
5867099,Greenpoint,30000,2
22922675,Greenpoint,30000,2
6259232,Bushwick,120000,4
13794813,Greenpoint,30000,2
21119416,Port Morris,50000,3
5651150,Prospect Heights,90000,4
2542805,SoHo,120000,4
18720225,Harlem,250000,8
21534193,Bedford-Stuyvesant,180000,4
3184026,Park Slope,150000,5
47700510,Lower East Side,100000,3
23061303,Ditmars Steinway,80000,4
47585080,West Village,100000,2
16708748,Flushing,200000,7
48503554,Brooklyn Heights,100000,3
3154201,West Village,100000,2
10431859,Midtown,250000,3
6590612,Bedford-Stuyvesant,180000,4
19414466,Bergen Beach,120000,4
56830582,East Harlem,120000,5
21224353,Clinton Hill,50000,3
5751668,Lower East Side,100000,3
55618835,Bushwick,120000,4
10109868,Long Island City,180000,6
1502824,Inwood,60000,2
9970688,Boerum Hill,50000,2
19799419,Cambria Heights,100000,5
25728912,Financial District,40000,2
9013552,Carroll Gardens,40000,2
1025637,Upper West Side,210000,5
9392430,Longwood,120000,4
6690578,Chelsea,80000,3
18445732,Lower East Side,100000,3
55193564,Queens Village,120000,4
2045183,Williamsburg,200000,4
27092540,Upper East Side,200000,6
24149886,Long Island City,180000,6
18847254,Gramercy,50000,2
51603614,Williamsburg,200000,4
46615241,Upper West Side,210000,5
52961168,Bushwick,120000,4
15049087,Bedford-Stuyvesant,180000,4
2508563,Theater District,120000,4
5845007,Chelsea,80000,3
24490103,East Elmhurst,100000,3
15736148,Harlem,250000,8
8971025,East Village,110000,3
25604644,Crown Heights,200000,5
48047355,Harlem,250000,8
21084621,Borough Park,250000,6
20065627,Greenpoint,30000,2
20643886,Bedford-Stuyvesant,180000,4
53695727,Murray Hill,60000,2
55599505,Cypress Hills,100000,4
48908943,Sunnyside,120000,5
1692263,Bedford-Stuyvesant,180000,4
55430501,East New York,150000,5
23312599,Lower East Side,100000,3
11195689,Midtown,250000,3
10907941,Williamsburg,200000,4
17213550,Harlem,250000,8
7368250,Cobble Hill,60000,2
8723595,East Harlem,120000,5
26795403,Two Bridges,40000,2
2603558,Bedford-Stuyvesant,180000,4
1811008,Kensington,35000,2
48686366,Bedford-Stuyvesant,180000,4
51727330,Prospect-Lefferts Gardens,80000,4
12188173,Bedford-Stuyvesant,180000,4
46179476,Middle Village,120000,5
9879006,Chelsea,80000,3
54725766,Midtown,250000,3
5254598,Harlem,250000,8
55929228,Long Island City,180000,6
50236672,Hell's Kitchen,100000,3
22031263,Rego Park,150000,4
12723904,South Slope,100000,3
20914513,Upper East Side,200000,6
54442436,Bedford-Stuyvesant,180000,4
6542010,Upper East Side,200000,6
19511671,Navy Yard,100000,3
4210751,Flushing,200000,7
3040980,Upper East Side,200000,6
6108454,West Village,100000,2
27463134,Williamsburg,200000,4
22716115,College Point,60000,3
5556706,Flatlands,50000,3
18964894,Harlem,250000,8
54186169,East Harlem,120000,5
3442502,Washington Heights,170000,6
44180702,Red Hook,120000,5
24004079,Bushwick,120000,4
19545913,Greenwich Village,150000,3
18606451,Little Italy,60000,2
24501701,Hell's Kitchen,100000,3
26495504,Hell's Kitchen,100000,3
44124368,Astoria,250000,7
13037610,South Slope,100000,3
54695390,Bedford-Stuyvesant,180000,4
13385559,Bushwick,120000,4
20958697,Sunset Park,250000,6
26922432,Williamsburg,200000,4
51074511,Chelsea,80000,3
1532649,Sheepshead Bay,100000,3
15134693,Forest Hills,180000,6
52394508,East Harlem,120000,5
1878941,Harlem,250000,8
49485544,East Village,110000,3
55512241,Bedford-Stuyvesant,180000,4
3302218,Long Island City,180000,6
49012223,Hell's Kitchen,100000,3
20757107,Glendale,80000,3
12929359,Clinton Hill,50000,3
24410019,East Village,110000,3
4214617,East Village,110000,3
51717388,Crown Heights,200000,5
43415767,Financial District,40000,2
47505548,Springfield Gardens,150000,5
5340205,Harlem,250000,8
9862437,Flatbush,180000,5
45865770,Bedford-Stuyvesant,180000,4
3029382,Chelsea,80000,3
47583423,Kips Bay,50000,2
53052850,Upper West Side,210000,5
8679963,Upper West Side,210000,5
20524036,Crown Heights,200000,5
7855931,Jamaica,250000,7
53898421,East Village,110000,3
15950440,Mott Haven,80000,3
25342302,Crown Heights,200000,5
6476838,Kips Bay,50000,2
2631726,Greenpoint,30000,2
5160155,Lower East Side,100000,3
55684559,Hell's Kitchen,100000,3
3166904,Bushwick,120000,4
7801806,East Village,110000,3
12820556,East Harlem,120000,5
25915037,Bushwick,120000,4
6120052,Washington Heights,170000,6
43073893,Sunset Park,250000,6
45268181,Flushing,200000,7
18346870,Flatlands,50000,3
17754252,Brooklyn Heights,100000,3
10329683,Bushwick,120000,4
1475762,East Harlem,120000,5
49709225,Bedford-Stuyvesant,180000,4
53400799,Williamsburg,200000,4
4095321,SoHo,120000,4
15575428,Greenpoint,30000,2
2172212,Brooklyn Heights,100000,3
48785780,Williamsburg,200000,4
47127223,Flushing,200000,7
23672146,Gowanus,40000,2
51893572,Long Island City,180000,6
5333025,East Harlem,120000,5
21412135,Morningside Heights,150000,5
55116242,Bushwick,120000,4
53464313,Kingsbridge,50000,3
23998556,Flatiron District,50000,2
2735006,Chelsea,80000,3
6981640,Harlem,250000,8
50226730,Williamsburg,200000,4
46046924,Washington Heights,170000,6
55618283,Bushwick,120000,4
24427141,Cypress Hills,100000,4
55318384,Gravesend,200000,6
10988025,East Village,110000,3
20735015,Upper East Side,200000,6
49853928,Park Slope,150000,5
23662205,Huguenot,150000,5
53916094,Williamsburg,200000,4
9480246,Park Slope,150000,5
50656972,Kips Bay,50000,2
52628683,Williamsburg,200000,4
1481837,Bedford-Stuyvesant,180000,4
56975836,Greenpoint,30000,2
45400181,Flushing,200000,7
10038621,Upper West Side,210000,5
14545389,Harlem,250000,8
21500503,Carroll Gardens,40000,2
6730344,Bensonhurst,180000,5
26624190,Chelsea,80000,3
24905432,Harlem,250000,8
17894536,Midtown,250000,3
53240079,Long Island City,180000,6
48488642,Upper East Side,200000,6
50670227,Midtown,250000,3
9948596,Civic Center,80000,3
13861642,Nolita,40000,2
15226927,Chinatown,100000,3
20651618,Williamsburg,200000,4
9615007,Upper West Side,210000,5
47966719,Chelsea,80000,3
4819938,Greenpoint,30000,2
46908512,Bedford-Stuyvesant,180000,4
2440078,Bedford-Stuyvesant,180000,4
5060189,Upper West Side,210000,5
16813685,Midtown,250000,3
12009780,Theater District,120000,4
6119500,West Village,100000,2
56731168,Tribeca,100000,4
18657262,Ridgewood,100000,4
9631024,Upper East Side,200000,6
23812431,Astoria,250000,7
12812824,Harlem,250000,8
14015733,Upper West Side,210000,5
19513327,Gowanus,40000,2
43193742,Crown Heights,200000,5
1864029,Harlem,250000,8
44951713,Williamsburg,200000,4
6632035,Williamsburg,200000,4
15499211,Bedford-Stuyvesant,180000,4
46629048,Harlem,250000,8
51818459,Bushwick,120000,4
9772965,Hell's Kitchen,100000,3
49524205,Sunset Park,250000,6
54146404,Bedford-Stuyvesant,180000,4
22047832,Washington Heights,170000,6
49430866,Astoria,250000,7
3178503,Gowanus,40000,2
4282550,Crown Heights,200000,5
22689052,Lower East Side,100000,3
6574043,Prospect-Lefferts Gardens,80000,4
25396427,Park Slope,150000,5
50694529,Bedford-Stuyvesant,180000,4
22485806,Williamsburg,200000,4
42829224,Williamsburg,200000,4
46330254,Astoria,250000,7
3022202,West Village,100000,2
55122318,West Village,100000,2
52004032,East Flatbush,120000,5
5566648,Washington Heights,170000,6
1295712,Upper West Side,210000,5
26415973,Midtown,250000,3
12649895,Hell's Kitchen,100000,3
24318337,Hell's Kitchen,100000,3
43003199,Elmhurst,120000,5
10256227,East Village,110000,3
17397466,Harlem,250000,8
10055742,Chelsea,80000,3
13576655,Williamsburg,200000,4
51240201,Midtown,250000,3
22884014,Canarsie,120000,4
55803856,Bedford-Stuyvesant,180000,4
8909167,Midtown,250000,3
55859638,Bedford-Stuyvesant,180000,4
22590191,Williamsburg,200000,4
4451002,Lower East Side,100000,3
15746641,Jamaica,250000,7
8763360,Hell's Kitchen,100000,3
44753990,Fort Hamilton,100000,4
17795674,Upper East Side,200000,6
51764334,Bushwick,120000,4
56600272,Williamsburg,200000,4
16749066,Windsor Terrace,30000,2
4727704,Bushwick,120000,4
3285097,Rego Park,150000,4
9036196,Greenpoint,30000,2
47043826,Bedford-Stuyvesant,180000,4
24915926,Williamsburg,200000,4
49829074,Bedford-Stuyvesant,180000,4
26172961,Williamsburg,200000,4
7056753,Tribeca,100000,4
43264989,Prospect-Lefferts Gardens,80000,4
50748654,Harlem,250000,8
57210564,Borough Park,250000,6
2247877,Carroll Gardens,40000,2
43252286,Sheepshead Bay,100000,3
25804577,Sunset Park,250000,6
48185430,Clifton,30000,2
16386205,Gowanus,40000,2
19465830,Upper East Side,200000,6
11532040,Sunset Park,250000,6
5964856,Woodside,150000,4
22295815,Bushwick,120000,4
26790985,Hell's Kitchen,100000,3
45113537,Bedford-Stuyvesant,180000,4
55885044,Bedford-Stuyvesant,180000,4
27014114,Harlem,250000,8
15335730,Harlem,250000,8
50268153,Gramercy,50000,2
18862718,Bedford-Stuyvesant,180000,4
2211425,Prospect Heights,90000,4
27072105,Woodside,150000,4
16271879,Bushwick,120000,4
18064092,Flushing,200000,7
56086081,Bedford-Stuyvesant,180000,4
18465062,Tompkinsville,60000,3
54553449,East Village,110000,3
21915832,Williamsburg,200000,4
6308939,West Village,100000,2
8529737,Upper West Side,210000,5
42929743,Jackson Heights,180000,5
6073659,Sunnyside,120000,5
19831452,Harlem,250000,8
13089526,Brighton Beach,120000,5
10342938,Harlem,250000,8
49467318,Kingsbridge,50000,3
7313573,Midtown,250000,3
7966391,Flatbush,180000,5
6511633,Richmond Hill,180000,5
13614763,Williamsburg,200000,4
3958903,Upper West Side,210000,5
15837219,Hell's Kitchen,100000,3
4585763,Chinatown,100000,3
22226225,Roosevelt Island,15000,2
7469874,East Harlem,120000,5
56745527,Schuylerville,60000,3
42836404,Midtown,250000,3
43573725,Elmhurst,120000,5
2142388,Chelsea,80000,3
50906059,Gramercy,50000,2
2715675,Kips Bay,50000,2
19071487,Bedford-Stuyvesant,180000,4
42835300,Flatlands,50000,3
12978514,Borough Park,250000,6
43444486,Williamsburg,200000,4
2352262,Queens Village,120000,4
4017999,Astoria,250000,7
2628412,Bushwick,120000,4
8059730,Upper West Side,210000,5
26092325,Bushwick,120000,4
19011287,Flushing,200000,7
2254505,Greenpoint,30000,2
22957470,Midtown,250000,3
44246426,Soundview,120000,5
46820696,Bedford-Stuyvesant,180000,4
48812290,Harlem,250000,8
2129685,East Village,110000,3
11596659,SoHo,120000,4
53852028,Red Hook,120000,5
43211968,St. Albans,70000,3
8317654,Flatbush,180000,5
3967739,Murray Hill,60000,2
18006101,East Village,110000,3
23783711,Midtown,250000,3
22011933,Jamaica,250000,7
6269726,Williamsburg,200000,4
1489017,Williamsburg,200000,4
24655240,East Village,110000,3
8520901,Lower East Side,100000,3
49207185,Bedford-Stuyvesant,180000,4
51427983,Rego Park,150000,4
46442923,Upper West Side,210000,5
20366079,Chelsea,80000,3
27702280,Bushwick,120000,4
19795553,East Village,110000,3
12284273,Harlem,250000,8
5564991,Bushwick,120000,4
12090968,Concord,60000,3
5025946,University Heights,150000,6
47408896,Hell's Kitchen,100000,3
15027547,Longwood,120000,4
26297228,Upper East Side,200000,6
5234716,East Village,110000,3
48250601,Sunset Park,250000,6
53854237,East Village,110000,3
6452537,Long Island City,180000,6
56906799,Soundview,120000,5
24889416,Chinatown,100000,3
2788579,East Village,110000,3
18743974,Upper West Side,210000,5
8582758,Williamsburg,200000,4
24872847,SoHo,120000,4
55939169,Jackson Heights,180000,5
17765850,Grant City,120000,4
43186562,Midtown,250000,3
9871274,Upper East Side,200000,6
5620221,Hell's Kitchen,100000,3
19094132,Red Hook,120000,5
48867520,Bushwick,120000,4
53554338,Park Slope,150000,5
1417770,Bedford-Stuyvesant,180000,4
47252043,Upper East Side,200000,6
7503564,Williamsburg,200000,4
6831967,Fresh Meadows,120000,4
2797416,East Village,110000,3
21518176,Bedford-Stuyvesant,180000,4
26128225,Midtown,250000,3
49067453,Williamsburg,200000,4
13135367,Harlem,250000,8
2951507,Williamsburg,200000,4
54799222,Upper East Side,200000,6
17232328,Crown Heights,200000,5
4476960,Harlem,250000,8
21349173,Midtown,250000,3
12682481,University Heights,150000,6
55748074,Crown Heights,200000,5
6683951,Bedford-Stuyvesant,180000,4
25320210,Financial District,40000,2
51747765,Williamsburg,200000,4
53039594,Elmhurst,120000,5
11270250,Hell's Kitchen,100000,3
55300711,Crown Heights,200000,5
20538396,Lower East Side,100000,3
20844370,Harlem,250000,8
56921711,Bushwick,120000,4
43259466,Upper West Side,210000,5
26591052,Chelsea,80000,3
51822325,Allerton,60000,4
5614698,Bedford-Stuyvesant,180000,4
13124873,Williamsburg,200000,4
13015518,Clinton Hill,50000,3
6019534,Prospect Heights,90000,4
2481500,Williamsburg,200000,4
1925334,Bedford-Stuyvesant,180000,4
4320659,Canarsie,120000,4
46355107,Prospect-Lefferts Gardens,80000,4
6570177,Boerum Hill,50000,2
50753625,Williamsburg,200000,4
23843912,Midtown,250000,3
55451488,Jackson Heights,180000,5
51715179,Financial District,40000,2
5996337,Greenpoint,30000,2
13125978,East Elmhurst,100000,3
12269361,Bushwick,120000,4
11656860,Astoria,250000,7
3514853,Prospect Heights,90000,4
55584040,Claremont Village,80000,4
43261123,Williamsburg,200000,4
46346823,Long Island City,180000,6
44261338,Bushwick,120000,4
13824637,Rego Park,150000,4
10051876,Jackson Heights,180000,5
4275370,Chelsea,80000,3
12728874,Hell's Kitchen,100000,3
2812328,Williamsburg,200000,4
14084771,Boerum Hill,50000,2
2668730,Hell's Kitchen,100000,3
13657291,Prospect-Lefferts Gardens,80000,4
20322447,Bedford-Stuyvesant,180000,4
3907539,Hell's Kitchen,100000,3
16684447,Flushing,200000,7
22784600,Williamsburg,200000,4
23569971,Ozone Park,150000,6
21488352,Jamaica,250000,7
18204376,Bedford-Stuyvesant,180000,4
3713681,Kensington,35000,2
3454653,Greenpoint,30000,2
2142940,East Village,110000,3
5351251,Bedford-Stuyvesant,180000,4
13938411,Murray Hill,60000,2
47529297,Inwood,60000,2
45735979,Red Hook,120000,5
13348555,Harlem,250000,8
3704292,Nolita,40000,2
5014900,Chelsea,80000,3
9551492,Flatbush,180000,5
19965109,Midtown,250000,3
3279021,Two Bridges,40000,2
46305953,Nolita,40000,2
54386102,Bedford-Stuyvesant,180000,4
46691458,East Flatbush,120000,5
53224615,Brownsville,180000,7
9089770,West Village,100000,2
15587579,Ozone Park,150000,6
24380195,Bedford-Stuyvesant,180000,4
15117572,Astoria,250000,7
18779873,East Elmhurst,100000,3
9722705,Chelsea,80000,3
17706202,East Village,110000,3
53259962,Astoria,250000,7
43347282,St. Albans,70000,3
14925924,Hell's Kitchen,100000,3
56466616,East Village,110000,3
47745247,Astoria,250000,7
11286267,Hell's Kitchen,100000,3
19614951,Upper West Side,210000,5
17774135,Kips Bay,50000,2
6537591,Washington Heights,170000,6
57037142,East Village,110000,3
52372968,Long Island City,180000,6
44536936,St. George,150000,5
43140169,Sheepshead Bay,100000,3
1762405,Prospect Heights,90000,4
14632652,East Village,110000,3
3990936,Prospect Heights,90000,4
44033238,Bedford-Stuyvesant,180000,4
10119257,Prospect-Lefferts Gardens,80000,4
24634805,Ridgewood,100000,4
6046597,Harlem,250000,8
53369317,Far Rockaway,250000,7
26404375,Upper West Side,210000,5
23858824,Financial District,40000,2
9842554,Hell's Kitchen,100000,3
52617085,Bushwick,120000,4
2589751,Carroll Gardens,40000,2
43954259,Greenwich Village,150000,3
11673981,Hell's Kitchen,100000,3
22671931,Bedford-Stuyvesant,180000,4
43657674,College Point,60000,3
20182715,Woodside,150000,4
49853376,Jamaica,250000,7
5995233,Park Slope,150000,5
54383893,Carroll Gardens,40000,2
27128440,Williamsburg,200000,4
51281623,Clinton Hill,50000,3
46025384,Crown Heights,200000,5
6414428,Upper West Side,210000,5
48234032,Sunnyside,120000,5
18172343,Financial District,40000,2
43088253,Bensonhurst,180000,5
48564307,Prospect Heights,90000,4
21143165,Bushwick,120000,4
6561340,Astoria,250000,7
55766299,East Village,110000,3
11010117,Hell's Kitchen,100000,3
51865405,Chinatown,100000,3
1893301,Midtown,250000,3
17457115,Carroll Gardens,40000,2
20940471,Bedford-Stuyvesant,180000,4
2114221,Clinton Hill,50000,3
3584995,Harlem,250000,8
57035485,Rego Park,150000,4
44554057,Gramercy,50000,2
55462534,Jamaica,250000,7
8189521,Hell's Kitchen,100000,3
5135302,Far Rockaway,250000,7
21082964,Prospect-Lefferts Gardens,80000,4
54141985,Park Slope,150000,5
26433094,Midtown,250000,3
22210761,Harlem,250000,8
15489270,Hell's Kitchen,100000,3
11947922,East Harlem,120000,5
2617366,Harlem,250000,8
47022286,Concourse Village,80000,5
50149408,East Harlem,120000,5
21003985,West Village,100000,2
47587841,Morningside Heights,150000,5
13453492,East Elmhurst,100000,3
10240763,Williamsburg,200000,4
3567874,Williamsburg,200000,4
46471643,Arverne,40000,2
21353039,Upper East Side,200000,6
19169245,SoHo,120000,4
3725280,Bushwick,120000,4
53248916,Greenwich Village,150000,3
2653265,Astoria,250000,7
26807554,Midtown,250000,3
21825255,Long Island City,180000,6
24858487,St. George,150000,5
7985170,Williamsburg,200000,4
14777355,East Harlem,120000,5
57153677,Hell's Kitchen,100000,3
14297406,East New York,150000,5
23197721,Rego Park,150000,4
48228509,Hell's Kitchen,100000,3
7728902,Chelsea,80000,3
51236335,Bushwick,120000,4
46101602,Tribeca,100000,4
9324497,Crown Heights,200000,5
27320640,Hell's Kitchen,100000,3
17927122,Chinatown,100000,3
55029531,Harlem,250000,8
12342264,East Harlem,120000,5
54227039,East New York,150000,5
46582103,Hell's Kitchen,100000,3
56191570,Bushwick,120000,4
9363710,Midtown,250000,3
46242991,Harlem,250000,8
5714664,Washington Heights,170000,6
2207559,Prospect-Lefferts Gardens,80000,4
8123797,Bedford-Stuyvesant,180000,4
53211912,Ridgewood,100000,4
2887441,Sunnyside,120000,5
23160717,St. Albans,70000,3
51788083,East Harlem,120000,5
2627307,Hell's Kitchen,100000,3
45681854,East Village,110000,3
1951844,West Village,100000,2
3613163,Prospect-Lefferts Gardens,80000,4
18508141,Sunset Park,250000,6
8575578,Hell's Kitchen,100000,3
9369233,Midtown,250000,3
45871293,Williamsburg,200000,4
44929621,Greenpoint,30000,2
53357719,Midtown,250000,3
57144840,Greenpoint,30000,2
17443307,Upper West Side,210000,5
21161943,Jackson Heights,180000,5
16216649,Williamsburg,200000,4
2273835,Harlem,250000,8
17646553,Bedford-Stuyvesant,180000,4
3849547,East Harlem,120000,5
49996421,Hell's Kitchen,100000,3
45017989,Upper East Side,200000,6
10878669,West Village,100000,2
22817186,Midtown,250000,3
27363720,Lower East Side,100000,3
50021827,Corona,200000,6
44528651,Crown Heights,200000,5
7894592,Bedford-Stuyvesant,180000,4
19567453,Harlem,250000,8
17562604,Lower East Side,100000,3
3958350,Upper West Side,210000,5
1376900,Greenpoint,30000,2
48436174,Greenpoint,30000,2
56114248,Prospect Heights,90000,4
23198825,Harlem,250000,8
20572087,Mott Haven,80000,3
22162711,Midtown,250000,3
56324122,Bergen Beach,120000,4
23875945,Financial District,40000,2
51493154,Bushwick,120000,4
8019964,Kips Bay,50000,2
12652105,East Flatbush,120000,5
23649502,Gowanus,40000,2
1829786,Kips Bay,50000,2
1797753,Harlem,250000,8
10017081,Hell's Kitchen,100000,3
44789889,East Village,110000,3
9017971,Long Island City,180000,6
43732235,Bedford-Stuyvesant,180000,4
43583666,East Harlem,120000,5
4459839,Inwood,60000,2
48697412,Williamsburg,200000,4
14524954,West Village,100000,2
25243992,Bushwick,120000,4
5358983,Bedford-Stuyvesant,180000,4
8565637,Cypress Hills,100000,4
9074305,Chinatown,100000,3
2795206,Harlem,250000,8
55057146,Harlem,250000,8
6856268,Prospect-Lefferts Gardens,80000,4
26227086,Williamsburg,200000,4
44684952,Flatiron District,50000,2
56867586,Elmhurst,120000,5
50254345,Chelsea,80000,3
23804698,East Village,110000,3
13059150,Chinatown,100000,3
7929387,Bedford-Stuyvesant,180000,4
56165060,East Flatbush,120000,5
49088992,Greenpoint,30000,2
4607303,Astoria,250000,7
48914466,Williamsburg,200000,4
17377583,Tribeca,100000,4
8691009,Williamsburg,200000,4
9360397,Bushwick,120000,4
2353919,Ditmars Steinway,80000,4
4708374,Financial District,40000,2
45143361,South Slope,100000,3
55500643,Theater District,120000,4
10026470,Upper East Side,200000,6
19250985,Rockaway Beach,60000,3
11388442,Hell's Kitchen,100000,3
5435753,Williamsburg,200000,4
4695671,Clinton Hill,50000,3
15898524,Bedford-Stuyvesant,180000,4
1631510,Williamsburg,200000,4
15653855,Astoria,250000,7
22625538,Coney Island,200000,6
48263304,Astoria,250000,7
8303847,Upper West Side,210000,5
52540867,Ridgewood,100000,4
49820790,Hell's Kitchen,100000,3
19987201,Williamsburg,200000,4
54018822,Clinton Hill,50000,3
3411021,Upper West Side,210000,5
14063783,Elmhurst,120000,5
7537254,East Harlem,120000,5
1929200,Upper West Side,210000,5
7189858,Kips Bay,50000,2
2392580,Williamsburg,200000,4
15988549,Williamsburg,200000,4
12181545,Sunset Park,250000,6
43012588,Upper West Side,210000,5
15920064,Long Island City,180000,6
54711406,Morningside Heights,150000,5
52455261,Bushwick,120000,4
43757641,Harlem,250000,8
18837312,Inwood,60000,2
1934171,Bayside,120000,4
44173522,East Harlem,120000,5
11670115,Gowanus,40000,2
27376975,Harlem,250000,8
48425128,Flatbush,180000,5
7526761,Upper East Side,200000,6
17032948,Cobble Hill,60000,2
5071787,Fort Greene,70000,3
11859554,Little Italy,60000,2
6298445,Flatbush,180000,5
8984280,East Harlem,120000,5
47453632,Crown Heights,200000,5
8489972,Jackson Heights,180000,5
8006157,Midtown,250000,3
55498434,Hell's Kitchen,100000,3
48553261,Bedford-Stuyvesant,180000,4
7946509,Astoria,250000,7
48963620,Ridgewood,100000,4
25472644,Lower East Side,100000,3
48105346,Ridgewood,100000,4
17582487,Washington Heights,170000,6
3298904,Long Island City,180000,6
3425381,Williamsburg,200000,4
6757959,Murray Hill,60000,2
6786679,Chinatown,100000,3
53203075,Harlem,250000,8
4599571,Midtown,250000,3
5965408,Bushwick,120000,4
56552222,Clinton Hill,50000,3
17691290,Harlem,250000,8
6081944,Bedford-Stuyvesant,180000,4
24358103,Bedford-Stuyvesant,180000,4
52007346,Battery Park City,50000,2
3545230,Flatbush,180000,5
46844998,Greenpoint,30000,2
3930183,West Village,100000,2
4790666,Mount Hope,80000,4
47071441,Carroll Gardens,40000,2
47804343,East Village,110000,3
45566423,Murray Hill,60000,2
4534399,Harlem,250000,8
2313049,Williamsburg,200000,4
6343182,Prospect-Lefferts Gardens,80000,4
3352477,Williamsburg,200000,4
4121279,Sunnyside,120000,5
6304521,Bushwick,120000,4
10426336,Midtown,250000,3
2611291,Williamsburg,200000,4
7304736,Upper East Side,200000,6
1315042,Theater District,120000,4
25939338,Bedford-Stuyvesant,180000,4
3200042,Financial District,40000,2
56212006,East Village,110000,3
8163010,Mott Haven,80000,3
20799634,Ozone Park,150000,6
57358028,East Elmhurst,100000,3
1388498,Chelsea,80000,3
55897195,Bedford-Stuyvesant,180000,4
11739153,Hell's Kitchen,100000,3
17026321,Maspeth,60000,3
2116430,East Village,110000,3
22825471,East Village,110000,3
22316250,Springfield Gardens,150000,5
47480143,Bedford-Stuyvesant,180000,4
52842423,Crown Heights,200000,5
10048562,Inwood,60000,2
44598241,Hell's Kitchen,100000,3
1674590,Woodside,150000,4
48029129,Williamsburg,200000,4
19963452,Midtown,250000,3
18491020,Greenwich Village,150000,3
3625313,Chelsea,80000,3
24741952,Hell's Kitchen,100000,3
8065805,Gramercy,50000,2
19510566,Sheepshead Bay,100000,3
43383733,Bedford-Stuyvesant,180000,4
12807301,Lower East Side,100000,3
5239686,Brooklyn Heights,100000,3
45410674,South Slope,100000,3
18198301,Ridgewood,100000,4
10480461,Williamsburg,200000,4
1801619,Williamsburg,200000,4
43884117,Clinton Hill,50000,3
18520292,Upper West Side,210000,5
17938720,Glendale,80000,3
13926261,Park Slope,150000,5
20482614,Carroll Gardens,40000,2
20116439,Bushwick,120000,4
3639121,Ridgewood,100000,4
52579528,Flushing,200000,7
7882442,SoHo,120000,4
8919661,Murray Hill,60000,2
4969059,Red Hook,120000,5
8076851,Bedford-Stuyvesant,180000,4
47101265,Canarsie,120000,4
43662645,Concord,60000,3
8923527,Chinatown,100000,3
1921468,Long Island City,180000,6
51920082,Bedford-Stuyvesant,180000,4
19513880,Lower East Side,100000,3
9959090,Midtown,250000,3
7979094,Harlem,250000,8
13650663,Midtown,250000,3
9394639,Midtown,250000,3
56298717,Bushwick,120000,4
51413623,Springfield Gardens,150000,5
8763913,Roosevelt Island,15000,2
3547439,Clinton Hill,50000,3
23935041,East Harlem,120000,5
49601527,Sunset Park,250000,6
44260786,East Harlem,120000,5
54840645,Bedford-Stuyvesant,180000,4
20904019,Hell's Kitchen,100000,3
53969115,Williamsburg,200000,4
52502206,Bedford-Stuyvesant,180000,4
8904197,Bedford-Stuyvesant,180000,4
11436492,South Slope,100000,3
4528324,Lower East Side,100000,3
49701493,Bedford-Stuyvesant,180000,4
2914503,Greenpoint,30000,2
1945217,Fort Greene,70000,3
18074586,Bushwick,120000,4
12498013,Midtown,250000,3
4374784,Theater District,120000,4
54220964,Long Island City,180000,6
54745097,Williamsburg,200000,4
3767254,Washington Heights,170000,6
21081859,Borough Park,250000,6
16935191,Fordham,200000,7
19246014,SoHo,120000,4
53875224,Hell's Kitchen,100000,3
53188715,East Elmhurst,100000,3
13545174,Gowanus,40000,2
55947454,Gramercy,50000,2
5674899,Williamsburg,200000,4
6537039,Bedford-Stuyvesant,180000,4
8492181,Corona,200000,6
48546082,Financial District,40000,2
8600984,Crown Heights,200000,5
5812974,Clinton Hill,50000,3
48364375,Borough Park,250000,6
8933469,Lower East Side,100000,3
26798164,SoHo,120000,4
4793428,Williamsburg,200000,4
10099374,Williamsburg,200000,4
5029812,East Harlem,120000,5
23653368,Kensington,35000,2
25282653,Harlem,250000,8
7293138,Flatbush,180000,5
23864347,West Village,100000,2
44370141,Prospect Heights,90000,4
23463377,Williamsburg,200000,4
3464594,Washington Heights,170000,6
46033117,Williamsburg,200000,4
48960307,Chelsea,80000,3
6546980,Washington Heights,170000,6
6012354,Upper East Side,200000,6
27316774,Harlem,250000,8
9169301,East Village,110000,3
4959118,Harlem,250000,8
22874073,Hell's Kitchen,100000,3
53101452,Midtown,250000,3
52813151,Hell's Kitchen,100000,3
25883003,Bedford-Stuyvesant,180000,4
47585632,Upper West Side,210000,5
9858571,Williamsburg,200000,4
12285930,Harlem,250000,8
45028483,Baychester,250000,6
46734538,Bedford-Stuyvesant,180000,4
8335880,Hell's Kitchen,100000,3
12426766,Upper East Side,200000,6
56189361,Chinatown,100000,3
20363869,Upper East Side,200000,6
20422966,Flushing,200000,7
21774996,Williamsburg,200000,4
16052616,Bushwick,120000,4
43884670,Bedford-Stuyvesant,180000,4
10030889,Hell's Kitchen,100000,3
5560573,Prospect Heights,90000,4
13353526,St. George,150000,5
50722144,Lower East Side,100000,3
6873942,Bedford-Stuyvesant,180000,4
18027088,Bedford-Stuyvesant,180000,4
51035298,Crown Heights,200000,5
55894433,Williamsburg,200000,4
3153649,Williamsburg,200000,4
21406612,Upper East Side,200000,6
3464042,West Village,100000,2
9500681,Fort Greene,70000,3
3264661,Bushwick,120000,4
4888976,Washington Heights,170000,6
49097829,Maspeth,60000,3
6131651,East Village,110000,3
24465249,SoHo,120000,4
20170564,Upper East Side,200000,6
23067930,St. Albans,70000,3
9349903,Bushwick,120000,4
47701063,Upper East Side,200000,6
21422629,Astoria,250000,7
16687208,Upper West Side,210000,5
52479010,Washington Heights,170000,6
49885961,Ditmars Steinway,80000,4
26671135,Crown Heights,200000,5
43615147,Downtown Brooklyn,150000,5
19981126,Cypress Hills,100000,4
21122177,Chelsea,80000,3
26000643,Gramercy,50000,2
54113818,Financial District,40000,2
54364562,Bushwick,120000,4
2861482,Clinton Hill,50000,3
44902558,Flushing,200000,7
15883060,East Harlem,120000,5
51595882,Murray Hill,60000,2
11435940,Bushwick,120000,4
15488165,Hell's Kitchen,100000,3
24341534,Williamsburg,200000,4
55361464,Springfield Gardens,150000,5
45270390,Theater District,120000,4
19818197,Bedford-Stuyvesant,180000,4
18695923,South Ozone Park,150000,6
1956263,Lower East Side,100000,3
10172830,Ridgewood,100000,4
6017877,Bushwick,120000,4
12629460,Park Slope,150000,5
11708224,Prospect-Lefferts Gardens,80000,4
43915046,Gramercy,50000,2
7773086,Cobble Hill,60000,2
48879118,Hell's Kitchen,100000,3
50052756,Chelsea,80000,3
43947079,Crown Heights,200000,5
2579257,Harlem,250000,8
54734051,Crown Heights,200000,5
49144775,Washington Heights,170000,6
43774762,Crown Heights,200000,5
24526555,Harlem,250000,8
13991984,Bedford-Stuyvesant,180000,4
19313395,Williamsburg,200000,4
20768705,Williamsburg,200000,4
14543732,West Village,100000,2
13095601,Bushwick,120000,4
18460644,Ditmars Steinway,80000,4
57023334,East Harlem,120000,5
8864983,Flushing,200000,7
8166324,East Village,110000,3
53199761,Financial District,40000,2
2046288,Midtown,250000,3
16152582,Upper West Side,210000,5
20461627,Crown Heights,200000,5
50529391,Midtown,250000,3
25784142,Jamaica,250000,7
9234472,Flatiron District,50000,2
10833933,Kips Bay,50000,2
5186665,East Village,110000,3
49098934,Upper West Side,210000,5
24951826,Tribeca,100000,4
48713428,Harlem,250000,8
10748879,Bedford-Stuyvesant,180000,4
54790385,Jackson Heights,180000,5
4771888,Williamsburg,200000,4
54289449,Allerton,60000,4
11295103,Bedford-Stuyvesant,180000,4
5750564,Park Slope,150000,5
49615887,Williamsburg,200000,4
8689352,East Village,110000,3
48765897,Upper West Side,210000,5
53377602,East Elmhurst,100000,3
1601134,Chelsea,80000,3
11706015,Clinton Hill,50000,3
43844904,Crown Heights,200000,5
7581438,Nolita,40000,2
4372575,Williamsburg,200000,4
17751490,Ridgewood,100000,4
2660998,Upper West Side,210000,5
10947154,West Village,100000,2
54683239,East Village,110000,3
18412594,Harlem,250000,8
6795515,Chelsea,80000,3
11528174,Washington Heights,170000,6
7237355,Upper East Side,200000,6
13568923,Harlem,250000,8
56207587,Williamsburg,200000,4
7222443,Williamsburg,200000,4
26285078,Upper West Side,210000,5
21829121,Harlem,250000,8
23826238,Financial District,40000,2
10142453,Greenwich Village,150000,3
44906425,Upper West Side,210000,5
12975200,Astoria,250000,7
21250863,Kips Bay,50000,2
46706923,Hell's Kitchen,100000,3
1828681,Ridgewood,100000,4
43665959,Kips Bay,50000,2
9676864,Bedford-Stuyvesant,180000,4
27372556,Bedford-Stuyvesant,180000,4
15759897,Harlem,250000,8
1732581,South Slope,100000,3
26709244,Theater District,120000,4
4313479,Upper East Side,200000,6
15784750,East Harlem,120000,5
54403223,Astoria,250000,7
27000859,Financial District,40000,2
8366809,Williamsburg,200000,4
8641854,Prospect Heights,90000,4
20760973,Ditmars Steinway,80000,4
1764615,Gowanus,40000,2
2415776,South Slope,100000,3
50374195,Carroll Gardens,40000,2
13431400,Prospect-Lefferts Gardens,80000,4
45043395,Bushwick,120000,4
2113668,Crown Heights,200000,5
49877125,Jamaica,250000,7
5124256,Williamsburg,200000,4
2214739,East Village,110000,3
54053065,Bushwick,120000,4
10405900,Harlem,250000,8
55870132,Long Island City,180000,6
6504453,Harlem,250000,8
6492855,Harlem,250000,8
46283861,Hell's Kitchen,100000,3
3202804,Upper East Side,200000,6
47931924,Midtown,250000,3
27188641,Sunnyside,120000,5
5552288,West Village,100000,2
7366594,Crown Heights,200000,5
19704976,Flushing,200000,7
7010912,East Harlem,120000,5
11510500,Murray Hill,60000,2
25813414,Crown Heights,200000,5
13027116,Washington Heights,170000,6
2309735,Upper East Side,200000,6
19222818,Sunset Park,250000,6
44070795,Tribeca,100000,4
22700651,West Village,100000,2
26134300,Upper East Side,200000,6
17512345,Brighton Beach,120000,5
25936024,Upper West Side,210000,5
10112629,Upper West Side,210000,5
43929406,Inwood,60000,2
6213391,Morningside Heights,150000,5
23353469,Canarsie,120000,4
47134955,Queens Village,120000,4
4956909,Murray Hill,60000,2
6522127,Bushwick,120000,4
26665060,Mott Haven,80000,3
13598194,Bedford-Stuyvesant,180000,4
8294458,Morningside Heights,150000,5
5982530,Cobble Hill,60000,2
21956150,Upper East Side,200000,6
45487444,Canarsie,120000,4
12437260,Crown Heights,200000,5
45251612,Hell's Kitchen,100000,3
20632287,Cambria Heights,100000,5
6410010,Park Slope,150000,5
42981659,Cypress Hills,100000,4
49676087,Bedford-Stuyvesant,180000,4
11966148,Astoria,250000,7
6327717,Midtown,250000,3
4792876,Crown Heights,200000,5
27241661,Greenpoint,30000,2
17225149,Midtown,250000,3
47923087,Bushwick,120000,4
51503648,Williamsburg,200000,4
16332079,Greenpoint,30000,2
22059983,Flushing,200000,7
23688715,Williamsburg,200000,4
54310989,Sunnyside,120000,5
11648575,Williamsburg,200000,4
48216358,Bedford-Stuyvesant,180000,4
24307844,Springfield Gardens,150000,5
3882133,Bedford-Stuyvesant,180000,4
53364347,Little Italy,60000,2
13797575,Prospect Heights,90000,4
14918744,Bushwick,120000,4
24426588,Jackson Heights,180000,5
20646647,Astoria,250000,7
45487996,Elmhurst,120000,5
19260374,Long Island City,180000,6
3477849,Upper West Side,210000,5
3359657,Upper West Side,210000,5
46611375,Greenpoint,30000,2
21743515,Williamsburg,200000,4
17048413,Midtown,250000,3
53878538,Harlem,250000,8
9262087,East Harlem,120000,5
57237074,Schuylerville,60000,3
45359863,Crown Heights,200000,5
5924538,Upper East Side,200000,6
3165800,Bedford-Stuyvesant,180000,4
18405966,Financial District,40000,2
7569840,Bushwick,120000,4
42944655,Williamsburg,200000,4
53430623,Great Kills,180000,6
50375851,Rego Park,150000,4
17634955,Williamsburg,200000,4
20243468,Williamsburg,200000,4
46383275,Bushwick,120000,4
50428320,Bedford-Stuyvesant,180000,4
1551979,East Harlem,120000,5
22423396,Chelsea,80000,3
54040362,East Elmhurst,100000,3
21098428,City Island,60000,2
44661203,Brighton Beach,120000,5
8862774,Kips Bay,50000,2
48723370,Brooklyn Heights,100000,3
3646853,Harlem,250000,8
45969602,Crown Heights,200000,5
15485956,Allerton,60000,4
46062941,Crown Heights,200000,5
7842676,Little Italy,60000,2
5820706,Carroll Gardens,40000,2
4086484,Upper West Side,210000,5
12875786,Chinatown,100000,3
54269014,Rockaway Beach,60000,3
6376320,Crown Heights,200000,5
17346102,Bay Ridge,200000,5
9289150,Williamsburg,200000,4
57029962,Harlem,250000,8
21345307,East Village,110000,3
23537385,Long Island City,180000,6
54238085,Jamaica,250000,7
20394246,Woodhaven,100000,4
7520133,Chelsea,80000,3
24331593,Long Island City,180000,6
7603530,Tribeca,100000,4
7818375,Lower East Side,100000,3
47833062,Upper West Side,210000,5
1830338,Jamaica,250000,7
5843350,Bedford-Stuyvesant,180000,4
4388592,Flatlands,50000,3
54173466,Harlem,250000,8
55317280,Financial District,40000,2
6058747,Crown Heights,200000,5
25086587,Midtown,250000,3
3573949,Elmhurst,120000,5
12451620,Greenpoint,30000,2
7289824,Washington Heights,170000,6
26645730,Concourse Village,80000,5
18573865,Rockaway Beach,60000,3
25472092,Chinatown,100000,3
21306093,Bedford-Stuyvesant,180000,4
50648688,College Point,60000,3
54015508,Bedford-Stuyvesant,180000,4
22254945,Ridgewood,100000,4
23050257,Fort Greene,70000,3
53627794,Briarwood,80000,4
2070589,Crown Heights,200000,5
2762621,Chelsea,80000,3
23648398,Theater District,120000,4
1470239,Williamsburg,200000,4
22513421,East Flatbush,120000,5
52565169,Murray Hill,60000,2
10264512,Woodhaven,100000,4
4967402,South Slope,100000,3
22353254,Sheepshead Bay,100000,3
46633467,Hell's Kitchen,100000,3
57226581,Prospect Heights,90000,4
15393722,Bedford-Stuyvesant,180000,4
46942755,Chinatown,100000,3
7103699,Jamaica,250000,7
24809332,Hell's Kitchen,100000,3
56433478,Sunnyside,120000,5
54445198,Chelsea,80000,3
52723126,Astoria,250000,7
44641321,Upper West Side,210000,5
21479515,Midtown,250000,3
21901473,Greenpoint,30000,2
5570514,Bushwick,120000,4
4848658,Kips Bay,50000,2
21837958,Financial District,40000,2
17860846,Jamaica,250000,7
5583769,Bushwick,120000,4
24910403,Bedford-Stuyvesant,180000,4
8542993,Williamsburg,200000,4
20235184,Greenpoint,30000,2
49683820,Williamsburg,200000,4
47183557,Ditmars Steinway,80000,4
13620286,Harlem,250000,8
20173326,Bushwick,120000,4
19770147,Williamsburg,200000,4
7005942,Highbridge,120000,4
11870600,Chelsea,80000,3
19890548,Upper West Side,210000,5
7375430,Sheepshead Bay,100000,3
44338660,Harlem,250000,8
48775838,Morningside Heights,150000,5
4984524,Crown Heights,200000,5
12300289,Bushwick,120000,4
45150541,Sunnyside,120000,5
10838351,Bedford-Stuyvesant,180000,4
48968591,Harlem,250000,8
1733134,East Harlem,120000,5
19595068,Jamaica,250000,7
19946883,Williamsburg,200000,4
13832370,Lower East Side,100000,3
48383153,Upper West Side,210000,5
10882535,Flatbush,180000,5
17760880,Jamaica,250000,7
10324712,Kips Bay,50000,2
55828157,Upper East Side,200000,6
22183146,Tribeca,100000,4
57063100,Carroll Gardens,40000,2
48847085,South Slope,100000,3
7316334,Crown Heights,200000,5
50567500,Cypress Hills,100000,4
3302770,Whitestone,120000,5
55533229,Williamsburg,200000,4
7140703,Bushwick,120000,4
13456253,East Village,110000,3
47845765,East Village,110000,3
17164948,Gramercy,50000,2
50439366,Sheepshead Bay,100000,3
13845625,Emerson Hill,30000,2
21166914,East Harlem,120000,5
13102229,Sunnyside,120000,5
19512775,Rockaway Beach,60000,3
16522071,Gowanus,40000,2
16060900,Bergen Beach,120000,4
19041111,Rockaway Beach,60000,3
10547842,Sunset Park,250000,6
15271663,Windsor Terrace,30000,2
3193415,Boerum Hill,50000,2
21730260,Bedford-Stuyvesant,180000,4
51386560,Upper East Side,200000,6
22613387,Upper East Side,200000,6
55400677,Bedford-Stuyvesant,180000,4
2781951,Williamsburg,200000,4
2549985,Long Island City,180000,6
49255235,Kips Bay,50000,2
26329814,Ozone Park,150000,6
6698311,Harlem,250000,8
25187658,Upper East Side,200000,6
19205696,Greenpoint,30000,2
26750114,East Harlem,120000,5
17791808,Crown Heights,200000,5
9018523,Astoria,250000,7
47185214,Long Island City,180000,6
2451676,Chelsea,80000,3
43218596,Inwood,60000,2
24316681,Washington Heights,170000,6
17718905,Tribeca,100000,4
55558082,Harlem,250000,8
52759026,Bushwick,120000,4
53638840,Upper East Side,200000,6
12237327,Ditmars Steinway,80000,4
18753363,Hell's Kitchen,100000,3
17577516,Bedford-Stuyvesant,180000,4
18374485,Financial District,40000,2
12676958,Morris Park,180000,6
20589760,East Elmhurst,100000,3
7059515,Harlem,250000,8
53794588,Briarwood,80000,4
14449841,Crown Heights,200000,5
51306477,Greenpoint,30000,2
26280107,Midtown,250000,3
22459296,East Village,110000,3
7926073,Bedford-Stuyvesant,180000,4
1775661,Prospect-Lefferts Gardens,80000,4
47919221,Upper East Side,200000,6
46499810,Bay Ridge,200000,5
6818160,Financial District,40000,2
24632596,Bushwick,120000,4
48330132,Williamsburg,200000,4
20040222,Park Slope,150000,5
1073135,Harlem,250000,8
9635994,Prospect-Lefferts Gardens,80000,4
44293372,Upper West Side,210000,5
54395491,Bedford-Stuyvesant,180000,4
8732984,Hell's Kitchen,100000,3
7014778,East Elmhurst,100000,3
42993810,Harlem,250000,8
49783234,Harlem,250000,8
22619463,East Elmhurst,100000,3
15572115,Washington Heights,170000,6
55754701,Jackson Heights,180000,5
3531975,Harlem,250000,8
56553879,Upper West Side,210000,5
20329627,Williamsburg,200000,4
24141601,Canarsie,120000,4
7358309,Astoria,250000,7
8121035,Williamsburg,200000,4
2567659,Williamsburg,200000,4
43576486,Cypress Hills,100000,4
10117600,Crown Heights,200000,5
51331330,Hell's Kitchen,100000,3
24862353,NoHo,30000,2
7501907,Williamsburg,200000,4
1487912,Harlem,250000,8
19631520,Bedford-Stuyvesant,180000,4
25018102,Midtown,250000,3
17536093,Crown Heights,200000,5
51696953,Bedford-Stuyvesant,180000,4
47828092,Bedford-Stuyvesant,180000,4
44696551,Williamsburg,200000,4
51255665,Williamsburg,200000,4
48488090,Upper East Side,200000,6
24933047,Williamsburg,200000,4
48734416,South Slope,100000,3
56091052,Rosedale,150000,6
55545932,Sunnyside,120000,5
45649820,Lower East Side,100000,3
1939141,Washington Heights,170000,6
10448980,Morningside Heights,150000,5
48256676,Harlem,250000,8
22810006,East Village,110000,3
20932738,Tompkinsville,60000,3
44886542,Flushing,200000,7
10810184,Forest Hills,180000,6
23653921,Bushwick,120000,4
52933000,Bushwick,120000,4
18578284,Harlem,250000,8
17584144,NoHo,30000,2
10648360,Upper East Side,200000,6
46085033,Murray Hill,60000,2
45678540,Midtown,250000,3
51319180,Upper East Side,200000,6
16240398,Williamsburg,200000,4
7225757,Prospect-Lefferts Gardens,80000,4
11789412,Flatlands,50000,3
55468057,Bedford-Stuyvesant,180000,4
15951545,Hell's Kitchen,100000,3
16854555,East New York,150000,5
45027931,East Village,110000,3
13836788,Murray Hill,60000,2
43375449,Flatbush,180000,5
51318628,Bedford-Stuyvesant,180000,4
51720150,Upper East Side,200000,6
9714973,Upper West Side,210000,5
53301937,Greenpoint,30000,2
50205191,Astoria,250000,7
49897560,Richmond Hill,180000,5
4320107,Hell's Kitchen,100000,3
5017662,Park Slope,150000,5
27285845,Bedford-Stuyvesant,180000,4
25677548,Bushwick,120000,4
46619107,Hell's Kitchen,100000,3
11839119,Williamsburg,200000,4
48659303,Park Slope,150000,5
20567668,Financial District,40000,2
20476539,Cypress Hills,100000,4
14919296,Upper East Side,200000,6
8537470,Harlem,250000,8
53117469,Cypress Hills,100000,4
44745705,Prospect Heights,90000,4
20416890,Elmhurst,120000,5
56283805,Hell's Kitchen,100000,3
51162879,Greenpoint,30000,2
1570757,Midtown,250000,3
3652376,East Harlem,120000,5
26612039,Theater District,120000,4
22804483,Midtown,250000,3
54719139,Williamsburg,200000,4
5912940,Bedford-Stuyvesant,180000,4
57076907,Sunset Park,250000,6
57242045,Corona,200000,6
18324778,Bushwick,120000,4
51215900,Park Slope,150000,5
48673663,Upper West Side,210000,5
48704592,Chelsea,80000,3
48783571,Canarsie,120000,4
18268443,Financial District,40000,2
49266833,Ridgewood,100000,4
20212539,Bedford-Stuyvesant,180000,4
53585267,Downtown Brooklyn,150000,5
53671978,Rego Park,150000,4
18259054,Bedford-Stuyvesant,180000,4
21329842,Bay Ridge,200000,5
43014245,DUMBO,30000,1
50381374,Bedford-Stuyvesant,180000,4
56862063,Park Slope,150000,5
51471062,Sheepshead Bay,100000,3
49857794,Bedford-Stuyvesant,180000,4
11622065,Crown Heights,200000,5
49667251,SoHo,120000,4
21813657,Bushwick,120000,4
21436988,Jackson Heights,180000,5
16754589,Prospect-Lefferts Gardens,80000,4
14811598,Bushwick,120000,4
51570476,Crown Heights,200000,5
4896156,Financial District,40000,2
3750685,Harlem,250000,8
54106638,Bay Ridge,200000,5
48075522,Williamsburg,200000,4
56416357,Bedford-Stuyvesant,180000,4
4947520,Upper West Side,210000,5
53996178,Kensington,35000,2
23637904,Williamsburg,200000,4
4522249,Chinatown,100000,3
2421299,West Village,100000,2
11975537,Williamsburg,200000,4
7913923,Morningside Heights,150000,5
16953417,Long Island City,180000,6
44414325,West Village,100000,2
6189642,Williamsburg,200000,4
44201690,Park Slope,150000,5
24758521,Dongan Hills,150000,5
10702486,Bedford-Stuyvesant,180000,4
52113387,Williamsburg,200000,4
25323523,Long Island City,180000,6
54372847,Upper West Side,210000,5
17586905,Midtown,250000,3
2292613,Chelsea,80000,3
50442680,Boerum Hill,50000,2
26779386,Harlem,250000,8
11391204,Bedford-Stuyvesant,180000,4
24500596,Hell's Kitchen,100000,3
48389781,East Harlem,120000,5
45135629,Prospect Heights,90000,4
17562052,Murray Hill,60000,2
17355491,Williamsburg,200000,4
3217164,Bushwick,120000,4
21557942,Financial District,40000,2
4718867,Greenwich Village,150000,3
