id rent,area,service fee
17793465,Williamsburg,174
57160857,Astoria,207
15996281,Upper West Side,222
15988549,Williamsburg,206
8038190,SoHo,14
15571010,Lower East Side,193
6095751,Washington Heights,235
57256405,Flatbush,208
3512092,Williamsburg,30
2506906,Bedford-Stuyvesant,64
3214402,Astoria,132
2611291,Williamsburg,152
18393263,Financial District,227
5313694,Williamsburg,161
17455458,Midtown,126
57313292,Glendale,171
27050566,Bedford-Stuyvesant,129
49931250,Chelsea,226
7077741,Elmhurst,92
6476838,Kips Bay,53
4383069,Park Slope,76
3148678,Flatbush,134
24494521,Harlem,31
15004903,Flatbush,227
1966204,Upper West Side,63
8497704,Williamsburg,72
2776981,Lower East Side,178
57027753,Bedford-Stuyvesant,182
47314453,Crown Heights,177
48232375,Harlem,15
10087223,East Harlem,75
23457302,Rosedale,240
43844904,Crown Heights,228
24961215,Crown Heights,48
25566535,Williamsburg,34
26662299,Washington Heights,114
17136781,Westerleigh,111
7756517,Bedford-Stuyvesant,106
5487669,Chelsea,26
7234594,Harlem,82
47469649,South Slope,190
50862980,Bushwick,207
45868531,East Harlem,98
49894246,Hell's Kitchen,210
47528193,West Village,116
2589199,East Flatbush,180
10186637,Bushwick,209
26156392,Upper East Side,98
3851756,Kensington,15
16938505,Hell's Kitchen,62
44652919,Glendale,171
53995626,East Flatbush,35
2384295,Financial District,85
17861398,Harlem,32
2211425,Prospect Heights,196
17317935,Harlem,212
11608810,Jamaica,105
46424145,East New York,152
44993136,Williamsburg,89
56501411,Bushwick,162
7143464,Morningside Heights,129
17255525,Bushwick,187
3586652,Williamsburg,235
48985160,East Village,203
14110177,East Village,86
11852926,East Harlem,141
46785901,Hell's Kitchen,83
24175292,Belmont,91
54739021,Cypress Hills,167
50914896,West Village,220
52287914,Upper East Side,183
50495701,East Flatbush,158
52671763,Gramercy,75
52121119,Bedford-Stuyvesant,235
51282176,Harlem,194
3391690,East Village,26
14787296,East Morrisania,60
16264699,Williamsburg,54
4560357,Gramercy,153
8243094,Fort Greene,121
8645168,Bushwick,226
47835824,Fort Greene,32
54592662,Bedford-Stuyvesant,237
21007851,SoHo,59
9873483,Greenpoint,26
52425989,South Slope,193
13038715,Bedford-Stuyvesant,140
19347085,Stapleton,206
1650841,Chelsea,44
52432064,Bushwick,80
24846336,East Harlem,169
23287193,Sunnyside,71
8326491,Bedford-Stuyvesant,197
9838136,Upper West Side,76
23461720,Port Morris,146
26934030,Fort Greene,79
16245368,Harlem,33
43289842,Sunnyside,234
18994718,Kips Bay,104
3574502,Park Slope,207
27450431,Bedford-Stuyvesant,192
56881945,Hell's Kitchen,135
18465062,Tompkinsville,32
24306187,Harlem,121
22455430,Bedford-Stuyvesant,66
7699630,Windsor Terrace,11
21593289,Prospect-Lefferts Gardens,173
53540530,Greenpoint,144
5154632,Crown Heights,37
13715282,Williamsburg,99
49669460,Astoria,105
18371723,Gowanus,99
19919268,Flatbush,217
10150186,Washington Heights,63
51644485,Crown Heights,66
8130977,Kips Bay,150
18639037,Windsor Terrace,23
57174664,Sunnyside,41
8702055,Williamsburg,112
20476539,Cypress Hills,175
23332482,Greenpoint,219
7488100,Upper East Side,204
23645084,Bedford-Stuyvesant,204
4633261,Red Hook,228
43180487,Jamaica,105
48389781,East Harlem,77
21972167,Lower East Side,65
22947529,Bedford-Stuyvesant,234
19339905,Forest Hills,123
5398196,Harlem,104
14085875,Williamsburg,86
50802779,Arverne,72
56730063,Midtown,45
6930829,East Village,39
24445366,Bushwick,157
4670265,Williamsburg,102
7841019,Bedford-Stuyvesant,36
50247718,Greenpoint,96
25763154,Ridgewood,85
26876039,Hell's Kitchen,120
49918547,Bedford-Stuyvesant,219
1744732,Tribeca,26
6354780,Kips Bay,27
1790020,Cobble Hill,99
24401182,Williamsburg,105
2639458,Williamsburg,199
56244039,East Harlem,119
6267517,Prospect Heights,182
43194295,Crown Heights,14
3029382,Chelsea,216
49589376,Flatbush,134
1610523,Lower East Side,85
4209094,Upper West Side,114
9404028,Chelsea,204
54692076,Bedford-Stuyvesant,64
12513477,Schuylerville,120
21977690,Lower East Side,59
11542534,Harlem,175
21802059,Wakefield,218
49433075,Harlem,44
24435425,Hell's Kitchen,174
47447557,Williamsburg,230
8170742,Bedford-Stuyvesant,79
25125800,Upper West Side,99
17029634,Greenpoint,28
56880289,Williamsburg,120
23419745,East Elmhurst,142
10404244,Kensington,92
24767357,Ozone Park,61
21636369,Midtown,193
44992031,Harlem,184
2254505,Greenpoint,239
20701877,Hell's Kitchen,126
23157403,Bedford-Stuyvesant,167
10651674,Bedford-Stuyvesant,128
53892346,Upper East Side,67
53579191,Upper East Side,133
55939722,Brighton Beach,57
3860593,Williamsburg,170
14341590,Cobble Hill,179
4990599,Midtown,205
43004303,Forest Hills,37
46223660,Astoria,151
8997535,Gowanus,207
20963667,Greenpoint,187
3409916,East Harlem,61
43325742,Bushwick,92
3190653,Nolita,116
9648145,Prospect-Lefferts Gardens,226
15670976,Upper East Side,230
27518364,Flatbush,149
18917396,Inwood,61
24532078,Midtown,177
23657787,Bushwick,118
48776943,Upper East Side,14
25412444,Hell's Kitchen,185
7467664,Upper West Side,48
6204002,Bushwick,87
5248523,Nolita,22
56184943,Harlem,28
4811654,Nolita,14
43226328,Washington Heights,11
17315726,Upper East Side,208
49015537,Williamsburg,234
17899507,Midtown,16
12205846,Fort Greene,225
3940677,Bedford-Stuyvesant,98
51405891,East Harlem,226
1742523,SoHo,38
3881028,Bushwick,41
11548609,Ridgewood,40
1870656,Woodside,208
9811626,Upper West Side,23
3618133,South Slope,58
24989382,Upper East Side,30
8502675,Lower East Side,168
51901304,Harlem,28
26094534,Crown Heights,131
21935715,Bedford-Stuyvesant,118
25265532,Chelsea,29
1743627,Harlem,124
8681068,Harlem,28
16894321,Williamsburg,72
19844707,SoHo,36
4977344,Midtown,26
48147873,Greenwich Village,26
20973056,Borough Park,231
18815220,East Village,120
19463068,Long Island City,108
3789899,Lower East Side,238
55727086,Hell's Kitchen,116
8522005,Astoria,99
14405105,Upper West Side,47
50231701,West Village,126
25046821,Financial District,145
44707044,Harlem,226
2437316,Upper East Side,118
19237730,East Flatbush,35
50034530,East New York,81
49855585,Bedford-Stuyvesant,24
47683389,Hell's Kitchen,12
4966298,Midtown,239
24305635,Brownsville,96
2682537,Upper West Side,196
20780856,Murray Hill,238
22933721,Queens Village,122
44264652,Williamsburg,184
56600825,Crown Heights,170
19683436,Bedford-Stuyvesant,218
22306861,East Village,134
50885624,East Elmhurst,233
55784525,Chelsea,170
26031020,Williamsburg,88
1206239,Bedford-Stuyvesant,234
7724484,Clinton Hill,207
3213850,Upper West Side,222
44508216,Fresh Meadows,26
9234472,Flatiron District,164
3326519,Hell's Kitchen,117
18344108,East Flatbush,230
4151655,Upper West Side,145
11601078,West Village,86
10295440,Lower East Side,79
20384857,Lower East Side,166
19322784,East Harlem,91
23161269,Queens Village,228
47606067,Corona,154
13973758,Prospect-Lefferts Gardens,114
1403410,Nolita,32
14157122,East Harlem,70
50524420,Greenpoint,231
43753222,Sunset Park,131
10391541,Upper East Side,75
23372248,Lower East Side,28
43433993,Bedford-Stuyvesant,103
7730007,Carroll Gardens,130
1992715,Greenpoint,30
26995888,Morris Heights,172
2553299,Nolita,233
15809604,Financial District,80
11854031,Bedford-Stuyvesant,20
43347282,St. Albans,120
3180712,Financial District,28
54221516,Upper West Side,161
3607087,East Flatbush,13
19022333,Tompkinsville,208
8455177,Jamaica,59
20035803,Canarsie,84
11570149,Midtown,95
9661952,Gowanus,36
10291574,Bedford-Stuyvesant,38
19560825,Upper West Side,128
25157281,Bedford-Stuyvesant,169
5426916,Fort Greene,151
20899600,Bedford-Stuyvesant,51
48276559,Midtown,93
24522688,Hell's Kitchen,69
49028792,Bedford-Stuyvesant,116
22882357,Bedford-Stuyvesant,212
6625407,East Village,20
44069690,Midtown,45
54977063,Bushwick,38
51729539,Flushing,160
49781577,Tottenville,220
56868690,Midtown,204
56241830,Theater District,77
16001252,Springfield Gardens,18
23635695,Upper West Side,70
2423509,Bedford-Stuyvesant,120
52283496,Upper West Side,234
53420129,Gramercy,88
3165800,Bedford-Stuyvesant,41
10145767,South Slope,103
5732890,Maspeth,33
12516791,Lower East Side,176
12906715,Woodside,40
54939506,Park Slope,20
4583554,Bushwick,213
51019833,Greenwich Village,194
44906425,Upper West Side,26
7368803,Canarsie,23
48346149,Harlem,91
12914447,Greenpoint,196
18387740,Upper West Side,58
45686272,Chinatown,180
18480526,Sunset Park,233
47391775,Ditmars Steinway,156
18753915,Prospect-Lefferts Gardens,40
56197093,Bedford-Stuyvesant,54
49372875,Forest Hills,30
9459258,Bushwick,216
44459614,Sunset Park,106
48144559,Bedford-Stuyvesant,121
46848311,Chinatown,27
47725916,Bedford-Stuyvesant,201
22285321,Midwood,121
46609718,Financial District,170
55102987,Hell's Kitchen,227
42829777,Hell's Kitchen,179
5906865,Williamsburg,83
2018120,Bedford-Stuyvesant,132
21660118,Cypress Hills,127
9687910,Sunset Park,69
43158395,East Harlem,97
3353582,Morningside Heights,20
2764278,Hell's Kitchen,24
44985403,Tribeca,228
7240117,Corona,126
5093879,Gramercy,20
54231458,Hell's Kitchen,96
48548843,Chelsea,66
5040306,Far Rockaway,237
20459970,Clifton,113
11750751,Upper West Side,11
20256171,Bedford-Stuyvesant,126
3753999,Chelsea,72
11881094,Hell's Kitchen,206
4013028,Kips Bay,171
16588347,Greenwich Village,132
21309959,Hell's Kitchen,51
25119725,Arverne,21
7840467,Williamsburg,236
3048160,East Village,13
18947220,Crown Heights,33
20778647,Astoria,164
21832435,East Flatbush,125
18583254,Flushing,205
10903523,Maspeth,55
49811401,Williamsburg,113
27284188,East Village,46
50206848,Hunts Point,170
21982661,Pelham Gardens,115
21308302,Morningside Heights,122
24783926,Bushwick,216
3413230,Woodhaven,240
9758605,Astoria,178
21494428,Harlem,197
27006934,Kips Bay,91
21369055,Sunset Park,189
27647050,Bedford-Stuyvesant,216
57076907,Sunset Park,182
20388171,East Village,24
21485038,Williamsburg,183
9472513,Bedford-Stuyvesant,182
24509986,Bedford-Stuyvesant,147
15172249,Concord,209
4790666,Mount Hope,209
18781530,Greenpoint,120
54488830,Sunnyside,100
54508712,Williamsburg,31
15346776,Bushwick,17
15379914,Washington Heights,31
8989251,Hell's Kitchen,194
24185785,Elmhurst,77
3551305,Greenpoint,199
26088459,Flushing,155
14379147,Boerum Hill,167
18407071,East Village,172
11468526,East Village,96
11199556,Bedford-Stuyvesant,55
45992799,South Slope,65
12879652,Hell's Kitchen,214
7549957,Flatbush,62
48723922,Upper West Side,194
22909420,Fort Greene,189
3809782,Hell's Kitchen,85
11261965,Harlem,145
4337228,Upper West Side,127
54220412,Upper West Side,155
14920401,Hell's Kitchen,168
9969031,Chelsea,193
1793334,Williamsburg,232
9202991,Bushwick,181
1899928,Kips Bay,134
2062857,Lower East Side,178
22775211,Crown Heights,26
15001036,Flatlands,67
23320884,Harlem,88
7506325,East Village,157
44032134,Chelsea,102
56266131,Bedford-Stuyvesant,103
18876526,Tribeca,192
23460616,Washington Heights,230
3085716,Jamaica,97
51031432,Bedford-Stuyvesant,27
13341375,Woodhaven,214
7218025,East Harlem,52
10123123,East Harlem,163
17819423,NoHo,187
4211856,Chelsea,167
6888854,Upper East Side,58
18403204,Williamsburg,43
25676443,Crown Heights,60
13519216,Upper West Side,207
4793428,Williamsburg,210
15377153,Harlem,41
47634787,Washington Heights,207
2129685,East Village,118
19634281,Flatbush,139
14302377,Murray Hill,105
2509115,St. Albans,195
26847319,Harlem,115
11522099,Flatbush,168
11189062,Long Island City,39
9767994,Crown Heights,121
2292613,Chelsea,27
19269211,Crown Heights,66
7791865,Chelsea,44
13724119,Williamsburg,29
26813077,Hell's Kitchen,153
49746229,Upper West Side,169
25652694,Hell's Kitchen,228
22162711,Midtown,164
43883013,East Village,205
53659275,Boerum Hill,57
48162785,Bushwick,165
12636640,Midtown,204
15027547,Longwood,199
4582449,Harlem,17
4753110,Upper West Side,76
6979431,Midwood,93
15265588,Lower East Side,93
50140019,Harlem,80
7398075,Bedford-Stuyvesant,229
56382114,Midtown,171
45592381,Bushwick,161
2706838,Bedford-Stuyvesant,119
55818768,St. Albans,140
55759672,East Village,38
4645964,Ditmars Steinway,118
44813638,East Village,33
26887085,Riverdale,48
14944702,Fresh Meadows,130
18421983,Clinton Hill,96
17694604,Lower East Side,199
10334101,Hell's Kitchen,56
25981865,Bedford-Stuyvesant,157
27251050,East Village,54
54269014,Rockaway Beach,169
16700464,College Point,47
19631520,Bedford-Stuyvesant,52
43033575,Sunnyside,198
7201456,Washington Heights,182
17142304,East Harlem,205
17748177,Hell's Kitchen,128
13704236,Jamaica,239
22827680,Harlem,214
48878566,Prospect-Lefferts Gardens,149
15669872,Upper West Side,74
45812749,Morningside Heights,36
24886102,East Elmhurst,226
55644793,Bedford-Stuyvesant,145
2335141,Astoria,54
25353348,Sheepshead Bay,62
16510472,East Harlem,194
23259026,Tompkinsville,150
11450852,Upper West Side,20
16272983,Windsor Terrace,111
52293437,Maspeth,140
48081597,Williamsburg,37
21925774,Midtown,170
25674786,Chelsea,74
5922329,Williamsburg,78
1623226,Harlem,235
2553851,Williamsburg,219
55360359,Bedford-Stuyvesant,159
14244938,Harlem,12
1062089,Gowanus,106
2020882,Greenpoint,217
11126100,West Village,55
3194519,Bedford-Stuyvesant,15
27092540,Upper East Side,166
2438973,Bedford-Stuyvesant,100
3958350,Upper West Side,126
19260374,Long Island City,195
24656897,Harlem,61
19229445,Prospect-Lefferts Gardens,233
22008067,DUMBO,110
18303238,Hell's Kitchen,75
11351990,Tribeca,76
9110205,Murray Hill,178
9009134,Chelsea,19
22204133,Harlem,75
43443382,Chelsea,96
5921224,Bedford-Stuyvesant,177
11758483,Hell's Kitchen,205
22970173,Murray Hill,85
44697655,East Elmhurst,196
8682172,Park Slope,179
6021743,South Slope,204
48985712,Flatbush,194
16815894,East New York,102
51358393,Bedford-Stuyvesant,182
22179832,Morningside Heights,60
15364450,Bedford-Stuyvesant,141
18562267,Springfield Gardens,209
2726721,Harlem,208
27352121,Borough Park,57
23207662,Upper East Side,176
54490486,Long Island City,223
19116776,Maspeth,173
16444749,Financial District,170
49835702,Bedford-Stuyvesant,70
8324834,East Harlem,187
22112451,Gramercy,118
5699200,Park Slope,141
44738525,Flushing,160
8336985,Upper West Side,68
13914110,Bensonhurst,159
5379970,Jamaica Estates,87
55457564,Harlem,82
4627738,Prospect-Lefferts Gardens,76
13271233,Maspeth,80
52138241,Mott Haven,222
20838847,East New York,98
13158564,Jamaica,65
8575578,Hell's Kitchen,87
21683866,Canarsie,36
13009995,Corona,206
14294092,Bedford-Stuyvesant,182
19020676,East Harlem,212
16200080,Columbia St,215
18866032,Hell's Kitchen,200
43910628,Chelsea,110
27170415,East Village,198
5586531,Prospect-Lefferts Gardens,14
43595264,Lower East Side,183
8676649,Williamsburg,72
53127962,Upper East Side,123
55709965,Elmhurst,62
52310558,Elmhurst,108
55973964,Cypress Hills,103
17895088,Midtown,188
26258015,Bedford-Stuyvesant,61
6400069,Williamsburg,194
10175039,Bedford-Stuyvesant,117
25888526,Ditmars Steinway,161
1656364,Upper West Side,105
17710620,East Elmhurst,203
26265747,Bay Ridge,156
8555143,Hell's Kitchen,167
9318974,Upper West Side,42
55381346,East New York,113
10712427,Midwood,123
10055742,Chelsea,199
19209010,Williamsburg,155
45274809,Williamsburg,113
3231523,Bedford-Stuyvesant,39
43633373,Midtown,231
2154538,Crown Heights,154
6099617,Springfield Gardens,81
6542010,Upper East Side,230
26723052,Upper West Side,11
49752857,Bedford-Stuyvesant,153
48445011,Crown Heights,238
8967159,Prospect Heights,228
55577965,East New York,143
45558691,Bushwick,142
48827755,Clinton Hill,207
3842367,Upper West Side,22
55753597,Flatbush,23
15590893,Williamsburg,231
18038686,University Heights,165
19354265,Hell's Kitchen,159
25491423,Hell's Kitchen,21
17918285,West Village,113
2471006,Washington Heights,210
49520339,Cambria Heights,61
24265317,Sunnyside,20
8985937,Williamsburg,96
53020264,East Harlem,159
24469115,Bedford-Stuyvesant,44
25406368,Bedford-Stuyvesant,12
19934732,Bushwick,150
57230999,Harlem,22
57114464,Gowanus,74
24699424,Upper West Side,236
2469902,SoHo,115
14061574,Carroll Gardens,226
56234650,Bedford-Stuyvesant,198
53973534,East Village,158
54234772,Cypress Hills,221
11803772,Flatbush,198
7011465,East Village,203
51367782,East Village,72
26949495,Midtown,50
26278450,Gramercy,38
22423396,Chelsea,185
4641545,East Harlem,220
22059983,Flushing,225
1631510,Williamsburg,240
4410684,Bushwick,57
51897438,Astoria,187
7882442,SoHo,148
22934274,SoHo,204
57020573,Upper East Side,77
45342189,Crown Heights,204
27396305,North Riverdale,147
55543723,Wakefield,73
17713382,Washington Heights,31
18211556,Midtown,133
46535710,Ditmars Steinway,166
4653696,Hell's Kitchen,70
5419736,Upper East Side,179
10383256,Hell's Kitchen,146
5109343,Upper West Side,16
20987968,Midtown,111
27007486,East New York,20
56659369,East Harlem,42
23551193,Sunnyside,118
3946752,SoHo,232
2195961,SoHo,19
3386167,Upper West Side,116
43974694,Chelsea,14
9513936,Chelsea,180
13177894,Upper West Side,41
47788326,Elmhurst,138
19451470,East Flatbush,119
50089760,Brighton Beach,153
53455476,Cypress Hills,77
17527257,Midtown,100
14939179,Bedford-Stuyvesant,100
24522136,Vinegar Hill,107
22916048,Cypress Hills,185
6604972,Williamsburg,125
4643755,Ditmars Steinway,116
2457199,Bedford-Stuyvesant,187
43029709,Harlem,44
11903738,Boerum Hill,157
3473431,Bushwick,208
1440415,Williamsburg,90
27396858,Ridgewood,46
20469359,Hell's Kitchen,124
8661737,Prospect-Lefferts Gardens,217
26687152,Financial District,64
12497461,Rego Park,215
5758848,Williamsburg,150
4164910,Williamsburg,140
21122177,Chelsea,86
46900228,Flatlands,80
47510519,Midtown,146
48015874,Clinton Hill,169
24749684,East Elmhurst,15
21868335,Williamsburg,143
3327071,East Village,124
1589536,Jackson Heights,227
13282279,East Village,170
17989532,Harlem,116
8166324,East Village,232
2124714,Greenpoint,209
22881805,Chelsea,91
48084359,Maspeth,133
24424931,Bushwick,222
22829337,Lower East Side,15
22523915,East Village,135
13361258,Greenpoint,89
57200070,Gramercy,157
7856484,Williamsburg,169
7289824,Washington Heights,169
19121747,Chinatown,157
6757959,Murray Hill,27
54699256,Washington Heights,96
53966906,Williamsburg,155
7592484,Bushwick,128
47900995,Crown Heights,40
48639420,Ridgewood,62
49610916,East Village,62
27001963,East Village,193
45052232,Grant City,210
1664648,East Village,25
51240201,Midtown,148
21019450,SoHo,66
19564691,Park Slope,57
8994774,Upper West Side,198
6290713,Bushwick,15
13668889,Bedford-Stuyvesant,158
23584331,Upper East Side,220
55647555,Bedford-Stuyvesant,117
23620783,Glendale,166
10846636,Harlem,94
24274153,Ridgewood,164
3152545,Clinton Hill,229
25842133,Theater District,218
24685065,Gowanus,84
7218577,East Village,24
4680759,Williamsbridge,231
22009171,St. Albans,237
22587429,Tribeca,155
7517924,Harlem,106
10293231,East Flatbush,105
53581401,Hell's Kitchen,83
12698498,Prospect Heights,143
51350109,Upper East Side,11
1389603,Arrochar,92
18445732,Lower East Side,77
1693368,Chelsea,31
48863654,Ditmars Steinway,223
9314556,Bedford-Stuyvesant,194
17377583,Tribeca,70
8369570,Midtown,199
44526442,Highbridge,209
48046802,Harlem,56
2223576,Williamsburg,161
27047804,Clinton Hill,98
21397223,Elmhurst,147
45649820,Lower East Side,146
3397766,Upper West Side,60
13357392,Long Island City,235
9770203,Ditmars Steinway,106
10992995,East New York,208
14621606,Arverne,209
48829964,Prospect Heights,21
48278768,Harlem,101
16422104,Arverne,207
55753044,East Flatbush,199
22712249,Harlem,20
55170920,Park Slope,184
24595040,East Elmhurst,106
24590621,Harlem,55
19455336,Williamsburg,78
45689034,East Flatbush,120
20088272,East Village,177
14321155,Williamsbridge,150
14100787,Woodside,236
53216330,Upper West Side,222
24941884,Chelsea,135
1630958,Civic Center,171
3832426,Greenwich Village,205
17620595,Bedford-Stuyvesant,129
56727301,Kensington,180
22581906,Washington Heights,235
3499389,Bedford-Stuyvesant,201
57137108,St. George,205
8906406,Bedford-Stuyvesant,56
8699846,Flatbush,45
2187124,Midtown,185
4034015,Williamsburg,41
20328522,East Harlem,146
23726272,Williamsburg,100
26285630,Kensington,103
47970585,Upper West Side,124
56678147,Ditmars Steinway,222
24558588,East Village,179
44794860,Crown Heights,225
18449598,Williamsburg,38
7466560,Harlem,22
16622037,Mill Basin,143
48378735,Lower East Side,140
49890380,Crown Heights,187
2165032,Williamsburg,20
3002871,Harlem,199
2520161,Greenpoint,57
2784713,Williamsburg,191
46774855,Crown Heights,173
22175966,Flushing,215
5564991,Bushwick,25
9992780,Gramercy,48
43308621,Nolita,236
2697449,Williamsburg,51
18329749,Midtown,77
47802686,Harlem,189
25272160,East Flatbush,234
9505099,Astoria,41
53351644,Jamaica,201
54612545,Jackson Heights,219
46640647,Westchester Square,68
17765850,Grant City,91
7652685,Parkchester,45
3962216,Greenpoint,92
48417396,East Village,37
15155680,Financial District,234
14618293,Woodhaven,128
21957255,Bedford-Stuyvesant,166
51799129,South Slope,86
17557633,Richmond Hill,200
25312477,Murray Hill,11
46909064,East Flatbush,106
2132999,Williamsburg,210
7094310,East Village,83
15672633,East Flatbush,238
15331864,East Village,206
20044088,Bedford-Stuyvesant,35
1751912,Washington Heights,60
5406481,SoHo,160
4671370,East Village,103
51440686,East Village,53
48159472,East Village,210
44356886,Upper East Side,36
43081073,Crown Heights,239
17358253,East Harlem,228
52439244,Kips Bay,196
8170190,Inwood,38
13964369,Greenpoint,14
3136528,Hell's Kitchen,164
25623975,Rosedale,119
52664030,Olinville,180
51135816,Upper West Side,39
24496730,Astoria,45
53579744,Astoria,174
9731542,Harlem,49
18849463,Williamsbridge,185
24699977,Harlem,151
4411236,Bedford-Stuyvesant,126
23218156,Flatbush,113
25751556,Hunts Point,197
11635873,Williamsburg,209
17225149,Midtown,80
5023737,Bedford-Stuyvesant,25
26747353,Midtown,24
45042290,Harlem,75
21163048,St. Albans,118
2541701,West Village,146
11461898,Sunnyside,198
13304923,Mott Haven,72
46773751,Lower East Side,225
2489785,Bushwick,225
8406574,Harlem,196
12689109,East Harlem,160
4659771,Hell's Kitchen,25
2651608,Sunnyside,90
3768911,Upper East Side,177
7789655,Harlem,58
22184250,St. George,111
11249815,West Village,186
49994212,Elmhurst,178
12379268,Harlem,231
3812543,Hell's Kitchen,160
44976567,Williamsburg,235
27030130,East New York,116
22328401,Lower East Side,112
25472092,Chinatown,16
25554385,Harlem,188
22355463,Bedford-Stuyvesant,169
4407370,West Village,190
3411021,Upper West Side,54
46823458,Brighton Beach,223
12956974,Crown Heights,167
17979038,Washington Heights,132
53868597,Upper East Side,44
48642182,Long Island City,30
9594572,Upper West Side,238
9201886,East Harlem,11
18678802,St. Albans,32
7046260,Washington Heights,11
2692479,Williamsburg,149
5674346,Bedford-Stuyvesant,50
19021780,East Flatbush,99
50687349,Cypress Hills,25
15883612,Hell's Kitchen,25
7224100,Midtown,123
52655746,Midtown,141
24814303,Carroll Gardens,222
8286173,Crown Heights,95
26502684,Fort Greene,67
55463087,Washington Heights,99
24195727,Financial District,61
24982202,East Harlem,16
12723904,South Slope,19
1402858,Upper East Side,181
47033884,East Elmhurst,128
10767657,Bedford-Stuyvesant,93
3569531,Kips Bay,227
51266711,Fordham,103
48134618,Harlem,16
47386252,Greenpoint,84
56894096,Bedford-Stuyvesant,62
6761825,Prospect-Lefferts Gardens,81
26740725,Bedford-Stuyvesant,48
6387918,Crown Heights,211
43371031,Prospect-Lefferts Gardens,15
47692778,Bushwick,17
56574314,East Harlem,83
13942830,Bushwick,144
7605187,Greenpoint,41
2810671,East Village,139
52387328,Woodside,238
46870956,Prospect-Lefferts Gardens,41
2785265,Bedford-Stuyvesant,190
42952387,Flatbush,25
20567116,Chelsea,217
49846748,Bedford-Stuyvesant,216
18084527,Crown Heights,215
8078508,Crown Heights,60
21768368,East Harlem,40
8754523,Crown Heights,122
7172184,Washington Heights,65
45600113,Sunnyside,191
21767264,Hell's Kitchen,88
54434704,Bedford-Stuyvesant,232
5110448,Midtown,162
21260805,Flushing,192
24835843,Bedford-Stuyvesant,22
8570055,Flatbush,183
10182219,Prospect Heights,153
43840486,Harlem,42
25432879,Upper East Side,36
42904889,Williamsburg,161
56729511,Rego Park,215
3181816,Greenpoint,187
9613902,Midtown,37
14864618,Bedford-Stuyvesant,85
20601911,Bedford-Stuyvesant,129
20329627,Williamsburg,82
6147667,Jamaica,131
7754308,Carroll Gardens,138
13299952,Williamsburg,30
14207934,University Heights,86
20461627,Crown Heights,71
7368250,Cobble Hill,53
43357775,Bedford-Stuyvesant,46
1393469,Financial District,97
6127232,Harlem,87
24882788,Harlem,133
24511090,East Harlem,231
18641246,Jamaica,118
23243562,Chinatown,74
9020732,Kips Bay,26
21509892,Bay Ridge,33
3767254,Washington Heights,68
2399760,SoHo,35
13959951,Bushwick,48
54033182,Williamsburg,111
23036449,Chinatown,201
24700529,Hell's Kitchen,92
20743300,Jamaica,48
51600301,South Slope,158
3913062,Bushwick,93
56726749,Inwood,229
20577057,Bedford-Stuyvesant,117
51518008,Far Rockaway,156
3320996,Harlem,44
8507645,Greenpoint,205
14924819,Jamaica,84
56024224,Upper West Side,210
12450515,Fieldston,162
53868044,East Flatbush,29
25116963,Kips Bay,108
26331471,East Village,190
12823870,Upper East Side,226
56461645,Williamsburg,199
17036814,Upper East Side,163
52317186,Washington Heights,104
13687667,Stapleton,71
26218249,Gramercy,207
3079641,Sunnyside,114
21406612,Upper East Side,31
6856821,Lower East Side,193
16595527,Arverne,39
49473946,Chelsea,87
18172343,Financial District,80
3472326,Upper East Side,229
25602435,NoHo,177
48400827,Upper West Side,76
27459820,Williamsburg,35
9649249,East Elmhurst,145
16943476,Upper East Side,28
10911255,Chelsea,87
55063774,Upper West Side,129
50121241,Jamaica,234
7544434,Prospect-Lefferts Gardens,141
24702738,Crown Heights,202
11462450,Sunnyside,77
11281296,Williamsburg,47
1774556,Harlem,205
17135676,Long Island City,210
8026040,Williamsburg,186
3968292,East Harlem,107
20760973,Ditmars Steinway,145
10421917,Lower East Side,152
54071843,Crown Heights,238
7273255,Crown Heights,82
1294607,Sunnyside,35
47614904,Harlem,208
6390127,Midwood,218
44324853,Chinatown,92
2105936,Prospect-Lefferts Gardens,137
49217678,Harlem,98
43289290,Sunnyside,96
24110673,Sunnyside,138
9279208,SoHo,190
6612704,Bushwick,192
24711575,Hell's Kitchen,39
8724699,Woodside,196
57000690,Hell's Kitchen,11
25705163,Bushwick,97
19711603,Williamsburg,97
52365236,Lower East Side,92
1799410,Prospect Heights,188
17210236,Stapleton,111
11860106,Bushwick,225
51944383,Midtown,68
53178774,Washington Heights,92
49318197,Upper West Side,110
8597118,Upper West Side,231
23270072,Cypress Hills,107
21544687,Queens Village,136
18868241,Sheepshead Bay,88
3001214,Harlem,56
43401959,Midtown,144
49072976,Midtown,97
13180656,Brighton Beach,134
2441182,Midtown,192
48282634,Crown Heights,79
6018429,Upper West Side,112
13433609,West Village,114
26692675,East Elmhurst,188
5620773,East Harlem,219
9739827,Morningside Heights,159
24580128,Financial District,186
9659191,Williamsburg,81
21381758,East Harlem,208
4433328,Upper East Side,184
22721638,Crown Heights,114
17721114,Washington Heights,136
49376188,Murray Hill,227
48176041,Chelsea,28
5528539,Long Island City,237
53446087,Great Kills,50
52482324,Prospect-Lefferts Gardens,128
47909280,Chelsea,41
44542459,Upper East Side,162
6029475,Upper West Side,85
44003414,Hell's Kitchen,88
9845316,Bushwick,91
18931203,Williamsburg,106
10709665,Ditmars Steinway,78
24637015,Bedford-Stuyvesant,200
14488502,Morris Park,226
46642303,East New York,80
54436913,East Village,235
19476876,Cypress Hills,221
9066021,Bay Ridge,28
25269398,Washington Heights,178
15117572,Astoria,31
4172643,Williamsburg,115
11154819,East Flatbush,86
12511820,Chelsea,216
44174627,East Flatbush,96
9871274,Upper East Side,73
23789234,Hell's Kitchen,44
22704517,Greenpoint,54
50394630,Bushwick,209
19000241,SoHo,16
6854611,Bushwick,150
47270269,West Village,215
16219963,Harlem,180
23774322,Glendale,100
7341188,Greenpoint,40
20799082,Queens Village,152
26811972,East Village,10
53607359,Williamsbridge,185
42854630,Bushwick,20
4412893,Long Island City,183
25114202,Flushing,208
53865283,Hell's Kitchen,62
21941791,Upper West Side,92
22464819,Bushwick,127
24524345,Bedford-Stuyvesant,93
21624218,Kensington,64
15642809,Harlem,119
17141751,Bedford-Stuyvesant,27
1320565,Bensonhurst,93
11024476,Harlem,207
6828653,Chinatown,199
54384445,Bedford-Stuyvesant,48
20363869,Upper East Side,16
26179036,Prospect-Lefferts Gardens,227
16453585,Flatlands,59
8100048,Tribeca,224
13023802,Canarsie,207
11566835,St. George,13
1723192,East Village,128
19519955,Sunset Park,52
13541308,Bedford-Stuyvesant,114
43996234,Bedford-Stuyvesant,176
43086044,Hell's Kitchen,137
4378098,Harlem,26
52455813,Bushwick,185
15462207,East Elmhurst,128
3369598,University Heights,108
49800355,Bedford-Stuyvesant,23
46511961,Bedford-Stuyvesant,97
4004191,East Village,99
56057914,Williamsburg,153
45654791,Bedford-Stuyvesant,60
19924791,Prospect Heights,36
11685027,Greenpoint,96
47432645,Williamsburg,152
5808555,Nolita,21
24237149,Chelsea,31
15119781,East Flatbush,125
5199921,Park Slope,76
43741072,Upper East Side,204
56909008,Morris Park,140
48096509,Jamaica,152
12675301,Crown Heights,197
53553786,Bedford-Stuyvesant,28
43654360,Crown Heights,61
55841965,Prospect-Lefferts Gardens,128
2636144,Nolita,44
46939441,Hell's Kitchen,70
5171753,Flatbush,37
4368709,Nolita,56
53308012,Forest Hills,148
16998706,Bedford-Stuyvesant,87
55395154,Crown Heights,221
48226300,Prospect-Lefferts Gardens,232
56954297,Bedford-Stuyvesant,175
17823842,Bushwick,33
50656972,Kips Bay,66
6344839,Bushwick,41
22922123,Crown Heights,150
6760168,Williamsburg,47
22545454,Harlem,90
26932373,East New York,184
13187283,Bay Ridge,188
21401641,East Village,98
24175844,Bushwick,84
6775080,Sunset Park,159
3878819,Flatbush,204
25393113,Chinatown,191
4669713,East Village,154
24222237,Prospect Heights,46
20590312,Cypress Hills,219
23998556,Flatiron District,181
10072311,Bushwick,80
12203085,Crown Heights,176
20809023,Bedford-Stuyvesant,183
11324928,Crown Heights,132
47815389,West Village,93
16732497,Clifton,67
44644082,Windsor Terrace,124
4441613,East Elmhurst,112
25274921,Crown Heights,82
12831050,Carroll Gardens,163
9637099,Fort Greene,75
10891924,Hell's Kitchen,20
7678643,Hell's Kitchen,35
2551090,Bedford-Stuyvesant,183
16438673,Bushwick,20
5277243,Clinton Hill,107
44624752,Bedford-Stuyvesant,74
10623507,Harlem,137
56603586,Williamsburg,211
6701624,Gramercy,129
11100142,Nolita,141
47567406,Astoria,97
27351017,Woodhaven,13
51457255,East Village,182
6154295,Crown Heights,53
11731973,Harlem,127
18900274,Gowanus,171
46755525,East Harlem,137
13456253,East Village,64
22291949,Astoria,164
13699818,Bedford-Stuyvesant,39
44390576,Upper West Side,97
43620118,Woodside,170
7328485,Longwood,72
10000512,Chelsea,183
4148894,Harlem,198
5432439,Upper West Side,22
7081607,Bedford-Stuyvesant,147
11077497,Longwood,143
6692788,Astoria,64
14852468,East New York,152
22401304,Chelsea,52
3702083,Williamsburg,43
4538818,Crown Heights,146
55736475,Financial District,91
51565506,Upper West Side,12
47772862,Washington Heights,61
4016342,East Harlem,129
51287699,East Flatbush,173
14632652,East Village,21
3774434,Bay Terrace,203
16286239,Queens Village,127
45367595,Harlem,115
47747456,Harlem,142
20589760,East Elmhurst,73
44054226,Upper West Side,194
12235670,East Elmhurst,239
6028371,Upper East Side,161
44497170,West Village,63
22518392,Sunnyside,134
1925334,Bedford-Stuyvesant,11
55086418,East Harlem,146
8179579,Financial District,75
4639336,Astoria,212
13442998,Jackson Heights,60
15223613,Astoria,148
9346037,Bedford-Stuyvesant,176
6571834,Arverne,70
8877134,Flatbush,142
51200988,Bedford-Stuyvesant,147
48566517,Prospect Heights,133
50237224,Long Island City,38
24623207,Financial District,132
54560076,Hell's Kitchen,227
5207653,Upper West Side,226
12020826,Harlem,107
47052662,Williamsburg,39
2358889,Williamsburg,76
53695727,Murray Hill,39
46466120,Ditmars Steinway,102
23327511,Queens Village,149
47606619,Clinton Hill,178
44185673,Prospect-Lefferts Gardens,128
25438954,East Village,199
51066226,Hell's Kitchen,55
9287493,East Village,55
12415168,Rosedale,211
16675610,Upper West Side,161
54635741,Hell's Kitchen,69
14033407,Chinatown,24
23487678,Van Nest,211
52537001,Jackson Heights,152
15036936,Lower East Side,141
5650597,Washington Heights,57
53027444,Bedford-Stuyvesant,162
48965830,Upper West Side,239
6191851,Crown Heights,122
11810399,Nolita,30
23810774,Mount Hope,57
23384398,Sunset Park,184
17354387,Williamsburg,11
2242354,Crown Heights,107
48512944,Bedford-Stuyvesant,28
55221179,Murray Hill,157
19880607,Midtown,90
18463405,Hell's Kitchen,88
26124911,Midtown,64
24902671,Elmhurst,120
47883874,East Harlem,120
47771205,Hell's Kitchen,150
43705172,Harlem,161
10155156,Bushwick,138
17918837,Williamsburg,175
10110972,Upper West Side,39
2984645,Hell's Kitchen,162
9134506,Morningside Heights,103
46565534,Financial District,155
10024261,Bushwick,40
53484748,East Village,140
57239836,Crown Heights,162
2038555,Washington Heights,207
55432710,Laurelton,34
2484814,West Village,19
23323093,Hell's Kitchen,203
22219045,Hell's Kitchen,190
14517774,Prospect Heights,45
9751425,Sunset Park,66
25727255,Jackson Heights,137
13952771,Westerleigh,105
6809323,Clinton Hill,34
5623535,Upper West Side,200
54990318,Rosedale,139
55550902,Prospect-Lefferts Gardens,176
20350062,Elmhurst,181
26456843,Arverne,158
17813900,Bay Ridge,95
4400190,Kensington,161
13835131,Flatbush,120
5691468,Bushwick,232
10594787,Washington Heights,117
10261750,Financial District,176
51392083,Astoria,146
9975659,Harlem,103
52646357,Ditmars Steinway,71
20890211,Bedford-Stuyvesant,83
4426148,Astoria,119
20422413,Bedford-Stuyvesant,233
6567415,Hell's Kitchen,220
53949232,Upper East Side,189
44627513,Bedford-Stuyvesant,176
17257734,Tribeca,175
7025824,Hell's Kitchen,140
5692572,Bedford-Stuyvesant,208
24535391,Murray Hill,123
8065805,Gramercy,230
11602735,Woodlawn,33
5835618,Williamsburg,206
49097829,Maspeth,55
17448830,Midtown,54
53808396,Crown Heights,136
18370066,Upper East Side,123
48036861,South Slope,225
55246033,East Harlem,57
20421861,Williamsburg,210
16262490,Crown Heights,15
12539435,Chelsea,195
45008048,Harlem,33
17118555,Ditmars Steinway,52
18279489,Ridgewood,209
44471212,East New York,39
15009321,Crown Heights,178
44503798,Cobble Hill,109
7345606,East Harlem,238
52545838,Upper East Side,213
5122599,Upper West Side,160
12422900,Longwood,204
24755759,Midtown,198
47389013,Flatbush,228
49125997,Howland Hook,111
24800495,Morningside Heights,158
47881665,Upper West Side,42
53472045,Richmond Hill,111
48733864,Williamsburg,27
43891849,Clinton Hill,126
45865770,Bedford-Stuyvesant,182
3409364,Crown Heights,148
10692544,Kips Bay,103
25789112,Port Morris,95
17335609,Hell's Kitchen,173
49647368,Washington Heights,146
23447360,Sunnyside,139
16754037,Bedford-Stuyvesant,193
11795487,East Village,128
27549845,Bronxdale,66
7139598,Williamsburg,140
23496515,Gowanus,32
18361782,East Village,76
6900452,Bushwick,67
21673925,Hell's Kitchen,170
9051109,Midtown,72
22091464,Chelsea,14
24332697,Fort Greene,19
17306337,Upper West Side,128
1289637,East New York,236
56925025,Williamsburg,184
23935594,East Elmhurst,23
54693733,Upper East Side,206
1828129,Canarsie,35
25923321,Williamsburg,82
54270119,Clason Point,156
7616785,Lower East Side,67
57343116,Coney Island,184
43214177,Astoria,42
25192628,Washington Heights,189
21824703,Springfield Gardens,137
44070795,Tribeca,128
18445179,Harlem,116
56307001,Inwood,144
43251734,Ridgewood,49
18657262,Ridgewood,121
12908372,Sheepshead Bay,84
8093973,Hell's Kitchen,115
12852589,South Slope,55
23109905,Chinatown,125
26051455,Flushing,175
11643052,Chinatown,226
46091660,Prospect-Lefferts Gardens,51
14962928,Howard Beach,154
20638363,Bushwick,102
8638540,Bedford-Stuyvesant,26
4697328,Crown Heights,36
23563896,Chelsea,238
13471718,Bushwick,132
47041064,Bedford-Stuyvesant,217
49819133,Upper East Side,22
49892037,West Brighton,27
21001776,East Village,38
52659060,Midtown,15
18011071,Crown Heights,63
51057390,Inwood,229
6168655,Bushwick,131
17062772,Ridgewood,70
2908980,Chelsea,45
46622421,Washington Heights,94
1486255,Bedford-Stuyvesant,234
5663853,Williamsburg,82
48174936,Ridgewood,64
7685271,Greenpoint,28
24711023,Williamsburg,170
21343097,Bushwick,147
52299512,Williamsburg,93
44861688,Bedford-Stuyvesant,19
44334242,Bushwick,205
7786342,Hell's Kitchen,99
23144700,Harlem,37
4928189,Williamsburg,12
54718034,Williamsburg,90
15682575,Bushwick,93
20732254,Mott Haven,38
48734416,South Slope,30
9038958,Bedford-Stuyvesant,28
47591707,Bushwick,128
43416871,East Flatbush,44
2404178,Bushwick,25
20377677,Williamsburg,181
46411994,Astoria,125
49409326,Harlem,94
54755590,Hell's Kitchen,220
50610579,East Harlem,217
55621045,East New York,104
17811691,Nolita,218
21654042,Roosevelt Island,134
4020208,Windsor Terrace,60
1894405,East Village,100
44800383,Upper East Side,115
6663516,Lower East Side,131
56808490,East Village,63
2429584,Williamsburg,85
49666146,Greenpoint,123
20040222,Park Slope,54
7618442,Washington Heights,81
51904066,Harlem,31
47011792,Upper West Side,211
19625997,Carroll Gardens,196
7505221,Flatiron District,193
9110757,Upper East Side,29
53095377,Chinatown,99
16455795,Bushwick,205
3118302,Clinton Hill,138
21108370,Bedford-Stuyvesant,238
9050004,Bedford-Stuyvesant,79
6762377,Williamsburg,154
1714908,Greenpoint,154
25585314,Chinatown,45
11856240,Midtown,93
27377527,East Flatbush,75
4129011,Bedford-Stuyvesant,36
53690204,Ditmars Steinway,140
9526639,Astoria,231
17316830,Long Island City,183
53120230,Harlem,96
7813404,Prospect-Lefferts Gardens,58
26108342,Midtown,190
9545417,Williamsburg,197
47242654,Upper East Side,230
48896792,Hell's Kitchen,56
46415860,Crown Heights,194
8728565,Crown Heights,202
48557128,Elmhurst,33
8824113,Mount Hope,81
22980115,Clinton Hill,24
44710910,Brooklyn Heights,214
52628683,Williamsburg,229
1923125,Bushwick,47
7063381,Williamsburg,44
13534128,Upper West Side,190
42844689,Bedford-Stuyvesant,70
46007711,West Village,140
18873212,East Elmhurst,177
46171744,Kingsbridge,214
24657450,West Village,37
21866125,Lower East Side,69
9938655,Astoria,81
56218081,Kew Gardens Hills,61
3170218,Flatbush,223
1208449,Crown Heights,89
5141929,Lower East Side,166
7858141,Bedford-Stuyvesant,176
48126334,Hell's Kitchen,63
10667138,East Flatbush,35
14181423,Clinton Hill,218
49028239,Harlem,111
2170003,Williamsburg,201
6033894,East Village,207
12877995,East Village,53
4071572,Harlem,104
46110439,Rockaway Beach,177
12011437,Harlem,40
1387394,St. Albans,148
45117403,Bedford-Stuyvesant,237
9090322,Ridgewood,152
52392851,Williamsburg,161
24431007,Bushwick,151
47593916,Financial District,128
23100516,Queens Village,68
55776793,Bedford-Stuyvesant,31
11094619,Crown Heights,23
53187611,East Harlem,104
20355033,Williamsburg,234
1856296,Williamsburg,164
19701109,Woodside,105
12939853,West Village,12
44250844,Washington Heights,208
15917302,Hell's Kitchen,218
4896156,Financial District,91
54180646,Long Island City,144
50549826,Williamsburg,122
51787530,West Village,132
16275193,Bedford-Stuyvesant,59
27285293,Midtown,60
4643202,Carroll Gardens,210
3529765,Forest Hills,169
56895201,Bushwick,228
20332941,Hell's Kitchen,79
9547074,Longwood,32
4516726,Bedford-Stuyvesant,48
22538827,Prospect-Lefferts Gardens,235
3286201,Gramercy,211
16089067,Astoria,81
50654763,Bergen Beach,103
4073229,East Village,69
17152245,East Village,205
3683857,Upper East Side,111
4269295,Chelsea,55
15469387,Bedford-Stuyvesant,217
24318890,Astoria,169
2756545,Upper East Side,92
10671557,Ditmars Steinway,43
14696167,Bedford-Stuyvesant,146
2012045,Greenwich Village,137
3848443,Sunnyside,79
8968816,Astoria,66
7989036,Crown Heights,216
55390735,Harlem,223
3267975,East Village,123
8166876,SoHo,150
10750536,Hell's Kitchen,81
47488427,Sunnyside,136
8351344,Midtown,33
47598335,Crown Heights,72
13028773,Hell's Kitchen,80
8496047,SoHo,59
9330020,Rego Park,78
50849725,Hell's Kitchen,65
1374691,Greenpoint,189
49749543,Crown Heights,108
55206820,East New York,23
46177819,Bedford-Stuyvesant,90
20104841,Bedford-Stuyvesant,131
4206885,Chelsea,205
46206539,Crown Heights,142
2871976,Long Island City,189
45176499,Clinton Hill,91
3659556,Astoria,158
8356867,Murray Hill,224
13577759,Ditmars Steinway,188
19223922,Crown Heights,180
19321127,Chinatown,199
52385119,Bushwick,238
55181966,Bedford-Stuyvesant,23
1873418,Allerton,232
15660483,Richmond Hill,190
43121391,Bushwick,83
6976117,Bedford-Stuyvesant,84
44661756,Fresh Meadows,11
20193209,Jackson Heights,23
5995233,Park Slope,226
9573584,Williamsburg,65
43362194,Windsor Terrace,124
20878061,Far Rockaway,211
20948203,Hell's Kitchen,151
5940555,Harlem,115
49895903,Williamsburg,161
53829383,Bedford-Stuyvesant,203
21804268,East Flatbush,184
49999735,East Flatbush,36
9606722,Crown Heights,237
13339718,Park Slope,97
57174112,Harlem,66
48224091,Harlem,106
45976782,Upper West Side,47
48013112,Clinton Hill,146
3299456,Fort Greene,218
53760346,Williamsburg,195
47793297,Harlem,73
53247811,Bedford-Stuyvesant,96
1136650,Chinatown,191
20284891,Brighton Beach,238
25796292,Theater District,92
56494783,Norwood,60
43909523,Flatbush,48
22781287,Bedford-Stuyvesant,69
55751387,Midtown,97
15699696,Sunnyside,102
19411152,Sunset Park,164
50614997,Williamsburg,207
27151636,Sunnyside,76
43911180,Kingsbridge,146
55233330,Hell's Kitchen,205
12055068,East Flatbush,99
50038948,Ozone Park,218
22755881,Astoria,65
45018541,SoHo,53
56764306,Harlem,118
11458032,Harlem,44
43707934,Harlem,110
10582084,Washington Heights,119
2800177,Bedford-Stuyvesant,233
7458275,Chinatown,96
20030833,West Village,71
13104438,Upper East Side,169
4427805,Brownsville,158
18693162,East Village,123
1845250,Park Slope,206
12026349,Lower East Side,218
21126043,Bushwick,123
56524607,Lower East Side,239
21743515,Williamsburg,56
19104625,East Village,125
26050903,East New York,87
14414494,Little Italy,73
2827240,Chelsea,39
5139720,Fort Greene,46
52393403,Briarwood,184
7876366,Clinton Hill,26
52726993,Williamsburg,154
48955888,Borough Park,100
26296124,Upper East Side,66
14296854,East Harlem,98
49883752,Williamsburg,144
2622889,East Harlem,215
8592700,Bay Ridge,177
1308967,Williamsburg,223
5092774,Bedford-Stuyvesant,121
22827127,Bushwick,15
7325171,Bushwick,109
52512148,Brooklyn Heights,27
55676827,Jackson Heights,91
53484196,Park Slope,32
5269510,Bushwick,126
22926541,Williamsburg,96
47965062,East Village,83
7388133,Elmhurst,105
3377883,Park Slope,67
49630799,South Slope,70
20496421,Hell's Kitchen,162
20826145,Claremont Village,224
43258361,Corona,212
9332229,East Harlem,182
50313442,Upper West Side,11
26495504,Hell's Kitchen,71
8674992,Hell's Kitchen,120
52510491,Chinatown,215
16439226,Sunset Park,47
56414700,Sunset Park,112
23684849,Harlem,39
24794972,Crown Heights,123
21487800,Park Slope,204
14880635,Jamaica,13
21142612,Harlem,207
56361127,Prospect Heights,211
6516052,Red Hook,95
16011745,Bushwick,111
21575063,Prospect-Lefferts Gardens,149
54146956,Bedford-Stuyvesant,219
53034071,Harlem,217
15366659,Bedford-Stuyvesant,138
2876395,East Village,97
2600797,Bedford-Stuyvesant,99
48515705,Elmhurst,190
23030926,Bedford-Stuyvesant,36
25667606,Harlem,101
19158199,Williamsburg,121
21099533,Crown Heights,97
17458771,Forest Hills,16
26767788,Hell's Kitchen,69
23542356,East Harlem,201
48464341,Williamsburg,199
54855557,Long Island City,78
56482633,Prospect-Lefferts Gardens,89
55911554,Williamsburg,91
6951264,Greenpoint,183
9389668,West Village,23
21287315,Crown Heights,63
24786688,West Village,125
5595920,Two Bridges,61
8471746,Williamsburg,91
8552934,South Slope,127
57208907,Crown Heights,234
6772871,Bensonhurst,194
12159453,Lower East Side,107
21038228,Harlem,181
25606301,East Harlem,73
46531843,Upper East Side,174
10569381,Upper East Side,178
23263444,East Village,24
47228294,Harlem,142
21330394,Woodhaven,100
55823739,Bushwick,181
13446864,SoHo,53
26836825,Upper East Side,143
43375449,Flatbush,198
52549704,Crown Heights,33
43083835,Sheepshead Bay,154
23933937,Williamsburg,19
43671482,Midtown,94
9674655,Harlem,37
27634899,Williamsburg,236
12913895,Midtown,40
52433169,Williamsburg,42
57007870,Midtown,131
18185598,Upper East Side,34
1941351,Upper West Side,225
1556950,Bushwick,10
5452874,East Village,156
4164358,Bushwick,237
56620155,Midtown,199
18092260,Chinatown,192
8556248,Prospect Heights,22
52626474,Lower East Side,97
25231289,Todt Hill,60
47706033,Flatbush,114
48282082,Bushwick,222
16957835,St. George,50
6373006,Gowanus,61
13866612,Bedford-Stuyvesant,117
14951882,SoHo,228
43913941,East Harlem,83
1024533,South Slope,74
14472485,Concord,143
44012803,Bedford-Stuyvesant,198
20700772,Harlem,229
23152984,Cypress Hills,167
4530533,East Village,110
4796742,Harlem,201
13704788,Fort Greene,12
5637895,Gowanus,104
43351148,Williamsburg,75
50149408,East Harlem,97
2818403,East Village,11
53853685,Financial District,90
24276363,Kips Bay,195
20107602,South Ozone Park,142
44501036,Clinton Hill,238
55870132,Long Island City,192
21666193,Bushwick,67
21791565,Forest Hills,30
5729576,Williamsburg,33
26582215,Murray Hill,89
5213728,Park Slope,113
18573865,Rockaway Beach,161
47718736,Park Slope,232
7665940,Upper East Side,93
52973318,Harlem,27
53110289,Murray Hill,41
11320509,East Harlem,146
50073191,Murray Hill,55
43762611,Williamsburg,61
48410768,Harlem,178
24939675,Springfield Gardens,98
7915580,East Village,67
20868119,Jamaica,106
17668645,Flatbush,103
3167457,Greenpoint,218
22983981,Bensonhurst,80
12321829,Upper West Side,127
2176078,Fort Hamilton,77
48891821,Windsor Terrace,10
22485806,Williamsburg,119
19070383,Windsor Terrace,201
47795506,South Slope,211
17692947,Gowanus,53
7392552,Crown Heights,68
57268555,Astoria,112
14671313,Harlem,117
1478523,Bushwick,205
49939534,Chinatown,158
14641489,Queens Village,184
52571796,Bay Ridge,95
21001224,Bedford-Stuyvesant,179
21873858,Bedford-Stuyvesant,62
6076973,Washington Heights,141
5053009,Flatbush,121
20608538,Arverne,46
3919689,Harlem,137
49788757,Bedford-Stuyvesant,57
45436080,Gravesend,158
22159397,Jackson Heights,228
23505904,Upper East Side,43
56274415,Upper East Side,195
53341150,Flushing,205
1391260,Fort Greene,187
53320715,Williamsburg,120
9407894,Upper West Side,124
1205687,Harlem,227
3180160,Park Slope,139
49989794,St. Albans,203
2743290,Greenpoint,211
55217313,Clifton,69
49517025,Harlem,177
48433965,Upper East Side,73
3193415,Boerum Hill,68
1883911,Williamsburg,12
1696129,Astoria,189
19465830,Upper East Side,89
14945254,Bedford-Stuyvesant,174
18745078,Bushwick,109
1618255,Bushwick,184
9383041,Mott Haven,111
45222340,Midtown,148
44313254,Kingsbridge,65
47123357,Williamsburg,27
47319976,Ridgewood,83
24661316,Bedford-Stuyvesant,116
17659256,East Harlem,188
9904412,Clinton Hill,219
10904627,Kingsbridge,154
1180834,Clinton Hill,140
47469097,Bedford-Stuyvesant,56
19100759,Hell's Kitchen,192
25885765,Astoria,128
16150925,Upper West Side,36
6239902,Vinegar Hill,213
52633654,Corona,125
6339316,Harlem,205
53238975,Williamsburg,82
7503564,Williamsburg,35
20265560,Chelsea,212
1749150,Inwood,240
14131164,Ridgewood,131
55438233,Long Island City,39
24839156,Tribeca,201
56018701,Carroll Gardens,62
49889275,Bushwick,137
51910141,East Village,205
25115859,Bushwick,88
49213812,Midtown,196
47904861,Crown Heights,25
46979206,Astoria,188
12543854,Harlem,199
6908737,East Village,213
49741259,Prospect Heights,73
50209609,Inwood,40
7253372,Astoria,108
25226319,Cypress Hills,128
25334017,Fordham,161
22031263,Rego Park,165
55914868,Fort Greene,201
44230409,Harlem,99
53337284,South Ozone Park,82
7323514,Upper West Side,89
8063596,Williamsburg,24
13938411,Murray Hill,59
2592512,South Slope,219
11984926,South Ozone Park,216
55480760,Jamaica,112
55401229,Borough Park,10
5746145,Bushwick,136
5593711,Crown Heights,230
50798913,Cobble Hill,30
3598251,Harlem,194
26777729,Briarwood,139
19101312,Upper West Side,111
50313994,Park Slope,39
50434948,Hell's Kitchen,14
53782438,Hell's Kitchen,215
51146862,Sunnyside,19
15620165,Hell's Kitchen,236
10370553,Kensington,58
19310081,Tompkinsville,225
15326893,Chinatown,223
15664901,Howard Beach,237
14944150,Sunnyside,183
6386261,Upper East Side,42
9974554,Hell's Kitchen,224
11015640,Jackson Heights,90
5432991,West Brighton,91
3142051,SoHo,128
17116898,Longwood,86
53412949,Arverne,223
46472747,East Flatbush,114
22714458,Chelsea,90
20268322,Bushwick,66
56015387,Arverne,222
9126221,Washington Heights,141
8545754,East New York,24
19765176,Upper East Side,129
4362082,Hell's Kitchen,23
3390586,Upper East Side,192
48664826,Harlem,16
3425381,Williamsburg,168
45127345,Bedford-Stuyvesant,15
15881955,Williamsburg,200
21844586,Bushwick,174
44844015,Sunset Park,192
23358440,Astoria,66
10174487,Williamsburg,205
13816353,Bedford-Stuyvesant,23
13795918,Harlem,115
3694351,East Village,135
5075101,Bedford-Stuyvesant,71
19348742,Bay Ridge,176
42968404,Bedford-Stuyvesant,93
11584509,Upper West Side,202
23101068,Long Island City,188
1646422,Allerton,20
4275370,Chelsea,81
52723126,Astoria,75
48570383,Upper West Side,159
5057427,Greenpoint,90
7764250,Prospect Heights,147
7061172,Williamsburg,204
26168542,Midtown,48
45574708,Bushwick,180
23494858,Bedford-Stuyvesant,196
52654641,Midtown,115
53859760,Williamsburg,74
2930520,Flatbush,74
27158264,Lower East Side,165
24986620,Two Bridges,93
2415776,South Slope,205
47576243,Carroll Gardens,138
46353451,NoHo,161
15899076,SoHo,180
55068192,Bay Ridge,166
44696551,Williamsburg,114
48326266,Upper West Side,130
10139140,Bedford-Stuyvesant,13
50150513,Upper West Side,121
5133092,Upper West Side,181
11556341,Midtown,206
47623188,Midtown,218
11481781,Chelsea,68
6204554,Bushwick,180
44396652,Pelham Gardens,90
50256002,Prospect-Lefferts Gardens,11
9622739,Clifton,31
46458388,Bedford-Stuyvesant,141
19278048,Hell's Kitchen,97
47845765,East Village,112
3609297,Sunnyside,99
24253718,Harlem,75
2495860,Upper West Side,87
46230840,Williamsburg,224
2680880,Nolita,220
20554965,Flatbush,217
9591810,Greenpoint,147
49266281,Harlem,224
54799222,Upper East Side,150
4043957,Chelsea,206
53322924,Throgs Neck,71
48327923,Upper East Side,161
9499024,Bedford-Stuyvesant,71
4356559,Flatbush,45
48653780,Washington Heights,119
24639224,Gowanus,194
44599346,Williamsburg,50
22526676,Williamsburg,126
7797940,Bedford-Stuyvesant,176
1741418,Williamsburg,195
17732712,Lower East Side,135
44604869,Murray Hill,80
49525862,Bushwick,203
7236251,Harlem,209
14840317,Astoria,125
24952378,Corona,77
4330600,East Harlem,213
22529990,Williamsburg,28
12627251,Greenpoint,127
23521369,Bedford-Stuyvesant,214
53852580,Hell's Kitchen,139
3500494,Park Slope,217
50503433,Upper East Side,121
22715563,Flushing,219
21241474,Bushwick,164
19180291,Bushwick,42
1316147,Bushwick,93
51680384,East Village,176
43359432,East New York,146
55669095,Williamsburg,36
6414981,Harlem,225
55274200,East Elmhurst,36
54554553,South Slope,78
48618985,Inwood,223
26971587,Flatbush,61
16386205,Gowanus,13
55180309,Bedford-Stuyvesant,233
24443157,Unionport,52
18747840,Midtown,212
5749459,Lower East Side,107
46773199,Murray Hill,37
4687939,Midtown,90
5903551,Flatbush,186
47227741,Springfield Gardens,226
26884323,Flatiron District,54
2781951,Williamsburg,95
20147368,St. Albans,163
8010575,Lower East Side,45
16282372,Williamsburg,121
53197000,Midtown,178
3408259,West Village,232
11606601,Woodside,220
19652507,Crown Heights,193
22123497,East Village,206
3662317,Williamsburg,119
6379633,Williamsburg,20
1988848,NoHo,52
55506718,Jamaica,37
15765972,East Village,189
20643886,Bedford-Stuyvesant,35
23217604,South Ozone Park,16
21319901,Park Slope,63
5409242,Upper West Side,123
8003395,Midtown,120
2775324,Clinton Hill,169
2388714,Chinatown,126
51469405,Woodside,40
49417611,Harlem,56
16560179,Bedford-Stuyvesant,25
54733498,Ditmars Steinway,68
8949485,Bedford-Stuyvesant,82
55122318,West Village,16
3246988,Crown Heights,146
25652142,Mott Haven,10
18518083,Washington Heights,102
11071974,Kips Bay,62
43390361,Bedford-Stuyvesant,35
8705921,Harlem,38
23502590,Chelsea,235
18617497,Bedford-Stuyvesant,217
56959267,Williamsburg,112
51918978,West Brighton,166
1682874,Harlem,73
9266506,Bedford-Stuyvesant,52
8521453,Midtown,212
10062370,Theater District,168
25159490,SoHo,25
48688575,Bushwick,21
51658292,Bushwick,120
53156130,Harlem,104
26931821,Hell's Kitchen,90
14811598,Bushwick,124
17213550,Harlem,184
46609165,Greenwich Village,46
52684465,Harlem,173
5764924,Financial District,235
51664920,Sunnyside,214
46440162,Crown Heights,154
52280734,Sunnyside,16
21195633,Financial District,204
23577151,SoHo,131
7583647,Bedford-Stuyvesant,119
48413530,Harlem,70
51851597,Whitestone,195
17472579,Midtown,20
51079482,Lower East Side,176
6085258,Bedford-Stuyvesant,15
46031460,Prospect-Lefferts Gardens,160
18256845,Flatbush,93
53783542,Hell's Kitchen,152
25776409,Bedford-Stuyvesant,100
21170780,Corona,150
19318918,East Village,201
3765598,East Village,79
6373558,Chelsea,150
16678924,Upper West Side,222
48076074,Washington Heights,26
45510641,Bedford-Stuyvesant,233
7717304,Harlem,65
5399301,Nolita,174
20277711,Crown Heights,17
3178503,Gowanus,214
2261685,Greenpoint,138
25184896,East Flatbush,62
23486021,Greenwich Village,87
22222359,Prospect-Lefferts Gardens,38
12863083,Brooklyn Heights,96
8026592,Harlem,117
55490702,Greenpoint,213
14553121,Upper West Side,115
1914288,Williamsburg,121
25635021,Crown Heights,115
47587289,West Village,189
12891803,Upper East Side,145
53666455,Harlem,28
51664367,Jamaica,214
44436970,Rego Park,216
13265710,Greenpoint,36
13752286,Williamsburg,84
21690494,Flatbush,99
14349875,Bedford-Stuyvesant,132
51631229,Park Slope,63
25469331,Upper East Side,57
21306093,Bedford-Stuyvesant,50
45193621,Financial District,22
19949644,Crown Heights,217
48616776,Fort Greene,12
5447903,Upper East Side,159
43204788,Maspeth,46
24658554,Washington Heights,238
52499445,Upper East Side,134
22216836,Bushwick,222
45632699,Flatlands,185
2583676,Canarsie,197
24612713,Midtown,159
7298661,Clinton Hill,77
17480863,Forest Hills,113
2065618,Kensington,57
17388077,Flushing,63
15621269,Bedford-Stuyvesant,34
26712006,Bushwick,45
55740894,Fort Hamilton,226
17596846,Prospect-Lefferts Gardens,87
24505015,Crown Heights,96
12300289,Bushwick,207
50846411,West Brighton,205
11940742,Upper East Side,121
48298651,East Village,60
20623450,East New York,113
21070261,Upper East Side,35
19904908,Flatbush,195
54380026,Bedford-Stuyvesant,178
2448362,East Flatbush,80
53863074,Upper West Side,98
19257060,Harlem,94
11156476,Woodside,92
43437307,Bedford-Stuyvesant,107
3787690,Bushwick,155
53331209,Upper West Side,61
26819152,Harlem,200
25982417,Greenpoint,185
8626390,Bushwick,188
4408475,Upper West Side,208
10431859,Midtown,184
47774518,Murray Hill,33
1207344,Upper West Side,74
51554460,Long Island City,186
17717248,Bedford-Stuyvesant,172
45073219,Harlem,228
45991142,Flushing,237
53046222,Lower East Side,127
2743843,Williamsburg,67
52825302,Greenpoint,94
19978916,Bedford-Stuyvesant,149
17709516,East Village,182
56961477,Sunnyside,158
6365274,Williamsburg,48
43563783,Oakwood,126
21795983,East Village,198
4534399,Harlem,174
14975631,Flatbush,66
18478870,East Village,89
25820041,Harlem,235
49684372,Williamsburg,68
7479815,East Village,10
44926307,Bedford-Stuyvesant,132
53911676,Midtown,154
23307076,Gravesend,39
54639055,Bedford-Stuyvesant,139
22460953,Long Island City,34
20181610,Park Slope,20
3761179,Williamsburg,192
22991161,Midtown,14
57066414,Upper East Side,57
43053458,Chelsea,68
44252501,Sheepshead Bay,127
6574043,Prospect-Lefferts Gardens,211
11420476,Harlem,44
2307526,East Village,170
18041448,Upper West Side,54
44217706,Williamsburg,191
50882863,Clinton Hill,126
8069671,Prospect Heights,10
26798164,SoHo,168
6349257,Flushing,179
2245668,SoHo,195
6064822,Bedford-Stuyvesant,124
2396998,Morningside Heights,194
2773667,Bedford-Stuyvesant,232
3014470,Upper East Side,182
26501027,Fort Greene,26
19566901,Harlem,42
10407005,Flatbush,108
12819451,Pelham Gardens,124
8875477,Harlem,190
3706501,Mott Haven,226
22100301,Ditmars Steinway,113
7779162,Hell's Kitchen,103
4053898,Little Italy,177
1123947,Hell's Kitchen,163
53338389,Astoria,17
18134787,Clifton,207
7800701,Harlem,221
3581682,West Village,184
22430024,Kips Bay,146
13257425,Williamsburg,114
3385063,Williamsburg,13
54220964,Long Island City,108
11733077,Hell's Kitchen,219
7599112,Greenpoint,118
25649933,Upper East Side,187
5055218,Bay Ridge,89
53596865,Washington Heights,96
52783879,Nolita,224
14617188,Crown Heights,169
54937849,Hell's Kitchen,114
23904112,Financial District,152
6982193,Upper West Side,183
5145795,Prospect Heights,39
13610897,Bushwick,232
5333577,Astoria,227
50973992,Williamsburg,188
1398992,Williamsburg,31
47395641,East Village,138
20034146,Flushing,43
3276812,Maspeth,122
51058494,Gowanus,76
53877986,Bushwick,79
1815426,Ridgewood,209
4241680,Crown Heights,85
15091614,East Village,31
19772356,Lower East Side,180
53567593,Williamsburg,117
27421711,Upper East Side,234
3037114,Williamsburg,54
11530936,Williamsburg,171
14201306,Midtown,45
52827511,Hell's Kitchen,115
9168196,Upper East Side,105
9766337,Flatbush,96
50530495,Bedford-Stuyvesant,147
9494605,Midtown,114
15498659,Springfield Gardens,56
6598897,Park Slope,130
15654407,Williamsburg,153
15889687,Williamsburg,54
16646890,Hell's Kitchen,92
15808499,Gowanus,104
10963171,Bushwick,203
52115044,Astoria,235
4239471,Chelsea,134
21562360,Williamsburg,189
49906949,East New York,23
10004378,Williamsburg,137
4777411,Midtown,46
52108969,Harlem,74
15099346,Long Island City,193
9416179,Crown Heights,62
19272525,Fort Greene,23
5252941,Bedford-Stuyvesant,201
17314621,Midtown,136
55985010,Fordham,161
23189989,East Flatbush,114
11328241,Park Slope,130
47194603,Hell's Kitchen,232
26228743,Williamsburg,105
54545716,Hell's Kitchen,30
17513449,Harlem,86
8665603,West Village,68
3529213,Upper West Side,239
13285040,West Village,189
9014657,East Village,56
21488905,Fort Greene,151
13785976,Kensington,39
3673363,Greenwich Village,119
21925222,DUMBO,212
7975228,Upper East Side,79
9278104,Flatbush,126
1813769,Bedford-Stuyvesant,235
20519066,Williamsburg,47
15594207,Greenpoint,148
6220571,Lower East Side,238
14961823,Williamsburg,55
14417808,Murray Hill,70
3483372,Fort Greene,42
4839821,Ozone Park,212
14497339,Rockaway Beach,85
3670602,Midtown,210
12601293,Harlem,43
5506447,Fort Greene,33
17183726,Midtown,83
55894985,Bedford-Stuyvesant,192
8560114,Hell's Kitchen,110
26049246,Astoria,172
10368896,Ditmars Steinway,55
50527182,Upper West Side,129
47398954,Crown Heights,128
5479937,Williamsburg,194
20978579,Financial District,91
25321314,Financial District,32
51886944,Harlem,149
53414054,Harlem,211
45213503,Bedford-Stuyvesant,118
20481509,Bedford-Stuyvesant,72
3722518,Bedford-Stuyvesant,44
4491872,Upper East Side,49
56467720,East Elmhurst,239
10279976,East Harlem,113
1070926,Williamsburg,132
55618835,Bushwick,230
3430904,Chinatown,218
48153949,Little Italy,21
7453305,Williamsburg,64
47220562,Bushwick,121
20141293,Bay Ridge,106
4545997,Lower East Side,123
1735895,Astoria,168
44173522,East Harlem,131
7171079,Washington Heights,36
55852458,Harlem,225
9863542,Murray Hill,187
10242420,East Village,132
6715984,East Village,205
4523353,Upper East Side,214
7320753,Woodside,14
53980161,Bushwick,32
51221423,Harlem,99
10282185,Long Island City,105
50205191,Astoria,42
47697196,Morningside Heights,103
51801890,Williamsburg,100
26499370,Sunset Park,214
51529606,Astoria,168
11705462,Gramercy,203
12932121,Cobble Hill,109
1841937,South Slope,40
26839035,Upper West Side,126
5379418,Lower East Side,126
1013487,Park Slope,27
56193780,Greenpoint,231
13426981,Crown Heights,184
9486873,Sheepshead Bay,20
43858711,Hell's Kitchen,65
24300112,East Flatbush,131
9190840,West Village,70
55361464,Springfield Gardens,123
27268724,Sunnyside,131
16659593,Elmhurst,164
4984524,Crown Heights,207
15335730,Harlem,27
1970623,Upper West Side,37
56103755,Chelsea,96
55558082,Harlem,126
12339503,Kingsbridge,146
6731449,Upper East Side,69
48500241,Chelsea,58
18218736,Harlem,107
4332810,Midtown,122
10300963,Ditmars Steinway,223
55400125,East Elmhurst,99
2535625,Bedford-Stuyvesant,217
4017446,Upper West Side,30
18933965,Williamsburg,35
22967964,Hell's Kitchen,81
55380794,Crown Heights,108
9220112,Harlem,133
1890539,Sunset Park,159
54980929,Greenpoint,118
8851728,Roosevelt Island,128
4121831,Norwood,138
1466373,Williamsburg,92
46027594,Williamsburg,55
51983597,Williamsburg,22
21893740,Ridgewood,129
20535635,Washington Heights,118
43619566,East Harlem,217
6190747,DUMBO,153
56966447,Maspeth,10
44598793,Washington Heights,192
20273292,Flushing,59
17371508,Bedford-Stuyvesant,224
17479759,Sheepshead Bay,52
19355922,Financial District,159
46215376,Hell's Kitchen,29
47812075,Hell's Kitchen,129
57072489,East Village,237
27054432,Concourse Village,132
52100684,Bushwick,66
51933337,Lower East Side,68
22348283,Kensington,113
12125763,Williamsburg,60
23413118,Washington Heights,16
16995392,Williamsburg,188
47414971,Canarsie,80
18379456,Williamsburg,238
6528754,East Flatbush,77
53986237,Harlem,43
53515677,East Harlem,216
51253456,Washington Heights,50
23051361,Sunnyside,193
53694622,East Village,100
48534483,Upper West Side,196
46579341,Flushing,116
1902690,Tribeca,120
15992967,Bushwick,16
52170274,Williamsburg,34
48575906,Clinton Hill,166
13901407,Borough Park,40
55098569,Midtown,129
50825424,Norwood,60
47261984,East Village,188
45058307,Canarsie,130
17221282,Hell's Kitchen,234
20651618,Williamsburg,75
24262555,Long Island City,42
26159706,Windsor Terrace,66
46482136,Bedford-Stuyvesant,134
11298417,Midtown,107
14262611,Lower East Side,148
57322129,Fresh Meadows,11
50198011,Norwood,98
10337415,Williamsburg,175
48052878,Bedford-Stuyvesant,127
48266065,Williamsburg,196
16076917,Crown Heights,112
53221853,Rockaway Beach,80
51956534,Upper East Side,239
20313610,Bedford-Stuyvesant,151
2091576,Sunset Park,153
5685945,Ditmars Steinway,115
1796096,Astoria,121
13528605,Upper East Side,69
20809576,Belmont,194
18077347,Sunset Park,158
47253147,Bushwick,89
15998490,Bushwick,51
45681854,East Village,86
12709544,Williamsburg,228
19074801,Sunnyside,12
11235455,Kips Bay,129
12076056,Maspeth,94
1412800,Long Island City,124
7557137,Upper East Side,39
50025693,Sunnyside,25
15421889,East Harlem,43
8787661,Pelham Gardens,226
5140272,Upper West Side,227
48699621,Roosevelt Island,229
52146525,Chelsea,204
1561368,Crown Heights,233
20805157,Concourse,215
11962282,Crown Heights,229
26487772,Morningside Heights,232
19516089,Harlem,189
11111740,Upper West Side,93
21388386,Cambria Heights,157
9473618,Midtown,66
14143867,Bedford-Stuyvesant,185
23932832,East Flatbush,117
23857167,Financial District,31
51086662,Far Rockaway,119
24366388,Long Island City,73
18119322,Clinton Hill,34
8478926,West Village,135
47677866,Two Bridges,79
45393553,Bushwick,48
21118864,Lower East Side,165
22696232,Williamsburg,120
4722733,Astoria,121
52327680,Bushwick,56
5779836,Upper West Side,62
45449888,Gramercy,31
14172586,Kensington,161
3131005,Williamsburg,233
14592334,Jamaica,219
13148070,South Slope,177
54144747,Long Island City,176
4617244,Long Island City,114
48736625,Williamsbridge,133
4504023,Williamsburg,239
4846449,Prospect Heights,150
3909196,Battery Park City,53
19471353,Concord,181
12725008,East Flatbush,173
5059636,Carroll Gardens,231
45258240,Harlem,171
11614333,Williamsburg,34
24796629,East Harlem,222
20921692,Bushwick,140
52160333,Harlem,27
57186815,Highbridge,209
51462226,East New York,39
10883088,East Flatbush,88
45113537,Bedford-Stuyvesant,59
26227086,Williamsburg,108
13931784,Bedford-Stuyvesant,190
17295843,Tompkinsville,40
13941173,Rosedale,51
53997835,Bushwick,231
56213662,Harlem,224
46106020,East Flatbush,130
5502581,East Harlem,35
14914878,Woodhaven,208
51118695,Sunset Park,158
18265129,Arverne,135
12666464,Bedford-Stuyvesant,120
1014591,Park Slope,163
3487238,Greenpoint,176
9963508,Midtown,115
15904599,Prospect-Lefferts Gardens,98
17468161,Upper East Side,105
14624368,Harlem,56
52154257,Harlem,123
24913165,East New York,122
27349360,Red Hook,179
17817214,Williamsburg,12
3602117,Bedford-Stuyvesant,85
22862475,Hell's Kitchen,33
18988090,Gowanus,52
6942427,Upper East Side,176
25879137,Bedford-Stuyvesant,152
20972504,Harlem,125
5869308,Brooklyn Heights,215
17885147,Flatbush,33
13102229,Sunnyside,214
25914484,Upper West Side,165
45458172,Crown Heights,71
15653303,Flushing,238
44451882,Bushwick,218
53436698,St. Albans,32
4906097,Williamsburg,228
48952574,Downtown Brooklyn,195
1488465,Bushwick,96
10173934,Williamsbridge,133
18891438,Fort Greene,98
20531769,Hell's Kitchen,219
7033557,Hell's Kitchen,24
53585267,Downtown Brooklyn,216
57205593,East Elmhurst,219
51825639,Greenpoint,80
10303725,Hell's Kitchen,46
1978907,Crown Heights,205
3790451,Sunnyside,32
50383584,Williamsburg,175
5365611,Washington Heights,220
26523671,Midtown,234
17917180,Bedford-Stuyvesant,208
25227423,Bushwick,55
54870469,East Harlem,174
21333156,Crown Heights,204
53858655,Hell's Kitchen,192
55617731,Harlem,13
48808976,Bedford-Stuyvesant,133
5503133,Bushwick,235
53996178,Kensington,30
50423349,Harlem,78
44274041,Bushwick,112
4527772,Park Slope,201
43901239,Bushwick,75
43009274,Upper East Side,16
50718830,Castle Hill,33
12743786,Greenpoint,161
9122355,Kips Bay,145
18948877,Long Island City,190
47359189,Hell's Kitchen,137
54940059,Bushwick,88
4845896,Chelsea,30
47440377,East Village,184
7040184,Bedford-Stuyvesant,224
3176293,Morningside Heights,113
6789992,Gowanus,216
2837181,Upper East Side,174
4131220,Chelsea,98
25603540,Bushwick,154
24433216,Washington Heights,181
26411002,Midtown,226
5870413,Harlem,104
55637614,Midtown,13
4911068,Hell's Kitchen,35
11237664,Bedford-Stuyvesant,23
47960644,Williamsburg,48
11155924,Upper West Side,65
2928863,West Village,178
2939357,Upper East Side,76
9127326,East Flatbush,43
44238142,Bedford-Stuyvesant,120
48095957,Hell's Kitchen,132
17192563,Bushwick,167
25223557,Bedford-Stuyvesant,173
26591052,Chelsea,190
4142818,Windsor Terrace,136
44018326,Carroll Gardens,231
19683988,Bedford-Stuyvesant,109
50131183,Sheepshead Bay,43
14147733,Upper East Side,163
48171070,Williamsburg,224
15308668,Bedford-Stuyvesant,27
7569840,Bushwick,51
56918950,Little Italy,203
11799353,Prospect-Lefferts Gardens,15
6562445,Bedford-Stuyvesant,223
9714973,Upper West Side,91
48649362,Ditmars Steinway,72
22779630,Bedford-Stuyvesant,233
25277683,Williamsburg,128
4175956,Bay Ridge,60
25762050,Long Island City,163
2804043,Chelsea,77
6618779,Lower East Side,237
14866275,East Harlem,57
42862362,Jamaica,215
9947491,Tribeca,73
14913221,Westchester Square,111
49940087,East Village,93
7287062,Astoria,177
52656298,Midtown,190
16979375,Bedford-Stuyvesant,238
54011642,Bedford-Stuyvesant,113
43163366,Williamsburg,160
8714206,Park Slope,153
45823795,Morningside Heights,231
10141349,Crown Heights,198
20737777,Upper East Side,193
23559477,Upper West Side,13
5620221,Hell's Kitchen,157
56996272,Concourse Village,85
12181545,Sunset Park,131
22058878,Hell's Kitchen,149
18872659,Financial District,178
53150054,Bedford-Stuyvesant,102
46822906,Bushwick,104
10539005,Bushwick,43
7038527,Harlem,128
20698563,Harlem,90
51564401,Bedford-Stuyvesant,63
45591829,Bushwick,69
24651374,Chinatown,59
55453145,Crown Heights,11
43475415,Boerum Hill,157
8962741,East Harlem,83
13497124,Stapleton,36
21337022,Little Italy,44
5896923,Gowanus,76
6835281,Jackson Heights,131
7827212,Prospect Heights,18
51916216,Bedford-Stuyvesant,186
44873287,Port Morris,143
49943401,Flatbush,25
53522857,Rockaway Beach,106
6680085,Upper West Side,240
23983091,Bedford-Stuyvesant,117
54067425,Midtown,237
2572077,St. Albans,228
16561284,Kingsbridge,26
3672259,Upper East Side,67
25011474,East New York,196
21420419,Carroll Gardens,35
50941959,Harlem,231
19767385,Rosedale,121
55236644,Clifton,77
7642744,Clinton Hill,232
1873970,Fort Greene,38
6983297,Long Island City,51
47120043,Flushing,28
24831424,Fort Greene,23
47296779,Murray Hill,37
18727405,Harlem,31
54583825,Washington Heights,204
19773461,Bedford-Stuyvesant,30
57037142,East Village,72
3015022,Hell's Kitchen,60
45246641,Williamsburg,90
21954493,Bedford-Stuyvesant,179
3123825,Ridgewood,118
26169647,Midtown,106
5086147,Crown Heights,215
12552138,Upper East Side,208
3804811,Bedford-Stuyvesant,238
54978720,Crown Heights,102
18090050,Upper East Side,180
48521228,Upper East Side,144
22296367,East Harlem,181
48316325,Washington Heights,21
47765129,Sunnyside,129
7961421,Upper East Side,180
25305850,Financial District,186
50375851,Rego Park,23
7150644,Crown Heights,16
46368915,Flatlands,133
54241399,Financial District,196
4204124,Crown Heights,141
4413998,Astoria,205
44201690,Park Slope,112
18232544,Greenpoint,105
3475088,Lower East Side,42
6513842,East Village,63
18087841,Maspeth,202
52652432,Midtown,25
45986171,Little Italy,73
2155643,Harlem,36
6473524,Columbia St,175
25366051,Harlem,30
55009096,Bedford-Stuyvesant,181
17346102,Bay Ridge,64
13665575,Midtown,12
1965652,Harlem,230
45525001,Jamaica,86
9774069,Concourse,149
7000971,Bedford-Stuyvesant,49
6487884,Williamsburg,123
11986031,Kew Gardens Hills,61
17521181,Greenwich Village,130
43271064,Mott Haven,169
43721741,Midtown,171
18175105,Bushwick,35
42827567,Carroll Gardens,85
6404487,Midtown,229
12607368,Midwood,74
44493304,Hell's Kitchen,82
17741549,Upper East Side,134
1526573,Greenpoint,228
22455982,Bedford-Stuyvesant,107
50547617,South Ozone Park,216
49729108,Flushing,48
57201727,East Harlem,211
23039763,Flushing,191
51570476,Crown Heights,162
56546699,East Harlem,108
46033117,Williamsburg,232
56213110,East Village,163
47630368,Williamsburg,79
57353057,Williamsburg,216
26524776,West Village,215
50216789,Upper West Side,109
10547842,Sunset Park,234
25936024,Upper West Side,218
18958818,Upper East Side,149
47596678,Lower East Side,166
24285199,Bedford-Stuyvesant,84
22908316,Hell's Kitchen,131
53402455,Chelsea,95
14628786,Upper West Side,236
25181582,Chelsea,167
23067930,St. Albans,88
4152760,Canarsie,180
4284760,Greenpoint,61
52912013,Kips Bay,32
5836170,Flushing,182
20905676,Hell's Kitchen,228
1808799,Hell's Kitchen,149
47667925,Midtown,64
42944103,Bedford-Stuyvesant,174
1413352,Bushwick,74
56318047,College Point,178
21825808,Hell's Kitchen,220
2095995,Harlem,229
45015780,Upper West Side,171
45624415,Financial District,103
2598588,Williamsburg,203
54931774,Bushwick,232
12954765,Highbridge,209
17969097,Williamsburg,154
10265064,Clinton Hill,207
7990693,Gramercy,71
10820125,Sunnyside,115
24349819,Woodlawn,224
47956225,Crown Heights,22
44825236,Greenpoint,115
51557773,Bushwick,52
5159050,Bushwick,136
50491282,Williamsburg,199
13788186,Crown Heights,142
51442343,Hell's Kitchen,214
1558054,Prospect-Lefferts Gardens,35
48843219,Bedford-Stuyvesant,224
21669507,Rego Park,153
55650316,Sunset Park,23
22183146,Tribeca,101
45887862,Kew Gardens Hills,160
54290554,Bedford-Stuyvesant,22
46030907,East New York,170
7705706,Midtown,132
2973599,Astoria,175
7799597,Williamsburg,208
19178081,Hell's Kitchen,116
3865564,Upper East Side,124
17133467,Two Bridges,125
53649334,Fort Greene,98
2432898,Harlem,78
9879006,Chelsea,152
18623020,Clinton Hill,30
18758886,Little Italy,218
50763566,Murray Hill,208
52640281,Bushwick,170
56237411,SoHo,83
13241961,East Village,33
2165584,Chinatown,68
11286267,Hell's Kitchen,91
22154426,Bedford-Stuyvesant,79
7226309,Hell's Kitchen,163
5333025,East Harlem,128
43863130,Williamsburg,73
1060984,Williamsburg,118
44681638,Upper East Side,86
27581878,Flushing,68
5091118,Williamsburg,184
23648398,Theater District,105
23927309,East Village,226
22329505,East Harlem,153
1416666,Prospect-Lefferts Gardens,95
7364937,Roosevelt Island,147
24101284,Hell's Kitchen,170
3583339,East Harlem,32
52243730,Crown Heights,197
5076205,Hell's Kitchen,27
25306954,Financial District,178
5674899,Williamsburg,85
56069512,Wakefield,80
47929162,Morningside Heights,228
4597914,Tribeca,93
20759869,Flushing,20
1618807,Long Island City,175
50822662,Chinatown,124
27448774,Williamsburg,41
22998893,Astoria,140
8160249,Prospect-Lefferts Gardens,22
22703965,Hell's Kitchen,172
47581213,Astoria,25
16990421,Cobble Hill,149
54616963,Greenwich Village,235
6424922,South Slope,125
24223342,Murray Hill,220
12394180,Concourse,16
55399020,Hell's Kitchen,236
53346673,Greenwich Village,45
11334317,Upper East Side,84
48055087,East Village,85
5617459,Bedford-Stuyvesant,88
24155961,Williamsburg,218
2778085,Crown Heights,18
48306936,South Slope,65
3106151,Hell's Kitchen,210
20255619,Upper West Side,49
6884436,Woodside,237
16112816,Williamsburg,197
11344258,East New York,23
9200782,Bushwick,227
47704376,Williamsburg,97
56255085,Bedford-Stuyvesant,216
55226150,Bedford-Stuyvesant,170
19816540,Williamsburg,97
2747156,Canarsie,24
21233742,Flatbush,59
6244872,Elmhurst,196
20010397,Nolita,118
49982614,Bushwick,175
55010753,Elmhurst,69
25363289,Harlem,86
22542141,Ridgewood,161
26178484,Bushwick,217
50890043,Fort Greene,35
49481678,Nolita,178
22212418,East Flatbush,160
9285284,Harlem,28
19438767,Sunset Park,194
18699237,Bedford-Stuyvesant,230
51755497,Harlem,174
12061696,Midtown,231
5492640,Hell's Kitchen,217
54723005,Midtown,191
7044603,Lower East Side,228
50358178,East Village,128
22278694,Harlem,219
10563306,Howland Hook,111
24673466,East Village,84
52055396,Queens Village,163
7761488,Washington Heights,231
48352777,Upper West Side,49
16878856,Rego Park,41
6692235,Williamsburg,148
5815735,Flushing,198
10957648,Cambria Heights,61
46309267,Hell's Kitchen,107
49309360,Hell's Kitchen,168
5427468,Ridgewood,142
11109531,East New York,173
19410047,Harlem,240
22824918,Bedford-Stuyvesant,70
6015668,Upper West Side,143
14272553,Chelsea,154
43574277,Bedford-Stuyvesant,198
18743974,Upper West Side,226
55681245,Bushwick,14
47744694,Hell's Kitchen,137
4143923,Greenpoint,18
46965399,Bedford-Stuyvesant,121
7141255,Downtown Brooklyn,126
20512438,Gramercy,153
56365545,Harlem,161
26671135,Crown Heights,149
20424070,Bedford-Stuyvesant,23
51738376,Bath Beach,227
1593954,Sunset Park,95
17636612,East Harlem,67
24836947,Bedford-Stuyvesant,49
26191187,Bedford-Stuyvesant,160
54232562,Hell's Kitchen,156
8684381,Harlem,100
3971053,Prospect-Lefferts Gardens,180
49614782,Murray Hill,59
19049395,Bedford-Stuyvesant,63
19307872,West Village,90
25823907,Lower East Side,80
48864759,Harlem,194
26925193,Hell's Kitchen,203
13446312,Upper East Side,201
9532162,Bedford-Stuyvesant,130
43163918,Harlem,158
24195175,Williamsburg,108
55679036,Bushwick,60
26233162,Fort Greene,45
5029260,Brooklyn Heights,197
43481491,Lower East Side,57
1490122,Greenpoint,105
26003957,Bedford-Stuyvesant,188
26087907,West Village,199
2172764,East Elmhurst,207
18302134,Crown Heights,89
14898861,Flushing,53
4725495,East Harlem,206
9858571,Williamsburg,81
4938683,Bushwick,187
46556145,Crown Heights,162
4531085,Fort Greene,15
3905882,St. Albans,215
9707241,Crown Heights,202
45115746,University Heights,181
15194341,Prospect Heights,14
53396932,Windsor Terrace,23
25407473,Brighton Beach,238
1811008,Kensington,47
20810680,Crown Heights,64
18943906,Hell's Kitchen,141
23914606,Park Slope,211
20971952,Arverne,87
23853301,Financial District,157
25784694,Port Morris,98
18374485,Financial District,129
54319273,Harlem,204
7313573,Midtown,147
25706267,Harlem,187
15653855,Astoria,205
16117787,East Elmhurst,61
25230185,Washington Heights,86
25578134,Longwood,77
2487023,Harlem,237
15801319,Bushwick,97
19480189,Jamaica,114
7046812,Crown Heights,12
13007233,Williamsburg,184
9835375,Bedford-Stuyvesant,176
48385915,Harlem,111
50294663,Harlem,127
10958200,West Village,138
43559365,Astoria,97
3898150,Clinton Hill,204
23627410,Upper West Side,175
4969059,Red Hook,47
43834410,Norwood,60
1777318,Harlem,214
11762349,Bedford-Stuyvesant,132
43650494,Bedford-Stuyvesant,70
49999183,South Slope,101
24912612,Bay Ridge,84
20028623,Woodside,101
19016810,Morrisania,147
4321211,Crown Heights,182
10281633,Chelsea,228
19635938,Flatiron District,26
11175807,East Elmhurst,111
15627897,Sunset Park,12
15753821,Crown Heights,204
4956909,Murray Hill,101
43234060,Bushwick,117
6005726,Chelsea,81
49770531,Prospect-Lefferts Gardens,210
5342966,East Village,69
56813460,Flushing,167
53164966,East Village,172
50842545,Bushwick,156
19169245,SoHo,225
18611974,Prospect-Lefferts Gardens,238
9131744,East Village,157
25549966,Sunnyside,147
1576833,East New York,159
1019562,Greenpoint,172
9670237,Hell's Kitchen,166
13326463,Harlem,108
16831359,Williamsburg,91
12729427,Sunnyside,158
9395191,Hell's Kitchen,195
24791659,Woodhaven,139
56626783,West Village,183
13392739,East Harlem,75
43533407,Greenpoint,231
2062304,Bushwick,49
48993445,Williamsburg,34
19017362,Norwood,31
51449523,Long Island City,123
2577048,Park Slope,68
11046016,Harlem,139
56634515,Chelsea,225
12776924,Upper East Side,221
48538349,Harlem,103
6593374,Williamsburg,174
12564289,Astoria,121
6690578,Chelsea,232
20779199,SoHo,132
10440143,Sunset Park,54
9030121,Bedford-Stuyvesant,131
22496300,Williamsburg,225
24812094,Crown Heights,19
47026152,Upper East Side,171
22126259,East Flatbush,69
54599290,Crown Heights,94
3312712,Upper East Side,142
2652161,Upper East Side,193
4320659,Canarsie,159
43547214,Williamsburg,198
14019047,Hell's Kitchen,97
19859067,Greenwich Village,235
53347225,Prospect-Lefferts Gardens,158
3651824,Bushwick,150
10015424,East Village,138
46101602,Tribeca,28
4072124,Chinatown,67
5458397,Midtown,229
47171959,Long Island City,231
23801937,Upper East Side,77
9940864,Brooklyn Heights,119
18277280,Concourse Village,80
54481097,Flushing,184
16147611,Upper West Side,94
45562557,Forest Hills,216
6685055,Upper West Side,29
24901566,Jamaica,110
8965502,West Village,116
47846317,Astoria,109
5039754,Fort Greene,212
10414185,East Flatbush,86
54010538,Flatbush,107
5930614,Williamsburg,36
47723155,Chinatown,119
25574820,Midland Beach,191
6733658,City Island,138
2236279,East Flatbush,100
52661269,Spuyten Duyvil,37
26432542,East Harlem,189
16828045,Crown Heights,64
22087045,Greenpoint,150
7881337,Midtown,112
21385624,Williamsburg,230
17998921,Astoria,221
22923780,Lower East Side,138
4287521,Prospect Heights,48
50349341,Carroll Gardens,62
21227114,Fordham,161
21158629,Bedford-Stuyvesant,113
43829992,Elmhurst,147
19770699,East Elmhurst,84
19151019,Bedford-Stuyvesant,117
50666361,Concord,164
1390708,Arrochar,169
53171042,Financial District,193
7486995,Williamsburg,181
5582665,Bushwick,103
21772234,Tompkinsville,17
10086671,Ditmars Steinway,72
49414297,Prospect-Lefferts Gardens,88
42894396,Williamsburg,128
55659706,Bedford-Stuyvesant,115
3545782,Greenwich Village,236
47696092,Greenpoint,138
16307778,Washington Heights,229
56873661,Hell's Kitchen,171
56329093,Sunset Park,67
27475284,East Harlem,161
6551399,Cobble Hill,22
45076533,South Slope,224
22451011,Bedford-Stuyvesant,89
44810877,Williamsburg,100
17752595,Chinatown,215
5404272,Chelsea,107
15289337,East Flatbush,205
50406780,Financial District,114
47639757,Lower East Side,130
8716967,Crown Heights,26
25669263,Hollis,44
55325012,Chelsea,217
55584040,Claremont Village,224
48723370,Brooklyn Heights,100
54057483,Carroll Gardens,118
8942858,Springfield Gardens,229
19501177,Lower East Side,136
2339007,Clinton Hill,133
55720459,Tribeca,176
48974666,Tompkinsville,234
19920373,Chelsea,91
52016182,Tribeca,150
27582430,Laurelton,18
26302199,Bushwick,232
27001411,Upper East Side,174
12976857,Crown Heights,234
25478167,East Village,114
51968132,Stapleton,111
21604888,Boerum Hill,142
55121765,Upper East Side,16
6370244,Williamsburg,33
18963789,Upper West Side,145
50354864,Upper West Side,210
54658938,Hell's Kitchen,143
15609671,Ridgewood,166
4470885,Upper West Side,52
3557380,Boerum Hill,180
55941931,Williamsburg,236
2799073,Greenpoint,38
52850155,Chinatown,192
9538237,Hell's Kitchen,225
43067266,Prospect-Lefferts Gardens,84
2231860,Bedford-Stuyvesant,143
18126502,Hell's Kitchen,84
54352411,Bushwick,105
54975958,Hell's Kitchen,38
17271542,Long Island City,72
56162299,Windsor Terrace,125
7763145,East Village,17
11466869,Midtown,150
15786959,Bushwick,25
48514600,Tribeca,84
18259054,Bedford-Stuyvesant,89
11343706,Morningside Heights,98
15069522,East New York,222
5919015,Bushwick,235
56601929,Gramercy,201
42849107,Rockaway Beach,45
2011493,Crown Heights,23
20738329,Chelsea,82
55359254,East Flatbush,153
52407211,Williamsburg,207
11952893,Harlem,28
22437756,Financial District,83
1799962,NoHo,197
2932177,Hell's Kitchen,86
9792847,Flatbush,29
54319826,Astoria,99
2447257,Roosevelt Island,66
53410740,Canarsie,71
44552953,Rego Park,114
17096463,Bedford-Stuyvesant,71
18381665,Upper West Side,227
1467477,Crown Heights,160
47740828,East Village,188
11162551,Forest Hills,237
1489017,Williamsburg,56
19793344,Chelsea,76
2517400,Lower East Side,112
53792932,West Village,12
2313049,Williamsburg,194
26604859,Williamsburg,193
54941163,Crown Heights,206
8594909,Washington Heights,207
9397953,Williamsburg,48
53686890,Williamsburg,180
9531610,Midtown,193
23196616,Woodside,72
18871555,Greenwich Village,183
48894031,East Village,64
14104101,Midtown,212
47936895,Chelsea,81
49612021,Financial District,142
54058036,Upper East Side,145
21805372,Woodside,147
55851354,Upper East Side,166
25455523,Financial District,114
24954035,Bedford-Stuyvesant,196
56018148,Bedford-Stuyvesant,46
24795525,East Harlem,166
52457470,Sunnyside,110
5393778,East Flatbush,150
23334691,Hell's Kitchen,104
55380242,Midtown,194
20621241,East Harlem,172
55188041,Upper West Side,189
18560058,Murray Hill,158
26776072,Williamsburg,55
8126006,East Village,219
57129376,Concourse,175
7642191,Bushwick,110
52003480,Bedford-Stuyvesant,215
23148014,Bushwick,179
9581869,Bedford-Stuyvesant,121
44902558,Flushing,15
6461374,Upper West Side,91
22457086,Hell's Kitchen,14
14229473,Harlem,130
52268584,East Village,48
1174206,Williamsburg,58
23555059,Concord,28
49942296,Ridgewood,196
54397148,East Elmhurst,31
47954568,Lower East Side,60
19977259,Williamsburg,89
53664798,Park Slope,221
1527678,Prospect Heights,74
4168777,Ridgewood,120
50940854,East Village,52
18222050,Prospect-Lefferts Gardens,49
43673139,Lower East Side,15
14006344,Bedford-Stuyvesant,204
13671650,Chelsea,60
3564008,Chelsea,169
57291200,Chinatown,158
13617525,Park Slope,203
20845475,Little Italy,46
16578958,Bay Ridge,77
56207587,Williamsburg,198
43702411,Harlem,25
46798604,Chinatown,208
9660295,Upper West Side,190
55994399,East Harlem,62
55868475,Brighton Beach,57
6305073,East Village,125
10765448,Midtown,222
25379306,Hell's Kitchen,151
21816971,Clinton Hill,121
43581457,Theater District,77
10399273,Sunset Park,62
56717912,Bedford-Stuyvesant,168
2567659,Williamsburg,219
6092990,Morningside Heights,167
23851092,Bedford-Stuyvesant,43
50353207,Windsor Terrace,124
13048656,Flushing,69
45090893,Upper West Side,207
8929603,Gramercy,121
9049452,Upper West Side,239
22556500,Bedford-Stuyvesant,101
44140937,Cobble Hill,185
5247971,Harlem,46
3509330,Prospect Heights,67
6825892,Upper West Side,48
16286791,Wakefield,103
47486218,Chinatown,204
48035756,Prospect-Lefferts Gardens,177
52039931,Harlem,130
47249833,Astoria,87
54094487,Murray Hill,208
3154754,Harlem,79
52404449,Bedford-Stuyvesant,186
48708458,South Slope,103
45251612,Hell's Kitchen,98
52581738,Bushwick,33
5780940,East Harlem,193
20413576,Stapleton,105
45719410,Upper East Side,163
50691767,Prospect Heights,211
12023587,Lower East Side,183
7986274,Williamsburg,199
45111328,Fort Greene,84
9296882,Elmhurst,62
11820893,Williamsburg,175
7837705,East Village,38
47659088,Chinatown,41
19262583,Bay Ridge,168
24835290,Sunnyside,146
54905264,St. Albans,163
17636060,Sunset Park,178
47986602,Chinatown,195
54737917,Ditmars Steinway,27
5437962,Chinatown,200
44219363,Harlem,64
19787821,Hell's Kitchen,30
50544303,Harlem,224
3522586,Upper East Side,224
20813442,Maspeth,44
52458575,East New York,30
5225879,SoHo,30
4489111,East Village,124
5594263,Harlem,223
5197711,Upper East Side,74
57311083,Lower East Side,18
52652984,Midtown,188
16769501,Upper West Side,49
1772347,Hell's Kitchen,86
49912472,Bushwick,151
13051970,East Village,163
11884960,Bedford-Stuyvesant,195
7730559,Bushwick,211
9866856,Kew Gardens,18
47905414,Harlem,14
52808181,South Ozone Park,199
54156897,Upper West Side,25
50250479,Upper West Side,69
21601574,Midtown,53
2135208,Hell's Kitchen,215
48995101,Midtown,127
50548721,Kew Gardens Hills,61
4523905,Hell's Kitchen,131
13015518,Clinton Hill,231
21966092,Bedford-Stuyvesant,148
24316681,Washington Heights,47
21264118,Carroll Gardens,15
19140525,East Village,105
17986770,Williamsburg,161
10884745,Harlem,188
45145018,East Flatbush,26
22905002,Greenpoint,215
24025618,Astoria,130
47491741,Bedford-Stuyvesant,219
49456272,Astoria,225
3653481,Financial District,118
5965408,Bushwick,170
25488661,Kips Bay,207
3786033,Williamsburg,37
1645870,Williamsburg,49
9608379,Williamsburg,224
17110822,Sunnyside,133
56542281,Bedford-Stuyvesant,38
1803276,SoHo,98
1128917,Greenpoint,102
55684559,Hell's Kitchen,181
18932308,Ditmars Steinway,140
23293269,Bushwick,195
46948830,Harlem,41
5925643,Lower East Side,133
47762368,Bushwick,46
53613986,Williamsburg,17
56870899,Bedford-Stuyvesant,148
47286838,Chelsea,112
47366369,Lighthouse Hill,25
55495672,Upper East Side,193
21385072,South Ozone Park,34
44670040,Jamaica,124
12382582,Greenwich Village,44
51950459,Bushwick,167
47438720,Hell's Kitchen,39
5640104,East Harlem,190
46283861,Hell's Kitchen,127
49148089,Morningside Heights,114
48031890,Williamsburg,160
46965951,Greenpoint,86
45590172,Midtown,173
2817851,Harlem,51
9697852,Harlem,227
17668093,South Slope,193
2365517,Prospect Heights,231
13101124,Chinatown,90
2642219,East Harlem,73
26541345,Midtown,142
8578340,Williamsburg,153
24855725,Hell's Kitchen,38
8873268,Lower East Side,152
19012391,Kips Bay,125
55628224,Bedford-Stuyvesant,20
51701924,Brooklyn Heights,214
4731018,Astoria,162
54185617,Ditmars Steinway,60
21998125,Windsor Terrace,15
53035728,Upper East Side,27
53927693,Clinton Hill,211
6353675,East Flatbush,73
21516520,Bedford-Stuyvesant,161
21004537,Williamsburg,143
50000840,Williamsburg,180
50819901,Clinton Hill,95
1927543,Astoria,34
52109521,Harlem,156
14712184,Hell's Kitchen,127
8984280,East Harlem,167
54642921,Williamsburg,186
11206735,Bushwick,14
4051689,Harlem,210
17554872,East Flatbush,15
10580980,Forest Hills,191
17281483,Bushwick,141
6509976,Prospect Heights,51
43013692,Crown Heights,160
52393956,Sunset Park,178
23502038,Harlem,164
57287886,Bedford-Stuyvesant,176
25937681,Ridgewood,101
1953501,Fort Greene,82
9664714,Bedford-Stuyvesant,167
56748841,Lower East Side,176
20884688,Bedford-Stuyvesant,12
52553018,Highbridge,118
6031684,East Harlem,115
1417218,Bedford-Stuyvesant,88
51502543,West Village,12
18134234,Flushing,88
6800486,Harlem,38
55315623,Astoria,176
49888171,Chelsea,122
13783767,Bedford-Stuyvesant,212
17643240,Concourse Village,195
5834513,Astoria,87
5703618,West Village,34
7360518,Astoria,145
52717603,Flatbush,50
5745041,Washington Heights,152
13334747,Upper West Side,26
20443953,Harlem,164
51941622,Midtown,83
13878763,Hell's Kitchen,237
9384145,Upper East Side,216
17963021,Harlem,203
19259822,University Heights,175
55193012,Mariners Harbor,218
56846046,Prospect-Lefferts Gardens,128
14801656,Inwood,236
50904955,East Harlem,83
1172549,Kingsbridge,11
7767011,Harlem,85
23910188,Financial District,22
20234631,Bedford-Stuyvesant,15
21308855,Brownsville,153
57050949,Upper West Side,97
5068473,Bedford-Stuyvesant,236
42894948,Ditmars Steinway,71
14015733,Upper West Side,143
45098073,Williamsburg,36
14158227,Ridgewood,21
25441716,Woodside,106
22476969,East Flatbush,123
17097567,Sunset Park,183
45077085,Bedford-Stuyvesant,235
20318581,Williamsburg,92
5633476,Greenwich Village,57
23224783,Bedford-Stuyvesant,107
47700510,Lower East Side,115
23232516,New Dorp Beach,195
13824637,Rego Park,43
21421524,Midtown,137
17217416,Bedford-Stuyvesant,116
20996253,East Elmhurst,133
6397859,Harlem,85
4416759,East Village,34
4337780,Upper East Side,39
9892261,Upper West Side,147
9553702,Astoria,212
1206792,Greenpoint,151
51272234,Williamsburg,228
54375056,Chinatown,229
50902193,Kingsbridge,146
20445610,Williamsburg,111
56293746,Midtown,231
12011989,East Harlem,119
48546082,Financial District,225
3837397,Carroll Gardens,157
16214992,Brownsville,149
5227536,Flushing,137
26111103,Crown Heights,55
2424613,Chelsea,92
19802180,Hell's Kitchen,227
2182153,Harlem,213
5162917,Harlem,210
25319105,Woodhaven,59
2052363,Chinatown,94
57145945,Midtown,40
3866116,Chelsea,126
44006176,Washington Heights,51
50388554,Williamsburg,153
24890520,Flushing,181
13021041,Harlem,97
4693462,East Elmhurst,117
6622645,Williamsburg,162
20847132,Sunnyside,43
2935491,Williamsburg,77
12052307,Williamsburg,207
57227133,Bushwick,52
53828279,Windsor Terrace,201
16148164,Bay Ridge,49
11437597,Upper East Side,16
21518176,Bedford-Stuyvesant,187
53018607,Bedford-Stuyvesant,227
2332379,East Harlem,153
12940957,Williamsburg,106
19532658,Bedford-Stuyvesant,22
12935434,Bath Beach,69
51540100,East Flatbush,118
56913979,Upper East Side,98
7213054,Upper East Side,81
55061565,Borough Park,77
20405844,Brooklyn Heights,61
4945863,East Village,94
52918641,Harlem,99
15060685,Elmhurst,185
12002047,Elmhurst,181
22876834,Upper East Side,27
26158601,Jackson Heights,201
7584752,Hell's Kitchen,226
19344876,Upper East Side,51
17863607,Upper West Side,82
17514001,Bedford-Stuyvesant,80
14112938,Inwood,75
9829299,Lower East Side,78
27009143,Greenwich Village,95
6300655,Harlem,177
55546484,Sunset Park,123
17683558,Woodhaven,73
10224194,Upper West Side,107
2013150,Kips Bay,77
46529634,West Brighton,159
13431952,Long Island City,231
13166848,Flushing,160
17205818,Bedford-Stuyvesant,79
15171697,Williamsburg,118
11794383,Chelsea,51
26931269,Upper East Side,73
3265766,Fort Greene,67
27207419,West Village,35
42897157,Chelsea,122
1864581,Upper West Side,22
45137838,Harlem,195
49656757,Upper East Side,235
2714571,Stuyvesant Town,44
57045979,Chelsea,38
27728790,Harlem,50
43011483,Sunset Park,48
12651000,East Harlem,45
42915935,East New York,23
47023943,East Harlem,220
6564654,Carroll Gardens,233
2232413,Harlem,132
18557848,Williamsburg,162
20340673,Midtown,129
52341487,Crown Heights,91
9592363,Harlem,183
12259972,Chinatown,124
49593242,West Village,53
25883003,Bedford-Stuyvesant,174
46960981,East Harlem,120
2383191,East Harlem,61
14598410,Bushwick,106
2501935,St. Albans,29
3132662,Williamsburg,107
14174243,East Village,16
2617918,Bedford-Stuyvesant,68
53874672,Maspeth,173
11678952,Williamsburg,67
43879147,Hell's Kitchen,118
22733236,Glendale,46
25802920,Harlem,217
47576795,Crown Heights,13
12078817,Bedford-Stuyvesant,70
19880055,Williamsburg,201
11029447,Bushwick,141
17978486,Two Bridges,210
8051446,Hell's Kitchen,163
51071197,Bedford-Stuyvesant,148
22670827,East Flatbush,227
44825789,Upper East Side,90
4317898,Forest Hills,17
44904768,Maspeth,79
8529737,Upper West Side,150
46291593,Gowanus,151
6666829,Harlem,232
9587392,Allerton,69
44662308,Cobble Hill,56
20225794,Lower East Side,27
54723557,Midtown,108
45523896,Bensonhurst,82
48979637,East Flatbush,140
3661765,Sunnyside,16
4226216,Hell's Kitchen,13
14737589,Hell's Kitchen,107
52647461,Fort Greene,231
4024074,Battery Park City,15
12022483,Crown Heights,240
15989101,East Harlem,154
48711772,Brooklyn Heights,26
5393226,Jackson Heights,126
17559842,Murray Hill,111
22829889,East Village,132
57307769,Midtown,45
55748074,Crown Heights,209
43130228,Jamaica,234
51963714,Bedford-Stuyvesant,79
24089133,Flatbush,119
3508226,West Village,196
6102379,Upper East Side,73
19998799,Hell's Kitchen,211
16797668,Upper West Side,74
13387216,Bedford-Stuyvesant,145
4473094,Greenpoint,200
55939169,Jackson Heights,224
56771485,Chelsea,195
17569231,Flatbush,209
46490421,Bushwick,134
11478467,Greenwich Village,155
14739246,Park Slope,219
54469499,Williamsburg,97
52224952,Bushwick,155
13454596,Bedford-Stuyvesant,126
8930155,Crown Heights,165
27083704,Morningside Heights,219
2289852,Bedford-Stuyvesant,123
13496019,Harlem,145
3305532,Washington Heights,208
6359751,Bedford-Stuyvesant,62
49827418,Midtown,52
7529522,Gowanus,42
14776250,Harlem,170
1958472,West Village,38
5116523,Prospect-Lefferts Gardens,152
10424679,Long Island City,121
13354630,Bedford-Stuyvesant,132
24322756,City Island,113
7366041,Midtown,213
51281623,Clinton Hill,111
50178680,Astoria,178
46049133,Hell's Kitchen,207
43129675,Woodhaven,106
20580371,Bushwick,30
16225486,Bensonhurst,210
55738132,Long Island City,219
3802602,Carroll Gardens,51
8573921,Long Island City,223
9421702,Financial District,44
42901023,West Brighton,27
4172090,Bedford-Stuyvesant,78
55131707,Throgs Neck,46
22262677,Williamsburg,65
17838754,Williamsburg,34
23008282,Washington Heights,142
22711144,Hell's Kitchen,192
5271720,Bushwick,44
47085800,Elmhurst,13
3655138,Brownsville,195
54576093,Bedford-Stuyvesant,137
8940649,Inwood,106
49633560,Midtown,110
11067556,Queens Village,55
46941650,Boerum Hill,109
7140703,Bushwick,145
45772983,Midtown,45
56288223,Greenpoint,224
53414606,Bushwick,74
48906181,Financial District,21
16081335,Ozone Park,161
3851204,Bedford-Stuyvesant,22
52575110,Williamsburg,12
43966962,Greenwich Village,119
26483906,Hell's Kitchen,31
45137286,Washington Heights,11
52401136,Concourse Village,195
27316774,Harlem,212
43471549,Park Slope,138
17303023,Bedford-Stuyvesant,62
53691308,Long Island City,182
1700548,Ridgewood,170
20379886,Cobble Hill,21
23014357,Allerton,187
9924847,Bushwick,168
17772478,Hell's Kitchen,185
11764558,Bedford-Stuyvesant,109
8470089,Upper East Side,129
50690110,Bushwick,171
49897007,Upper East Side,84
15002141,Flatbush,185
3990384,Chinatown,45
25760945,Long Island City,22
55497882,Nolita,104
53488614,Hell's Kitchen,54
27004725,Williamsburg,27
9082037,East Harlem,90
51754392,Bedford-Stuyvesant,132
55948006,Bushwick,226
43911732,East New York,191
18827923,Williamsburg,230
20469911,Flatbush,232
5470548,Mount Hope,56
3403289,Greenpoint,145
26903654,Cypress Hills,22
44507664,Harlem,54
53800664,East Flatbush,200
55534886,St. Albans,187
42839718,West Village,210
50595115,East Village,216
5537928,Theater District,30
45169872,Bedford-Stuyvesant,187
7258343,Williamsburg,91
48279873,Flatbush,198
9631576,East Harlem,34
1733134,East Harlem,75
21860050,Williamsburg,218
53810605,Prospect-Lefferts Gardens,109
17979590,Hell's Kitchen,62
24962319,East Flatbush,124
25345063,Lower East Side,123
50259868,Nolita,231
8059730,Upper West Side,143
13337509,Bushwick,13
55585697,Bedford-Stuyvesant,75
47229398,Bedford-Stuyvesant,229
54903055,Bushwick,141
49475050,Flatbush,139
46673232,Upper West Side,34
56218633,Upper East Side,216
3874401,Crown Heights,164
52124433,Harlem,149
1695577,East Village,107
20846027,Bellerose,189
46635124,Carroll Gardens,125
7326828,East Harlem,48
10566620,Upper East Side,18
16497769,Woodside,112
5036440,Clinton Hill,33
18544593,Williamsburg,168
21498294,Harlem,152
13453492,East Elmhurst,215
1860715,Prospect-Lefferts Gardens,77
2442839,West Village,200
23283880,College Point,147
20104288,Kips Bay,168
9958537,Upper East Side,144
5442933,Park Slope,219
8608716,Park Slope,39
48784123,Washington Heights,66
20705191,Washington Heights,99
17101433,Ditmars Steinway,96
8971025,East Village,50
11476810,Midtown,52
44573388,Bedford-Stuyvesant,63
48834934,Williamsburg,106
12097595,East Village,45
3190101,Columbia St,24
15058476,Bedford-Stuyvesant,81
20738881,East Elmhurst,108
26013898,Bushwick,177
45672465,Woodside,236
50327801,Upper East Side,95
56174449,Prospect-Lefferts Gardens,178
43037441,East Village,135
21206679,Bedford-Stuyvesant,172
44314359,Astoria,93
6678980,Bedford-Stuyvesant,133
12961945,Lower East Side,140
51753840,Gramercy,66
2547776,Ditmars Steinway,146
53671978,Rego Park,28
2193752,Greenwich Village,143
57237074,Schuylerville,202
47842451,Park Slope,68
5872070,Astoria,173
4900574,Upper West Side,63
46503124,East New York,215
22972382,Murray Hill,34
13998060,Washington Heights,25
48382048,Washington Heights,201
12663703,Murray Hill,28
20096004,Brooklyn Heights,88
16724765,Harlem,116
55563605,Flatlands,147
7505773,Bedford-Stuyvesant,136
19192993,Upper East Side,141
17093149,Hell's Kitchen,231
21285106,Bedford-Stuyvesant,43
56236859,Cypress Hills,162
5477728,Upper East Side,110
24783374,Bedford-Stuyvesant,192
11322718,Williamsburg,128
15140216,Hell's Kitchen,92
25188210,Crown Heights,58
52441453,Woodhaven,73
47310586,Murray Hill,62
12920522,Washington Heights,95
52883846,Bedford-Stuyvesant,49
2732244,Bedford-Stuyvesant,34
26875486,Astoria,100
11386233,West Village,144
54916862,Tompkinsville,13
52857888,Harlem,148
1800514,East Village,184
56719569,East Elmhurst,92
15534006,Harlem,12
21087935,Concord,57
19365863,Allerton,223
3195624,Williamsburg,50
47250938,Prospect-Lefferts Gardens,101
57293961,Longwood,165
6702729,Williamsburg,105
9199677,Bushwick,46
47091323,East Village,14
20242363,Gravesend,193
4999988,South Slope,225
14890576,Upper West Side,235
15433487,Rosedale,40
7875262,Chelsea,210
4851419,Williamsburg,94
9124564,Fort Greene,170
18127607,Tribeca,154
48295337,Gramercy,26
48537245,Hell's Kitchen,224
48398065,Bedford-Stuyvesant,176
55338267,Bushwick,30
15419128,Woodhaven,10
21312169,East Harlem,203
47974451,Upper East Side,16
23430239,Two Bridges,202
3794869,Upper East Side,157
56065646,Williamsburg,142
54715825,Bedford-Stuyvesant,162
21393357,Upper West Side,124
20478748,Clifton,77
12271570,Greenpoint,89
55427740,Murray Hill,25
1219495,Harlem,193
7860350,Hell's Kitchen,214
10006588,Hell's Kitchen,19
54676059,Prospect-Lefferts Gardens,123
50562529,Gravesend,113
46768780,East Flatbush,55
18542384,Bushwick,51
42906546,Richmond Hill,60
23140282,Long Island City,16
54083441,Williamsburg,103
18319807,Inwood,211
3455757,Kensington,138
19408390,Clinton Hill,215
56883050,East Harlem,45
52034961,Murray Hill,224
9276999,Vinegar Hill,21
12343369,Gramercy,212
13053074,Bedford-Stuyvesant,74
1918154,Windsor Terrace,201
56215319,Williamsburg,239
26203890,Chelsea,111
44078527,Washington Heights,167
3945095,Bedford-Stuyvesant,192
54959941,Williamsburg,238
20722864,Jamaica,112
51192703,Park Slope,112
9126774,Upper East Side,103
18950534,Longwood,238
18582150,Bedford-Stuyvesant,193
11419923,Bushwick,175
52581185,Elmhurst,110
2031376,Clinton Hill,91
44964968,Bedford-Stuyvesant,136
51404786,East Harlem,14
21614277,Williamsburg,229
16402774,Maspeth,226
10583741,Crown Heights,35
1584013,Williamsburg,93
14228921,Williamsburg,45
2952612,Bedford-Stuyvesant,117
53932663,Harlem,139
10899657,Crown Heights,160
57115568,NoHo,159
47818702,Harlem,32
12519000,Chinatown,212
18925128,Park Slope,123
54729080,Midtown,196
54865498,South Ozone Park,142
20776438,Sunnyside,21
4518382,Harlem,81
9121251,Harlem,199
7970257,Sunnyside,192
2322438,SoHo,234
5300439,Greenpoint,152
1699996,Hell's Kitchen,160
26145898,Upper East Side,87
1211210,Hell's Kitchen,138
25330151,Crown Heights,170
57290647,Lower East Side,169
9553149,Hell's Kitchen,115
8329252,Park Slope,129
9589049,Upper West Side,78
9636547,Astoria,26
21776101,Lower East Side,65
11652442,Upper East Side,158
10805213,Upper West Side,179
9878454,Chelsea,174
47728678,Bushwick,171
44316016,Bedford-Stuyvesant,60
48078283,Flatbush,224
16379577,Flushing,138
46268949,Upper West Side,32
55611655,Fort Greene,23
3439188,Bushwick,206
51204301,Hell's Kitchen,171
43065056,Bushwick,30
7575915,Bedford-Stuyvesant,184
4471437,Bedford-Stuyvesant,31
22066610,Williamsburg,228
19748607,Theater District,127
15050743,Washington Heights,94
47930819,Sheepshead Bay,77
7668149,Prospect-Lefferts Gardens,148
51228050,Chinatown,153
11284057,Bedford-Stuyvesant,216
47773414,Greenwich Village,175
23637904,Williamsburg,90
46358421,Upper East Side,149
51508619,Astoria,11
10983054,East Village,42
15817888,Greenwich Village,198
17863055,Chelsea,164
22942558,Upper West Side,122
14177557,Chelsea,178
19839184,Greenwich Village,90
21490009,Prospect Heights,57
55563053,Concourse,215
2008731,West Village,47
45140600,Harlem,236
7737187,Upper East Side,131
55026217,Bushwick,66
15499763,Carroll Gardens,103
5546213,Upper East Side,32
4892842,East Village,134
16056482,Theater District,103
19246014,SoHo,212
43061190,Williamsburg,55
52775043,Long Island City,213
16084097,Bushwick,40
17387525,Bedford-Stuyvesant,19
53428414,Bushwick,236
27400171,East Harlem,53
53177117,Kensington,209
19993828,East Village,93
5376104,Astoria,195
20643333,Borough Park,10
22161054,Midtown,34
25303641,Financial District,181
50874026,East Village,205
50325040,Bedford-Stuyvesant,132
3317130,Astoria,59
7511848,Bedford-Stuyvesant,33
20396455,Bay Ridge,210
11706015,Clinton Hill,151
25306402,Prospect Heights,190
12262733,Norwood,60
9690672,Bedford-Stuyvesant,22
50844202,East Village,12
18809697,Williamsburg,117
15152919,Queens Village,30
23717987,Upper West Side,201
21094010,Bushwick,116
55348761,Hell's Kitchen,193
49736840,Fort Hamilton,210
2543910,Flatbush,188
10326369,Williamsburg,199
52292885,Sunset Park,151
12499117,Tribeca,128
13803098,Washington Heights,148
13346898,Sunset Park,76
7379849,Bushwick,25
7173841,Harlem,152
53577535,East New York,125
11481229,Harlem,211
8114408,Prospect Heights,18
19477428,Inwood,133
14204068,Williamsburg,71
18615840,Upper West Side,222
50163768,West Village,86
14311214,West Village,69
13389977,Ridgewood,135
49755619,Prospect-Lefferts Gardens,177
23618021,Whitestone,63
3892074,Williamsburg,102
25722836,Upper East Side,52
44296685,East Flatbush,173
11349781,Bushwick,151
54581064,Bedford-Stuyvesant,126
11709881,Fort Hamilton,29
1253185,Upper West Side,225
19238834,Bedford-Stuyvesant,154
9240547,Sunnyside,32
51988015,Bedford-Stuyvesant,202
44908081,Bedford-Stuyvesant,21
23751678,Williamsburg,26
51746108,Astoria,80
9828195,Hell's Kitchen,58
4157731,Upper West Side,239
53696279,Williamsburg,166
48706801,Kips Bay,37
3498837,Upper East Side,209
22855295,Maspeth,229
10345700,Long Island City,61
7120820,Hell's Kitchen,78
52382357,Bedford-Stuyvesant,33
51015415,Sunnyside,17
8363495,Gramercy,108
19004659,Murray Hill,236
26075756,Port Morris,120
5812974,Clinton Hill,152
5714664,Washington Heights,199
43899029,Fort Greene,35
7219682,Upper West Side,201
19164826,Mott Haven,20
7976333,Bedford-Stuyvesant,221
17183174,Bushwick,163
7189858,Kips Bay,176
56040240,Upper East Side,36
18691505,Cypress Hills,77
7089339,East Village,80
25912275,Glendale,119
3203908,Flatlands,30
5902999,Hell's Kitchen,50
9718839,East Flatbush,213
27316222,Arverne,117
23244114,Jamaica,171
10781464,Hell's Kitchen,111
2793550,Harlem,40
47966719,Chelsea,204
21507683,Woodhaven,131
8708130,Harlem,143
13032639,Murray Hill,224
56774799,Ditmars Steinway,215
25114754,Williamsburg,158
23310942,Gramercy,174
51393740,Carroll Gardens,163
12556004,Sunset Park,158
47409448,Jamaica,167
7246744,Williamsburg,197
6928067,Park Slope,228
21072470,Midtown,53
22844801,Bedford-Stuyvesant,236
27337209,Williamsburg,59
4022417,Crown Heights,73
4621663,Williamsburg,15
6166446,Bedford-Stuyvesant,100
12510716,East Harlem,182
48395856,Harlem,131
10255675,West Village,114
52506625,Lower East Side,83
13443550,Williamsburg,50
11575120,Bushwick,177
13225392,East Harlem,17
17569784,Bushwick,56
2461617,Greenpoint,181
50264287,Harlem,167
5814631,Upper East Side,178
43062847,Red Hook,62
13140890,Astoria,128
52145421,Bedford-Stuyvesant,19
49608707,Harlem,139
17900059,Midtown,130
7204217,Jackson Heights,40
23160717,St. Albans,212
17509583,Bushwick,21
5652807,Carroll Gardens,116
8887628,Washington Heights,235
42959567,Forest Hills,180
23689268,Hell's Kitchen,212
44290610,Clinton Hill,111
11274668,Prospect-Lefferts Gardens,59
10953782,Arverne,26
7020301,Ridgewood,52
13164639,Prospect-Lefferts Gardens,145
19085847,Borough Park,100
50919867,East Harlem,178
6129994,Roosevelt Island,166
44153087,Flushing,167
22178727,South Slope,132
55492911,Upper East Side,197
55462534,Jamaica,55
45182575,Bushwick,232
24940227,Sheepshead Bay,221
47116177,East New York,93
23817401,Upper West Side,154
21235951,Upper West Side,225
26668926,Cobble Hill,172
23252398,Upper East Side,129
9670789,Forest Hills,171
15284366,Flushing,201
1791677,Bedford-Stuyvesant,148
6025057,Upper East Side,110
20926111,Bushwick,37
54645683,Brighton Beach,93
47603858,Flatiron District,237
55992190,Williamsburg,101
43448353,Sheepshead Bay,57
52553570,Upper East Side,114
7220786,Morningside Heights,221
10798033,Harlem,58
13915767,Canarsie,99
21901473,Greenpoint,13
5064055,Long Island City,26
53256648,Jamaica,237
54992527,Bedford-Stuyvesant,15
17795122,Highbridge,118
50945273,Greenwich Village,44
9458154,Harlem,129
11290133,Inwood,57
26836273,Jamaica,198
18157431,Woodside,60
17521734,Harlem,91
56007655,Brooklyn Heights,34
22764165,Crown Heights,13
1528230,East Village,135
24797734,East Harlem,57
18981463,Morris Park,105
26122702,Boerum Hill,122
50920419,Inwood,197
8932916,Crown Heights,211
19939703,New Brighton,213
9570271,Fort Greene,212
12498013,Midtown,45
8234809,East Village,64
56041897,Williamsburg,185
16515995,Harlem,200
56905694,Bushwick,168
57208355,Cambria Heights,105
47503339,Inwood,106
15690307,East Village,188
49464556,Chelsea,51
26245312,Williamsburg,238
13209375,Bedford-Stuyvesant,153
4443822,Williamsburg,44
17062220,Jamaica,103
46510856,Bedford-Stuyvesant,100
47766234,Elmhurst,138
1178624,South Slope,208
2095442,Williamsburg,128
52081906,East Village,54
8566741,East Harlem,196
23139177,Greenpoint,47
19122299,Chinatown,171
56371620,Bronxdale,123
23378323,Long Island City,152
10292679,South Slope,63
48847085,South Slope,38
23675460,Midtown,195
7081054,East Village,171
9795609,Hell's Kitchen,188
7527865,Upper East Side,168
57212773,East Flatbush,185
6250948,Greenpoint,85
8546859,Bushwick,234
22869102,Hell's Kitchen,37
56051286,Kensington,47
23814088,Hell's Kitchen,21
50346027,Arverne,222
54987004,Harlem,128
7250058,Inwood,108
26134300,Upper East Side,71
2723407,Carroll Gardens,71
49806430,Harlem,68
21936268,Forest Hills,46
3778853,Financial District,140
55640375,Murray Hill,42
25833296,SoHo,36
3480058,Williamsburg,191
46407024,East New York,177
20223585,East Flatbush,153
3174637,East Harlem,23
47735305,Kensington,226
20175535,Hell's Kitchen,96
11698282,Flatbush,189
23322541,East Harlem,15
18255188,Washington Heights,111
9897232,Flatbush,201
5118180,East Village,110
24942436,Washington Heights,24
44640216,Park Slope,63
57187367,Far Rockaway,156
25097080,Upper West Side,69
15605805,Brownsville,199
24809332,Hell's Kitchen,130
11947922,East Harlem,108
8348583,Williamsburg,232
49230381,Prospect Heights,199
4638784,Bedford-Stuyvesant,148
54434152,Bedford-Stuyvesant,131
17341132,Longwood,90
50685692,Tompkinsville,141
52209487,East New York,32
26129881,West Village,189
50539332,Upper East Side,208
20730044,Elmhurst,237
49686581,Claremont Village,92
2599140,Hell's Kitchen,216
7507982,Cypress Hills,190
48330132,Williamsburg,216
3027725,Kips Bay,51
43599683,Lower East Side,227
48000961,Upper East Side,49
43703515,Bedford-Stuyvesant,108
3030486,Gowanus,117
17061115,Astoria,233
26510968,Arverne,158
23976464,Hell's Kitchen,207
18660024,Bushwick,116
26712558,Hell's Kitchen,155
49709225,Bedford-Stuyvesant,98
25214720,Ridgewood,191
56011521,Williamsburg,75
25546653,Astoria,35
8159696,Prospect-Lefferts Gardens,197
14153256,Washington Heights,53
21206127,Woodside,80
19523269,Williamsburg,98
49842882,Financial District,78
2443391,Cypress Hills,102
23504247,Bedford-Stuyvesant,106
13577207,Bushwick,140
4714449,Williamsburg,185
51073406,East Harlem,182
7399732,East Village,201
21293943,Harlem,112
12368775,Crown Heights,170
7853722,Lower East Side,161
45146123,Long Island City,126
20826697,Flatbush,67
56950983,Clinton Hill,111
25464360,Hell's Kitchen,53
47490636,Civic Center,59
12812824,Harlem,171
48459370,East Harlem,30
8366257,Crown Heights,163
55047757,Bedford-Stuyvesant,127
27534933,Hell's Kitchen,178
20470463,Bedford-Stuyvesant,26
9563091,Upper West Side,135
24759625,Financial District,106
11763454,Williamsburg,65
47984945,East Harlem,192
54089517,East Village,215
50295768,Hell's Kitchen,219
23490992,Hell's Kitchen,97
17234538,Bushwick,128
23383846,Bushwick,76
10874251,Hell's Kitchen,11
19056023,East Flatbush,234
13710311,Bedford-Stuyvesant,140
22459296,East Village,236
16390071,Greenwich Village,92
45003629,Long Island City,231
55308995,Upper West Side,184
23846673,Financial District,30
6872285,East Harlem,104
53296414,Prospect Heights,129
53014741,Flatbush,93
5330816,Fort Greene,172
49490515,Hell's Kitchen,227
56043554,Carroll Gardens,194
9252146,East Village,49
19384089,Park Slope,107
15131932,Hell's Kitchen,234
20302564,Laurelton,41
50165425,Woodlawn,33
6587851,Chelsea,57
53541083,Williamsburg,225
47558569,Upper East Side,202
11954550,Crown Heights,116
44705940,Bedford-Stuyvesant,77
2231308,Ditmars Steinway,203
47665163,Upper West Side,119
56117010,Bedford-Stuyvesant,195
9819358,Washington Heights,201
53023578,Canarsie,30
23561686,Washington Heights,171
7565422,Carroll Gardens,154
47162570,Williamsburg,231
18230887,Upper West Side,60
17438336,East Flatbush,179
47537582,Upper East Side,50
13057493,Bushwick,145
2155091,West Village,149
19335487,Williamsburg,113
24497283,Financial District,153
25496393,Murray Hill,226
15813470,Harlem,115
20991282,Williamsburg,66
15520198,Fort Greene,147
20807919,Soundview,187
1547561,Upper East Side,105
20260589,Bedford-Stuyvesant,215
57358028,East Elmhurst,196
10315876,Prospect-Lefferts Gardens,149
2633935,Williamsburg,77
47807656,Sunnyside,153
11427103,St. Albans,203
50439366,Sheepshead Bay,57
56685879,Crown Heights,41
2649952,Lower East Side,40
43206997,Norwood,98
53618405,Jackson Heights,87
11360827,Sunset Park,145
53888479,Hell's Kitchen,80
16439778,Williamsburg,180
12829945,Bedford-Stuyvesant,68
21138194,Nolita,181
27236138,Bedford-Stuyvesant,106
51455046,Upper East Side,79
55845831,Concord,57
53389200,SoHo,133
48046250,Bushwick,85
10029784,Harlem,144
8779377,East Village,117
53626137,Sheepshead Bay,88
52270240,Brighton Beach,129
4129563,Murray Hill,11
17896745,Midtown,115
19986096,Bushwick,169
1916497,Greenwich Village,170
20078330,Richmond Hill,218
53478121,Harlem,40
52562959,Bedford-Stuyvesant,228
26163019,Bushwick,201
52121672,Kips Bay,91
44834626,Greenpoint,80
54324796,Harlem,42
23893066,Financial District,69
25258904,Bushwick,52
2410253,East Village,159
45486892,Upper East Side,177
24238806,Chelsea,142
47758502,Midtown,210
6211182,Williamsburg,217
10373867,Bedford-Stuyvesant,12
4396324,Bedford-Stuyvesant,45
16894873,Bushwick,190
15930557,Harlem,154
54652310,Williamsburg,19
57320472,Chelsea,82
19222265,Bushwick,32
57176321,Chelsea,159
51757706,East Harlem,102
9069334,Upper East Side,58
55663019,Clinton Hill,19
49406013,Harlem,102
55033950,Bay Ridge,13
43218596,Inwood,40
44001205,Glendale,142
10267273,Prospect Heights,21
6264203,Crown Heights,27
26815838,Gramercy,231
55042234,Bedford-Stuyvesant,173
6648604,Clinton Hill,100
20952069,Elmhurst,62
20990178,Crown Heights,209
55504509,St. Albans,208
8925184,East Village,159
22354359,Greenpoint,200
56494231,Hell's Kitchen,98
52504968,South Slope,58
16861183,Bedford-Stuyvesant,15
18670518,Bushwick,236
1567996,Lower East Side,18
50010781,Long Island City,85
53587476,Sunset Park,87
22776316,Harlem,81
47291256,Bedford-Stuyvesant,192
11538668,Manhattan Beach,29
57289543,Bushwick,145
27244975,Arrochar,154
6009040,Fort Greene,51
7215816,Midtown,238
24474638,Nolita,122
20228004,Gramercy,47
55390183,Cambria Heights,234
57091267,Chelsea,217
44044284,Crown Heights,159
11169731,Chelsea,113
26848976,Greenpoint,166
19413913,Midtown,105
6489541,Borough Park,169
22673588,Bushwick,26
46735090,Brownsville,80
53867492,Washington Heights,22
47534820,Upper East Side,225
20233527,Flushing,64
7472083,Upper West Side,230
49044808,South Slope,190
15347881,Kensington,240
3921898,Bedford-Stuyvesant,130
13397157,Boerum Hill,38
4663085,Williamsburg,209
17803959,Bedford-Stuyvesant,78
23357335,Crown Heights,171
26174618,Chinatown,206
56088290,Midtown,93
10469415,Bedford-Stuyvesant,206
47039959,Chinatown,90
47559674,Morningside Heights,160
6998762,Flatlands,95
8376750,SoHo,62
15625688,Harlem,59
43920017,Crown Heights,154
45524448,Westerleigh,105
52311663,Williamsburg,49
8480583,Harlem,108
52398374,Upper East Side,19
53403008,Hell's Kitchen,94
49984823,Harlem,205
55423321,East Village,181
3766702,Park Slope,194
2630621,Chelsea,129
4890080,Bushwick,212
19700005,Washington Heights,129
48304174,Lower East Side,117
46113200,East Village,86
6561340,Astoria,11
55652526,Jackson Heights,51
43737205,Bedford-Stuyvesant,79
4323973,Williamsburg,216
51130293,Bedford-Stuyvesant,30
20557727,Astoria,176
57177978,Astoria,11
57219401,Harlem,63
4446031,Astoria,22
24533734,Financial District,32
12842096,East Harlem,14
4572508,Boerum Hill,95
4036777,Williamsburg,231
20939918,Flushing,150
18457882,Crown Heights,137
24597801,Upper West Side,131
5303201,Greenpoint,221
53849818,Flatbush,226
48060058,Kensington,31
23193302,Upper East Side,172
9591258,Little Italy,21
12273227,Crown Heights,228
6055986,Astoria,42
10654988,Harlem,98
8266290,Clinton Hill,148
1364197,Bedford-Stuyvesant,98
3338117,Upper West Side,52
46893600,Harlem,69
55310652,Upper West Side,127
5453426,Clinton Hill,153
50846963,Harlem,125
43489223,Midtown,75
1709385,Chelsea,13
53022473,Chinatown,68
3381197,Upper East Side,139
26567855,Hell's Kitchen,70
55596191,Hell's Kitchen,63
17520077,Upper East Side,27
25570402,Washington Heights,145
50163216,Gowanus,238
20872538,East Village,163
51384351,Williamsburg,62
43334026,Bedford-Stuyvesant,132
12704021,Fordham,103
48112526,Hell's Kitchen,158
46907960,Jamaica,53
6185224,Greenpoint,206
12928807,Astoria,207
24822587,Upper East Side,224
21081859,Borough Park,160
45112985,Bedford-Stuyvesant,114
52962825,Bushwick,143
2580914,Williamsburg,59
22890090,Forest Hills,180
19555302,Columbia St,178
7067799,Astoria,103
22924332,Chelsea,138
8911929,Williamsbridge,83
16188481,Bushwick,143
48364375,Borough Park,57
5092222,Williamsburg,212
23665519,Williamsburg,195
3834635,West Village,67
2160061,SoHo,110
53428966,Harlem,226
51906275,Clinton Hill,159
23020985,Bushwick,213
7571497,Kensington,130
22093121,St. Albans,203
47925849,Bedford-Stuyvesant,63
6817055,Williamsburg,191
44100619,East Harlem,125
8355763,Murray Hill,27
22668065,Greenpoint,119
11346467,SoHo,72
21889322,Williamsburg,179
43241792,Gowanus,127
26203337,Bedford-Stuyvesant,84
2063961,Upper West Side,34
24509433,Williamsburg,13
53883509,Elmhurst,73
44731898,Bedford-Stuyvesant,104
16433703,Sunset Park,203
24873399,Harlem,89
9363710,Midtown,57
21112236,Long Island City,192
23379980,Williamsburg,196
14117356,East Flatbush,120
26415973,Midtown,132
21878276,Hell's Kitchen,176
5924538,Upper East Side,39
5283318,East Village,19
21256386,Williamsburg,57
10577666,Kips Bay,153
2893516,Williamsburg,202
27508975,Upper West Side,128
48605730,Inwood,121
11449747,Woodhaven,53
56050734,Bedford-Stuyvesant,35
20820069,East New York,143
5392673,Crown Heights,204
6530411,Boerum Hill,57
54445750,Bushwick,44
44179045,Midwood,74
5560020,Upper West Side,178
51743899,Upper East Side,93
17916076,Harlem,85
49853376,Jamaica,215
8551829,Williamsburg,127
6891616,Upper West Side,198
7553823,Midtown,167
26415421,Harlem,121
48441697,Chelsea,152
3729146,Lower East Side,32
10474386,Upper West Side,196
49719719,Bushwick,98
12491385,Harlem,48
19127822,Jamaica,185
55041130,Little Italy,177
51865405,Chinatown,66
26656776,Bedford-Stuyvesant,95
18398234,Harlem,104
44156401,Forest Hills,79
43112554,Williamsburg,225
26459052,Fordham,196
4055003,East Harlem,33
26576140,Crown Heights,76
11191271,Washington Heights,152
44306074,Maspeth,10
10140796,Chelsea,183
55458668,Harlem,229
3950066,Greenwich Village,156
46336882,Lower East Side,108
51744451,Harlem,103
23800832,Elmhurst,41
5430230,Manhattan Beach,152
49588272,NoHo,75
48908390,Long Island City,61
26200576,Crown Heights,76
7308050,Long Island City,189
18697580,Cypress Hills,77
8040952,Bedford-Stuyvesant,131
11491170,Red Hook,62
3207775,Williamsburg,146
44134309,Richmond Hill,63
15424651,East Village,18
4349379,Chelsea,60
12832154,Rockaway Beach,61
6410010,Park Slope,217
18694267,Lower East Side,203
14489607,Fresh Meadows,186
42997123,Bedford-Stuyvesant,53
55666885,Ditmars Steinway,240
10449532,Hell's Kitchen,127
54947239,Fort Greene,36
10136930,Roosevelt Island,229
9548179,Crown Heights,96
11157028,Bushwick,98
53238422,Sunset Park,233
48530617,Crown Heights,104
50107434,East Harlem,134
19867352,Edenwald,228
14524954,West Village,152
48049564,Sheepshead Bay,20
20514647,Greenpoint,41
12348340,Crown Heights,154
2335693,Brighton Beach,102
21121625,Williamsburg,217
14057156,Upper East Side,99
19901042,Hell's Kitchen,143
47078620,Lower East Side,210
55126184,Upper East Side,114
55825948,St. Albans,17
45735979,Red Hook,115
21774996,Williamsburg,147
27031787,Fort Hamilton,50
56796339,Astoria,121
4380307,Chinatown,61
53333970,Williamsburg,128
4426701,Boerum Hill,146
4513964,Bedford-Stuyvesant,167
8080717,Williamsburg,188
15154024,Williamsburg,108
53248916,Greenwich Village,78
6522127,Bushwick,186
23470557,Theater District,212
9072648,Washington Heights,124
12062800,Midtown,205
1561921,Crown Heights,150
56012073,Lower East Side,135
53008113,West Village,154
12742682,Astoria,93
48161681,Upper West Side,214
20513543,Washington Heights,75
8472850,Washington Heights,188
19073697,West Village,153
48037966,Maspeth,219
2731692,Upper West Side,62
55133916,Bushwick,22
7891279,Williamsbridge,204
26737964,Bedford-Stuyvesant,91
10221985,DUMBO,134
8588833,Edgemere,72
54584930,Lower East Side,162
16775024,Bedford-Stuyvesant,110
44300551,Hell's Kitchen,146
52629235,Red Hook,164
53104766,Flatlands,221
27347703,Greenpoint,195
48541111,Astoria,154
45614473,Bedford-Stuyvesant,99
8679411,Bedford-Stuyvesant,44
51732853,Upper West Side,139
52428751,Williamsburg,164
23280013,Bedford-Stuyvesant,65
14446527,Downtown Brooklyn,10
5375552,Morningside Heights,159
54362353,Williamsburg,48
4531638,Park Slope,41
6946846,Williamsburg,213
48527303,Sunnyside,66
48171622,Harlem,130
10685364,Carroll Gardens,116
48586952,Bushwick,40
25160595,Williamsburg,31
8411545,South Slope,205
12859217,Chelsea,217
51596434,Midtown,138
20005427,Ridgewood,85
15379362,Highbridge,14
4999436,East Village,56
18234201,Williamsburg,46
52256433,Little Italy,106
17927122,Chinatown,11
50112404,Bushwick,83
55634300,NoHo,16
14394059,Crown Heights,132
53862521,East Village,125
27899451,Bedford-Stuyvesant,151
52901519,Chelsea,209
53626689,Greenpoint,157
50574127,Harlem,40
20881375,South Slope,62
20037460,Bushwick,225
43159500,Upper West Side,121
7984065,Lower East Side,233
5740070,Bedford-Stuyvesant,138
4235053,Bedford-Stuyvesant,75
3513196,Astoria,95
46179476,Middle Village,49
21346411,Bushwick,226
7299213,Cobble Hill,212
5941660,Midtown,219
55149380,St. Albans,66
50177023,Williamsburg,34
7562108,Williamsburg,213
50232806,Gowanus,127
5476071,Upper East Side,101
52505520,East Elmhurst,191
25718970,Washington Heights,109
46534605,Howard Beach,154
9944730,East Village,88
48927721,South Slope,126
3189549,Greenpoint,75
47315005,Bedford-Stuyvesant,180
8314340,Upper West Side,45
2497517,Greenpoint,15
52031647,Bedford-Stuyvesant,227
23412565,Harlem,185
48510734,Corona,149
7402493,Williamsburg,203
57023334,East Harlem,60
3687171,Upper West Side,107
44732450,Washington Heights,145
23255712,Astoria,123
9158807,Chelsea,58
47873932,Midtown,113
26467337,SoHo,35
4375337,Van Nest,234
49012223,Hell's Kitchen,127
3872744,Tribeca,14
25316344,Ditmars Steinway,40
54946134,Upper West Side,173
3755656,Crown Heights,206
50316755,Bushwick,92
26558466,Hell's Kitchen,28
3020545,Upper East Side,37
9543760,Hell's Kitchen,84
56805176,Upper West Side,39
18891990,Bushwick,99
6449223,Bushwick,191
6753541,Upper East Side,28
24070907,Schuylerville,219
44009489,Williamsburg,193
15920064,Long Island City,220
55162083,Lower East Side,153
14880083,Downtown Brooklyn,73
23065721,Long Island City,135
10087776,Financial District,100
5774865,Williamsburg,41
9582421,Hell's Kitchen,64
48100928,Hell's Kitchen,225
12776372,Gramercy,205
12648238,Williamsburg,120
55899404,Bushwick,128
17687424,Harlem,200
26899235,Fort Greene,92
1312833,Sunnyside,185
51791396,Upper East Side,115
52414391,Chelsea,180
9962956,Flatbush,45
9600647,Prospect Heights,200
15643914,Murray Hill,13
26359086,Midtown,31
53143427,Kips Bay,170
48429546,Kew Gardens,18
16499426,Bedford-Stuyvesant,189
50576336,Astoria,229
7179364,Randall Manor,72
12850933,Springfield Gardens,129
2071141,Carroll Gardens,15
18911873,Bedford-Stuyvesant,85
8591043,Harlem,86
2478186,Astoria,206
13784320,Rosedale,142
23466691,Belle Harbor,119
20303116,Upper West Side,74
21119416,Port Morris,171
3991488,Upper West Side,35
50243299,Sheepshead Bay,75
10677632,Upper East Side,150
25692460,Midtown,193
4618349,East Village,71
50927047,Harlem,80
54345784,Chelsea,11
21970510,East Village,237
23751125,Harlem,87
4824909,Lower East Side,127
27000859,Financial District,179
26174065,Greenpoint,168
54288897,Washington Heights,67
47451423,Harlem,106
1529887,Bedford-Stuyvesant,59
12327352,Fort Greene,35
15734491,Bedford-Stuyvesant,235
7675882,Williamsburg,130
12129076,Prospect Heights,211
24270840,Upper West Side,234
8565085,Astoria,21
48042936,Park Slope,14
10344043,Upper West Side,230
15930005,Bedford-Stuyvesant,190
55117899,Harlem,139
49927936,Upper East Side,216
25821146,Williamsburg,24
53953651,Kew Gardens Hills,193
8176818,Williamsburg,99
11251472,Sunnyside,82
6595030,Bedford-Stuyvesant,83
22134543,East Harlem,51
20274949,Bushwick,221
8211613,Long Island City,209
46490973,Upper East Side,41
48386467,West Village,53
46989148,Williamsburg,139
12487519,East Elmhurst,92
44586091,Kips Bay,135
20209778,Williamsburg,46
27249946,Flatbush,108
18779873,East Elmhurst,229
48815052,Lower East Side,225
1120633,East Village,218
16802087,East Harlem,98
55076477,Williamsburg,92
26139271,Jamaica,34
18494334,Woodside,68
27624405,Kips Bay,55
44912500,Financial District,172
24415542,Bushwick,186
9124012,Cobble Hill,61
8547963,Bedford-Stuyvesant,194
19184709,Upper West Side,102
24758521,Dongan Hills,86
18579388,South Ozone Park,82
21101742,Bedford-Stuyvesant,137
14924267,Harlem,94
53954203,Williamsburg,227
10052428,Ditmars Steinway,159
18557296,Hell's Kitchen,97
25952041,Flushing,86
19997695,Hell's Kitchen,220
3920794,Greenwich Village,134
1994371,Elmhurst,110
48273245,Inwood,44
56351737,Fort Greene,32
50538228,Williamsburg,198
7691346,Williamsburg,157
17518972,East Village,55
20912303,Williamsburg,83
21297809,Kensington,100
20989073,Long Island City,56
17134571,Crown Heights,126
21273508,Bay Ridge,131
16309987,Ditmars Steinway,46
51129189,Harlem,240
22978458,Fort Greene,14
4632709,Washington Heights,91
55940826,Morningside Heights,129
47522117,Prospect Heights,134
45610607,Canarsie,68
3068595,Williamsburg,128
11656860,Astoria,179
53936530,Borough Park,205
19450918,Upper East Side,64
21176855,Mott Haven,167
21634712,Williamsburg,125
10144663,Upper West Side,44
5848873,Williamsburg,201
17209684,Norwood,174
7899563,Murray Hill,232
16011193,Harlem,15
43502478,Corona,87
56841075,Red Hook,23
11400593,Hell's Kitchen,237
49769426,Bushwick,14
52319395,Crown Heights,121
54429181,Sunset Park,196
8531947,Flushing,42
17418454,Long Island City,11
17342236,Williamsburg,62
14197440,West Village,146
10813498,Murray Hill,227
14420017,Prospect-Lefferts Gardens,153
16099009,Flatbush,172
53183745,Fresh Meadows,160
7156167,Elmhurst,233
54555658,Williamsburg,135
24614370,Midtown,132
47681732,Hell's Kitchen,114
15833353,Crown Heights,202
12552691,Astoria,134
2714018,Williamsburg,229
1101302,Fort Greene,21
2054572,Astoria,139
1716012,Carroll Gardens,145
21560704,Bushwick,187
51128084,Flatbush,184
53954755,Bushwick,94
12780238,Rosedale,191
3042085,Bushwick,181
53843743,Borough Park,100
48403036,Bushwick,184
11459137,Corona,68
6120052,Washington Heights,50
25919455,Upper West Side,34
44455195,NoHo,159
2952060,Greenpoint,74
24016229,Bushwick,195
1317252,Emerson Hill,126
19147705,Jamaica Estates,174
8752314,Flatbush,141
21187349,SoHo,45
7709572,Williamsburg,109
19120090,Bushwick,79
44538040,Crown Heights,165
4696223,Bushwick,35
7868082,Corona,94
2660998,Upper West Side,20
18355707,Woodhaven,48
44502141,Bushwick,49
54801984,Bedford-Stuyvesant,35
4537161,Fort Greene,51
21274612,Bay Ridge,97
46947725,Wakefield,165
56816222,Sunnyside,19
23429134,Greenpoint,146
47129432,Nolita,35
26079070,East Harlem,103
48308040,Williamsburg,224
44269070,Flatbush,97
3735221,West Village,18
3203356,Bushwick,143
45430557,East Village,79
50070982,Bedford-Stuyvesant,207
6431550,Harlem,63
19352056,Jamaica,187
43350043,East Flatbush,111
13193911,Williamsburg,225
3947857,Bushwick,149
9825985,Crown Heights,81
10710218,Upper West Side,177
6870076,Upper East Side,45
5762714,Williamsburg,135
49762246,Bedford-Stuyvesant,55
2010388,Bushwick,78
42957910,West Village,144
22311279,Ridgewood,175
11060376,East Elmhurst,79
26612592,Sunnyside,52
53089301,East New York,97
10773732,Theater District,189
20137979,Astoria,127
2605768,Upper West Side,59
9141686,Williamsburg,97
8841787,Crown Heights,116
5541242,Crown Heights,172
43505239,Bushwick,142
51763229,Flushing,138
18767722,Upper West Side,55
6438177,South Slope,54
50138362,Two Bridges,147
55974517,Forest Hills,142
17917733,Bedford-Stuyvesant,88
2997901,Bushwick,153
25691355,Oakwood,81
1434892,Greenpoint,212
19203487,Greenwich Village,169
50797256,East Village,188
18276175,Harlem,217
3760627,Harlem,208
3927974,Crown Heights,214
51006578,East Flatbush,136
50683483,Arrochar,142
27801694,Park Slope,82
49783786,Upper West Side,129
2204245,Prospect-Lefferts Gardens,21
21137089,Bedford-Stuyvesant,192
1765167,East Village,13
24343743,Murray Hill,116
24335459,Mariners Harbor,182
16122205,Harlem,149
3187339,Fort Greene,27
23231411,Chelsea,235
44515396,Washington Heights,212
23706941,Bedford-Stuyvesant,117
9395744,Flatbush,48
15651646,Flushing,39
49019955,Midwood,217
51818459,Bushwick,139
51265054,Bushwick,112
19373596,Bushwick,162
55627672,Bayside,223
4872959,Roosevelt Island,13
20953726,Crown Heights,127
53750404,Financial District,222
43138512,St. George,13
52259194,Hell's Kitchen,23
15746641,Jamaica,160
4416207,Inwood,71
55544827,Sunnyside,165
48442249,Hell's Kitchen,70
6981640,Harlem,240
8333119,Bushwick,12
6014011,Upper West Side,62
23361202,Chelsea,204
26772206,Bedford-Stuyvesant,62
44639664,Huguenot,194
9430539,Washington Heights,76
4615035,Williamsburg,85
25338436,Williamsburg,108
47282971,Woodside,84
50030112,Murray Hill,208
3528109,Park Slope,70
12998397,Harlem,74
17791256,Glendale,76
8289487,East Harlem,139
4017999,Astoria,131
10908493,Midtown,20
8034877,Bushwick,189
10160679,Brooklyn Heights,100
1202926,Williamsburg,193
42954596,Midtown,46
8781034,Hell's Kitchen,222
48980742,Crown Heights,33
5568305,East Village,116
11454166,Harlem,115
47850184,East Village,55
47822016,Flatiron District,48
21956150,Upper East Side,148
46515274,Ditmars Steinway,63
3600460,Crown Heights,199
5945526,Williamsburg,205
4682416,Midtown,173
44414878,East Harlem,226
44526994,Far Rockaway,156
20837191,Bushwick,45
53102557,Ridgewood,18
14434377,Bushwick,41
23436867,West Village,84
8005052,Boerum Hill,44
9349903,Bushwick,175
15704667,Harlem,27
45972916,Midtown,105
18839521,Bushwick,179
9735961,East Village,60
48268827,Williamsburg,48
1866790,Greenpoint,53
8966607,Inwood,83
6620989,Harlem,238
44982642,Harlem,122
18733480,Schuylerville,104
15986892,Red Hook,165
17649315,Williamsburg,207
13539651,Fort Greene,84
56260056,Lower East Side,227
56294851,Midtown,205
9921533,South Slope,140
10476043,Crown Heights,220
43881356,Clinton Hill,79
9148866,Bedford-Stuyvesant,53
6898243,Prospect Heights,220
20705743,Fort Greene,78
11636425,Woodside,150
56867586,Elmhurst,85
9118489,Murray Hill,219
21436988,Jackson Heights,15
50203534,Windsor Terrace,139
53068314,Crown Heights,188
2764830,Bushwick,174
6068689,Upper East Side,135
22903897,Arrochar,165
19428273,East Harlem,38
9484112,Harlem,56
22151665,Financial District,67
4895603,Harlem,52
15322475,Bushwick,139
51050210,East Elmhurst,92
8119378,Lower East Side,31
54325349,Harlem,222
47407239,East New York,36
15367764,Hell's Kitchen,70
3536393,Upper West Side,166
25131323,Lower East Side,73
19101864,Williamsburg,74
14603933,Ditmars Steinway,233
3924660,Bedford-Stuyvesant,181
48547186,Manhattan Beach,98
4919905,Fort Greene,211
46511408,Sunnyside,185
44719747,South Slope,177
6419951,East Village,66
25069465,West Village,168
14083114,Bedford-Stuyvesant,60
46060179,Morris Park,226
55011305,Lower East Side,77
22925437,Astoria,104
53642706,Harlem,15
1249319,Williamsburg,50
8367913,Jackson Heights,61
21013374,Sheepshead Bay,137
20224138,East Harlem,11
25561012,Long Island City,201
24259794,Bushwick,114
48632240,Bensonhurst,130
3103942,Upper East Side,49
55835889,Borough Park,107
47411105,East Harlem,22
48559337,Chelsea,216
55143857,Harlem,134
9392430,Longwood,192
1346524,Lower East Side,123
46567743,Bensonhurst,47
23974255,Greenpoint,106
13545174,Gowanus,80
20213644,East Harlem,59
20101527,Dyker Heights,36
52579528,Flushing,67
48913913,Chelsea,89
53882404,Chinatown,36
3059758,Park Slope,28
1683427,Flatiron District,24
56243487,Harlem,40
13526395,Williamsburg,36
5278347,Bedford-Stuyvesant,23
6259232,Bushwick,77
5751668,Lower East Side,86
2975809,Greenwich Village,65
11226066,Bedford-Stuyvesant,57
18947772,Williamsburg,188
6368035,Williamsburg,183
7144017,Harlem,234
13984252,East New York,42
57131585,East New York,39
15087195,Borough Park,204
13111066,Coney Island,184
26504893,Greenpoint,140
2197618,West Village,136
56110935,Boerum Hill,172
21083516,Chelsea,76
7019749,Financial District,35
48782466,Williamsburg,142
55063222,Harlem,200
15013739,Crown Heights,41
20242916,Jamaica Estates,34
27211285,Bedford-Stuyvesant,196
6517708,Lower East Side,199
15051848,Harlem,107
42864571,Bedford-Stuyvesant,24
15642257,Murray Hill,172
11402250,Sunnyside,125
8000082,Kips Bay,54
44064167,Bedford-Stuyvesant,130
23937803,Williamsburg,136
10959857,Sunnyside,178
13777140,Harlem,75
7430108,Crown Heights,37
1989401,Williamsburg,62
51093289,Harlem,113
15556098,Bedford-Stuyvesant,213
27217912,Greenpoint,161
5859919,Chelsea,11
8571712,Flatbush,20
57061995,Bedford-Stuyvesant,68
52455261,Bushwick,135
25447239,Concourse,131
9183108,Elmhurst,56
27619435,Greenwich Village,50
24576814,Chinatown,209
46413651,Hell's Kitchen,71
7805120,East Village,49
24279124,Inwood,179
10954887,Chelsea,80
2617366,Harlem,112
8578892,Upper East Side,24
6951816,Williamsburg,26
23686506,East Elmhurst,178
51131950,Cobble Hill,185
3784928,East Harlem,50
3799840,Greenpoint,230
10856025,East Village,45
2556061,Woodside,112
54499323,Chelsea,235
13625257,Harlem,111
23894723,Financial District,21
5707484,Prospect Heights,42
49211051,Upper East Side,78
21207784,Midwood,117
9356530,Upper East Side,172
47066470,Williamsburg,120
4402952,Williamsbridge,77
50653658,Concord,109
53519543,Upper West Side,50
3506569,Williamsburg,228
8388901,Greenpoint,160
19060994,Bushwick,60
3116645,Chelsea,47
27100825,Bedford-Stuyvesant,34
3810886,Midtown,93
11756274,Bedford-Stuyvesant,223
3143155,Hell's Kitchen,64
43136855,Midtown,109
43252838,Sheepshead Bay,194
47772309,Harlem,189
10532377,Harlem,94
19589545,Bushwick,72
43208102,Woodside,150
3069700,Upper East Side,42
4062183,Norwood,157
1514423,Lower East Side,92
6380186,Bedford-Stuyvesant,196
1481837,Bedford-Stuyvesant,130
3000662,Theater District,56
2618470,Maspeth,166
19703871,Hell's Kitchen,192
2573182,Williamsburg,102
24221133,East Village,142
22774659,Upper East Side,237
19873979,Borough Park,184
12621728,Chelsea,205
55676275,Bushwick,220
5661643,Chelsea,204
1660782,Morris Heights,147
43032471,Jamaica,139
53859208,Upper West Side,111
51504200,Kensington,126
48150635,Chinatown,197
43262227,Brooklyn Heights,214
44603764,Midtown,45
11092409,Bedford-Stuyvesant,97
14985572,Upper West Side,225
27320640,Hell's Kitchen,229
7260552,Harlem,116
7353891,Upper East Side,44
25145131,Borough Park,103
42913174,Ridgewood,123
21666745,East Village,240
24961767,SoHo,68
23948849,Bedford-Stuyvesant,44
45521687,Boerum Hill,126
21911966,Rosedale,73
20960353,Windsor Terrace,96
6073659,Sunnyside,138
10084462,Williamsburg,137
3568426,Upper East Side,22
9998855,East Village,189
47104026,East Flatbush,54
14246595,Bedford-Stuyvesant,75
43920569,Bedford-Stuyvesant,36
8827979,Harlem,153
49501008,Financial District,173
45118508,Windsor Terrace,234
26408793,Hell's Kitchen,112
56023671,West Village,165
43303650,Harlem,127
57300037,Huguenot,194
16884932,Bedford-Stuyvesant,110
51161222,East Harlem,214
47571272,East Village,176
19029513,Gramercy,47
54393282,Bedford-Stuyvesant,222
20109259,Bushwick,110
54357382,Lower East Side,105
4162701,Bushwick,118
8725804,Bushwick,148
57272422,Woodhaven,176
25152863,Financial District,209
47274135,Harlem,160
25276026,Astoria,200
44245321,Bushwick,168
57258614,Hell's Kitchen,181
2209768,Crown Heights,58
1674037,Harlem,216
47482352,Murray Hill,111
4579135,Greenpoint,25
2055677,Flushing,146
56532340,Bushwick,207
17868578,Lower East Side,97
18368410,Bushwick,52
7267180,Theater District,82
3925212,Long Island City,112
53113603,Woodhaven,48
50198563,Williamsburg,209
48332341,Upper East Side,130
5748355,Hell's Kitchen,136
9691777,Williamsburg,209
52763997,East Village,88
4070467,Washington Heights,157
8340851,Upper West Side,23
45974573,Crown Heights,109
57067518,Hell's Kitchen,117
13090078,Fresh Meadows,11
6693892,Fort Greene,93
5200473,Williamsburg,88
56173897,Harlem,110
24841918,Bushwick,172
1909870,Gramercy,219
12528942,East Harlem,125
3857279,Bushwick,223
24227208,Bedford-Stuyvesant,228
14856334,Cypress Hills,154
7923864,Astoria,37
50342161,Williamsburg,75
52956197,Ridgewood,206
27061059,Greenpoint,192
10915121,Crown Heights,12
11247053,Richmond Hill,30
3750685,Harlem,223
20415786,Crown Heights,122
54271776,Lower East Side,21
3283440,Chinatown,115
15991863,Harlem,28
45861904,East Harlem,41
24982754,East Village,204
49186197,Harlem,137
25628393,Mott Haven,16
8175713,Harlem,43
2018673,East Village,81
50201325,Harlem,50
22856399,Astoria,75
47731991,East Village,137
21687180,Edenwald,20
13541860,Bedford-Stuyvesant,59
11818684,Bedford-Stuyvesant,35
46476613,East Elmhurst,232
16701016,Washington Heights,62
4469228,Bedford-Stuyvesant,193
46669918,Hell's Kitchen,114
45158826,Crown Heights,215
45071562,Bedford-Stuyvesant,167
21015583,SoHo,210
16480648,Williamsburg,110
18286117,Harlem,217
48858683,Prospect Heights,40
13423115,Flushing,146
47791640,East Elmhurst,223
16829149,Crown Heights,80
2773114,Astoria,152
43397541,Williamsburg,153
52713737,Williamsburg,120
23154089,Bedford-Stuyvesant,77
12887384,Astoria,215
1681770,East Harlem,107
15870357,Cobble Hill,227
2663207,Crown Heights,179
2732797,Hell's Kitchen,85
17778001,Jackson Heights,106
51265607,Lower East Side,142
48426232,Murray Hill,187
55070954,Bedford-Stuyvesant,37
15415261,Prospect Heights,11
13573341,East Flatbush,26
50001392,Civic Center,225
7764802,West Village,177
55920391,Harlem,213
57074698,West Village,204
43085491,Washington Heights,139
44617572,Inwood,180
50113509,Theater District,133
24925315,Financial District,35
55924810,East Harlem,57
20173326,Bushwick,79
55761881,West Village,162
4541027,Harlem,48
15218090,Midtown,168
1871761,Bedford-Stuyvesant,69
45882891,West Village,69
44676115,Upper East Side,169
9824881,East Flatbush,150
12845410,Hell's Kitchen,207
13479450,Bedford-Stuyvesant,202
2887441,Sunnyside,155
48947604,Prospect Heights,30
1425502,Upper East Side,23
12131838,Bedford-Stuyvesant,108
42947969,Boerum Hill,240
22052251,Morningside Heights,215
21277926,Theater District,235
3196176,Harlem,175
18434686,Washington Heights,224
7973019,Stapleton,102
21045960,Bedford-Stuyvesant,78
6523231,East Village,27
55622701,Morris Park,172
9047795,Prospect-Lefferts Gardens,205
19229998,Upper West Side,23
25068913,Washington Heights,198
4402399,Park Slope,27
24740295,Upper West Side,133
2460513,Upper East Side,154
1632615,Windsor Terrace,37
16421552,Ridgewood,55
3033248,Williamsburg,87
3656794,Williamsburg,59
23643979,Bedford-Stuyvesant,84
11328794,Upper West Side,154
26396090,Upper East Side,32
5120389,Murray Hill,74
1803828,Gramercy,137
44080184,Bedford-Stuyvesant,148
48061714,Bedford-Stuyvesant,71
19091923,Flatbush,226
12101461,Lower East Side,15
2986302,Bushwick,218
26874382,Greenwich Village,180
18034268,Williamsburg,108
44929621,Greenpoint,81
48057296,Midtown,114
11851270,Theater District,230
43240688,West Village,126
1242139,Astoria,93
44852851,Bushwick,196
15280500,Hell's Kitchen,65
8117169,Hell's Kitchen,181
24180815,East New York,177
55478551,Springfield Gardens,156
4353245,Harlem,19
48565412,Washington Heights,191
48169965,Midtown,224
23395996,Kensington,127
47570720,Jackson Heights,112
49828522,Clinton Hill,29
49679401,East Village,158
24756864,Ridgewood,151
21466813,Ozone Park,203
7047364,Lower East Side,168
12562632,Richmond Hill,63
1822606,Flatbush,201
43244002,Nolita,156
14688435,Harlem,172
9057736,Upper East Side,186
54315407,Midtown,92
17087626,Harlem,16
7043498,Williamsburg,232
8840130,Harlem,134
43513524,Harlem,110
23656682,Upper West Side,168
7209740,West Village,112
56572105,East New York,191
25290938,Astoria,72
52971109,East Village,125
43700201,Bedford-Stuyvesant,160
20435116,Mariners Harbor,218
53012532,East Flatbush,120
56112039,Boerum Hill,233
3126034,Theater District,14
45491310,East Flatbush,191
53974086,Bushwick,195
9444346,Lower East Side,74
15394274,Greenpoint,86
7901220,Chelsea,131
15741671,Washington Heights,229
22584668,Astoria,177
6592821,Prospect-Lefferts Gardens,224
26894817,Upper West Side,27
2268865,Chelsea,78
46159593,Canarsie,73
27288607,Bushwick,94
21159181,Williamsburg,86
6426579,Upper West Side,93
51477138,Greenpoint,196
11138803,Bedford-Stuyvesant,53
43514076,Prospect-Lefferts Gardens,178
48062267,Williamsburg,108
8339746,Flatbush,25
49266833,Ridgewood,13
23773217,Upper East Side,52
4552073,Harlem,191
55234987,Bushwick,199
9809416,Chelsea,99
49592138,Bushwick,141
2943775,Williamsburg,223
53660932,Bedford-Stuyvesant,170
18731823,Bedford-Stuyvesant,164
18906902,Park Slope,221
6051015,Harlem,169
19464173,East Flatbush,18
22577488,Howard Beach,113
13506513,Kips Bay,239
49657861,Washington Heights,38
22276484,Flushing,129
8488315,East Village,58
24181919,East New York,200
11719822,Bedford-Stuyvesant,90
7969153,East Village,62
10954334,Harlem,177
25368812,Richmond Hill,152
15161756,Bedford-Stuyvesant,177
24543676,Bedford-Stuyvesant,54
15784750,East Harlem,117
50076505,Washington Heights,139
12843200,East Harlem,226
50406228,Financial District,52
2230756,Williamsburg,220
8831845,Harlem,236
17148379,Clinton Hill,159
42984973,Bedford-Stuyvesant,118
6810980,Lower East Side,229
52369654,Bushwick,215
2634487,Bushwick,156
3219373,South Slope,134
55275305,Stapleton,208
25653799,East Village,235
5280556,Upper West Side,45
7643296,East Village,184
3337565,Upper West Side,181
49535251,Bushwick,115
47284076,East New York,67
1630406,Bedford-Stuyvesant,36
43268855,Nolita,231
45341637,Wakefield,160
54392177,Flatbush,139
1819292,Upper West Side,201
24651927,Bedford-Stuyvesant,16
50660286,East Village,45
1524916,Williamsburg,119
19960138,Williamsburg,90
51733957,Bushwick,127
7028586,Jackson Heights,109
9059393,Crown Heights,38
44752333,Brighton Beach,134
4596809,Williamsburg,12
14600067,Kingsbridge,214
4882348,Chinatown,49
3579472,West Village,169
26027154,Inwood,95
23386607,East Harlem,132
46018204,Downtown Brooklyn,10
54227039,East New York,78
2558822,Greenpoint,131
53052297,Upper West Side,159
51273891,Gramercy,206
8322625,Harlem,198
23315361,Bedford-Stuyvesant,15
2554404,Upper West Side,171
3864459,Bedford-Stuyvesant,216
26586081,Upper West Side,211
48142350,Williamsburg,28
19987753,Williamsburg,42
47764577,East Harlem,11
56668758,Chinatown,104
50020723,Harlem,44
24472981,Harlem,10
25348377,Lower East Side,176
51454493,Upper East Side,145
47773966,Cobble Hill,200
19406181,Harlem,89
57198413,Crown Heights,165
16708748,Flushing,100
52386776,Ridgewood,33
51347899,Upper East Side,36
15715160,Chelsea,112
43310830,Hell's Kitchen,158
54477231,West Village,23
47201783,Canarsie,111
13621943,Financial District,22
48586399,Sunnyside,99
7226862,Harlem,30
54111056,Woodside,82
46970922,Astoria,163
20765392,Jamaica Estates,51
51168402,Bedford-Stuyvesant,127
5485460,Williamsburg,196
24402287,Borough Park,72
21288420,Chinatown,211
19274734,Crown Heights,143
1603895,Williamsburg,140
19218399,Lower East Side,139
21174646,Upper West Side,75
19207906,Washington Heights,55
23721301,Jackson Heights,66
57264137,Midtown,45
21376235,Upper West Side,200
7599664,Lower East Side,158
54628009,East Harlem,81
51537891,Astoria,85
5234163,East Village,88
22837621,Chelsea,62
2653265,Astoria,95
13441894,Flushing,239
2702420,Canarsie,106
7199799,Upper East Side,44
21444168,West Village,135
3298904,Long Island City,47
2979675,Washington Heights,198
47026704,Harlem,236
57184606,East Village,178
53502422,Hell's Kitchen,21
17994502,Crown Heights,211
3442502,Washington Heights,19
20827249,Hell's Kitchen,54
13990880,Forest Hills,216
47096846,Flatbush,139
9975106,South Ozone Park,44
9616664,Wakefield,86
20601358,East Flatbush,153
17236747,Fordham,30
12402465,Chelsea,225
42989944,Upper East Side,64
4534951,SoHo,37
18914082,Rego Park,28
24210087,Hell's Kitchen,78
18169029,Upper East Side,97
54621382,Williamsburg,183
16190691,Forest Hills,41
53209703,Harlem,44
6683951,Bedford-Stuyvesant,192
44367932,Greenpoint,150
7872500,Chinatown,183
7221339,Bedford-Stuyvesant,69
2431793,Williamsburg,79
24686722,Greenwich Village,177
55533229,Williamsburg,56
14911012,Williamsburg,160
48555471,Gramercy,48
45960213,Concourse Village,239
5315904,Flushing,156
13307685,Edenwald,142
11870048,Murray Hill,70
5242448,Flatbush,222
43281558,Fort Hamilton,29
23513084,Theater District,167
14997723,Bedford-Stuyvesant,62
23246875,East Harlem,100
3673916,Washington Heights,203
53373736,Upper West Side,222
7162795,Upper East Side,68
54428629,Bushwick,116
3721966,Tribeca,13
17186488,Midtown,68
49982062,Park Slope,115
11030552,West Village,53
27176490,East Village,163
46972027,Jamaica,200
5460606,East Flatbush,58
7212502,Gramercy,200
15800215,Midtown,229
55571338,Maspeth,44
6099065,Williamsburg,57
44918575,Sunset Park,76
51305372,Astoria,93
27527753,Flushing,196
1523260,Upper East Side,129
9600095,Bushwick,165
23088365,Bedford-Stuyvesant,132
1711042,Harlem,190
47907070,Harlem,196
46665500,Fort Greene,201
25571506,Chelsea,112
57140422,Sheepshead Bay,84
21916385,Forest Hills,23
48206417,Jackson Heights,35
44785471,Nolita,11
13171267,Bushwick,127
48818918,East Village,227
3021649,NoHo,210
42944655,Williamsburg,144
4717210,Greenpoint,226
56234098,Elmhurst,181
7018092,Williamsburg,24
49958865,Kingsbridge,179
14022913,Williamsburg,131
2646638,Williamsburg,239
4585211,Long Island City,117
9885082,Cobble Hill,73
22200267,East Harlem,53
11113397,Bedford-Stuyvesant,233
20352823,Williamsburg,99
5608070,Crown Heights,225
51184419,Chelsea,205
10068445,East Village,116
47177482,Brownsville,199
19863486,Williamsburg,183
49375084,Prospect-Lefferts Gardens,75
48575353,Bedford-Stuyvesant,95
9890605,Harlem,127
24891073,Flushing,138
8346374,Bushwick,149
9900546,Chelsea,240
9722705,Chelsea,126
6771766,Chelsea,161
14988334,Harlem,122
48948708,Gramercy,118
48484224,South Slope,140
51876451,Ditmars Steinway,52
21667297,Bedford-Stuyvesant,215
43905105,Greenpoint,114
54030421,Fort Greene,23
53079912,Bedford-Stuyvesant,163
55135021,Prospect Heights,211
2428479,Harlem,75
51567715,Schuylerville,202
14026227,Richmond Hill,32
1017353,Inwood,86
56513561,East Village,12
13089526,Brighton Beach,200
49419820,Park Slope,221
22878491,Hell's Kitchen,81
46118171,Brooklyn Heights,47
3582234,Upper West Side,159
24262003,Wakefield,161
1501720,Flatbush,73
2938804,East Village,92
9549835,Hell's Kitchen,158
20066732,Kensington,225
2783056,Hell's Kitchen,221
10102135,Harlem,16
18888124,Bedford-Stuyvesant,71
49571150,Ditmars Steinway,138
12036290,Hell's Kitchen,177
27036758,Williamsburg,127
9301853,Bedford-Stuyvesant,103
54106638,Bay Ridge,176
18166268,Midwood,120
16371845,East Village,205
48330685,Crown Heights,121
24090790,Arden Heights,227
25220243,Woodside,160
17026873,Bushwick,61
1502824,Inwood,30
7153406,Financial District,139
52513252,Upper East Side,204
16683895,Flushing,53
46354555,Crown Heights,41
10144110,Kips Bay,37
1876179,Crown Heights,166
2496412,Crown Heights,59
17624461,Bedford-Stuyvesant,33
5199368,Prospect Heights,198
2418538,Williamsburg,13
44369037,East Flatbush,165
24653584,Greenwich Village,122
10472729,Williamsburg,83
27491301,SoHo,85
56561611,Bushwick,75
8076299,Lower East Side,13
27228406,Midwood,116
51822325,Allerton,76
2061200,Williamsburg,56
10221432,Washington Heights,66
9384698,Upper West Side,155
49317645,Bedford-Stuyvesant,109
44671145,Bedford-Stuyvesant,194
46521350,Prospect-Lefferts Gardens,195
51867614,Mott Haven,72
50400705,Harlem,153
44248083,Bay Ridge,21
20047954,Ozone Park,161
57175769,Washington Heights,212
22871311,Williamsburg,237
48305831,Long Island City,189
3798183,Bedford-Stuyvesant,57
16780547,Brooklyn Heights,134
3275155,Gramercy,90
6675114,Bedford-Stuyvesant,110
54327558,Upper West Side,117
54595423,East Village,224
11691655,Chelsea,98
26192844,Prospect-Lefferts Gardens,212
19364759,Bedford-Stuyvesant,191
1127260,Roosevelt Island,48
15604148,Williamsburg,200
56565478,Greenpoint,114
46060732,Crown Heights,116
6895482,East Harlem,115
26745696,Hell's Kitchen,33
14257641,Crown Heights,108
12882414,Gowanus,74
3725832,West Village,218
22217941,Midtown,178
17787942,Upper East Side,213
19309529,Midtown,237
3049264,Long Island City,229
23639561,Greenpoint,97
10922853,East Village,177
7369355,East Flatbush,44
53464313,Kingsbridge,67
56557745,East Elmhurst,178
51879764,Clinton Hill,99
15056266,Ozone Park,77
53369317,Far Rockaway,166
7686928,East Village,123
50664152,Lower East Side,15
2601901,Greenpoint,139
44102276,Harlem,113
11791621,West Village,165
1779527,East Village,235
24902119,Financial District,12
13201643,Bushwick,132
44458509,Long Island City,123
26454634,Richmond Hill,167
7792969,Bushwick,19
22240585,Bedford-Stuyvesant,60
5434096,Williamsburg,76
26212174,Randall Manor,129
45490758,Upper East Side,131
51060151,Rego Park,215
10209834,Harlem,42
47858468,Upper West Side,203
21943447,Bedford-Stuyvesant,186
7667045,Midtown,152
9956328,Bedford-Stuyvesant,195
48968039,Bedford-Stuyvesant,109
4114099,Upper West Side,101
25543891,Flushing,210
2737767,Long Island City,128
16216649,Williamsburg,187
2895173,West Village,34
27122365,Bay Ridge,110
54269566,Navy Yard,86
6198479,Fresh Meadows,23
52894339,Bushwick,16
54229249,Concord,181
2656579,Greenwich Village,173
21417106,Midtown,43
46347375,East Harlem,133
1443176,Chelsea,216
23865451,Washington Heights,90
4498500,Chinatown,202
54196663,Sunset Park,194
16985450,Brownsville,64
23204348,Bedford-Stuyvesant,120
10648360,Upper East Side,78
24060966,Murray Hill,115
7095967,Flatbush,98
54229801,Sheepshead Bay,144
19972841,Midtown,63
23903560,Financial District,16
22950290,Financial District,55
43521808,Hell's Kitchen,115
4670817,Bedford-Stuyvesant,132
9347141,Midwood,167
12725560,East New York,185
55271439,Washington Heights,75
15008216,Williamsburg,233
10096612,Park Slope,207
17726637,Park Slope,87
19957377,Harlem,102
20907885,Financial District,223
50556454,West Village,137
19980021,Ditmars Steinway,27
8527528,Upper East Side,224
55862400,Elmhurst,82
19991067,Harlem,28
55632643,Jamaica Estates,21
15129170,East Flatbush,95
45770774,Greenpoint,71
6950712,East Village,55
26365161,Bushwick,65
6971699,East Flatbush,180
4581897,Upper East Side,34
5776522,Bushwick,48
55916525,Bedford-Stuyvesant,113
18782635,Greenpoint,144
23660548,Lower East Side,163
19341010,Brownsville,126
21657356,Midtown,131
2563240,Maspeth,77
17160529,Bushwick,21
21573959,Ditmars Steinway,202
6115634,Park Slope,213
9925952,Upper East Side,199
8639093,East Village,121
49951133,Hell's Kitchen,84
10171725,South Slope,30
47949598,Financial District,49
7808986,Boerum Hill,46
50834260,Greenpoint,89
17158320,Bedford-Stuyvesant,186
8587729,Upper East Side,120
18227573,Prospect Heights,232
3525899,Fort Greene,173
50513374,Upper West Side,123
2023091,Harlem,158
56921159,East Harlem,160
48572040,Jamaica,139
18250217,West Village,154
20869776,Bayside,223
7155615,Carroll Gardens,187
19707737,Downtown Brooklyn,125
53876329,Hell's Kitchen,119
6348152,Park Slope,157
54515340,West Village,200
4514516,Bedford-Stuyvesant,223
9403476,East Village,172
9059945,Upper West Side,41
4396876,Harlem,25
11492275,Harlem,32
19351504,Upper East Side,53
8192834,Greenpoint,229
13262948,Greenpoint,80
4950833,Crown Heights,146
53250573,East Village,131
4824357,Bayside,66
18754467,Lower East Side,39
11273011,Bedford-Stuyvesant,70
3352477,Williamsburg,178
56324122,Bergen Beach,103
43512972,Harlem,42
9252698,West Village,93
8350792,Prospect-Lefferts Gardens,220
3603221,Bedford-Stuyvesant,55
12073846,Upper East Side,123
5079519,Hell's Kitchen,84
17938720,Glendale,229
4069363,Theater District,124
16301151,East New York,196
7738291,Crown Heights,43
2234070,Gramercy,227
2184363,Astoria,234
6502796,Bushwick,131
8022174,Williamsburg,190
2207559,Prospect-Lefferts Gardens,151
3209984,Jamaica,201
54853900,Brooklyn Heights,88
11985478,Kew Gardens Hills,159
11550818,Theater District,133
54133148,Windsor Terrace,70
57121644,Rego Park,97
19890548,Upper West Side,132
6669039,Boerum Hill,157
57191233,Bedford-Stuyvesant,61
49890932,Park Slope,130
1167578,Upper West Side,12
8898674,Crown Heights,111
12200875,Murray Hill,208
2427927,Williamsburg,67
25543339,Bedford-Stuyvesant,56
24600010,Long Island City,20
4322316,Morningside Heights,37
14870694,Astoria,136
57230447,Harlem,74
5078415,Boerum Hill,213
53193686,Upper East Side,11
57076355,Williamsburg,40
3777748,Prospect Heights,92
2304212,East Harlem,175
8189521,Hell's Kitchen,149
52820884,Upper East Side,87
50052756,Chelsea,64
2760964,Gramercy,94
52193471,Crown Heights,29
7665388,Bedford-Stuyvesant,189
51541204,Borough Park,20
6429340,Bushwick,216
46038640,Flushing,91
48668692,East Flatbush,196
23141386,Prospect Heights,226
50659734,Sunset Park,67
6588955,Chelsea,84
18346318,East Village,178
47258118,Carroll Gardens,98
5283870,Flatlands,98
51255665,Williamsburg,184
45454306,Carroll Gardens,50
2093785,Bedford-Stuyvesant,96
1616598,Prospect-Lefferts Gardens,71
55046653,Flatbush,227
46862671,Flushing,122
26392224,Williamsburg,212
17869683,Corona,205
7322962,Little Italy,181
15746089,Ridgewood,101
44726375,Crown Heights,149
8249169,Hell's Kitchen,194
23187227,Bedford-Stuyvesant,157
44749019,West Brighton,104
4537713,Harlem,62
49477259,East Village,103
16261385,Crown Heights,233
5440723,Ditmars Steinway,210
8734088,Windsor Terrace,10
53860312,Prospect-Lefferts Gardens,178
6745808,East Village,145
1460850,Greenpoint,83
8839025,Lower East Side,120
9948044,Corona,149
15300383,Chelsea,151
46068464,Carroll Gardens,128
9566404,Chinatown,77
15155128,Crown Heights,190
4009714,Williamsburg,215
2889650,Flatbush,133
55932542,Upper West Side,75
6356437,Chinatown,147
51163984,Harlem,43
5112657,Flatlands,100
8852281,Bedford-Stuyvesant,177
13208271,Rockaway Beach,163
12658732,Harlem,99
53187058,Arrochar,23
24692245,Williamsburg,135
43320219,South Slope,142
43379867,Upper East Side,36
4433881,Crown Heights,45
47660192,Bushwick,130
1536515,Upper East Side,199
48193714,Upper East Side,158
18420878,Washington Heights,92
56656607,Bedford-Stuyvesant,176
45055546,Harlem,199
20588656,Cypress Hills,188
11565730,Midtown,70
46592044,Kensington,16
53636631,Upper West Side,27
50047785,Inwood,215
20774228,Jamaica,113
3719757,Bedford-Stuyvesant,28
54557315,Cambria Heights,230
4022969,SoHo,218
26877696,Greenpoint,64
44052569,Greenpoint,60
50254345,Chelsea,98
21140403,Bedford-Stuyvesant,27
7367146,Astoria,139
53407978,Tribeca,35
24768462,Financial District,134
6416085,Upper West Side,92
44570626,Harlem,22
7092653,Bushwick,233
4695671,Clinton Hill,204
23819058,Fort Greene,170
19725963,Bushwick,60
25436193,Hell's Kitchen,229
52490608,Lower East Side,135
20348957,Midtown,89
27116289,East Harlem,93
25548310,Bushwick,200
14330544,Upper East Side,27
13620286,Harlem,83
7354443,Williamsburg,147
50327249,Bedford-Stuyvesant,109
25268293,Jamaica Hills,224
26880457,Upper East Side,210
21851766,Bensonhurst,56
44437522,Chelsea,62
17981800,East Village,62
11987135,Williamsburg,122
2386504,Financial District,216
52342592,Flatiron District,197
18482183,Long Island City,89
56890782,Harlem,99
24002422,Bushwick,19
21491666,Murray Hill,222
9425016,Rosedale,85
50072639,Harlem,50
21924117,Harlem,53
7847095,Ditmars Steinway,30
57168037,Harlem,54
53157787,Woodhaven,161
45115194,Tremont,29
55031188,Flushing,59
12347235,Lower East Side,187
13673307,East Flatbush,183
19306767,Bayswater,43
8225972,Harlem,167
25115306,Astoria,39
42854078,Harlem,149
19623235,Flushing,94
51958191,Inwood,77
47675104,Long Island City,233
5876488,Bushwick,188
17871892,Crown Heights,82
44998659,Crown Heights,184
56179972,East Harlem,108
25788008,Laurelton,108
53422891,East Village,224
53982923,Bushwick,64
21383415,Midtown,151
13633542,Bushwick,189
52213354,Midtown,126
26537479,East Village,19
5555050,Harlem,199
53689651,Chelsea,221
23290507,Hell's Kitchen,139
9743140,Long Island City,189
22197505,East Village,86
17625566,Midtown,237
27352674,East Village,129
15879746,Long Island City,98
15801871,Bushwick,45
6917574,Bushwick,76
20674814,Laurelton,34
13544621,East Village,201
42886111,Jamaica,128
55295740,Astoria,86
55026770,Harlem,64
9475275,Maspeth,219
44512635,Williamsburg,106
7541120,South Slope,129
16745200,Upper West Side,237
19257613,Bedford-Stuyvesant,112
51215347,Windsor Terrace,198
49110532,Sunset Park,234
44350811,Ditmars Steinway,136
3016679,East Village,197
48305279,Washington Heights,20
21649624,Allerton,13
2590855,Park Slope,128
27414531,Canarsie,127
51719045,Upper East Side,25
24254823,Ridgewood,70
7715647,Williamsburg,85
23286641,Williamsburg,119
2536178,Midwood,84
53663693,East Elmhurst,154
55599505,Cypress Hills,73
9449869,Sunset Park,33
23593168,West Village,141
25876376,Williamsburg,183
50883967,Williamsburg,43
25259457,Midtown,88
23738975,Astoria,49
55151037,East New York,201
48519019,Bedford-Stuyvesant,195
50522211,Bushwick,34
12430080,Bedford-Stuyvesant,180
3890970,Chelsea,113
48933796,East Flatbush,227
8090107,East Village,124
21040437,Jamaica,114
9302957,East New York,53
7813957,Williamsburg,146
54502085,Theater District,56
9130087,Bushwick,17
11368559,Chelsea,226
26328157,East Village,75
18446284,Randall Manor,227
3503255,Bushwick,60
25388695,East Village,35
15719579,Bedford-Stuyvesant,192
9043376,Corona,154
4124593,Financial District,234
15298174,Crown Heights,29
27630481,Hell's Kitchen,50
9479693,Hell's Kitchen,134
20182715,Woodside,180
20121962,Bushwick,171
2394237,Astoria,203
16334841,Bensonhurst,25
52476801,Tribeca,190
52405554,East Village,146
17500194,Lower East Side,134
3078536,Murray Hill,88
46473852,Rego Park,54
42846898,Theater District,58
51292117,Sunnyside,158
48626165,West Village,65
48203103,Harlem,227
55469714,East Village,20
26962198,Bayside,51
48553261,Bedford-Stuyvesant,156
54395491,Bedford-Stuyvesant,117
20833324,Carroll Gardens,117
6260889,Greenwich Village,167
1266440,South Slope,212
7511296,Midtown,97
1539829,Briarwood,137
2566002,Chinatown,207
48617328,Astoria,113
25694669,East Harlem,155
13611450,Harlem,170
17770269,Chelsea,111
25979104,Williamsburg,45
7335665,Crown Heights,113
1674590,Woodside,11
20619584,Washington Heights,138
25653247,Richmond Hill,179
50178128,Chinatown,81
13204405,Crown Heights,64
22215179,Bedford-Stuyvesant,188
49048675,Astoria,159
2392580,Williamsburg,168
20982445,Sheepshead Bay,104
48897344,Williamsburg,217
3040428,Chelsea,96
49578330,Jackson Heights,90
6492855,Harlem,163
3936811,East Elmhurst,34
56635067,Chelsea,14
15137455,East New York,60
24044949,Bedford-Stuyvesant,174
15578742,East New York,183
43225776,Upper West Side,109
5231402,East Village,75
15609119,Jamaica,64
23977568,Hell's Kitchen,72
52028333,Lower East Side,142
11875571,Williamsburg,157
9011895,Ridgewood,206
21367951,Bay Ridge,31
50549274,Upper East Side,216
7332903,Harlem,183
10265616,Morningside Heights,230
7105356,Astoria,156
46831190,Harlem,155
56153462,Hell's Kitchen,236
44027715,Bedford-Stuyvesant,168
56727854,Gowanus,76
3140394,Kips Bay,201
53311878,Bushwick,187
13678830,Rockaway Beach,222
20923349,Bushwick,14
48127438,Bedford-Stuyvesant,202
46239677,City Island,138
25781380,Harlem,143
9099159,Upper West Side,54
4958566,Mariners Harbor,14
23700866,Edgemere,105
15221956,Borough Park,94
22921571,Harlem,148
23571628,Mott Haven,87
50354312,West Village,165
21189006,Washington Heights,62
52107312,Bedford-Stuyvesant,31
47684494,Little Italy,194
7727798,SoHo,182
57028857,Astoria,22
55290217,Prospect-Lefferts Gardens,155
15196551,Whitestone,48
43936033,Harlem,80
8048684,Williamsburg,137
17708963,Bedford-Stuyvesant,229
12702364,Bushwick,112
52997620,Sunset Park,38
3388929,Kips Bay,107
49683820,Williamsburg,125
50982829,Chelsea,196
45008600,Bushwick,88
19568557,Upper West Side,53
54473365,Harlem,230
15647780,Windsor Terrace,217
52047664,Washington Heights,150
18783187,Williamsburg,225
55127841,Bedford-Stuyvesant,148
6308939,West Village,90
9013000,Lower East Side,95
43261123,Williamsburg,14
7456066,Harlem,162
20313058,Bedford-Stuyvesant,37
52271345,Harlem,86
46446237,Ridgewood,190
5741727,Sunset Park,172
55323355,Bedford-Stuyvesant,109
13339166,Chelsea,99
11361379,East Harlem,21
4887319,Williamsburg,201
11651889,Williamsburg,196
44922994,Harlem,123
5978664,Upper West Side,110
24325517,Sheepshead Bay,216
46872060,Chelsea,151
45909954,Crown Heights,163
9113518,Upper West Side,103
57074146,East Harlem,14
20980236,Long Island City,219
6001308,Upper West Side,168
13032087,Midtown,45
11275221,Theater District,58
13483868,Harlem,199
49619200,St. Albans,238
50088655,Forest Hills,59
53543844,Bushwick,146
25799054,Theater District,69
23772665,Nolita,163
43732235,Bedford-Stuyvesant,183
20941023,Ditmars Steinway,178
25570954,East Flatbush,240
6525441,Crown Heights,201
24455308,Upper West Side,148
20445058,Sunset Park,114
43406930,Bedford-Stuyvesant,220
49809744,Richmond Hill,30
5081728,Hell's Kitchen,44
5357878,Boerum Hill,26
16978270,Williamsburg,134
20680337,Long Island City,39
51460569,Bedford-Stuyvesant,81
17983456,Greenpoint,65
53495242,Harlem,207
15489270,Hell's Kitchen,49
4705612,Bedford-Stuyvesant,150
57317710,Jamaica,32
50650345,Flatbush,17
20325208,Woodside,17
23138625,East Village,161
54540193,Williamsburg,81
25106470,Williamsburg,160
47526536,Chelsea,202
1968966,Lower East Side,108
1775661,Prospect-Lefferts Gardens,185
26810867,Bedford-Stuyvesant,119
5682631,East Village,93
51563296,Harlem,108
52279630,Harlem,91
25549414,Sunset Park,203
5580455,Kips Bay,227
3277917,Upper East Side,184
9368681,Hell's Kitchen,219
12882966,Chelsea,84
48709562,Flatiron District,86
13069643,Upper West Side,195
50785106,Harlem,211
26612039,Theater District,214
25014788,Corona,196
24823692,Bushwick,68
15162860,Bedford-Stuyvesant,67
4450450,Hell's Kitchen,57
8235914,Greenwich Village,38
4027940,East Village,211
51448418,East Elmhurst,119
23543461,East New York,150
55059908,Laurelton,53
20345644,Williamsburg,128
20391484,St. Albans,66
3034905,Upper West Side,140
42910412,Carroll Gardens,93
43146797,Bushwick,177
50833708,East Flatbush,229
43199265,East Elmhurst,127
19837528,East Village,224
48363270,Williamsburg,12
10516913,Flatbush,190
54625248,Edenwald,228
1543695,Greenpoint,84
22274275,East Village,152
56305897,Upper East Side,123
6802695,Bedford-Stuyvesant,54
50930913,Williamsburg,165
48667588,Bedford-Stuyvesant,148
44224334,Windsor Terrace,198
22601237,Prospect-Lefferts Gardens,114
8359077,Kips Bay,124
16615409,Richmond Hill,235
7152853,Astoria,111
2034689,Washington Heights,11
49041495,East New York,218
3931840,Greenwich Village,110
45075981,Hell's Kitchen,23
4432224,East Flatbush,175
24411124,Bedford-Stuyvesant,53
20675919,Bedford-Stuyvesant,172
56767067,Midwood,180
43225223,Harlem,202
48379287,East Village,217
4130668,East Village,145
7865873,Williamsburg,21
47175825,Williamsburg,200
53060029,Crown Heights,89
15373839,St. Albans,214
19849678,Upper East Side,21
8016098,Gramercy,227
5027051,Bushwick,129
46962085,Crown Heights,183
25598017,Financial District,187
54257416,Bushwick,51
22966859,Murray Hill,207
10009349,Jamaica,139
15550023,Williamsburg,24
46744479,East Village,21
3157515,Flatbush,212
26719738,Gramercy,156
6978327,Clinton Hill,49
1949083,Williamsburg,148
1745836,Bedford-Stuyvesant,72
4359872,Concourse,71
22823814,Brooklyn Heights,128
46488212,Bedford-Stuyvesant,53
14960166,Upper East Side,174
52534240,East Elmhurst,99
55389079,Hell's Kitchen,32
3355791,Upper West Side,227
3943990,Upper East Side,123
48039622,East Flatbush,54
23408147,East Flatbush,89
44413773,East Harlem,14
10748879,Bedford-Stuyvesant,133
18711940,Park Slope,126
5091670,Washington Heights,178
11134936,Maspeth,182
10104897,Bedford-Stuyvesant,148
6453089,Lower East Side,168
11981612,Harlem,224
46697533,St. George,12
7567078,Crown Heights,21
10831724,East Village,77
22717220,Greenpoint,234
45751444,Harlem,74
53319058,Upper East Side,19
15991310,Hell's Kitchen,129
56539519,Hell's Kitchen,118
20638915,Crown Heights,39
25756527,Long Island City,196
57211669,Washington Heights,32
44649605,Bushwick,166
4011923,Brooklyn Heights,196
5746698,Ditmars Steinway,154
20489794,Hell's Kitchen,33
12970229,Crown Heights,75
14871246,Upper West Side,143
9787324,West Village,220
6085810,Crown Heights,103
8652900,Parkchester,83
14449841,Crown Heights,195
9894471,West Village,47
1913183,Clinton Hill,206
9010791,Jackson Heights,204
6714880,Hell's Kitchen,215
2604663,East Flatbush,71
1441519,South Slope,43
54034287,Flatbush,140
17492462,Kensington,66
49649577,Rego Park,120
8568951,Crown Heights,18
9219008,South Slope,126
47004612,Flushing,104
45325068,Downtown Brooklyn,170
11432626,Forest Hills,37
56682565,Fieldston,162
5708589,Chelsea,185
22332819,Park Slope,11
20239602,East Harlem,201
54347441,Bushwick,72
48701278,Bedford-Stuyvesant,124
54113266,Bedford-Stuyvesant,147
48412425,Greenpoint,167
48749328,Bushwick,209
23240800,East Harlem,175
23837836,Midtown,38
5099402,West Village,187
46560011,Harlem,122
19691168,East Village,134
5536824,Morningside Heights,231
51258427,Cobble Hill,177
11347020,SoHo,239
18671070,Harlem,226
2064514,Bushwick,56
3800945,Sunset Park,189
22986742,Borough Park,232
10703590,Harlem,224
14973974,Bushwick,21
56198750,Midtown,81
21475649,Bedford-Stuyvesant,89
48915018,Midtown,185
53197552,Mott Haven,211
48258333,Williamsburg,162
56317495,Chelsea,180
17011961,East Village,128
57259166,Washington Heights,192
13283383,Middle Village,31
26783805,Astoria,35
25026938,Bushwick,192
4509546,Woodside,202
22349940,Far Rockaway,105
23508666,Upper East Side,135
25133532,Midwood,27
50829290,Bedford-Stuyvesant,146
44962207,Upper East Side,180
12697393,Flatbush,97
5986948,Flatbush,116
10223089,Williamsburg,64
19723201,Flushing,184
10353432,Morningside Heights,73
3022202,West Village,68
57253091,Harlem,97
17056145,Bedford-Stuyvesant,12
27404038,Briarwood,170
43851532,Bushwick,156
11696626,Hell's Kitchen,48
53509602,Bedford-Stuyvesant,57
21988736,Bushwick,92
17613968,Upper West Side,151
6780051,Midtown,205
43132989,Upper East Side,150
19959586,Upper East Side,171
23613050,Flushing,20
16110055,Upper East Side,42
24196279,Financial District,152
14782878,Crown Heights,41
15052953,Harlem,200
21073023,Midtown,120
26739068,Bay Ridge,107
4863570,Elmhurst,180
22235062,Crown Heights,205
6627616,Washington Heights,188
47632577,Williamsburg,48
2571525,East Village,88
22897822,Bedford-Stuyvesant,38
7946509,Astoria,240
10975322,East Village,158
14742560,Columbia St,123
26212726,East Village,54
50090865,Washington Heights,216
23994690,Flatbush,67
21243683,East Elmhurst,82
55917077,Williamsburg,86
25892392,Longwood,36
47799372,Prospect-Lefferts Gardens,67
49401042,Bedford-Stuyvesant,127
8338089,Bedford-Stuyvesant,66
8052550,Bedford-Stuyvesant,130
12494699,Inwood,229
16984346,Upper East Side,64
4474198,Jackson Heights,52
3294486,Bedford-Stuyvesant,149
25562669,Borough Park,179
18616945,Glendale,33
8382826,Upper West Side,23
44729136,Upper East Side,97
51475481,Greenpoint,129
16900948,Harlem,139
18863270,Bedford-Stuyvesant,118
53676396,Greenpoint,33
55913211,Prospect Heights,76
54626905,Willowbrook,119
10962067,Bushwick,130
44359095,Upper East Side,11
16320481,Prospect-Lefferts Gardens,231
19131688,Harlem,110
53991207,Harlem,88
15411948,Crown Heights,127
4589077,Harlem,166
46684278,Williamsburg,221
53364347,Little Italy,100
25892945,Bellerose,55
2711257,Williamsburg,109
47707690,Crown Heights,237
16312197,Greenpoint,195
49206080,Bedford-Stuyvesant,138
19744189,Theater District,56
56584256,West Village,220
5893057,Greenpoint,203
12998949,Harlem,22
12106432,Astoria,102
11513814,Washington Heights,139
42896605,Crown Heights,132
18273966,Gowanus,225
45013571,Flushing,239
15371077,Chinatown,42
11062585,Williamsburg,63
44459062,Astoria,215
18703103,Bushwick,179
50425006,Bedford-Stuyvesant,103
49563970,Ridgewood,88
44172970,Harlem,43
8367361,Upper West Side,63
51863748,Bensonhurst,123
46405367,East Village,201
23875945,Financial District,87
46497601,Hell's Kitchen,226
54732946,Midtown,132
7454962,Upper East Side,159
12099805,Midtown,94
49861108,Midtown,107
15480985,Williamsburg,39
17776344,East Elmhurst,99
23245771,Bushwick,57
4496290,Upper West Side,116
21165809,Morningside Heights,177
2528998,Prospect-Lefferts Gardens,31
3813095,Greenpoint,50
55687873,Kips Bay,210
17279826,Crown Heights,213
9164330,Crown Heights,99
26679420,Bedford-Stuyvesant,76
7395313,East Flatbush,189
26297228,Upper East Side,188
3471222,Upper East Side,79
27240004,East Flatbush,24
1411143,Williamsburg,237
8425905,Bedford-Stuyvesant,222
21203365,Flushing,181
7926073,Bedford-Stuyvesant,217
14459230,East New York,170
1831995,Lower East Side,225
2503040,Williamsburg,159
12320172,Clinton Hill,126
47701063,Upper East Side,158
55679588,Bushwick,140
54143090,Stapleton,50
53585819,Williamsburg,230
17423424,Astoria,48
5662196,Greenwich Village,114
18869898,Briarwood,73
18409832,Midtown,28
44932383,Washington Heights,237
18739555,East Harlem,238
8316550,Bedford-Stuyvesant,122
48509630,Greenpoint,82
53134590,Woodhaven,112
4542684,Astoria,58
52826407,Inwood,227
19030065,Astoria,74
19133897,Brighton Beach,24
47636996,Chinatown,149
20669291,Kips Bay,188
21160838,Williamsburg,207
24054338,Fieldston,208
5146348,Nolita,92
7690241,Bushwick,103
44360200,Upper East Side,77
4475303,Upper East Side,21
52136584,East New York,41
47297884,Canarsie,90
1785602,Bushwick,71
20357794,Bushwick,68
48308593,Two Bridges,101
50723248,Bedford-Stuyvesant,183
47496712,Upper West Side,81
26036543,Chinatown,187
7973571,Morningside Heights,179
53702907,Hell's Kitchen,210
53827174,Murray Hill,239
55804408,Williamsburg,144
4329496,East Village,206
44263547,Bay Ridge,111
24035008,Crown Heights,233
43479834,Chinatown,100
44135966,Astoria,121
48250601,Sunset Park,69
47692226,Washington Heights,112
6220019,Lower East Side,133
26005614,Theater District,79
7184335,Hell's Kitchen,11
3884894,Lower East Side,203
45265972,Williamsburg,197
14749740,East Flatbush,214
7088787,Theater District,228
6096856,Williamsburg,99
25410235,Hell's Kitchen,176
17751490,Ridgewood,168
56498649,Bedford-Stuyvesant,146
10430754,Williamsburg,34
51835028,Sunset Park,192
7600769,Crown Heights,231
2370488,Harlem,105
47184662,SoHo,126
43679214,Midtown,167
7304736,Upper East Side,45
21873305,Prospect Heights,228
18428610,East Village,215
47622084,Crown Heights,38
57279049,Fordham,19
23468900,Stapleton,107
5999651,Williamsburg,91
48272141,Washington Heights,53
2718437,Midtown,18
5969275,Chelsea,180
5713007,Upper West Side,43
6407801,Harlem,44
8667812,Upper West Side,13
24889416,Chinatown,165
7924417,East Village,234
15777570,Jamaica,160
20849341,Harlem,127
3161934,Chelsea,111
4481931,Upper West Side,144
5049695,Murray Hill,87
53437250,East Harlem,216
55541513,Williamsburg,111
9014104,Crown Heights,13
12936539,Fresh Meadows,26
3885999,Bedford-Stuyvesant,167
20735567,Sunnyside,231
44749571,Upper West Side,41
50650897,East Village,25
23879259,Financial District,178
12184306,Bedford-Stuyvesant,59
4784039,Harlem,28
20150682,Crown Heights,116
48126886,Crown Heights,160
21033257,Washington Heights,177
44393338,Williamsburg,62
18249665,Greenwich Village,140
56500306,Ridgewood,17
48737730,Bedford-Stuyvesant,117
21136537,Williamsburg,229
23553402,Washington Heights,138
42892739,Williamsburg,144
7888517,Upper West Side,62
56851017,West Village,194
12887937,Sunset Park,106
49887618,Crown Heights,132
42936923,Upper East Side,216
26487220,Bushwick,182
49386682,Forest Hills,142
24688378,Chelsea,218
26878248,Hell's Kitchen,43
50957423,West Village,183
6633139,Clinton Hill,32
4978448,East Village,65
11326585,Bushwick,137
8360181,Inwood,219
3987070,Bedford-Stuyvesant,144
45357654,Kensington,39
9079276,East Flatbush,111
17412931,Woodside,27
4982314,Upper West Side,218
18440209,Harlem,115
45789552,East Flatbush,71
6343182,Prospect-Lefferts Gardens,206
56827268,Bedford-Stuyvesant,229
56264474,East Village,216
1242691,Williamsburg,51
50265391,Kingsbridge,66
23303762,West Village,102
4752005,Morningside Heights,173
49599318,East Flatbush,138
8560666,Dyker Heights,119
55439890,Flushing,214
43511315,Bedford-Stuyvesant,17
2244563,Midtown,128
4055555,Nolita,152
10331340,East Village,64
43604101,East Village,216
53491376,Schuylerville,104
2227442,Bedford-Stuyvesant,56
15952097,Bushwick,140
13003367,East Village,41
1373034,Upper West Side,136
26224325,Richmond Hill,106
11428760,Prospect Heights,21
11844090,Financial District,114
1200164,Washington Heights,10
25627841,Prospect Heights,61
4756424,Bedford-Stuyvesant,22
1847460,Upper West Side,239
23209319,Windsor Terrace,102
43074998,Upper West Side,90
21077993,Borough Park,107
55570233,Woodside,219
26768340,Astoria,40
3160277,Upper West Side,113
9289150,Williamsburg,146
50694529,Bedford-Stuyvesant,108
12942062,Harlem,66
7248401,Bushwick,174
15565487,Bayside,49
45073771,Harlem,75
20212539,Bedford-Stuyvesant,227
42967852,Kingsbridge,179
44234828,Bushwick,228
3113884,Kew Gardens Hills,35
24897700,Chelsea,227
25533397,Lower East Side,124
51899095,Flatiron District,73
12390314,East Harlem,61
54164077,Harlem,89
56622364,East Harlem,61
3415439,Chelsea,136
55632091,East New York,117
57012288,Rosedale,191
3350820,Flushing,18
26496609,Hell's Kitchen,58
27150532,Bushwick,226
4961327,Ditmars Steinway,179
43038546,Midtown,150
18585463,Throgs Neck,156
2612395,Bedford-Stuyvesant,187
13599299,Crown Heights,31
9643726,Jackson Heights,35
27128440,Williamsburg,105
52979946,Prospect-Lefferts Gardens,49
5234716,East Village,220
4042852,Gramercy,233
19241044,Greenwich Village,210
49857242,Prospect-Lefferts Gardens,102
53787409,Gramercy,47
13593776,Roosevelt Island,100
13966026,Flatiron District,17
12435603,Lower East Side,170
49111637,Williamsburg,57
12411302,Williamsburg,188
9449317,Hell's Kitchen,90
16783861,Chelsea,65
7294795,Cobble Hill,215
46439609,Lower East Side,217
45101939,Hell's Kitchen,107
26017765,Upper East Side,106
44443045,Prospect Heights,147
23154641,East Morrisania,168
44689371,East Village,176
53945919,Bedford-Stuyvesant,114
52537554,Jackson Heights,222
12816690,Jamaica,72
51641723,Lower East Side,18
24429350,Bushwick,171
47105683,Harlem,12
21122730,Crown Heights,219
47403925,East Flatbush,220
48180459,Bedford-Stuyvesant,169
3929631,Bedford-Stuyvesant,143
51957639,Mott Haven,56
10468310,Upper East Side,191
45487996,Elmhurst,46
16570673,Gowanus,176
3848995,Astoria,12
6881674,Fort Greene,118
18448493,Midwood,24
24899909,Hell's Kitchen,24
26444140,East Elmhurst,159
57196756,Upper West Side,80
53857551,Upper East Side,190
19975050,Midtown,132
21499398,Financial District,81
54027107,Crown Heights,66
18413146,Financial District,193
47582318,Bedford-Stuyvesant,144
26484458,Hell's Kitchen,130
49659518,Upper East Side,233
2070037,Inwood,116
7420719,Greenwich Village,50
26480592,Flatlands,210
55146619,Bushwick,186
53215778,Crown Heights,137
54217098,Bedford-Stuyvesant,232
12581410,Flushing,167
14292988,Crown Heights,200
47213934,Murray Hill,172
54984795,Bedford-Stuyvesant,194
52968900,Bedford-Stuyvesant,115
25980208,Richmond Hill,40
4862465,Flushing,218
11703253,Randall Manor,17
4295253,Lower East Side,51
47569063,Williamsburg,66
4096425,Hell's Kitchen,211
3891522,Greenwich Village,122
20524036,Crown Heights,224
1505034,Harlem,214
53300280,Bushwick,51
2024196,Lower East Side,213
20997358,East Flatbush,181
22041757,Washington Heights,210
14610008,Bedford-Stuyvesant,165
16345887,Parkchester,57
7432317,Crown Heights,221
14476351,Forest Hills,127
44137071,Flatbush,184
23107696,Springfield Gardens,198
43178278,Woodside,220
45186441,Williamsburg,160
3393347,Murray Hill,30
55339924,Cypress Hills,19
56962029,Ditmars Steinway,237
12690766,Washington Heights,50
20870329,Bedford-Stuyvesant,20
1097989,Financial District,77
44772216,Flushing,138
2371592,Sunset Park,27
48874148,Hell's Kitchen,192
52004032,East Flatbush,173
6350914,Greenpoint,178
6084705,East Elmhurst,122
55412827,Harlem,139
6324956,Sunset Park,13
43548319,Upper East Side,208
7111431,Midwood,133
54439675,Bedford-Stuyvesant,32
23114876,Bushwick,175
47951807,Harlem,193
3714234,Inwood,126
22875178,Prospect-Lefferts Gardens,124
17355491,Williamsburg,118
5295469,Prospect-Lefferts Gardens,71
9409551,Midtown,64
25385933,Ridgewood,49
53294205,Prospect-Lefferts Gardens,142
48627822,Washington Heights,28
7862007,Williamsburg,15
55020694,Bedford-Stuyvesant,131
26933478,Greenpoint,92
19611637,Bushwick,25
18351288,Morrisania,15
7278778,Bedford-Stuyvesant,48
26367370,Crown Heights,212
45401285,Arverne,192
3198938,Kips Bay,178
12947585,Douglaston,118
1593402,Upper West Side,211
7221891,Harlem,179
1669067,Chelsea,60
3583891,Gravesend,34
23583226,West Village,99
3365180,Greenwich Village,221
13677726,Lower East Side,29
9959642,Corona,68
3920242,Upper West Side,31
16969986,Elmhurst,41
24192413,Financial District,144
3012260,Bedford-Stuyvesant,123
1922020,Allerton,109
16951208,Greenwich Village,191
51035298,Crown Heights,159
16626455,Hell's Kitchen,137
11379053,Harlem,14
43941556,Gramercy,201
49689895,Flushing,150
20874195,East New York,117
18726852,East Village,140
14299063,Bedford-Stuyvesant,164
45642088,Long Island City,28
4713344,East Village,119
54863841,Harlem,118
4030702,East Village,149
8848414,Midtown,85
4567537,Prospect-Lefferts Gardens,35
45098625,Financial District,82
1532649,Sheepshead Bay,237
53592447,Harlem,92
47568511,Bedford-Stuyvesant,102
54119341,Woodside,211
17626118,Harlem,237
21254729,Bushwick,200
25878585,Cypress Hills,197
43021425,Woodhaven,53
46337434,Williamsburg,201
45228968,Prospect-Lefferts Gardens,125
52058710,Gowanus,109
2672044,Forest Hills,219
54514235,Concourse,110
23422507,Sunset Park,91
21301675,Williamsburg,79
7050678,Upper West Side,229
15838323,Canarsie,77
48201446,Hell's Kitchen,235
4419521,South Slope,66
11190166,Bedford-Stuyvesant,153
24945198,East Harlem,64
55713831,East Harlem,77
21749590,East Elmhurst,198
55786735,Financial District,141
56841628,Sunset Park,212
19898281,Kips Bay,231
49938982,Boerum Hill,240
46969817,Midtown,151
6052120,Bushwick,167
21939581,Hell's Kitchen,148
23234725,Woodhaven,73
23360097,St. Albans,111
15048534,East Morrisania,77
23753335,Ozone Park,178
23883677,Financial District,51
48116392,Astoria,212
49581092,Bedford-Stuyvesant,200
48036309,Midtown,66
5155184,Flatbush,142
2099308,Crown Heights,69
6964519,Williamsburg,20
7686375,Upper West Side,152
53289786,Hell's Kitchen,195
50462563,Park Slope,138
47597782,Harlem,145
19854649,Jackson Heights,219
43828887,Clinton Hill,95
21933506,East Harlem,182
4829327,Long Island City,193
54714168,Bedford-Stuyvesant,166
43588637,Crown Heights,176
4617796,West Village,154
19533210,Allerton,67
3955036,Bedford-Stuyvesant,85
20482614,Carroll Gardens,187
52653537,Midtown,29
4060526,Elmhurst,228
46563877,Upper East Side,71
1440967,Hell's Kitchen,166
6105140,Harlem,165
17648210,Bushwick,22
20682547,Harlem,144
26928507,Chelsea,161
13435818,Harlem,34
46618002,Richmond Hill,129
12452724,Sunnyside,17
17008647,East Village,44
5387703,Williamsburg,58
22890642,St. George,163
44528099,Far Rockaway,72
19199621,SoHo,139
44770559,Bayside,137
9004715,Astoria,97
18837312,Inwood,25
47995438,Williamsburg,150
50214580,Williamsburg,196
51578761,Upper West Side,168
53454924,Nolita,26
18160745,Harlem,99
10284394,South Slope,38
22680216,Williamsburg,54
2586437,Harlem,75
19002450,Williamsburg,195
7008703,Chelsea,159
16487828,Cypress Hills,158
5262331,Chinatown,152
17620043,Lower East Side,95
19117328,Hell's Kitchen,105
7713990,Upper West Side,177
47945731,Mott Haven,111
23492649,Fordham,56
22357120,Harlem,65
6960653,Crown Heights,197
9023494,Jamaica,104
20538949,Washington Heights,159
43922778,Upper East Side,150
53401903,East Flatbush,200
54364562,Bushwick,99
16457452,Murray Hill,193
6270830,Crown Heights,127
7528417,Harlem,164
53296966,Harlem,198
24477400,Lower East Side,81
49566180,Greenpoint,74
43104822,Williamsburg,150
19716574,East Village,175
19825929,Washington Heights,204
57197309,St. George,135
8690457,Clinton Hill,185
23774874,Williamsburg,25
2640010,Prospect-Lefferts Gardens,69
10157918,Ditmars Steinway,229
1017905,East Village,133
24905432,Harlem,102
13954980,Astoria,197
16412163,Bushwick,122
21003433,Crown Heights,89
53122992,Midtown,191
8707026,Chinatown,51
47274687,Harlem,196
46484898,Westchester Square,111
12788523,Upper East Side,77
9500128,Williamsburg,114
6516604,Ditmars Steinway,225
4967402,South Slope,162
17541616,Williamsburg,93
15657721,Bedford-Stuyvesant,229
12342264,East Harlem,83
47013449,Carroll Gardens,205
44487781,Midtown,30
21858946,East Village,157
9729885,Hell's Kitchen,29
22125706,Washington Heights,26
46792529,Greenpoint,137
48903420,Williamsburg,117
54746201,Bedford-Stuyvesant,114
48044593,Upper West Side,47
46425250,Crown Heights,60
12978514,Borough Park,20
19227788,Clinton Hill,177
5273377,Williamsburg,104
22029054,Harlem,74
56775352,Lower East Side,102
24708814,Clason Point,194
9483007,Bushwick,151
9179794,Harlem,217
45991694,Prospect-Lefferts Gardens,153
55177548,Bedford-Stuyvesant,227
42900471,Upper West Side,154
56094366,Bedford-Stuyvesant,103
24955139,East Harlem,238
10530168,Bedford-Stuyvesant,185
9404581,Astoria,142
5472757,Bedford-Stuyvesant,152
49725242,Forest Hills,237
17601817,Flatbush,159
9212932,Prospect-Lefferts Gardens,239
48933244,Kensington,58
46549517,Williamsburg,222
51057942,Kensington,180
49443017,Upper East Side,79
8973787,Williamsburg,205
19248776,Ridgewood,177
2875290,Harlem,49
14058813,Morningside Heights,227
47503891,Williamsburg,233
11174702,Briarwood,220
44955027,Bedford-Stuyvesant,190
5055770,Bedford-Stuyvesant,175
2054020,Hell's Kitchen,88
21166914,East Harlem,57
5684840,Arverne,183
44395547,Upper East Side,226
25417967,Chinatown,156
53320163,Springfield Gardens,209
48905629,Harlem,71
52291228,Bedford-Stuyvesant,96
25025834,Williamsburg,47
10851607,Prospect-Lefferts Gardens,88
10896895,Bedford-Stuyvesant,106
4072676,Fort Greene,170
10019290,Gowanus,230
43073893,Sunset Park,65
6988820,Upper West Side,147
26919118,Upper West Side,39
5469995,South Slope,156
26280107,Midtown,162
3757313,Bushwick,65
5979768,Harlem,162
43833858,Hell's Kitchen,98
55053832,Bedford-Stuyvesant,133
53340046,Bedford-Stuyvesant,193
48579220,Upper East Side,135
10568829,Astoria,129
56496992,Bedford-Stuyvesant,16
4394667,Sunset Park,16
20875852,Long Island City,226
49353544,Harlem,146
16326556,Kips Bay,43
7593589,Cobble Hill,77
43892954,Williamsburg,43
45088684,Harlem,108
54235324,Inwood,133
46785349,Crown Heights,114
26731336,Bedford-Stuyvesant,234
15860968,Brighton Beach,86
48842667,East Harlem,113
20453342,Ridgewood,225
25734987,SoHo,192
50133392,Midtown,115
19027303,Hell's Kitchen,149
2995139,Hell's Kitchen,200
10959305,Chelsea,75
12456038,Bedford-Stuyvesant,168
10944945,Bedford-Stuyvesant,160
1708832,Upper West Side,184
55587907,East New York,163
24421618,Tompkinsville,182
50932570,Gramercy,201
10409767,Upper West Side,194
19036140,Upper West Side,217
1364749,Williamsburg,164
8156383,Greenpoint,214
2476529,Bedford-Stuyvesant,109
53922170,Prospect-Lefferts Gardens,70
3792108,Bedford-Stuyvesant,43
45319545,Bensonhurst,35
43678109,Astoria,102
6265860,Rego Park,95
48301965,Upper West Side,43
11104560,SoHo,110
44762827,Gramercy,66
49033210,Williamsburg,14
7055649,East Elmhurst,40
21100638,Bedford-Stuyvesant,45
46158489,Chelsea,107
13152488,Financial District,44
49169628,Astoria,232
16598288,Harlem,42
43617909,Harlem,145
8892046,East Harlem,142
46470538,Flushing,53
56833343,Harlem,43
5321427,Greenpoint,185
51505305,Sunnyside,41
10864862,South Slope,13
50500671,Bedford-Stuyvesant,229
55585145,Hell's Kitchen,54
15244048,Midtown,163
42981659,Cypress Hills,65
26533613,Cypress Hills,158
44540802,Prospect-Lefferts Gardens,136
56327989,Sunset Park,96
5423050,Prospect-Lefferts Gardens,78
49385025,Hell's Kitchen,159
7415748,Clinton Hill,28
51446209,NoHo,159
9328363,Chelsea,112
51239649,Morris Park,140
2867558,Astoria,155
50693424,Harlem,25
12690213,East Harlem,187
1490674,Harlem,98
43190428,Washington Heights,90
4532742,Windsor Terrace,148
20868672,Bedford-Stuyvesant,193
3472879,Harlem,214
9455392,Nolita,56
11016192,Bedford-Stuyvesant,219
4712792,Bushwick,211
5010482,East Harlem,206
6454746,Bedford-Stuyvesant,97
8670574,Williamsburg,10
54679373,Williamsburg,18
48772525,Harlem,42
1814322,Gramercy,47
13059150,Chinatown,158
26705378,NoHo,62
19228341,Harlem,43
54098353,Harlem,185
56877527,Fort Greene,124
12982932,Bedford-Stuyvesant,74
5732338,West Village,60
48267722,Upper East Side,141
8978205,Lower East Side,71
17400780,Lower East Side,199
5087804,Upper East Side,192
54351859,Midtown,64
54774921,Breezy Point,26
17837649,Fort Greene,107
11720374,East Village,53
48169413,Crown Heights,237
47644728,East Harlem,90
6213391,Morningside Heights,109
21879381,Williamsburg,179
10843874,Greenwich Village,136
13929022,Park Slope,32
46452312,Jamaica,13
24432664,Unionport,25
5650045,Upper East Side,240
2340111,Crown Heights,92
6463583,Upper West Side,188
54506503,Theater District,127
46743927,Concord,209
5376657,Financial District,23
9931475,Chelsea,162
12007018,Bedford-Stuyvesant,92
10366135,Upper West Side,17
15107630,Claremont Village,37
3391138,Bedford-Stuyvesant,178
16666221,Midtown,91
10658302,Crown Heights,111
17995607,Hell's Kitchen,38
25339540,Crown Heights,165
3729698,East Village,45
47065365,St. Albans,145
4951938,Williamsburg,132
45025169,East Elmhurst,215
56335168,Morningside Heights,144
43040755,East Harlem,18
16887141,East Village,203
16517652,Flushing,62
55564158,Chelsea,160
44552400,East Flatbush,185
9351007,Upper West Side,212
19782298,Williamsburg,81
1002102,Midtown,28
27143352,Fort Greene,216
21750142,Mott Haven,208
51396502,Chelsea,25
25379858,Chinatown,158
48314116,Sunset Park,66
18599823,Midtown,84
23929518,Roosevelt Island,113
4544341,Concourse Village,17
12116926,Midtown,146
11008460,Ditmars Steinway,138
22676350,Red Hook,202
3841815,Park Slope,143
53685233,Washington Heights,96
20342882,Upper West Side,78
22784048,Harlem,60
47504444,Richmond Hill,20
47094637,Bedford-Stuyvesant,12
47474620,Williamsbridge,83
55942483,Williamsburg,132
16744095,Sunset Park,80
6958444,Williamsburg,99
7124134,East Village,115
24520479,East Village,196
46499810,Bay Ridge,45
22660885,Bedford-Stuyvesant,102
10247390,East New York,66
22344417,Prospect Heights,106
11524308,Ridgewood,53
49471184,Midtown,20
22888985,Astoria,159
11648575,Williamsburg,160
53897316,Bayswater,40
21171884,Bedford-Stuyvesant,202
45594590,Williamsburg,131
9969583,Chelsea,236
46978102,Rosedale,137
13413726,Tribeca,228
3497732,South Slope,207
18858300,Pelham Bay,129
11460241,Bedford-Stuyvesant,238
21923565,Washington Heights,162
45569737,Washington Heights,25
45950272,Murray Hill,152
26878800,East Village,70
11808190,Upper East Side,36
8162458,Bushwick,156
1718221,Chelsea,116
53875777,Williamsburg,107
17747072,South Slope,58
7178259,Upper West Side,203
23195512,Bedford-Stuyvesant,183
7004285,Bay Ridge,180
9299644,Murray Hill,180
54824628,Kensington,225
9366472,Morningside Heights,228
20033042,Longwood,171
54029316,Upper East Side,29
9746454,Hell's Kitchen,142
44869973,Astoria,171
49035419,Williamsburg,83
22392467,Woodside,167
3735773,Bushwick,234
46632362,Elmhurst,185
54244713,Far Rockaway,36
6407248,Harlem,140
53728865,Midtown,159
2116982,Flatiron District,212
2089919,Clinton Hill,94
5567200,Upper West Side,164
6484570,Rego Park,98
8930707,Longwood,232
11787755,East New York,146
43187667,Astoria,178
54488277,Flatlands,212
22334476,Williamsburg,12
3228210,Battery Park City,21
9307928,Crown Heights,214
9838688,East Village,97
55700576,Flatlands,40
20158966,Tompkinsville,13
25300879,Crown Heights,182
24365283,Jackson Heights,99
53975191,Inwood,15
54356830,East Village,97
18538518,Prospect Heights,129
1605552,Kips Bay,86
17848695,East Harlem,175
53687995,Upper West Side,198
2413567,Prospect Heights,80
48541663,Woodside,210
45793418,Williamsburg,188
24338220,East Harlem,134
3249197,Greenpoint,37
46379409,Bedford-Stuyvesant,165
19421646,Hell's Kitchen,43
1171997,Greenpoint,157
20764287,Bedford-Stuyvesant,37
49674430,Upper West Side,93
15092166,Greenpoint,209
3713129,Kips Bay,134
26404375,Upper West Side,130
19434901,Hell's Kitchen,212
12833811,Chelsea,25
13439684,Flatbush,105
47512728,Washington Heights,69
16910338,Prospect-Lefferts Gardens,41
11675086,Williamsburg,198
15251228,Bushwick,104
15399797,Harlem,210
23841703,Harlem,128
2267760,Kips Bay,136
4261563,Long Island City,102
21506578,Sunset Park,94
13302714,Chinatown,66
13236438,South Slope,86
6795515,Chelsea,44
11638634,Harlem,50
6917021,Throgs Neck,121
8440265,Harlem,99
3657347,East Village,96
21837958,Financial District,47
6557474,Clinton Hill,211
49639636,Ridgewood,173
51165640,East Flatbush,96
15060133,Harlem,231
47240997,Ditmars Steinway,110
2316915,Washington Heights,167
51828400,Greenpoint,36
52015630,Tribeca,175
6192956,Greenpoint,108
23197721,Rego Park,105
20647752,Tribeca,132
49579435,Upper West Side,43
18564476,Astoria,208
13033192,Murray Hill,80
57164171,Cobble Hill,109
57152572,Washington Heights,95
14024570,Midtown,156
47160913,Upper West Side,21
4010819,Theater District,106
46619659,Upper West Side,183
23160164,Red Hook,131
1318356,Long Island City,95
52527060,Prospect Heights,113
48532274,Chelsea,236
6369692,Park Slope,174
47655222,Bushwick,205
53555995,West Village,140
50732085,Upper East Side,204
56775904,Harlem,199
14700033,Chinatown,226
46786454,East Flatbush,220
20927215,East New York,121
20330731,Hell's Kitchen,159
43623984,Williamsburg,207
6558579,Long Island City,73
49618096,Highbridge,87
53370422,East Village,129
48419605,Long Island City,72
26645177,Greenwich Village,230
47363607,Upper East Side,29
2561031,Crown Heights,34
4008610,Battery Park City,100
21855079,Flushing,78
49737393,Briarwood,220
1407829,Financial District,196
6443700,Lower East Side,109
3507121,Bedford-Stuyvesant,55
51387113,East Elmhurst,220
24006288,Stapleton,123
53994521,Bedford-Stuyvesant,148
46582103,Hell's Kitchen,196
46540128,Greenpoint,113
24858487,St. George,165
44988165,Williamsburg,157
13489944,Washington Heights,232
5587083,Bedford-Stuyvesant,130
10302068,Harlem,194
45634356,West Village,107
8498809,Upper West Side,226
5219803,East Harlem,105
48371002,Hell's Kitchen,216
10494268,Upper East Side,123
55134468,Ridgewood,12
5441828,Inwood,115
53097586,Upper West Side,106
2767039,Upper West Side,226
10093851,Hell's Kitchen,234
8244751,Middle Village,62
2980227,Murray Hill,23
24149886,Long Island City,176
48427889,Lower East Side,49
55609446,Williamsburg,192
26765579,Harlem,226
51386008,Upper East Side,101
7960316,Astoria,133
22814425,Murray Hill,33
20841609,Cypress Hills,73
4891185,South Slope,120
24344848,Williamsbridge,140
47614351,Ozone Park,19
56319704,Flatbush,17
44561237,Upper West Side,117
18937831,Murray Hill,39
24593935,Flatlands,166
46436848,Astoria,224
11959520,Bushwick,34
8158592,Kensington,120
17674168,Bushwick,80
25054553,Bay Ridge,125
54195006,Brooklyn Heights,39
13280070,Tribeca,17
17844829,Lower East Side,19
45074324,Canarsie,91
16747961,Bedford-Stuyvesant,185
20112573,East Harlem,174
55757463,East Flatbush,39
6710461,Harlem,207
10129198,Hell's Kitchen,140
21445273,Harlem,98
21883799,Bedford-Stuyvesant,120
11806533,Woodhaven,204
2076664,Upper East Side,147
45623862,Greenpoint,168
1418875,Upper East Side,11
16271879,Bushwick,179
22350493,East Village,48
9964613,Sunnyside,66
14743112,Bedford-Stuyvesant,62
3435322,Greenpoint,44
10868176,Astoria,119
45649268,Far Rockaway,65
18278385,Astoria,203
1698891,Williamsburg,132
4772440,SoHo,109
26732993,Harlem,239
13355735,Richmond Hill,219
47171407,Brownsville,182
3750133,Park Slope,48
4775754,Greenwich Village,148
51283280,Cypress Hills,16
55171472,Stapleton,105
47234369,Bay Ridge,14
25421833,Upper East Side,97
3624209,Windsor Terrace,225
2914503,Greenpoint,173
51620183,Bushwick,145
52767310,Woodside,182
19408943,Park Slope,215
55172025,Crown Heights,126
26842348,East Harlem,138
9142790,Midtown,57
25994568,Clinton Hill,133
47675657,Williamsburg,43
6352018,Bedford-Stuyvesant,117
22312384,South Slope,94
13072405,Windsor Terrace,124
9194154,Midtown,104
5019871,Woodside,80
47199022,Washington Heights,132
24891625,Ridgewood,33
55193564,Queens Village,80
18383874,Bushwick,33
1220047,East Village,31
4958013,East New York,127
21995364,Prospect-Lefferts Gardens,197
24769014,Financial District,170
11166418,Flushing,48
50021275,East Harlem,40
53377602,East Elmhurst,223
26981528,Harlem,34
26982633,SoHo,54
50063802,Hell's Kitchen,215
2269417,Gramercy,110
44443597,Greenpoint,111
14218980,Lower East Side,190
10167859,Gowanus,104
56255637,Lower East Side,183
43405273,Williamsburg,142
15844951,East Flatbush,213
5750564,Park Slope,84
54067977,Tompkinsville,225
50666914,Concord,191
51407548,Sunset Park,182
46706370,Forest Hills,187
6956787,Bensonhurst,20
53462104,Sunset Park,193
15663796,Parkchester,182
2619023,Chinatown,54
52726440,Chelsea,130
9970688,Boerum Hill,144
16970538,Bushwick,103
4190869,Fort Greene,132
1398440,Harlem,99
53564832,Bensonhurst,74
49249159,Bedford-Stuyvesant,181
17794570,Chelsea,183
47886635,Sunset Park,49
3455205,Concourse Village,16
5756639,Crown Heights,97
51144101,Flushing,167
5778179,South Slope,98
49216574,Flushing,218
52816465,Bedford-Stuyvesant,188
26416525,Hell's Kitchen,234
8865536,East Village,169
56827820,Bushwick,54
13317626,Stapleton,70
25806786,Williamsburg,34
49637979,Prospect-Lefferts Gardens,200
46486003,Bedford-Stuyvesant,10
48428994,Maspeth,41
24801600,Williamsburg,167
1234407,East Village,118
13313208,Chelsea,67
17037367,Kips Bay,80
50618863,Greenpoint,224
18320912,Clinton Hill,232
15328550,Flatlands,80
2737215,Bedford-Stuyvesant,125
6012906,Williamsburg,218
43162813,Prospect-Lefferts Gardens,50
9771308,Park Slope,220
20519618,Springfield Gardens,69
48394751,Greenpoint,207
44381187,Fordham,150
3903120,Williamsburg,76
56338482,Astoria,102
1608314,Bedford-Stuyvesant,34
14309005,Williamsburg,154
43326294,Midland Beach,55
10456712,Upper West Side,80
22536065,Hell's Kitchen,215
45807226,Hunts Point,128
18927337,Washington Heights,96
55089732,Upper East Side,52
25466017,Harlem,40
56157328,Castleton Corners,67
2564897,Harlem,207
57300589,Park Slope,63
18013281,Harlem,128
2035242,Midwood,69
14453707,Crown Heights,166
26325396,South Ozone Park,21
22205238,Bedford-Stuyvesant,27
14456469,Bushwick,164
26619772,Upper East Side,232
6374663,East Village,47
19426616,Murray Hill,222
27286950,Bushwick,36
45304633,Bushwick,219
18954400,Highbridge,25
48105898,Harlem,198
45116299,East Village,201
27076524,Sunnyside,61
56454465,Harlem,211
23233068,Crown Heights,164
46146890,Williamsburg,236
6265307,Long Island City,198
4399638,Washington Heights,136
6387366,Crown Heights,172
9582973,Jackson Heights,88
1417770,Bedford-Stuyvesant,125
52844080,Canarsie,41
19094132,Red Hook,11
17456562,Crown Heights,152
17906134,Olinville,180
55718249,Windsor Terrace,96
21171332,Long Island City,23
10004931,Greenpoint,60
8182341,Fort Greene,47
8567294,Bushwick,220
25042403,Financial District,129
1704966,Financial District,60
52649118,Hollis,122
22234510,Flushing,228
43246211,Long Island City,38
6741390,Carroll Gardens,211
54450169,Long Island City,220
1225570,Williamsburg,50
15318609,Canarsie,223
3369046,Washington Heights,42
21440302,Midtown,32
12741577,Kingsbridge,65
17599608,Kips Bay,183
9882872,Astoria,99
5819049,Chinatown,14
47967271,Astoria,142
18687087,Kingsbridge,78
8396633,Hell's Kitchen,193
21311616,NoHo,169
48410216,Chelsea,82
7387581,East Flatbush,41
55592325,Bushwick,17
47940208,Bedford-Stuyvesant,68
6286295,South Slope,227
47163122,Crown Heights,194
4558148,Flatiron District,19
4917143,East Village,28
26744039,East Elmhurst,140
19798314,Morrisania,119
20774781,West Village,209
44464032,Upper East Side,79
21592185,Morningside Heights,93
53720028,West Village,17
23329720,East Harlem,194
19416675,Bedford-Stuyvesant,240
51617974,Upper East Side,170
3681648,Lower East Side,18
21931849,Williamsburg,138
54681030,Crown Heights,84
51008235,Williamsburg,207
50296320,Crown Heights,12
2817298,Lower East Side,168
1863476,East Village,127
43474311,Hell's Kitchen,108
2846570,Clinton Hill,213
6150981,East Elmhurst,79
26795403,Two Bridges,137
9229501,Bedford-Stuyvesant,56
47580661,Long Island City,230
43506344,Williamsburg,42
47361950,Prospect-Lefferts Gardens,157
19397897,Upper West Side,239
8393319,Elmhurst,161
14491264,Crown Heights,123
1358122,Kingsbridge,128
19143286,Jamaica,67
9856914,Long Island City,72
7526761,Upper East Side,42
10659958,Canarsie,45
9228397,Columbia St,209
6912603,Hell's Kitchen,116
25951489,Long Island City,165
45116851,Gowanus,80
49578883,Bedford-Stuyvesant,219
5625744,South Slope,180
7405807,Bushwick,152
56416357,Bedford-Stuyvesant,59
57063100,Carroll Gardens,163
18761647,Upper West Side,50
51331330,Hell's Kitchen,11
12823318,Upper East Side,101
23085052,Bushwick,181
48359404,Hell's Kitchen,145
47175273,Norwood,15
51054076,Harlem,48
18856090,Williamsburg,17
53103661,Sheepshead Bay,163
25734435,Bedford-Stuyvesant,105
21642996,Lower East Side,167
17396362,Harlem,123
3222134,Borough Park,208
17567575,West Village,174
20360003,Harlem,139
2819508,Upper East Side,159
23752782,Harlem,160
55144410,Tribeca,204
50953005,East Harlem,61
13807516,Forest Hills,95
12893460,Chelsea,173
9827642,Sunset Park,119
42936370,East Village,191
3907539,Hell's Kitchen,161
23110457,Hell's Kitchen,172
45015228,Williamsburg,50
20414129,Crown Heights,126
26924089,Fort Greene,35
48224643,Gowanus,36
20508572,East Flatbush,190
14689539,Washington Heights,106
11376844,Chinatown,158
3000110,Upper East Side,219
11876675,Sheepshead Bay,57
22020217,Greenpoint,23
55280275,South Ozone Park,235
12729979,Ditmars Steinway,237
46047476,Bushwick,30
18738451,Bushwick,195
18129264,Ditmars Steinway,25
52990440,Greenpoint,105
15600834,Financial District,68
9138372,Upper East Side,158
18338033,Harlem,22
10081148,Washington Heights,178
20817860,South Slope,176
52312768,East Flatbush,15
49693209,Little Italy,219
2538387,Greenpoint,44
8740716,Crown Heights,216
53328447,East Village,64
17362119,Crown Heights,217
5127569,Williamsburg,25
22973487,Murray Hill,19
55737028,East Flatbush,216
53275979,Washington Heights,102
50606161,Downtown Brooklyn,126
43694678,Tompkinsville,141
19225027,Bushwick,64
20853207,Hell's Kitchen,114
3494418,Lower East Side,92
21915832,Williamsburg,50
1026190,Harlem,12
57331518,Bedford-Stuyvesant,194
11217229,Bedford-Stuyvesant,152
47746903,Fort Greene,45
25267741,Williamsburg,191
2140179,Bedford-Stuyvesant,127
12918313,Fresh Meadows,89
47172511,Financial District,68
14608903,East Village,230
7641087,Lower East Side,151
2112011,Greenpoint,205
1900480,Tribeca,185
4724943,Harlem,229
17582487,Washington Heights,79
9967927,Crown Heights,104
6531516,Hell's Kitchen,61
54132596,Briarwood,146
46092765,Carroll Gardens,136
48611253,Inwood,14
5312590,West Village,183
19655269,Williamsburg,219
43879699,East Village,130
8682724,Upper East Side,17
51533472,Upper East Side,162
46543994,St. Albans,143
8607059,Bushwick,237
49213260,Upper East Side,23
25588627,Gravesend,200
12195905,Williamsburg,219
7926626,Bedford-Stuyvesant,59
45678540,Midtown,207
43403616,Bushwick,209
14868484,Crown Heights,154
17882386,Bushwick,170
23864347,West Village,189
2543358,Upper West Side,95
4020760,Clason Point,201
20914513,Upper East Side,38
56929443,Flatbush,97
47071441,Carroll Gardens,103
8947828,Midtown,146
53477568,Ridgewood,162
3317682,East Harlem,136
53548263,Financial District,58
5998546,Hell's Kitchen,113
3608192,Chinatown,107
21281792,Bedford-Stuyvesant,76
3114436,Upper West Side,141
51948250,South Slope,218
55034502,Park Slope,63
13001710,Bedford-Stuyvesant,63
47333783,NoHo,184
18393815,Greenpoint,219
21773891,Astoria,45
6376320,Crown Heights,72
51452284,Rego Park,97
4106919,Upper East Side,77
56163955,Jackson Heights,185
7019197,Williamsburg,30
53935977,Hell's Kitchen,116
24173083,Upper West Side,18
51869271,Rego Park,30
7231832,East Village,179
13686562,Harlem,171
48130200,Harlem,178
1934723,Downtown Brooklyn,119
12028006,Lower East Side,227
12436708,Chinatown,104
57057025,Pelham Gardens,90
23469452,Williamsburg,78
4479169,Greenpoint,129
52137688,Richmond Hill,34
26292810,Bedford-Stuyvesant,175
7557689,Gramercy,132
52238207,Hell's Kitchen,29
16935191,Fordham,31
2953717,Upper West Side,192
5832856,Harlem,152
1443728,Bushwick,63
4376441,East Harlem,120
52530374,Hell's Kitchen,185
50012438,Woodhaven,53
13182313,Fort Hamilton,69
55515003,Glendale,50
5442380,Crown Heights,65
4219036,Upper West Side,40
15271663,Windsor Terrace,214
17058906,Greenpoint,102
50030664,Bedford-Stuyvesant,72
51805756,Hell's Kitchen,10
22888433,Springfield Gardens,143
43095985,Ridgewood,53
53139561,Upper West Side,227
20746613,St. Albans,208
19551988,East Harlem,239
9444898,Sunnyside,166
45078190,Kips Bay,239
54530252,Lower East Side,180
6793858,Bedford-Stuyvesant,97
48358300,Hell's Kitchen,188
26790432,Glendale,33
17111375,Kips Bay,51
11541982,Sunset Park,137
43120839,Kew Gardens Hills,200
51943831,Bedford-Stuyvesant,225
51177791,Maspeth,230
18560610,Park Slope,112
9286941,Crown Heights,26
20590865,Hell's Kitchen,193
8355211,Murray Hill,102
23439628,Harlem,54
10341281,East Flatbush,198
16627560,East Harlem,36
2009836,Sunnyside,23
55404543,Astoria,55
9524982,Astoria,185
2240697,Crown Heights,128
51147415,Forest Hills,79
23117085,Rosedale,197
26128225,Midtown,78
4444374,Prospect Heights,205
18658919,Harlem,152
6713223,Flatbush,170
19386851,Long Island City,176
17675273,Williamsburg,42
26121597,Chinatown,202
44886542,Flushing,213
12378164,East Village,52
12139570,Bronxdale,123
48859788,Bushwick,200
51568819,Williamsburg,22
7695212,East Harlem,233
51675966,Flatiron District,39
26249178,Hell's Kitchen,129
7924969,Crown Heights,24
20840504,Upper East Side,150
8270709,Midtown,74
14724334,Concord,75
50500119,Fort Greene,144
45485787,Bensonhurst,159
6424370,Boerum Hill,28
14318394,Bedford-Stuyvesant,53
11587822,Upper West Side,121
1553636,Williamsburg,57
25968058,Theater District,142
18851120,East Village,196
2330722,Upper West Side,15
18088393,Inwood,103
19465277,Flatiron District,70
6910394,Flatbush,173
48121915,Bedford-Stuyvesant,99
48254467,Williamsburg,209
3634702,Lower East Side,165
17697917,Bushwick,185
18650083,Tribeca,35
23471109,East Flatbush,239
50159350,SoHo,206
19454231,Sheepshead Bay,181
47376310,Greenpoint,151
21852318,West Village,54
26758399,Harlem,41
7477054,Harlem,185
1600582,Harlem,228
22668617,Crown Heights,14
11263622,Flatlands,173
8646825,Bedford-Stuyvesant,34
3663422,SoHo,155
54055826,Bushwick,100
3173532,Tribeca,224
56718465,Long Island City,108
20827801,Bedford-Stuyvesant,75
45506222,Long Island City,103
24778403,Kew Gardens,170
20554413,Mott Haven,196
4796189,Sunset Park,204
25397532,East Flatbush,101
6597240,Woodside,11
24095761,Bushwick,130
10882535,Flatbush,70
52402240,Bedford-Stuyvesant,206
7066695,Upper West Side,102
15062342,Midtown,194
8234257,Midtown,222
11937981,Bedford-Stuyvesant,229
25137951,Kew Gardens,191
49695418,Bushwick,39
3626970,Lower East Side,36
50088103,East New York,36
52063128,Financial District,184
25647724,Bushwick,136
52766758,Chelsea,84
44414325,West Village,204
4354349,Bushwick,48
46820696,Bedford-Stuyvesant,63
11270250,Hell's Kitchen,168
11724793,Tribeca,125
10320846,Inwood,152
1650289,Upper West Side,207
3469565,East Village,114
6344286,Bushwick,55
5838932,East Flatbush,224
9622187,East Harlem,91
42817074,Harlem,74
4059421,Financial District,150
8839578,East Village,90
55954634,Maspeth,48
24949064,East Village,99
45913820,South Ozone Park,103
15261722,Murray Hill,91
21633607,East Harlem,17
42988287,East Harlem,221
25187105,Gowanus,144
2562136,East Harlem,139
46714655,Bushwick,50
1138306,East Village,212
8198357,Hell's Kitchen,51
16266908,Upper West Side,183
26330366,Midtown,198
3937915,Upper West Side,68
27528305,North Riverdale,209
47571824,Chelsea,19
2211978,Harlem,24
23811326,Bedford-Stuyvesant,85
3488343,Chelsea,138
3513749,Park Slope,112
2669282,East Village,106
56336273,Concord,191
26312140,Lower East Side,225
2568763,Washington Heights,108
45869083,East New York,186
53242288,Hell's Kitchen,230
49636322,Ridgewood,218
13333090,Maspeth,79
11306702,Harlem,57
9713316,Financial District,204
24731458,West Village,11
17026321,Maspeth,102
18021013,Bay Ridge,56
7538911,Harlem,150
5770999,Bay Ridge,119
11130518,Little Italy,219
6878913,East Village,165
14396820,Bedford-Stuyvesant,10
2430136,Fort Greene,201
15816231,East Flatbush,129
45715544,Bedford-Stuyvesant,185
15832248,East Flatbush,220
56707971,Chinatown,95
15363898,Rego Park,117
49429762,Bushwick,29
53416815,Harlem,152
45264315,Gowanus,174
1883359,Crown Heights,130
12517343,Tribeca,209
11054301,Nolita,213
24426588,Jackson Heights,170
2191543,Upper West Side,114
46225317,Kensington,43
46034221,Harlem,175
13674964,Williamsburg,90
51920082,Bedford-Stuyvesant,108
47518804,Clinton Hill,123
45363729,Crown Heights,138
12971886,South Ozone Park,89
54441884,Bedford-Stuyvesant,109
53743225,Hell's Kitchen,147
4603437,Bushwick,116
56988539,Upper East Side,188
25049030,Financial District,85
24189099,Financial District,169
50044471,Chelsea,68
20314715,Bedford-Stuyvesant,17
43008169,South Slope,101
12333427,Greenpoint,114
4317345,Hell's Kitchen,132
26644073,Hell's Kitchen,160
45945301,East Harlem,235
47851288,Morris Heights,103
7498593,City Island,11
18401548,Chinatown,140
26230952,Bushwick,101
18553430,Prospect-Lefferts Gardens,148
46843341,Windsor Terrace,214
55125631,Crown Heights,168
52655194,Midtown,31
52701587,Crown Heights,223
43355566,Bedford-Stuyvesant,43
7748785,Upper West Side,68
48382601,South Slope,125
14891681,Bronxdale,23
16213887,Williamsburg,62
9317317,Greenpoint,57
44417087,Hell's Kitchen,207
1856849,SoHo,213
24683960,Long Island City,71
25104813,East Harlem,79
23911845,Financial District,214
45170424,Crown Heights,165
25638334,Bedford-Stuyvesant,57
52359161,Allerton,150
3613715,Kips Bay,143
50325592,East Harlem,57
2466036,SoHo,76
44775529,Ridgewood,31
6924201,Harlem,143
51394845,Rockaway Beach,61
25098185,East Village,110
1830891,Ditmars Steinway,42
6622093,Bedford-Stuyvesant,37
50148856,Bushwick,226
44660099,Chelsea,82
55838651,Prospect-Lefferts Gardens,233
26730784,Hell's Kitchen,16
21061424,Crown Heights,118
12985694,Williamsburg,62
17640478,Upper East Side,19
3249749,Midtown,28
3708711,Williamsburg,15
17435023,Astoria,37
48853160,Upper West Side,226
13195015,East Harlem,102
54902502,Windsor Terrace,196
17249450,Battery Park City,189
53572564,Kensington,224
44831312,Allerton,76
52955092,Bedford-Stuyvesant,20
22874073,Hell's Kitchen,107
19617160,Chinatown,229
23125369,Bedford-Stuyvesant,234
18269548,Bedford-Stuyvesant,162
47664611,Upper West Side,194
3088478,Hell's Kitchen,161
44017774,Ditmars Steinway,222
52972214,Ridgewood,46
3624761,Upper East Side,178
56596406,Harlem,80
45408465,Murray Hill,236
7251715,Bedford-Stuyvesant,97
19771804,East Harlem,217
1392364,Bedford-Stuyvesant,113
44535279,West Village,68
10477147,Nolita,180
13154698,Crown Heights,149
9543208,Harlem,198
46081167,Bedford-Stuyvesant,174
12281511,East Village,12
22866893,Murray Hill,161
5649493,Bedford-Stuyvesant,178
43783599,Upper East Side,237
9826538,East New York,213
56432926,Murray Hill,208
17893432,Midtown,35
17220178,Williamsburg,85
1838071,Murray Hill,140
55539856,Red Hook,219
12649895,Hell's Kitchen,135
17634955,Williamsburg,161
21694912,Midtown,89
7812852,East Village,68
24324965,Hell's Kitchen,72
1315042,Theater District,142
20892421,Sunset Park,23
50729876,Harlem,57
17835440,Roosevelt Island,201
3153649,Williamsburg,80
24501701,Hell's Kitchen,27
2900143,Bushwick,111
19054366,Financial District,89
24398421,Bedford-Stuyvesant,83
1540933,Columbia St,100
49211603,Arverne,89
8906958,South Slope,190
22544902,Harlem,68
27291368,Bedford-Stuyvesant,52
45844230,Chelsea,154
47481247,Williamsburg,33
47682837,East Elmhurst,171
9939759,East Village,207
15945469,Harlem,96
50288588,Midtown,213
14278628,Civic Center,230
51594778,Midtown,45
22182593,Bay Ridge,152
48342835,Midtown,119
7501907,Williamsburg,57
7305288,Midtown,233
14912116,Flushing,136
13304371,Brighton Beach,192
23995794,Crown Heights,62
45270390,Theater District,208
3464042,West Village,89
6555265,Upper West Side,237
46948278,Harlem,42
21412687,NoHo,165
5745593,South Slope,203
10909046,Park Slope,25
17200295,Inwood,77
44534727,Briarwood,238
3667288,Allerton,237
4361529,Richmond Hill,116
23251846,Springfield Gardens,61
21921908,Woodhaven,177
44190644,West Village,194
23463377,Williamsburg,67
53588028,Bushwick,145
45907744,East Harlem,76
17397466,Harlem,105
3263005,Co-op City,56
11568492,Sheepshead Bay,43
4606750,Morningside Heights,50
23845016,Bushwick,221
12781343,Rego Park,237
8008366,Crown Heights,32
45467561,Kingsbridge,89
21741306,Bedford-Stuyvesant,104
18507589,Bushwick,145
47765682,Bushwick,181
7281539,Bedford-Stuyvesant,193
9744245,South Slope,65
3177398,Harlem,62
5177276,East Village,49
26412107,Ditmars Steinway,146
8280650,Bedford-Stuyvesant,20
54619172,Chinatown,60
23324750,Bedford-Stuyvesant,219
27422816,Pelham Gardens,130
24928629,Upper West Side,117
54360144,Flushing,144
18372276,Flatbush,37
7707363,Bedford-Stuyvesant,235
5347937,Morningside Heights,181
3021097,Washington Heights,83
24904880,Bushwick,184
9119594,Williamsburg,159
46469986,Midtown,120
13374513,Washington Heights,65
15522960,Bedford-Stuyvesant,12
3206118,Greenwich Village,112
9934236,Financial District,94
11438701,Civic Center,225
7554928,Midtown,55
1469134,Fort Greene,114
19934180,Bedford-Stuyvesant,64
51476033,Hell's Kitchen,195
50229492,Bedford-Stuyvesant,93
18857747,Brooklyn Heights,86
9459811,Bushwick,131
9223978,Long Island City,228
19723754,Bushwick,169
49672221,East New York,173
2966972,Borough Park,155
7594141,East Village,44
50387450,Flushing,192
26450215,Little Italy,137
53041251,Greenwich Village,162
22224568,Rosebank,87
6196822,Williamsburg,196
26034334,Flatlands,229
11822550,Long Island City,23
23787577,Crown Heights,140
13863298,Crown Heights,166
51431297,Bedford-Stuyvesant,106
52263061,Flatbush,213
10010454,Long Island City,79
52333203,Woodlawn,76
20004322,Ridgewood,144
26610382,Crown Heights,41
52558541,East New York,172
5420841,East Elmhurst,55
47722602,City Island,105
3966635,Crown Heights,198
16138222,Crown Heights,104
53259962,Astoria,38
22974039,Elmhurst,124
11640291,St. Albans,172
1622121,East Village,196
5063503,Bedford-Stuyvesant,122
3999220,Flatbush,206
45146675,Harlem,117
1770690,Williamsburg,230
45604532,Flatbush,11
12605711,Bedford-Stuyvesant,127
8535813,East Village,162
47781698,South Slope,126
48942633,Park Slope,226
24833081,Upper West Side,165
45434976,Crown Heights,166
56742766,East Harlem,182
5603100,Astoria,27
48145664,Jackson Heights,88
18920710,Lower East Side,171
53384782,Neponsit,163
11332660,Upper West Side,186
46032012,Crown Heights,238
55073715,Elmhurst,69
46181685,Bedford-Stuyvesant,165
52434826,Bath Beach,177
55701680,Greenpoint,125
43697440,Williamsburg,60
48841562,Crown Heights,53
5381075,Long Island City,158
3771121,Brownsville,224
13632437,Williamsburg,93
18159088,Harlem,161
51561640,Harlem,22
21316035,Cypress Hills,28
7390895,Lower East Side,123
23127579,Harlem,19
21087382,Concord,92
13240304,Bedford-Stuyvesant,184
55137782,Cobble Hill,21
47585080,West Village,156
22843144,Lower East Side,87
10316428,Hell's Kitchen,75
55310100,Springfield Gardens,182
50901641,Chelsea,110
11532040,Sunset Park,165
22972935,Murray Hill,199
47293465,Lower East Side,198
45536047,Greenpoint,14
15762106,NoHo,184
18100544,Bedford-Stuyvesant,91
55510585,Fordham,168
43842695,East Flatbush,229
7904534,Carroll Gardens,199
43246763,Williamsburg,198
43512419,Upper East Side,121
26305513,Chinatown,127
44203347,Bushwick,220
23445151,Morris Park,83
12991769,Long Island City,186
1307863,Bedford-Stuyvesant,129
53775258,Norwood,31
25594150,Sunnyside,114
6996553,Murray Hill,14
44741839,Upper West Side,139
8542993,Williamsburg,112
7603530,Tribeca,109
25950384,Lower East Side,204
46212614,East Flatbush,110
16843509,Jamaica,52
18453464,Chinatown,172
54366219,Ridgewood,91
51462778,Upper East Side,153
16264147,Crown Heights,17
55622149,Harlem,50
17807825,Hell's Kitchen,230
19168692,SoHo,198
27391887,Hell's Kitchen,32
54695390,Bedford-Stuyvesant,149
16058139,Long Island City,63
18054703,Harlem,63
6600001,Astoria,85
7683614,Bedford-Stuyvesant,80
50611131,Woodside,170
24327174,Upper East Side,236
5198816,Harlem,143
22753119,Williamsburg,102
23567209,Bushwick,97
22057221,Flushing,217
47649146,Chelsea,219
54556210,Morrisania,119
24493417,East Village,19
2494755,Morningside Heights,113
20551651,Flatbush,127
19712708,Clinton Hill,138
21601021,Chinatown,115
46725701,Williamsburg,108
55147171,Harlem,78
53615643,Brooklyn Heights,86
12681929,Upper East Side,98
55066535,Springfield Gardens,87
26020526,Sunset Park,196
44249188,Midtown,148
1127813,Lower East Side,11
6032237,Clinton Hill,185
23275043,Flatbush,103
53812262,Financial District,89
7375430,Sheepshead Bay,181
42829224,Williamsburg,112
56712942,Greenpoint,60
55640927,Jackson Heights,187
27514498,Williamsburg,54
9338857,Upper West Side,199
50270914,Prospect-Lefferts Gardens,225
7984617,Upper East Side,96
18193883,Williamsburg,237
4236157,Midtown,201
18481079,Williamsburg,82
20316372,East Harlem,72
9955776,Fort Greene,45
5613041,Williamsburg,135
12357729,Inwood,197
2951507,Williamsburg,109
45871293,Williamsburg,13
50985591,Longwood,204
46924529,Inwood,75
9462572,Bushwick,57
57213325,Rego Park,114
19284675,East Village,48
53130172,Flatbush,37
44989822,Bedford-Stuyvesant,228
46662186,Astoria,99
16180749,Bedford-Stuyvesant,87
56310315,Morris Heights,197
12543301,Lower East Side,102
54872126,East Flatbush,216
25511858,Chinatown,144
14860752,Forest Hills,153
49658966,Greenwich Village,192
21524804,Bushwick,157
53218540,Ditmars Steinway,18
56120876,Crown Heights,165
22753672,Fort Greene,196
50211266,Williamsburg,160
52687227,Financial District,135
43072789,Hell's Kitchen,215
3686619,Eltingville,66
3133766,Astoria,135
20716237,West Village,19
17661466,Williamsburg,134
7168318,Astoria,127
56097679,Bedford-Stuyvesant,107
24750788,Hell's Kitchen,221
52994858,Greenpoint,52
18703656,Tribeca,57
46996328,East Village,18
20635049,Upper West Side,22
55245481,Hell's Kitchen,171
6959548,Morningside Heights,31
55215104,Bushwick,72
24983307,Astoria,230
50554797,Oakwood,126
54059692,East New York,137
2635039,Lower East Side,82
1452565,Greenpoint,195
48067237,Flatbush,50
18878182,Bedford-Stuyvesant,237
14179766,Harlem,74
20789140,Fort Greene,27
19869009,Willowbrook,119
13249141,Harlem,88
27500138,Bedford-Stuyvesant,27
55698367,Bedford-Stuyvesant,102
4631052,Bedford-Stuyvesant,204
16828597,Jamaica Estates,162
53937634,Hell's Kitchen,126
2438421,Fort Greene,158
53087644,Midtown,77
55230568,Bedford-Stuyvesant,87
18058569,Bedford-Stuyvesant,188
8198910,Upper East Side,27
2835524,Upper West Side,186
51453389,Williamsburg,26
10525197,Harlem,214
1919811,Bedford-Stuyvesant,31
15611880,Ditmars Steinway,30
43711247,Bronxdale,123
22097539,Bedford-Stuyvesant,169
6474077,Upper West Side,118
23191645,Windsor Terrace,208
27138381,Elmhurst,161
15383780,Hell's Kitchen,49
1967861,Fieldston,58
44713120,Harlem,81
44488333,Lower East Side,48
9634337,Bedford-Stuyvesant,98
52064233,Upper West Side,128
24500044,Hell's Kitchen,106
43279901,Prospect-Lefferts Gardens,225
23545117,Harlem,192
55612760,Harlem,208
1886121,Williamsburg,28
15352299,Long Island City,74
45706155,Bedford-Stuyvesant,190
44572283,Harlem,108
1513318,Sunset Park,233
44001757,Bedford-Stuyvesant,180
49951685,Park Slope,13
51994643,Fordham,30
23243009,Harlem,136
21370160,Astoria,72
25954802,Bushwick,136
14460335,Crown Heights,238
49634665,Kips Bay,62
53232347,Astoria,126
52112283,Williamsburg,11
9865751,Maspeth,93
2667625,Sunnyside,36
51875346,Carroll Gardens,77
24825349,Jamaica,85
15572115,Washington Heights,49
24408362,Harlem,138
1732029,Park Slope,104
16076365,Upper West Side,157
26696541,Bedford-Stuyvesant,130
51749422,East Elmhurst,180
44274593,Lower East Side,142
45100834,Greenpoint,13
9044481,Nolita,131
26583872,East Harlem,193
46188865,Crown Heights,169
45687377,Bedford-Stuyvesant,66
27064373,Midtown,132
22934826,Fort Hamilton,153
50981172,Chelsea,108
56511904,Bushwick,156
52813151,Hell's Kitchen,41
50877340,East Harlem,108
26172961,Williamsburg,54
49261310,Bushwick,158
12024139,Harlem,100
20323552,Crown Heights,84
13181760,Harlem,103
53000933,Harlem,85
1085286,Prospect Heights,101
1638138,Midtown,113
5167335,East Harlem,51
8171295,Bedford-Stuyvesant,66
51894676,Westerleigh,111
17976829,Jackson Heights,43
11340392,Corona,10
7510192,Washington Heights,147
51181657,West Village,194
51349004,Harlem,33
14567481,Midtown,149
21155315,Prospect Heights,76
44454643,Chelsea,84
24590069,Williamsburg,145
43213625,Chelsea,233
6906528,Greenpoint,46
57013393,Rego Park,237
55648107,Bedford-Stuyvesant,83
1073135,Harlem,90
43853188,East Village,12
50617759,East Flatbush,99
56217529,Kew Gardens Hills,159
56435135,Crown Heights,176
8063044,Gowanus,106
42949073,East Village,93
21328185,Upper East Side,29
55583488,Upper West Side,89
18451807,Harlem,44
27463134,Williamsburg,167
45216817,Greenwich Village,49
26489429,Williamsburg,50
50236672,Hell's Kitchen,220
26920775,Financial District,207
55953529,Financial District,204
12922732,Flatbush,101
47782251,Upper East Side,122
1748046,Murray Hill,114
2134656,Chelsea,57
1597820,Bedford-Stuyvesant,118
50374195,Carroll Gardens,194
18951638,Belle Harbor,78
20785274,Flatbush,217
52639177,Lower East Side,43
18929546,Tribeca,59
5588188,Greenpoint,183
51589255,Hell's Kitchen,181
16080783,Cypress Hills,194
47639205,Park Slope,178
9645383,Bedford-Stuyvesant,105
48050116,Midtown,33
23214290,Bushwick,79
10479356,East Harlem,16
16846823,Murray Hill,145
2158957,Gowanus,76
12843753,East Harlem,39
15965352,Upper East Side,115
22202476,Forest Hills,151
14510042,Lower East Side,35
5054113,Upper East Side,156
43807900,Cobble Hill,30
8327596,East Village,153
55716592,Sunset Park,238
50056622,Flatlands,231
11538115,Washington Heights,130
45825452,Woodside,161
1961786,Harlem,181
24386823,Hell's Kitchen,209
21239265,Williamsburg,133
48248392,Flushing,207
18380560,Bensonhurst,14
46979759,Washington Heights,173
51062360,Sunset Park,168
9129535,Washington Heights,112
1016800,Hell's Kitchen,42
56589226,East Harlem,178
51930576,Bedford-Stuyvesant,115
15235212,Midtown,164
3243674,Harlem,89
22779077,Park Slope,167
24485132,Sheepshead Bay,116
23677117,Harlem,216
15072835,Crown Heights,122
16891559,Ozone Park,173
3849547,East Harlem,198
13578312,Bedford-Stuyvesant,139
47777280,Prospect-Lefferts Gardens,105
5857710,NoHo,76
3809229,Rockaway Beach,197
23890305,Financial District,208
13264605,Crown Heights,81
9256012,Harlem,32
19670733,Bushwick,116
14776803,Chelsea,38
48567069,Williamsburg,137
21487248,Hell's Kitchen,146
13452387,East Flatbush,43
51016519,Crown Heights,41
44878810,Upper West Side,199
18380008,Harlem,122
13921290,Chelsea,46
48658198,Tribeca,25
11010117,Hell's Kitchen,134
53095929,Harlem,22
14845840,East Elmhurst,183
12453829,Crown Heights,41
50665809,Morningside Heights,144
3364628,Midtown,227
9551492,Flatbush,237
48756508,Chinatown,25
2918922,Bedford-Stuyvesant,220
15780332,Clinton Hill,219
11442015,Crown Heights,160
2186020,Prospect Heights,159
55845278,Concord,92
22895060,Upper East Side,60
6701072,Williamsburg,61
45902221,Upper East Side,27
50681826,East Harlem,206
5356222,East Village,149
23831761,Jackson Heights,113
2584228,Washington Heights,228
50489073,East Village,16
21334813,Gowanus,104
45996112,Williamsburg,92
17891222,Hollis,122
46663291,East Village,31
51498125,Bath Beach,69
17484177,Bedford-Stuyvesant,238
5277795,Upper East Side,234
55554769,Hell's Kitchen,214
18328644,Harlem,19
13244722,Midtown,161
55977278,Upper East Side,64
47016763,Murray Hill,238
8628047,Long Island City,143
18273414,Lower East Side,155
18706417,Kingsbridge,67
21931297,East New York,49
2148463,Fort Greene,162
14722125,Mount Hope,61
43327399,Bedford-Stuyvesant,128
19659687,Bedford-Stuyvesant,190
25872510,Midtown,60
10044696,Upper West Side,59
2240145,Upper East Side,137
26443588,East Elmhurst,174
5405376,Sunnyside,86
20496974,Bushwick,186
6833624,Williamsburg,73
4446583,Harlem,79
51525740,Briarwood,238
2400864,Greenwich Village,51
1285771,Bedford-Stuyvesant,167
55165397,Williamsburg,113
55827605,Hell's Kitchen,224
4573060,Upper East Side,12
12446097,Ditmars Steinway,222
6801038,Williamsburg,167
3903673,East Village,225
8736298,Morningside Heights,40
21479515,Midtown,145
44261890,East Harlem,187
12844305,Williamsburg,40
56801310,Cobble Hill,185
55163740,Brooklyn Heights,61
5493744,Flushing,193
18933412,Long Island City,182
7955898,Williamsburg,197
20865910,Sunnyside,220
12881861,Williamsburg,219
22808349,Fort Greene,40
16936296,Rego Park,173
23989167,Ridgewood,234
56973627,Kingsbridge,65
45968497,Bedford-Stuyvesant,10
7987379,Midtown,172
46006054,Bushwick,41
2539492,Astoria,26
20918379,Bushwick,220
9783458,Harlem,91
43689155,Washington Heights,41
2076112,Washington Heights,219
45170976,Crown Heights,31
23611946,Bedford-Stuyvesant,104
23363963,Belmont,240
12190934,Williamsburg,61
6353123,Prospect Heights,157
12262181,Hell's Kitchen,98
22854190,Upper West Side,55
10739490,East Village,217
45729904,Ridgewood,21
23904665,Financial District,218
47588946,West Village,206
17850904,Bushwick,120
51491497,Astoria,207
43235165,East Harlem,134
14587916,Canarsie,73
20115887,Bedford-Stuyvesant,167
54003910,SoHo,212
9474723,Lower East Side,194
52375177,Little Italy,12
47879455,Two Bridges,95
5403719,Chelsea,55
21200052,Murray Hill,169
46242991,Harlem,117
55552007,SoHo,239
52778909,Bay Ridge,56
53987893,Upper West Side,23
54505399,Ridgewood,107
11036627,East Flatbush,138
42870094,Midtown,107
8508750,Bushwick,16
25082721,West Village,121
25041298,Financial District,37
9993332,Sunset Park,163
18931756,Chelsea,221
25499707,Bedford-Stuyvesant,228
53077151,Washington Heights,132
21112788,Wakefield,42
20983550,Harlem,67
43598026,Lower East Side,218
47849079,Bushwick,228
52835243,Sunset Park,158
24213400,Upper West Side,140
26431990,Hell's Kitchen,154
4053346,Astoria,59
53338941,Canarsie,156
4584658,Williamsburg,106
50244404,Washington Heights,224
47524327,East Village,51
13107200,Flatbush,239
23852196,Financial District,206
9597333,Forest Hills,57
49277327,Sunnyside,74
9504547,Flatbush,50
23151328,Jamaica,49
27577460,Chelsea,28
9473066,Prospect-Lefferts Gardens,177
42837509,Clinton Hill,29
20918931,Jackson Heights,91
13685458,East Flatbush,13
48903972,East Flatbush,198
8600984,Crown Heights,37
26765026,Harlem,64
54219859,Bedford-Stuyvesant,192
54292211,Arverne,146
53204732,Greenpoint,45
3185130,Lower East Side,49
10002721,Washington Heights,191
48689127,West Village,137
26062501,Bedford-Stuyvesant,81
54509265,Williamsburg,36
6043835,East Harlem,52
26351906,Midtown,189
48983503,Morningside Heights,98
43567097,Clinton Hill,207
22651496,East Village,110
17531123,Pelham Gardens,126
8445788,West Village,123
15422441,Greenpoint,182
10049115,Forest Hills,209
5346280,Washington Heights,158
51645037,East New York,126
13444103,Upper West Side,171
22858056,Midtown,94
25272712,East Flatbush,197
13185074,Williamsburg,72
24065384,Williamsburg,230
6609943,Jamaica,202
56884707,Windsor Terrace,198
49037076,Upper West Side,196
51997957,Chelsea,109
18520292,Upper West Side,48
48001514,Crown Heights,114
46566638,Crown Heights,79
13191702,Bedford-Stuyvesant,132
56245696,Astoria,229
23198825,Harlem,127
10172830,Ridgewood,24
55434919,Hell's Kitchen,196
9775726,East New York,221
20262799,Bedford-Stuyvesant,131
51770961,Rockaway Beach,163
6030028,Upper West Side,193
49146432,Crown Heights,35
9753634,Washington Heights,21
46863776,Hell's Kitchen,236
12090968,Concord,109
5905760,Williamsburg,123
11525413,East New York,36
48717847,Bushwick,138
18416460,Harlem,100
45977334,Long Island City,217
11360275,Chelsea,132
19117881,Williamsburg,107
2168898,East Village,208
46916797,Morningside Heights,68
15703010,Harlem,196
19940808,Bedford-Stuyvesant,174
14371967,SoHo,231
9205200,East Village,107
1480732,Harlem,26
5996337,Greenpoint,130
22918257,Corona,196
8886523,Clinton Hill,63
8303847,Upper West Side,60
1945217,Fort Greene,49
9727124,Midtown,153
14478561,Gowanus,160
55668542,Washington Heights,55
57322681,Cobble Hill,56
17747624,East Elmhurst,191
48986817,Bushwick,151
43088253,Bensonhurst,199
57309978,Bushwick,166
43623432,Hell's Kitchen,127
19095789,Financial District,90
51458359,East Village,199
45786238,Windsor Terrace,192
6547533,Nolita,114
12221311,Great Kills,188
50900536,Flatbush,48
48656542,Hell's Kitchen,234
43811766,Arverne,72
17407960,Harlem,178
11883303,Bedford-Stuyvesant,102
45130658,East Village,227
48208074,Bedford-Stuyvesant,105
50128973,East Flatbush,221
8309922,Tribeca,32
49928488,Midtown,69
48176593,Midtown,37
16459108,Vinegar Hill,157
15837771,Jamaica,167
51249590,Little Italy,203
11920307,Upper East Side,149
6466345,Williamsburg,94
7734425,Middle Village,27
7098176,Upper East Side,235
3239256,Boerum Hill,216
51838894,Chelsea,104
6226094,Chinatown,116
6056538,Long Island City,108
25531741,Fort Hamilton,203
44181807,Hell's Kitchen,57
48749880,Upper West Side,182
55030636,Bedford-Stuyvesant,186
47857363,Hell's Kitchen,200
27433862,East Village,73
25315791,East Village,202
17305232,Financial District,184
9448765,Upper East Side,92
4853629,Upper East Side,63
26348592,Borough Park,91
11116158,Gramercy,185
11333212,Williamsburg,161
21697674,Jamaica,208
5788672,Williamsburg,206
7880785,Nolita,76
9566957,East Harlem,198
12201428,Sunnyside,204
48264961,Washington Heights,12
20263351,Bedford-Stuyvesant,208
2377668,Glendale,199
3134871,Rego Park,181
50416722,Bedford-Stuyvesant,20
50100806,Washington Heights,130
16346439,Elmhurst,114
53896764,East Harlem,107
55952425,Chelsea,164
23147461,Hell's Kitchen,206
17404094,Flushing,27
27215703,East Flatbush,125
7979094,Harlem,175
2662102,East Harlem,112
10379942,Park Slope,226
54298838,Allerton,173
16002909,East Village,89
20648856,Hell's Kitchen,143
53776915,East Village,88
5241343,East Village,137
26388358,Williamsburg,114
17258839,Forest Hills,99
18877630,Little Italy,19
50745340,Sunset Park,112
1173101,Upper West Side,198
54859423,Dyker Heights,36
23165135,Washington Heights,152
52216667,Forest Hills,16
46304848,Bedford-Stuyvesant,154
26825227,Financial District,75
1687293,Crown Heights,87
6834176,Bushwick,27
9986152,Chelsea,66
14413942,Bushwick,72
7369907,East Village,58
52667896,Harlem,57
50117927,Williamsburg,62
10035307,Bedford-Stuyvesant,16
55255974,Sunnyside,39
20863149,East New York,104
4286969,Clinton Hill,222
1550322,Carroll Gardens,217
14217875,East Flatbush,71
56923920,Bay Ridge,111
1302340,Williamsburg,152
9803893,East Village,209
9422254,East Harlem,192
45133972,Crown Heights,218
22959127,SoHo,15
9326706,Crown Heights,40
50931465,Crown Heights,170
48844876,Long Island City,105
23690925,Williamsburg,19
13390530,Upper East Side,180
20411920,Williamsburg,154
56955954,South Slope,19
52556332,Harlem,61
7480367,Bedford-Stuyvesant,84
11879989,Boerum Hill,233
20472673,Bedford-Stuyvesant,87
16935743,Upper West Side,43
6129442,Nolita,46
6685608,Washington Heights,207
25463808,Kips Bay,229
55743655,Theater District,211
15065103,Bedford-Stuyvesant,57
46889182,Bushwick,174
23340766,Greenpoint,200
17116345,Richmond Hill,95
20552756,Upper West Side,127
3504912,Lower East Side,39
23192750,Bushwick,108
46010472,Little Italy,144
13141442,Harlem,81
50830947,Ridgewood,17
26789328,Springfield Gardens,188
53062791,Upper West Side,158
54031525,Gowanus,82
51740032,West Brighton,104
50480236,Midtown,75
4108024,Forest Hills,61
5038097,Upper East Side,186
12686899,Little Italy,203
9153284,Rockaway Beach,50
55059355,Bayside,108
11448091,Long Island City,85
24074773,Bedford-Stuyvesant,154
2103175,Williamsburg,100
7118611,Theater District,182
56212006,East Village,92
53780229,Tompkinsville,208
3760075,Prospect-Lefferts Gardens,136
53588581,East Village,210
20742747,Theater District,26
43743833,West Village,164
9522220,East Village,179
21418762,Bensonhurst,170
7294242,Bushwick,154
47588393,Greenpoint,150
7580334,East Village,62
19839737,East Flatbush,236
23872631,Financial District,199
15711294,Woodside,84
43156186,Upper West Side,202
23918472,East Village,193
6627064,Upper West Side,104
23338557,NoHo,154
56879736,Harlem,64
46463358,Bronxdale,23
20395903,Midtown,37
50048338,Long Island City,40
5902446,Hell's Kitchen,158
56952088,Upper East Side,47
5915149,Astoria,231
8575026,Midtown,60
12895669,East Village,199
17124078,Flushing,101
15795796,Gramercy,18
9286388,Bushwick,228
23622439,Prospect-Lefferts Gardens,185
55760776,Sunset Park,44
13404889,Williamsburg,235
11277982,Lower East Side,214
18325330,Greenpoint,153
48183220,Greenwich Village,192
15714608,East Harlem,14
20786931,Sunnyside,165
10147424,East Village,54
43014797,Midtown,112
3022754,Bedford-Stuyvesant,104
43994577,Longwood,204
11245396,Harlem,74
12567603,Bedford-Stuyvesant,30
52729202,Flushing,135
24540914,Kips Bay,178
53288129,Greenpoint,123
20876404,NoHo,16
44547982,Cambria Heights,105
47628711,Bay Ridge,28
9534371,Financial District,107
45354892,Bedford-Stuyvesant,215
22264886,Upper West Side,170
19520507,Brooklyn Heights,208
5155737,Harlem,29
50742579,Chelsea,238
50587382,Clinton Hill,89
15494793,Williamsburg,120
3767807,Washington Heights,221
11899872,Park Slope,138
10448428,Upper West Side,118
3006185,Williamsburg,210
6672352,Crown Heights,123
18867136,Harlem,178
19639804,West Village,43
44328166,Upper East Side,188
3424276,Hell's Kitchen,237
48783571,Canarsie,11
10329683,Bushwick,111
51720150,Upper East Side,97
56922816,Washington Heights,50
17861950,Greenwich Village,224
15544500,East New York,93
24793868,Hell's Kitchen,59
7045155,Astoria,85
52302826,Vinegar Hill,177
5339100,Williamsburg,72
43186562,Midtown,147
53224615,Brownsville,121
11178568,Prospect Heights,73
18604794,Arrochar,93
21372922,Greenpoint,39
4764156,Nolita,34
18362887,Bushwick,125
23117637,Williamsburg,78
24419408,Concourse,57
23155194,Kensington,147
45400181,Flushing,230
49738497,East Elmhurst,111
24931943,East Flatbush,231
42849659,Lower East Side,214
44139280,Bedford-Stuyvesant,30
7239012,Murray Hill,56
16358038,Greenwich Village,150
18195540,Midtown,84
55866266,Bedford-Stuyvesant,238
49776054,Hell's Kitchen,81
15841637,Hell's Kitchen,94
20203150,Bushwick,170
10280528,Bedford-Stuyvesant,224
55633195,East Elmhurst,182
7108117,Hell's Kitchen,35
23571076,Harlem,169
1243796,East Village,239
21817523,Sheepshead Bay,96
2273835,Harlem,64
6545876,Chinatown,36
47330469,Crown Heights,173
51438477,Chinatown,121
53727760,Canarsie,123
26032677,Chelsea,222
2303659,Ditmars Steinway,74
52933000,Bushwick,35
23479394,Bushwick,224
21973824,Flatbush,205
3612058,Bedford-Stuyvesant,56
15285471,Bushwick,210
52771177,Harlem,128
56847151,Maspeth,230
47115072,Williamsburg,144
15406425,Rosedale,137
20620137,Maspeth,235
18971521,Sunnyside,153
42820387,Williamsburg,113
23479946,Washington Heights,139
51949354,Columbia St,180
21651281,Chinatown,46
19427721,Ditmars Steinway,60
45062725,Hell's Kitchen,67
3738535,South Slope,68
2912846,Crown Heights,142
50342713,Lower East Side,135
1978355,South Slope,196
17699574,Sunnyside,110
11369112,Harlem,51
17496328,Astoria,24
20386514,Tribeca,204
46806889,Midtown,164
4558700,Park Slope,74
43297575,Midtown,213
21730260,Bedford-Stuyvesant,108
47559121,Bedford-Stuyvesant,107
9483559,Bushwick,85
16698254,Murray Hill,66
9035644,Crown Heights,72
24991039,East Flatbush,79
50493491,Corona,87
3159172,Kensington,46
22557053,Boerum Hill,69
26743487,Clinton Hill,218
46126455,East Flatbush,96
55700023,Hollis,156
9926504,Upper East Side,12
19940255,Bedford-Stuyvesant,89
54366771,Bedford-Stuyvesant,143
18408727,Hell's Kitchen,76
53594656,Sunnyside,217
11064794,Williamsburg,21
24865114,Prospect-Lefferts Gardens,86
51291565,Hell's Kitchen,146
26936239,Flushing,69
26586634,Bushwick,114
19677913,Clinton Hill,96
11640843,Windsor Terrace,139
46003845,Upper East Side,234
10070102,Bushwick,68
24405601,Ditmars Steinway,56
53457133,Bedford-Stuyvesant,230
45545436,Prospect-Lefferts Gardens,114
52181320,Astoria,48
21621457,Crown Heights,153
15408082,Washington Heights,173
23635142,Upper West Side,231
56469377,Ditmars Steinway,69
2779742,Williamsburg,59
8840682,Lower East Side,196
25362737,Harlem,187
12638849,Bedford-Stuyvesant,148
47622636,Upper West Side,41
19705528,Upper East Side,235
20197075,Upper East Side,174
7105908,Lower East Side,147
17444964,Upper West Side,188
20464940,Bedford-Stuyvesant,45
20647199,SoHo,145
7084368,Bedford-Stuyvesant,29
47235474,Parkchester,182
21834644,Hell's Kitchen,169
7674225,Williamsburg,102
47829196,Bedford-Stuyvesant,52
2398103,Williamsburg,144
16411611,East Flatbush,80
48496927,Financial District,94
55901061,Bushwick,233
15876984,Williamsburg,30
22716115,College Point,78
20055686,Fordham,201
10952125,Harlem,101
3725280,Bushwick,42
52551913,Highbridge,218
17324010,East Village,54
17691290,Harlem,67
19275286,Williamsburg,111
5966513,Harlem,196
21193976,Canarsie,167
8641854,Prospect Heights,111
24817617,Hell's Kitchen,35
27098063,Murray Hill,231
14943597,Ditmars Steinway,63
6334345,East Village,86
23707494,Bedford-Stuyvesant,53
50848620,Harlem,149
19271420,Upper East Side,29
11878885,Boerum Hill,172
48568174,Bushwick,177
16026105,Randall Manor,140
20746061,Bushwick,234
43807348,East Elmhurst,239
57100656,Bedford-Stuyvesant,106
22884014,Canarsie,186
24423827,Bedford-Stuyvesant,116
48292576,Hell's Kitchen,29
7271046,Bedford-Stuyvesant,115
47822569,Astoria,34
24718755,Richmond Hill,75
53534455,Gramercy,187
24042187,Jackson Heights,160
54374503,East Village,115
18832342,East Village,233
9057184,Harlem,219
19047739,Briarwood,169
3038771,Washington Heights,88
7916132,Bedford-Stuyvesant,64
9480246,Park Slope,14
7354995,Sunset Park,178
21196186,SoHo,89
24331593,Long Island City,98
51097708,Midwood,180
20776990,St. Albans,187
18310970,East Flatbush,77
21156420,Astoria,89
46694772,Harlem,165
53354958,Bedford-Stuyvesant,152
16200632,Financial District,76
23603109,Harlem,189
5911283,Bushwick,117
51772066,Bedford-Stuyvesant,153
14106310,East Flatbush,89
24184681,East New York,68
48020292,Upper West Side,94
55650869,Sunset Park,49
23052466,Clinton Hill,50
51881974,Flushing,101
46874822,Ditmars Steinway,232
4190316,Crown Heights,145
1004098,Murray Hill,115
53121335,Greenpoint,122
56134684,Hell's Kitchen,108
51579313,Gramercy,224
5062950,Upper West Side,114
45507327,Midtown,191
56884155,East Flatbush,192
2471559,West Village,138
14333858,Williamsburg,222
16287343,Crown Heights,92
19583470,Greenwich Village,148
6823130,Hell's Kitchen,41
54788728,West Village,71
9846421,Bushwick,113
23575494,Bushwick,222
10950468,South Slope,158
52872800,East Village,140
8540231,Rosedale,147
12584724,Forest Hills,79
23375561,Corona,170
49845643,Bushwick,20
21814762,Upper East Side,237
52093504,Hell's Kitchen,173
53901182,Jamaica,67
5412004,Prospect Heights,109
8606507,Crown Heights,192
52983812,Bushwick,83
4586868,Bedford-Stuyvesant,173
55836442,Sheepshead Bay,87
26156944,Hell's Kitchen,150
52402792,Flushing,126
55176443,Bedford-Stuyvesant,237
4867436,Williamsburg,17
52967795,Battery Park City,170
8619762,Crown Heights,154
20894630,Jackson Heights,51
57265794,Midtown,138
6565206,Greenpoint,147
17060011,Bedford-Stuyvesant,28
24593383,Tribeca,101
1832548,Ridgewood,121
4065496,Crown Heights,145
8739059,Clinton Hill,24
13067986,Huguenot,194
4281998,Harlem,51
48132409,Upper West Side,44
57351400,Rego Park,199
52757369,Williamsburg,47
45950824,Boerum Hill,167
4813863,Lower East Side,62
17637717,Midtown,66
8883762,Civic Center,145
23273386,Hell's Kitchen,145
48945947,Hell's Kitchen,146
10545080,Long Island City,99
10156261,Harlem,21
3554067,Carroll Gardens,124
43269960,Flatbush,189
48218568,Harlem,212
6633691,Ridgewood,208
57226581,Prospect Heights,196
6939666,Bedford-Stuyvesant,23
6570177,Boerum Hill,90
24969499,Hell's Kitchen,10
55766852,Morris Park,186
19341562,Bedford-Stuyvesant,35
17860846,Jamaica,178
16609334,Crown Heights,164
44533622,Lower East Side,140
5073444,Hell's Kitchen,179
45335009,Williamsburg,229
26335337,Williamsburg,38
23838389,Mott Haven,61
11871705,Chelsea,96
2509667,Williamsburg,51
2309735,Upper East Side,184
23878154,Harlem,14
52720917,Harlem,203
8018860,Nolita,100
55923705,Morningside Heights,177
46890286,Canarsie,223
24353132,Upper East Side,109
19497311,Williamsburg,154
48353881,Upper East Side,208
3788242,Sunset Park,63
50081476,Ditmars Steinway,37
1611628,West Village,172
3233180,Hell's Kitchen,146
51780903,East Village,184
4988942,Williamsburg,212
11291237,Park Slope,70
3103390,Upper East Side,114
9460363,East Village,19
6546980,Washington Heights,185
43576486,Cypress Hills,162
1166474,Greenpoint,123
49676087,Bedford-Stuyvesant,233
19336591,Murray Hill,208
1476866,Upper West Side,81
5389360,Clinton Hill,173
7077188,Lower East Side,234
48278216,Cambria Heights,66
7268836,Williamsburg,121
9996094,Park Slope,223
21795431,Greenwich Village,184
8974891,Upper East Side,50
47147106,Greenpoint,168
25718418,Washington Heights,168
21848452,Glendale,229
45913267,Cobble Hill,179
18460644,Ditmars Steinway,18
26345278,Borough Park,90
4169329,Crown Heights,71
17289768,Washington Heights,150
53079360,East Harlem,67
50126212,Midtown,227
18334719,Chinatown,125
15142978,Bushwick,50
2594169,Williamsburg,226
45993903,Harlem,101
2828897,Williamsburg,230
7502459,Williamsburg,40
49820790,Hell's Kitchen,179
46191627,East Harlem,145
43140169,Sheepshead Bay,43
27253812,Lower East Side,34
49272908,Upper West Side,177
4458182,East Village,222
16977166,Williamsburg,166
4049480,Morningside Heights,182
55864609,Long Island City,128
18017147,Long Island City,213
12046784,Chelsea,117
26442483,East Elmhurst,168
56359470,Bushwick,171
13881524,Flushing,43
53380916,Clinton Hill,30
21169123,Brighton Beach,91
51847731,West Village,189
50037844,Murray Hill,42
49130415,Gowanus,157
43965858,Concourse,16
47357532,Upper West Side,84
52790507,Financial District,188
18672727,Great Kills,45
3895940,Greenpoint,83
46173401,Bensonhurst,184
23569971,Ozone Park,189
9137820,Lower East Side,115
51826191,Chinatown,196
24715441,Hell's Kitchen,27
48137932,Prospect Heights,153
56210901,Harlem,186
14038930,Canarsie,68
47210068,SoHo,44
11591689,Williamsburg,160
22415664,West Village,201
54410403,Crown Heights,193
2194304,Upper East Side,29
15764315,Flushing,106
46935575,Rego Park,117
16947342,Bedford-Stuyvesant,225
2342873,East Village,148
53781333,Astoria,96
24510538,Williamsburg,67
48339521,Midtown,23
44712567,Astoria,128
55087523,Williamsburg,82
9397401,Financial District,206
44248635,Morris Park,140
52158676,Lower East Side,199
23061855,Hell's Kitchen,196
7333456,Williamsburg,232
27009695,Lower East Side,233
17182621,Upper East Side,217
18296611,Wakefield,149
47713213,Lower East Side,13
54483307,Bedford-Stuyvesant,240
54851138,Bedford-Stuyvesant,75
1528783,Greenpoint,22
48194266,East Harlem,34
52657403,Midtown,16
24357551,Bedford-Stuyvesant,231
22716667,Hell's Kitchen,90
51210929,Williamsburg,120
8887075,Washington Heights,160
54118789,Hell's Kitchen,211
22654258,Bedford-Stuyvesant,87
48199237,Astoria,26
17230119,Bedford-Stuyvesant,202
12973543,East Elmhurst,219
22676902,Williamsburg,18
7002628,Hell's Kitchen,99
43250629,Williamsburg,67
9500681,Fort Greene,143
23822924,Chelsea,174
25040746,Financial District,97
9978973,Woodside,210
4747035,Prospect Heights,216
20271635,Harlem,51
56279938,East Harlem,217
48418500,Sunset Park,182
4705060,Bushwick,98
42864019,Upper West Side,207
48960859,Kensington,207
48947051,Bushwick,109
23910740,Financial District,205
23804698,East Village,68
7835496,Hell's Kitchen,201
15822307,Bedford-Stuyvesant,82
8705369,South Slope,45
13839550,Upper East Side,167
7263313,Bushwick,83
49098934,Upper West Side,189
23011596,Hell's Kitchen,163
24251509,Theater District,164
19633177,Bedford-Stuyvesant,19
10499791,Bedford-Stuyvesant,99
17617282,Little Italy,12
5397644,Greenpoint,67
18362334,Harlem,96
47252043,Upper East Side,88
5166783,Upper West Side,112
1277486,Williamsburg,33
48687470,East New York,103
4320107,Hell's Kitchen,159
17367642,Bedford-Stuyvesant,117
49067453,Williamsburg,78
8561771,Gravesend,65
50798361,East Elmhurst,239
7039632,Bedford-Stuyvesant,71
42903232,Hell's Kitchen,210
48060610,Williamsburg,47
7054544,Lower East Side,122
5285527,Lower East Side,214
46627391,Hell's Kitchen,181
44661203,Brighton Beach,200
49629142,Upper West Side,181
17782972,Ridgewood,151
50808855,Williamsburg,227
6468001,Williamsburg,41
10420813,Morningside Heights,98
22938140,Springfield Gardens,149
7747128,Carroll Gardens,66
45586306,East Village,71
10661615,East Village,159
18602032,Chelsea,81
49140356,Kips Bay,153
14304034,East Harlem,72
13964922,Williamsburg,170
53755375,Washington Heights,175
55470267,Jamaica,107
49039838,Nolita,180
11674534,Long Island City,38
53813919,East Flatbush,234
25843790,Theater District,110
26292258,Midtown,11
50585725,Bedford-Stuyvesant,216
46267844,Bedford-Stuyvesant,146
12351101,Upper East Side,150
19996038,Bushwick,98
19233311,Harlem,88
1789468,West Village,100
50412303,Lower East Side,229
19208458,SoHo,47
44796517,West Village,132
24101836,Carroll Gardens,83
4045061,Bushwick,215
3045951,Greenwich Village,230
57118330,Chelsea,15
14192469,Neponsit,228
4820491,Hell's Kitchen,144
55603923,Bellerose,189
3006737,Williamsburg,195
46971474,Harlem,210
20061761,Chelsea,26
3808125,Gramercy,182
24870085,St. Albans,37
52308349,Bedford-Stuyvesant,74
5577694,Upper West Side,141
51699162,Williamsburg,11
8574474,Bedford-Stuyvesant,29
5603652,Chelsea,174
24164798,SoHo,33
14483531,Upper East Side,183
12762565,Bushwick,205
2652713,Hell's Kitchen,131
2481500,Williamsburg,145
44737421,Arrochar,133
20477643,Hell's Kitchen,82
48987369,Long Island City,121
21546344,East Village,174
53026339,Financial District,23
46801366,Greenwich Village,154
24508881,Lower East Side,91
19405629,Financial District,216
2572630,Financial District,71
19043872,East Harlem,18
11443120,Midtown,112
20286547,Flatbush,65
12835468,Hell's Kitchen,117
24279676,Harlem,147
47429883,Clinton Hill,124
4467019,Upper East Side,60
55052728,Upper East Side,179
25311925,Lower East Side,204
8029906,East Harlem,52
12886832,Long Island City,123
3661213,Williamsburg,19
10342938,Harlem,71
46518588,South Ozone Park,106
54493800,Bedford-Stuyvesant,196
21725841,SoHo,51
27091988,Williamsburg,165
4573612,Astoria,41
13005024,Schuylerville,202
54803088,East New York,201
13777692,Williamsburg,90
13878211,Gramercy,31
5863233,Midtown,172
21957807,Financial District,204
10138587,Bedford-Stuyvesant,124
49627485,Williamsburg,21
48521780,Midtown,117
24551960,Bushwick,91
27146666,Bushwick,228
6105693,SoHo,130
52509386,Ridgewood,168
14799999,Morris Park,53
24180262,Bedford-Stuyvesant,46
6355885,West Village,180
10584293,Corona,146
22357672,Bedford-Stuyvesant,101
47687255,Fort Greene,170
46639542,East New York,56
44673906,Sunnyside,214
23788129,Flatbush,123
5016005,East Harlem,46
11011774,Midtown,79
54711406,Morningside Heights,204
56108725,Sheepshead Bay,57
22207999,Maspeth,13
6818160,Financial District,116
55295188,Bushwick,116
19415570,Harlem,141
15574324,Fort Greene,104
18018251,Tribeca,43
45892832,Williamsbridge,150
19844155,Washington Heights,135
5019319,Midtown,66
5705827,Ditmars Steinway,225
52363579,Hell's Kitchen,49
57203936,South Ozone Park,89
8224868,Nolita,34
45863008,Prospect-Lefferts Gardens,216
46362840,Crown Heights,90
48592475,Harlem,144
56862063,Park Slope,112
54928460,Upper East Side,107
17836545,Flatbush,170
9176481,Kips Bay,94
21069157,Pelham Bay,33
13486630,Canarsie,130
55534333,Sunnyside,21
6359198,Bay Ridge,35
53879090,Woodhaven,106
1730372,East Village,68
6533173,Williamsburg,161
6639214,Chelsea,231
15600282,Long Island City,231
56360574,Bedford-Stuyvesant,160
26820256,Kips Bay,102
42912069,Corona,10
2229099,Harlem,27
3141499,Ozone Park,79
24560245,Chelsea,16
52696616,Glendale,229
8849519,Bedford-Stuyvesant,81
13676621,Williamsburg,197
18350736,Upper East Side,127
43342863,East Village,99
48681947,Prospect-Lefferts Gardens,105
11187957,East Harlem,177
27299653,Harlem,236
15999043,Bushwick,187
55051623,Woodside,143
24360865,Flatiron District,147
7885203,SoHo,206
26750114,East Harlem,216
5100507,East Harlem,58
45075428,Upper East Side,174
2999005,Bedford-Stuyvesant,135
16455242,Clinton Hill,180
24388480,Bushwick,205
1091913,DUMBO,77
12230700,Jackson Heights,199
12251135,Harlem,225
6269726,Williamsburg,51
3331490,Flushing,67
43583666,East Harlem,119
15125856,St. George,12
14533238,Boerum Hill,183
18903036,Bedford-Stuyvesant,170
14957957,West Brighton,159
1681217,Nolita,117
10384913,Prospect Heights,30
23366725,Upper East Side,16
12871920,Greenpoint,111
19719335,West Village,23
44327614,Bedford-Stuyvesant,26
10945498,Murray Hill,35
46580998,Crown Heights,178
5947183,East Flatbush,101
4808892,Chelsea,22
2327408,Chelsea,42
3097867,Bushwick,182
24410019,East Village,234
55513346,Sunnyside,149
7901772,West Village,107
20969190,Hell's Kitchen,116
49715301,Hell's Kitchen,145
19952958,Bedford-Stuyvesant,231
7450543,Tribeca,98
45674674,Upper East Side,161
55407304,SoHo,201
49447435,Harlem,188
53966354,SoHo,47
20632287,Cambria Heights,234
47689464,Upper East Side,103
1408933,Wakefield,151
8969920,Williamsburg,35
6578461,Williamsburg,68
23713569,Astoria,193
24009602,East Village,53
3601564,Ridgewood,68
19835318,Williamsburg,37
1099093,West Village,133
16931325,Bushwick,42
2420195,Bedford-Stuyvesant,96
49032106,Bedford-Stuyvesant,206
54270671,Rockaway Beach,128
14916535,Bedford-Stuyvesant,53
4459839,Inwood,217
8412097,Greenpoint,237
2241802,Bushwick,172
52335412,Bedford-Stuyvesant,38
2796863,Astoria,228
3347506,Upper West Side,21
1359779,Crown Heights,231
16434255,Lower East Side,45
43632268,Williamsburg,79
50505090,Prospect-Lefferts Gardens,178
44114426,Ditmars Steinway,215
7662626,East Village,204
50002497,Sunset Park,48
18243037,Harlem,85
23050809,East Flatbush,140
10790301,Clinton Hill,53
13700922,West Village,76
57207250,Astoria,85
20237945,Douglaston,30
17178755,East Elmhurst,169
12324038,Prospect-Lefferts Gardens,136
24254271,Ridgewood,157
53683576,Boerum Hill,50
49555686,East New York,208
55680141,Bedford-Stuyvesant,148
5944973,East Village,90
26465128,Woodhaven,161
43491984,Upper East Side,149
50590696,Lower East Side,227
2830554,Upper East Side,76
49135938,Hell's Kitchen,117
5450665,Clinton Hill,133
56216976,South Ozone Park,216
3894283,Fort Greene,15
2738320,Chelsea,95
2704077,Chelsea,118
43083282,Murray Hill,33
57175217,Bedford-Stuyvesant,79
51740585,Upper West Side,41
54748963,Harlem,28
16776129,Upper West Side,138
4405713,Harlem,153
26666717,Morningside Heights,224
16976061,Flushing,94
45293035,Williamsburg,109
48786884,Upper West Side,107
4364843,West Village,160
1680113,Concourse,133
17939825,Crown Heights,15
12087654,Flatbush,17
8822456,Bedford-Stuyvesant,116
46170087,Bushwick,106
52096266,Washington Heights,66
45543779,Kips Bay,183
49471736,Park Slope,25
54803641,East New York,139
43431231,Little Italy,127
9685149,Upper East Side,30
23737318,Murray Hill,84
23004416,Greenwich Village,100
23796414,Midtown,86
54096144,Upper East Side,27
18412594,Harlem,133
13255768,Bushwick,139
24018439,Cobble Hill,89
8720833,Upper West Side,86
9816044,Lower East Side,140
48589713,Bushwick,65
17901716,Park Slope,162
22897270,Upper East Side,37
3613163,Prospect-Lefferts Gardens,189
48721713,Williamsburg,61
1703862,Flushing,184
23503143,Harlem,81
21184035,Williamsburg,236
5157394,Midtown,27
55202953,Sunset Park,114
45656448,Boerum Hill,63
2404730,Clinton Hill,40
6464135,Upper West Side,38
4918800,East Harlem,20
18555639,Sunnyside,101
8475060,Chelsea,102
44008385,Chinatown,104
15420232,Corona,51
7146226,Prospect-Lefferts Gardens,163
46308714,Midtown,91
26687704,Fort Greene,170
3967739,Murray Hill,134
15428517,Midtown,126
13385559,Bushwick,34
19669628,Crown Heights,145
55199087,Jamaica,166
18000578,Williamsburg,192
47226085,Williamsburg,153
12797359,East Flatbush,165
49904187,Ridgewood,123
51683698,Williamsburg,216
16451929,East Harlem,16
11966148,Astoria,83
44572835,Ridgewood,24
1391812,Upper East Side,152
21132119,Midtown,128
20440639,Harlem,176
18626886,Neponsit,163
13793156,East Harlem,195
17191458,Columbia St,180
16575644,West Village,186
6926410,Sunset Park,180
9922086,Midtown,200
18588777,Greenwich Village,45
20755450,Sunnyside,149
13298296,Astoria,171
56102650,Chelsea,14
19888891,Flatbush,15
48125229,Morningside Heights,16
45450440,Hell's Kitchen,237
1353151,Prospect Heights,11
11780023,Lower East Side,135
45858590,Harlem,50
23855510,East Elmhurst,65
7068352,West Village,214
18154117,Kips Bay,32
19649193,Flushing,120
27114080,South Ozone Park,177
53252230,Woodside,68
7494727,Chelsea,81
56348976,Midtown,146
7434526,Crown Heights,51
8311027,East Village,173
12874681,Bushwick,145
24655240,East Village,26
55344895,Bedford-Stuyvesant,162
13366228,Upper West Side,205
14602276,Chelsea,55
27372004,East Village,128
6862344,Midtown,200
13186731,East Elmhurst,180
46383827,Bedford-Stuyvesant,121
20888002,Upper West Side,196
21686076,East Elmhurst,86
6316119,Williamsburg,196
21742963,East Harlem,165
3592175,Fort Greene,95
44338660,Harlem,18
56067303,Bedford-Stuyvesant,220
20522932,South Ozone Park,82
53739358,Morris Park,105
24780060,Tremont,40
23856062,Financial District,147
19856306,Carroll Gardens,161
4147237,Chelsea,234
1450908,West Village,76
46631810,Harlem,231
27418950,East New York,163
47101265,Canarsie,194
10936108,Crown Heights,131
52502206,Bedford-Stuyvesant,96
6072002,Clinton Hill,179
48389228,East New York,213
27231720,East Harlem,118
21555733,Bushwick,74
45204667,Park Slope,112
52192918,Astoria,37
43094328,Bushwick,141
47178034,Murray Hill,232
5968722,Clinton Hill,177
21065843,Bushwick,181
23245219,Financial District,40
5370029,Park Slope,100
12635536,Elmhurst,85
4029045,Harlem,36
14972317,St. Albans,143
19024542,Hell's Kitchen,215
47005165,Rosedale,40
22216284,Bedford-Stuyvesant,230
5028708,Harlem,97
48228509,Hell's Kitchen,100
25848208,Upper East Side,199
20142949,Bedford-Stuyvesant,232
53612882,Harlem,14
18644007,East Flatbush,200
25502469,Chelsea,84
20654932,Harlem,139
22696785,Bushwick,166
19018467,Clinton Hill,155
50412856,East Harlem,216
53522305,East Harlem,180
3087925,Greenwich Village,101
7981303,Bedford-Stuyvesant,201
6022295,Crown Heights,87
48327371,Upper East Side,170
49185645,East Village,123
7347815,West Village,108
7069456,Williamsburg,44
56666548,Washington Heights,51
24628730,Bedford-Stuyvesant,41
44760065,Chelsea,193
50249375,Corona,212
10324712,Kips Bay,89
25737196,Washington Heights,143
54018270,Long Island City,195
26523119,Midtown,177
53673082,Washington Heights,179
1640899,Chinatown,228
46689249,Astoria,31
43291499,Bedford-Stuyvesant,90
57274631,Downtown Brooklyn,174
26283973,Bushwick,30
15575428,Greenpoint,168
9047242,Morningside Heights,164
5636790,Williamsburg,179
8493838,East Village,17
4716106,Kips Bay,71
52342039,NoHo,152
3730803,Williamsburg,143
13243066,Hell's Kitchen,10
53590790,Little Italy,110
55766299,East Village,136
20376572,Ridgewood,12
46856044,Flushing,201
51500334,Bedford-Stuyvesant,159
3580025,Williamsburg,232
19561378,Harlem,204
45801151,Harlem,130
19313947,Crown Heights,238
12965259,St. George,135
12821661,Williamsburg,62
8787109,South Slope,185
44872734,Bensonhurst,123
20394246,Woodhaven,235
20498078,Sunnyside,39
13400471,Boerum Hill,203
19071487,Bedford-Stuyvesant,203
19388508,Bedford-Stuyvesant,228
14891129,Crown Heights,97
3628627,Williamsburg,173
52114492,Upper East Side,36
21828017,Bedford-Stuyvesant,152
24170321,Flatbush,148
24021200,Harlem,42
18768827,Crown Heights,139
56714599,Upper West Side,194
17705650,Elmhurst,211
1598372,Harlem,144
4406818,Gramercy,168
9820462,Upper West Side,110
54730737,Midtown,63
5209862,Upper West Side,48
24624864,Randall Manor,73
8895912,Harlem,212
55086970,Hell's Kitchen,13
46449551,East Village,20
56093261,Lower East Side,127
56705762,Park Slope,69
3749029,Gramercy,162
9125669,Ditmars Steinway,15
11265832,Clinton Hill,29
20874747,Jamaica Estates,21
5704171,Bedford-Stuyvesant,20
20642229,East Elmhurst,99
16909785,Midtown,166
53109184,Morrisania,15
9128431,Washington Heights,29
54104981,Stapleton,206
12595770,Bushwick,54
53234004,Bushwick,106
6480152,Upper East Side,152
24336563,Schuylerville,99
3348611,Cobble Hill,15
54171809,Midtown,105
24356446,Wakefield,173
3195072,Greenpoint,145
51703581,Astoria,128
17649867,West Village,52
43855398,West Brighton,205
53599074,Canarsie,38
18476660,Midwood,54
11178016,Canarsie,41
14184185,Bedford-Stuyvesant,169
49612573,Financial District,156
50346580,Bedford-Stuyvesant,43
10362821,Midtown,157
11038836,Sunset Park,85
3782167,Flatbush,90
42950730,Harlem,14
43137408,Midtown,70
44430894,Chelsea,217
21423733,Greenpoint,227
56993510,Greenpoint,212
49953894,Bedford-Stuyvesant,104
19163722,Tribeca,28
25059524,Hell's Kitchen,176
15295412,Unionport,207
49645711,East Flatbush,142
49786547,Chelsea,194
22658676,Upper West Side,129
18321464,East Harlem,67
8475612,Midtown,145
4266534,Bedford-Stuyvesant,61
9723258,Ditmars Steinway,141
1613837,Battery Park City,157
13862746,East Elmhurst,107
15610223,Springfield Gardens,147
18497095,Stuyvesant Town,97
44546877,Astoria,85
1891644,Williamsburg,143
12979618,Washington Heights,32
11493379,Bushwick,30
54530804,Gramercy,139
46727358,Financial District,234
13533575,Downtown Brooklyn,205
49198348,Clifton,138
5773760,Upper West Side,55
5022080,East Flatbush,166
5072339,Bedford-Stuyvesant,99
9784563,Midtown,113
6698311,Harlem,43
45403495,Sunset Park,225
26635236,Cobble Hill,125
2259475,South Slope,173
14584602,Flushing,202
51102126,Chelsea,195
26667822,Astoria,11
49075737,Lower East Side,64
9296330,Bushwick,64
19361997,Forest Hills,55
49311569,Bedford-Stuyvesant,133
48237346,Harlem,37
43256152,Williamsburg,174
1406724,Lower East Side,135
2934938,Upper East Side,88
5685392,Sheepshead Bay,134
5615250,Upper West Side,23
7321857,Inwood,20
8387796,Inwood,229
45276466,Fort Greene,12
2512429,Astoria,179
5272272,Flatiron District,124
19109044,Borough Park,106
54795356,Bushwick,225
13501542,Harlem,228
26266852,Flatiron District,193
44556819,Harlem,146
3699322,Astoria,43
20936052,Bushwick,23
27310147,Astoria,21
46919558,Kensington,240
3845129,Clinton Hill,80
18405966,Financial District,187
3884342,Upper East Side,119
52492265,Bedford-Stuyvesant,107
14238862,Flushing,204
20064523,Chelsea,57
45248298,Williamsburg,197
46329149,East Flatbush,176
25036880,Crown Heights,54
4605646,Greenwich Village,62
8271261,Midtown,96
57342011,Upper East Side,86
43266094,Hell's Kitchen,102
8934021,Upper West Side,81
26781595,Astoria,143
51530711,Gramercy,157
9111862,Lower East Side,156
17259943,Bushwick,20
56909560,Midtown,148
5484907,Upper West Side,90
22043966,Crown Heights,180
3095658,Carroll Gardens,207
51218661,Richmond Hill,29
14765204,Lower East Side,108
19661344,Hell's Kitchen,123
55466953,Far Rockaway,92
21617590,Maspeth,73
48673663,Upper West Side,39
7085473,Upper West Side,227
47612695,Bedford-Stuyvesant,79
53625585,Pelham Gardens,102
14491816,Crown Heights,121
42931952,Chelsea,132
53332313,Bedford-Stuyvesant,168
23729586,Middle Village,186
16804848,Upper West Side,18
5067369,Greenpoint,81
10843322,Harlem,102
21689942,South Ozone Park,65
8683829,East Village,97
19669076,Queens Village,203
17190906,Bushwick,192
44347497,Midtown,131
54232010,Bushwick,110
4708374,Financial District,78
2982988,Lower East Side,104
47191842,Hell's Kitchen,236
46022071,Jamaica,176
49773844,West Village,198
1819845,Hell's Kitchen,33
11189614,East Village,80
54008881,Rockaway Beach,66
25393666,Upper West Side,138
44293924,Bedford-Stuyvesant,175
49983166,Harlem,44
15203178,Crown Heights,173
54233115,Elmhurst,15
49635217,Harlem,58
23847226,Financial District,61
26744591,Bedford-Stuyvesant,95
3588862,East New York,233
17821633,Flushing,67
8652348,Bushwick,167
9875140,Williamsburg,91
11618751,Washington Heights,90
9946939,Greenpoint,82
55060460,Laurelton,41
19215638,East Village,158
22277589,Bedford-Stuyvesant,208
44123815,Upper East Side,208
22964098,West Village,32
5626849,Williamsburg,62
23917368,Hell's Kitchen,68
11641948,Chelsea,233
22590191,Williamsburg,44
21671164,Park Slope,144
46421383,Crown Heights,93
55781212,Queens Village,88
3395557,Williamsburg,49
49459586,Bedford-Stuyvesant,106
11355856,Bedford-Stuyvesant,219
53112498,Greenpoint,147
8943410,Forest Hills,17
25263323,Upper West Side,171
3777196,East Village,58
48669797,Williamsburg,40
55044443,Flatbush,65
5203787,Washington Heights,101
47546971,East Harlem,167
17977933,Bedford-Stuyvesant,236
42878379,Harlem,57
5638447,Midtown,19
21236503,East Harlem,62
20426832,Flushing,217
51479347,Lower East Side,48
4740959,Brooklyn Heights,156
15311429,Crown Heights,105
11426551,Astoria,91
18335272,Murray Hill,233
48628927,Bedford-Stuyvesant,113
1129470,Chinatown,240
6966176,West Village,148
20830011,East New York,163
4718867,Greenwich Village,99
20771467,Upper East Side,106
2156195,Prospect-Lefferts Gardens,138
13082346,East New York,126
26301094,Hell's Kitchen,130
43330160,Hell's Kitchen,205
25997882,East Village,235
8364600,Bushwick,149
9702270,Washington Heights,12
52147630,Williamsburg,44
7752099,Upper East Side,99
19841394,Crown Heights,94
17441650,Upper East Side,170
27425025,Greenpoint,189
6396755,Flatbush,69
47643623,Bedford-Stuyvesant,172
52223847,Bedford-Stuyvesant,97
10042487,Bedford-Stuyvesant,57
13077376,Harlem,116
23996899,Financial District,133
26658433,Financial District,23
13098363,Jamaica,124
10083910,Upper East Side,41
21908100,Upper West Side,165
12702916,Lower East Side,142
3896493,Mott Haven,161
11208392,Lower East Side,204
51745003,Fort Hamilton,69
18858852,Bushwick,232
54600946,Upper West Side,237
15882507,Greenwich Village,183
54164629,West Brighton,181
46573818,Flatbush,185
56693611,Bedford-Stuyvesant,147
3356896,Astoria,21
13470061,Richmond Hill,166
4126249,Crown Heights,176
43093776,Flatbush,168
19635386,Bedford-Stuyvesant,222
24337668,Schuylerville,96
15009873,Harlem,133
18399891,Woodhaven,161
4980105,Greenpoint,206
2603558,Bedford-Stuyvesant,200
10001617,Prospect Heights,224
20926663,Hell's Kitchen,181
8874373,Hell's Kitchen,36
17275408,Harlem,220
45354340,Boerum Hill,144
56508038,Bedford-Stuyvesant,68
4349931,Harlem,235
5974798,Bushwick,41
50258212,Sunnyside,48
8696532,Prospect Heights,115
11292894,Bedford-Stuyvesant,24
25356661,Gowanus,72
10203206,Upper West Side,22
25544996,Hell's Kitchen,25
44528651,Crown Heights,167
20310296,Bay Ridge,166
5164573,Bedford-Stuyvesant,135
19338248,Upper East Side,27
55954081,SoHo,89
27197477,East Flatbush,216
52887160,Ditmars Steinway,25
57029962,Harlem,228
11510500,Murray Hill,55
50360939,Astoria,30
13972102,Kips Bay,183
11663488,East Harlem,134
26183455,Gravesend,64
48855922,East Flatbush,105
51359498,Astoria,22
47180796,Jamaica,64
9438823,Crown Heights,114
19964004,Midtown,147
12535017,Midwood,180
55883939,Bushwick,123
5156289,Bedford-Stuyvesant,190
51545623,Bedford-Stuyvesant,74
54646787,Flatbush,15
53645467,Canarsie,115
44909186,Bushwick,13
43865339,Bedford-Stuyvesant,12
55746969,Long Island City,56
15416918,Bushwick,108
50487968,Castleton Corners,67
23068483,Windsor Terrace,190
20251200,Bedford-Stuyvesant,181
49971568,Upper West Side,136
25053449,Bay Ridge,227
46803575,Financial District,200
23384950,East Harlem,90
23851644,Gravesend,52
7382058,Harlem,82
20710714,Battery Park City,167
48785780,Williamsburg,64
51990224,Crown Heights,116
43047935,Ozone Park,218
13436371,Harlem,33
4972373,Elmhurst,135
19385194,Stapleton,50
7262209,Park Slope,240
6736419,Gramercy,97
54193901,SoHo,109
48421814,Upper West Side,154
22761956,Kips Bay,202
53818890,Bushwick,60
24390136,Midtown,208
5701409,Harlem,156
43384838,Rego Park,23
45829318,Crown Heights,108
25685832,Woodside,122
51975312,Bedford-Stuyvesant,116
4003639,Williamsburg,23
5441276,Williamsburg,49
46062941,Crown Heights,123
2498621,Flatbush,152
50950796,Midtown,199
48917227,Gramercy,170
6464688,Lower East Side,141
25057315,Financial District,122
5985291,Lower East Side,39
1464163,Williamsburg,184
11553580,St. Albans,80
7094862,Bedford-Stuyvesant,166
25255038,East Village,60
51954877,Williamsburg,115
44237037,Chinatown,153
53852028,Red Hook,11
3906986,Mott Haven,120
21179064,Lower East Side,29
9195811,Midtown,210
44295581,South Slope,19
13267919,Midtown,115
7608501,Williamsburg,37
55555873,Williamsburg,174
9244966,Sunnyside,153
47320528,Chelsea,151
2927758,Clinton Hill,181
9620530,Greenwich Village,192
18498752,Jamaica,237
48978532,Upper West Side,186
43864234,Lower East Side,239
21307750,Morningside Heights,120
48815604,Harlem,104
51747212,Inwood,207
27125126,Bedford-Stuyvesant,161
55946902,Washington Heights,62
4455420,Morningside Heights,20
55828157,Upper East Side,35
13828504,Flushing,230
5759953,Astoria,58
48374869,Chelsea,16
12676406,Bay Ridge,21
13441341,Little Italy,99
26319320,Hell's Kitchen,181
20146816,Harlem,201
10207625,Bushwick,122
55561396,Sunnyside,165
52198441,East Flatbush,69
46165116,Clason Point,109
43410796,Williamsburg,131
11202317,Williamsburg,13
3775539,Gramercy,81
27358749,Bedford-Stuyvesant,171
4213513,Bushwick,138
42892186,East Harlem,146
19512223,Clason Point,156
24732010,Chelsea,81
11555789,Bath Beach,230
24141601,Canarsie,77
16259728,Williamsburg,116
44351915,Rosedale,191
12492490,Bedford-Stuyvesant,130
8804230,Washington Heights,199
21266880,Chelsea,61
10149633,Harlem,179
49719167,Woodside,92
27588506,Upper West Side,150
25640544,Upper East Side,108
17710068,East Harlem,35
25662083,Upper West Side,71
50912135,Bayside,144
9495158,Washington Heights,143
55071506,Bedford-Stuyvesant,151
9460915,Arverne,140
24887759,Elmhurst,192
13721357,Williamsburg,109
20797977,Williamsburg,174
3728593,Kips Bay,96
22713906,East Elmhurst,41
47767891,East Village,107
53506840,College Point,117
7301422,Bedford-Stuyvesant,200
43252286,Sheepshead Bay,75
25343959,Lower East Side,42
21234294,Williamsburg,101
3007290,Harlem,57
3683305,West Village,16
1762958,Elmhurst,91
49812505,West Village,186
6287399,Williamsburg,71
26824675,Hell's Kitchen,124
52216115,Long Island City,88
27191402,Chelsea,165
48628374,Upper West Side,208
11338735,Carroll Gardens,93
46990805,Woodhaven,10
3112227,Bushwick,101
10371106,East Flatbush,227
21143165,Bushwick,233
53195343,Bedford-Stuyvesant,225
1943560,East Harlem,99
1915393,Park Slope,221
27728238,Williamsburg,86
48211388,Upper West Side,108
19109596,Washington Heights,22
47108997,Kips Bay,37
1952949,Civic Center,159
26830750,SoHo,151
5053561,Windsor Terrace,56
5337996,SoHo,41
16897635,Astoria,186
20533426,East Flatbush,41
4063287,University Heights,47
43207550,Williamsburg,209
13085660,Jamaica,32
57169694,Bedford-Stuyvesant,159
13451835,Flushing,77
49941744,Harlem,14
46734538,Bedford-Stuyvesant,67
53435593,Jamaica,138
5849978,Ridgewood,207
19039454,Upper East Side,136
6333240,Nolita,185
9004163,East Harlem,168
49921861,Upper East Side,34
9068782,Sunset Park,168
18863823,Upper East Side,73
19197412,Crown Heights,12
53580296,Borough Park,100
5386598,Washington Heights,104
16440883,Far Rockaway,139
50129526,St. George,13
21079098,Borough Park,232
8377855,East Harlem,188
43102613,Williamsburg,171
21557942,Financial District,112
25337883,Gravesend,97
15055714,Hell's Kitchen,181
46055209,Upper East Side,183
50569709,Bedford-Stuyvesant,92
44392233,East Harlem,72
8108332,Bushwick,216
15416366,Flatlands,222
48182668,West Village,234
55780107,Rosedale,40
15710742,Chelsea,20
1566339,Park Slope,37
23076767,Harlem,234
17817766,Midtown,65
2549433,Lower East Side,38
55494016,Williamsburg,202
1934171,Bayside,204
14253775,Woodside,161
48026920,Bay Ridge,221
17858084,Clinton Hill,139
55530467,Elmhurst,153
20964220,Bedford-Stuyvesant,14
21230428,Inwood,43
23391026,Crown Heights,200
49853928,Park Slope,70
10921749,Jackson Heights,228
6506662,Astoria,209
27381946,Washington Heights,169
56848807,Bedford-Stuyvesant,160
5113210,Bedford-Stuyvesant,220
7242326,Williamsburg,170
20454999,Crown Heights,133
2574286,Williamsburg,100
21470126,Bedford-Stuyvesant,34
54149717,Kensington,74
48134066,Hell's Kitchen,171
44406041,Upper East Side,57
9574137,Chinatown,79
22225120,Upper East Side,216
50381927,Kensington,47
10188847,Crown Heights,115
17021902,Gramercy,157
5539585,Prospect-Lefferts Gardens,174
6776185,Chinatown,146
5794748,Harlem,144
48235689,Astoria,96
25093767,Flatlands,75
2677014,Bushwick,196
26577244,Hell's Kitchen,230
54524729,Flushing,154
8241437,Bedford-Stuyvesant,137
3215507,Nolita,102
14070411,Long Island City,28
1617703,Prospect Heights,126
47533716,East Village,50
2213082,Upper East Side,103
27199134,Tompkinsville,114
48121363,Harlem,174
14398477,Midwood,30
9245518,East Village,203
27328925,Crown Heights,200
20894077,Civic Center,198
54544060,Harlem,37
21443616,Sunnyside,180
8599879,Park Slope,218
46645617,Harlem,206
13679935,Hell's Kitchen,98
44653471,Crown Heights,66
56162851,Corona,87
6966728,Sunnyside,127
5587635,Lower East Side,141
20675367,Harlem,173
44911395,Park Slope,97
51875898,Carroll Gardens,138
3293381,Long Island City,138
7148435,West Village,56
43046830,Murray Hill,42
1007411,Upper West Side,121
22966307,Murray Hill,74
6741942,Crown Heights,116
49478916,Midtown,171
44388367,Jamaica,72
48099823,Williamsburg,239
6824235,Upper East Side,216
49980957,Upper East Side,64
25685280,Clinton Hill,41
26904206,Chelsea,227
47496159,Lower East Side,93
15629002,Corona,78
45256030,Upper East Side,136
9554254,Clinton Hill,86
20065627,Greenpoint,104
49760037,Harlem,222
1582908,East Village,165
52529821,Upper West Side,217
51415280,South Slope,55
15398692,Chinatown,138
54415926,East Village,183
16508263,Bedford-Stuyvesant,63
1535410,Spuyten Duyvil,69
53003143,Washington Heights,184
54133701,Sunnyside,16
53382020,Ridgewood,120
1479628,Greenpoint,60
8980966,Williamsburg,180
47492845,Crown Heights,165
52113387,Williamsburg,118
21887113,Upper East Side,188
55611103,Hell's Kitchen,114
50691215,Bedford-Stuyvesant,160
52389537,Greenpoint,224
54836226,Richmond Hill,218
10033650,Crown Heights,139
48982951,Hell's Kitchen,224
24857935,Port Morris,92
26196710,Sunset Park,161
6978879,Prospect Heights,164
53567041,Kips Bay,116
7147883,Corona,140
16235979,Greenpoint,167
6963415,Cypress Hills,164
24372463,Flatlands,85
20602463,Bedford-Stuyvesant,159
54463424,Upper East Side,235
48368241,Ridgewood,233
5240791,Financial District,119
19602800,Sunnyside,236
26617010,East Village,228
10344595,Two Bridges,85
50181442,Washington Heights,90
1174758,Williamsburg,157
22026292,Briarwood,219
17169366,East Village,17
9685701,Flushing,207
15916198,Queens Village,112
12268808,Harlem,42
6740285,Harlem,198
46366706,East Harlem,55
1601686,West Village,180
47745799,Elmhurst,56
16504949,Greenpoint,233
6296236,Flatbush,183
47042169,East Flatbush,13
47398402,Williamsburg,56
22698994,Hell's Kitchen,139
14052737,Financial District,103
52794925,Bedford-Stuyvesant,231
45518925,West Village,235
3584995,Harlem,53
11144878,Bushwick,211
23266758,Chelsea,121
45630490,Morningside Heights,227
22497404,East Village,148
23653368,Kensington,169
43998443,Upper East Side,41
19979469,East Village,136
4040091,Harlem,188
5291050,Bedford-Stuyvesant,78
46117066,Harlem,187
51931128,Prospect Heights,200
3961664,Bedford-Stuyvesant,104
10125884,Bushwick,21
23909635,Financial District,38
21054797,Woodside,39
24446471,Elmhurst,156
17503508,Gowanus,236
17889565,Fort Greene,231
47933029,Hell's Kitchen,217
16883275,Midtown,187
25655456,Richmond Hill,25
23162926,Crown Heights,65
15417471,Williamsburg,139
55018485,Bedford-Stuyvesant,215
56468273,Cobble Hill,30
6333793,Upper West Side,115
20409710,Kensington,161
19953511,Morningside Heights,204
25569297,Williamsburg,47
22211313,Bushwick,174
55347656,East Elmhurst,73
22201924,Chelsea,139
1951292,Upper West Side,50
55896090,Nolita,181
17363776,Kips Bay,91
8539679,Astoria,196
15183848,East Harlem,137
25200361,Hell's Kitchen,57
18965446,Upper West Side,153
17335056,Ridgewood,76
8283964,Hell's Kitchen,92
15956515,East Village,197
10189951,West Village,54
2730035,East Village,25
3098971,Greenpoint,35
13224840,West Village,132
57209459,East Flatbush,118
45320097,Harlem,171
57246463,Kips Bay,135
13075719,Midtown,45
43210864,Harlem,157
3177950,East Village,28
56433478,Sunnyside,204
19971184,Midtown,196
48890164,Upper West Side,217
27368690,Williamsburg,196
44808115,South Slope,86
4165463,Crown Heights,222
3740744,Upper East Side,26
12574783,Fort Greene,72
2628964,Prospect-Lefferts Gardens,216
26372341,Upper West Side,143
3001767,Prospect-Lefferts Gardens,46
14075934,Park Slope,100
22071581,Hell's Kitchen,149
1831443,Astoria,137
5672689,Elmhurst,33
44412116,East Village,237
5152423,Financial District,75
1717669,Upper West Side,231
2079978,Civic Center,13
50111300,Ridgewood,40
53784095,Hell's Kitchen,58
49060273,Crown Heights,78
52199546,Upper East Side,170
23104382,Greenwich Village,148
22944767,Upper East Side,34
24977231,Upper East Side,111
9908278,Midtown,216
23724063,Sunset Park,209
1303996,Park Slope,113
51716836,Long Island City,162
14530477,Gramercy,136
11090200,Kensington,61
1092466,Upper East Side,190
21383968,Astoria,62
12473712,Park Slope,69
24989934,Parkchester,199
10397616,Chelsea,31
24632596,Bushwick,19
4929846,Greenpoint,68
15154576,Nolita,136
1782288,SoHo,233
54954971,Upper East Side,174
54372847,Upper West Side,40
45396315,Rego Park,43
22748701,Upper West Side,210
23341871,Bushwick,217
6515499,Bedford-Stuyvesant,139
5201025,Kensington,12
20788036,Sunnyside,45
6049910,Williamsburg,144
22692366,Harlem,96
52214458,Crown Heights,152
11500007,Holliswood,136
44291162,Harlem,194
53938186,Bushwick,42
48393647,Bedford-Stuyvesant,88
46954905,Harlem,102
9571375,Hell's Kitchen,171
17856427,Highbridge,229
4907202,Cobble Hill,234
2854303,Morningside Heights,103
44383949,East Flatbush,134
44083498,Chelsea,216
26584424,Hell's Kitchen,240
52155362,Harlem,105
9996646,Chelsea,216
55730952,Borough Park,231
52040484,Lower East Side,176
45861351,Lower East Side,52
11465764,East Village,135
18334167,Midtown,184
53505736,Midtown,212
45257135,East Flatbush,13
49981509,Canarsie,107
51237439,Soundview,174
9032883,Theater District,69
10161232,Upper West Side,194
22783496,Upper West Side,32
8918004,Midtown,39
2567107,Upper East Side,161
23318122,Highbridge,42
19780641,Bushwick,178
51538995,Cambria Heights,105
23827343,Ridgewood,41
53700697,Crown Heights,189
25334569,Harlem,88
8761151,Bedford-Stuyvesant,201
1794439,Harlem,138
51295983,Bay Ridge,17
14879530,Washington Heights,128
1207896,Midtown,102
2180497,West Village,35
5170649,Cobble Hill,135
18000025,Williamsburg,219
56941594,Williamsburg,228
2747709,Bushwick,53
46884763,Upper East Side,177
5195502,Williamsburg,38
20276054,Bay Ridge,13
45020751,Williamsburg,194
47287942,Upper East Side,138
14640937,East Flatbush,110
50734846,West Village,164
22159949,Hell's Kitchen,55
55486283,Ditmars Steinway,135
7698526,Williamsburg,186
52479010,Washington Heights,136
52425437,Fordham,212
3197833,Red Hook,72
52426541,Flatbush,103
15662692,Bay Ridge,14
26190634,Ditmars Steinway,203
53595208,Inwood,25
55473580,Port Morris,57
44600450,Hell's Kitchen,80
23321436,SoHo,75
48971905,Upper East Side,62
21806477,Corona,165
24555274,Upper West Side,171
9842554,Hell's Kitchen,173
15897972,Williamsburg,196
47917564,East Village,77
55081447,Crown Heights,84
23206558,Elmhurst,67
17157216,Upper East Side,59
26856156,Bedford-Stuyvesant,139
9084247,Upper West Side,99
2546119,Greenpoint,43
5128674,Astoria,162
4043404,East Village,54
47043826,Bedford-Stuyvesant,156
4692909,Midtown,192
1278038,Greenpoint,117
17906687,South Slope,36
48436174,Greenpoint,26
6031132,Williamsburg,176
50219551,Astoria,179
52572901,Gramercy,133
19976155,Crown Heights,19
20188238,Upper West Side,173
5104373,Upper West Side,103
23558925,Hell's Kitchen,12
51284385,Upper West Side,144
24430454,Kew Gardens,30
3773882,Flatbush,97
54048646,East Village,228
6988268,Crown Heights,117
19774565,Bedford-Stuyvesant,31
11075288,Prospect-Lefferts Gardens,200
44146460,Fort Greene,72
10256227,East Village,227
47476276,Midtown,194
11093514,Glendale,201
7848751,Crown Heights,158
47547523,Little Italy,213
3282887,Greenpoint,66
9052213,Harlem,208
52237655,Sheepshead Bay,52
16339259,Tribeca,228
8354106,Lower East Side,113
56556088,Prospect-Lefferts Gardens,136
10928376,Canarsie,89
50074296,Murray Hill,33
12285930,Harlem,149
26314350,Sunnyside,154
17586353,Gowanus,51
45417302,Emerson Hill,63
11042702,Bushwick,73
24798286,East Harlem,233
43556603,South Ozone Park,216
4110233,Bedford-Stuyvesant,161
7290928,East Harlem,220
46157384,Fort Greene,13
9800580,Williamsburg,12
54271223,Gowanus,181
15455027,Harlem,236
6459717,Chelsea,198
27539351,Bushwick,211
51766543,Ridgewood,31
19110701,Upper East Side,44
1795543,Hell's Kitchen,109
26741278,Chelsea,152
5607518,Murray Hill,33
3756761,Bushwick,164
3380644,Crown Heights,207
21706511,Springfield Gardens,147
53318506,Park Slope,112
18917948,Prospect-Lefferts Gardens,30
52131613,Midtown,212
50161007,Springfield Gardens,214
56091052,Rosedale,20
15029204,Park Slope,112
17536093,Crown Heights,146
53126305,Bushwick,52
6222228,Bushwick,190
47806552,Williamsburg,238
17501299,Hell's Kitchen,23
5225326,Lower East Side,75
6301207,Washington Heights,66
51957086,Morningside Heights,201
16958388,Williamsburg,237
24846889,Bushwick,179
48177697,Upper West Side,24
20700220,Bushwick,45
51648351,Jamaica,32
9859123,Upper West Side,154
4529428,Chinatown,117
14062679,West Village,107
8251930,Greenpoint,184
3868878,East Harlem,50
43690812,East Harlem,206
54046437,Crown Heights,189
11033866,Sheepshead Bay,141
19160960,Upper East Side,36
5542347,Brighton Beach,192
55919839,Jackson Heights,51
14577422,Long Island City,79
2419642,Midtown,178
4506232,South Slope,51
19288541,Crown Heights,189
53050088,Chelsea,124
44777739,Bushwick,18
52165856,Harlem,178
50641508,Bedford-Stuyvesant,70
24110120,Greenwich Village,34
17224596,East Flatbush,20
17376479,Jamaica,78
1637033,East Harlem,226
49559552,Greenpoint,10
13445760,Bedford-Stuyvesant,200
21412135,Morningside Heights,212
6607733,Bushwick,55
17137885,Ditmars Steinway,176
1084733,West Village,189
5099954,East Village,162
21139299,Bedford-Stuyvesant,10
3632493,Crown Heights,41
44107246,Williamsburg,136
23472766,Long Island City,205
22681320,Prospect-Lefferts Gardens,108
4385830,Harlem,99
25427356,Fort Hamilton,19
52135479,Tribeca,70
19324993,Park Slope,77
5456188,Lower East Side,102
46029803,Chinatown,88
46196045,Harlem,56
48021949,Bushwick,216
47955121,Longwood,192
5498715,Williamsburg,201
3367942,Greenpoint,126
51880317,Harlem,108
56189361,Chinatown,135
24942989,Clason Point,126
23950506,Williamsburg,220
43522361,Upper West Side,123
11656308,Flatbush,71
48533379,Boerum Hill,144
2636696,Flatbush,184
1245453,Sunnyside,161
13260739,Flatlands,208
48601312,Upper West Side,134
18942802,Crown Heights,189
19046082,Maspeth,196
5117628,Gramercy,240
5714112,Williamsburg,93
26813629,Hell's Kitchen,56
1984982,Fort Greene,113
49905292,SoHo,37
47957882,Hell's Kitchen,195
26079622,Morningside Heights,73
20119201,Williamsburg,186
54281165,Williamsburg,98
45834289,Lower East Side,148
20522380,South Ozone Park,235
15101555,Upper West Side,34
20116439,Bushwick,87
1429369,Prospect-Lefferts Gardens,201
8125454,Harlem,116
5281109,Bedford-Stuyvesant,148
50977858,Rosedale,211
25429013,Ridgewood,92
22883462,Crown Heights,34
18997479,Washington Heights,175
21262462,Bedford-Stuyvesant,83
46730671,Cypress Hills,119
19893310,Lower East Side,54
24757416,Jamaica,45
55239405,Bedford-Stuyvesant,72
13505408,Bedford-Stuyvesant,235
1313386,Greenpoint,37
14869037,Williamsburg,202
1793887,Tompkinsville,49
16318272,Bedford-Stuyvesant,58
20207569,Kips Bay,126
19904356,Flatbush,171
57082983,Springfield Gardens,129
51653321,Cobble Hill,56
9259326,Flatiron District,48
8983728,Greenwich Village,28
17605683,Hell's Kitchen,49
13083451,Kingsbridge,46
2205902,Clinton Hill,80
52657955,Midtown,130
1624883,Carroll Gardens,203
24728696,Bushwick,162
25728912,Financial District,227
14876217,East Morrisania,236
24854621,Sunset Park,24
4877930,Allerton,34
53161100,Williamsburg,43
4314584,Kips Bay,108
46193284,Arverne,209
53837668,Bedford-Stuyvesant,153
2179392,East Village,12
10252913,Harlem,104
54006672,Ridgewood,177
7604635,Harlem,40
23367829,Harlem,171
7042393,Murray Hill,114
14498443,Williamsburg,67
51076168,Schuylerville,120
9247727,Chelsea,224
50196906,Flatbush,205
53707877,East Harlem,23
4322868,Kew Gardens Hills,189
49145327,Nolita,56
27137277,East Harlem,219
48037413,Lower East Side,194
1595611,Windsor Terrace,229
5474414,Williamsburg,78
22191982,Hell's Kitchen,74
8117722,Greenpoint,190
51354527,Williamsburg,118
1061537,Harlem,168
56647218,Rosedale,211
21277374,East Harlem,91
45724933,Washington Heights,53
54403775,Bedford-Stuyvesant,24
53911124,Hell's Kitchen,136
5344071,Bedford-Stuyvesant,160
17240061,Chelsea,109
9362053,Upper East Side,145
4513412,Williamsburg,232
56227470,Clinton Hill,207
2449467,Bushwick,190
45909401,Chelsea,29
16803191,Bedford-Stuyvesant,14
21734678,East Harlem,75
21897607,Washington Heights,14
47770652,Longwood,75
13651768,Harlem,85
47797163,Flatiron District,164
44067481,Gowanus,76
5751116,Gowanus,41
52961168,Bushwick,73
1864029,Harlem,108
1212315,Lower East Side,139
9003611,East Village,220
19105178,Upper West Side,98
19297930,Bushwick,100
9218455,Crown Heights,65
52315529,Richmond Hill,200
44678877,Flatbush,239
52893787,East Village,157
4476960,Harlem,97
48488090,Upper East Side,239
42930847,Upper East Side,34
48192057,Upper West Side,85
27542665,Williamsburg,57
49692104,Williamsburg,180
17940377,Flatbush,181
16610439,NoHo,157
1445938,Hell's Kitchen,199
5867099,Greenpoint,169
17467056,Bushwick,155
14854125,Bushwick,229
8657319,Chelsea,89
11721479,Williamsburg,15
44362961,East Harlem,60
51393188,Ditmars Steinway,120
44724166,Financial District,44
53945366,Harlem,114
48584190,Hell's Kitchen,55
9157702,Kips Bay,49
7922207,Hell's Kitchen,67
2452780,Upper East Side,165
47754083,Gramercy,129
20292623,Harlem,100
2029719,Bedford-Stuyvesant,12
12979066,East Harlem,222
20268874,Harlem,64
1685636,Upper West Side,177
13576655,Williamsburg,227
17634403,Arrochar,70
48941528,Crown Heights,127
43355014,Arverne,222
43019768,Long Island City,85
51398159,Hell's Kitchen,117
1020114,Harlem,109
54137014,Port Richmond,103
53483644,East Village,213
2758755,Gowanus,173
50763014,Upper West Side,159
3079089,Sea Gate,185
22353254,Sheepshead Bay,157
53635526,Little Italy,19
12437260,Crown Heights,220
19293512,East Elmhurst,190
2422956,Williamsburg,25
18701999,East Village,58
1965100,West Village,29
5177829,Clinton Hill,44
23365620,Bushwick,128
54895322,Flushing,25
24084162,Williamsburg,229
9051661,Ozone Park,19
55661915,Hell's Kitchen,192
1640347,Upper West Side,57
24742504,East Elmhurst,152
46462254,Upper West Side,235
46160146,East Village,84
5121494,Bushwick,122
12395285,Greenwich Village,119
11919202,Bushwick,190
7636668,Brownsville,186
9438271,Upper East Side,49
12985141,Harlem,146
4974582,West Village,25
25104260,Midtown,76
8978757,East Harlem,27
54805850,Ozone Park,161
4885110,Upper East Side,64
53080465,Harlem,194
13177342,West Brighton,104
46569400,Bedford-Stuyvesant,62
15376600,Harlem,42
9288045,East Harlem,112
3428142,Prospect Heights,172
11520994,Upper East Side,237
6112873,Bushwick,12
16074155,Harlem,209
4137295,Fort Greene,121
22307965,Nolita,176
15288232,Arverne,220
45013018,Little Italy,99
6734762,Fort Greene,145
54604813,Upper East Side,206
48193162,Astoria,12
15505839,Sunset Park,22
5990814,Greenpoint,232
1069821,East Village,221
3901463,West Village,203
54645130,Fresh Meadows,81
11995420,Clinton Hill,207
2544462,Sheepshead Bay,30
48025263,Bushwick,57
21699331,Jamaica,238
6595583,Fort Greene,57
44205004,Hell's Kitchen,185
48700726,Crown Heights,100
9433300,Bedford-Stuyvesant,81
50268705,Clinton Hill,151
21251968,Astoria,77
12179888,Chelsea,238
13557324,Harlem,153
49095620,Cambria Heights,193
48114183,Flatbush,237
50132839,Midtown,95
11435940,Bushwick,131
10790854,Harlem,146
6201241,Boerum Hill,198
25119172,Astoria,150
17380345,Mott Haven,222
27387469,East Village,37
44075213,Hell's Kitchen,55
20694145,Hell's Kitchen,56
22022426,Flushing,95
22935931,Hell's Kitchen,218
20832772,Williamsburg,230
14733171,Bedford-Stuyvesant,154
55012410,East Village,90
55360911,Williamsburg,52
8599327,Upper East Side,41
12305812,Washington Heights,143
25696326,Theater District,173
13026564,Hell's Kitchen,181
48887403,Kips Bay,89
47652460,West Village,240
22096435,Claremont Village,119
53291995,Washington Heights,184
47223875,Mott Haven,128
6754093,Williamsburg,47
13349659,Crown Heights,237
3040980,Upper East Side,105
2395341,West Village,188
26317111,Woodhaven,201
46592596,East Harlem,45
54160763,Bedford-Stuyvesant,131
7652133,Little Italy,22
51244619,Upper East Side,98
22718877,Lower East Side,87
26127672,Washington Heights,236
51539548,Crown Heights,234
24182472,Bushwick,227
52222743,Hell's Kitchen,122
20838295,Hell's Kitchen,63
52830273,South Ozone Park,116
3466803,Williamsburg,189
48597998,Bedford-Stuyvesant,16
12997844,Williamsburg,164
15644466,West Village,27
9951358,Gramercy,88
23841150,Harlem,158
48454400,Clinton Hill,110
8668365,Upper East Side,30
46462806,Crown Heights,97
8142575,Williamsburg,65
6171416,Hell's Kitchen,187
4015237,Elmhurst,177
26781043,Washington Heights,54
23682088,Bath Beach,166
2733349,Upper East Side,99
22859161,Hell's Kitchen,110
8876582,East Harlem,96
26755085,Williamsburg,75
15923930,Chinatown,122
50658629,Sunset Park,96
5964856,Woodside,211
11830282,Midtown,144
19048291,Jamaica,30
20710162,Bedford-Stuyvesant,27
20695249,Crown Heights,11
6107350,Long Island City,50
7707915,Bushwick,71
53199761,Financial District,203
10097717,Ditmars Steinway,37
6481257,Long Island City,33
54786519,Woodside,101
11680057,Ridgewood,49
47470201,Windsor Terrace,127
55606685,Chelsea,77
49522548,Sunnyside,178
7027481,Crown Heights,34
4749796,Midwood,225
55854667,Bushwick,216
15494240,St. George,180
48595789,Park Slope,111
1252633,Chelsea,168
3671707,Sunset Park,16
54314303,Greenpoint,174
6938561,Brooklyn Heights,193
16584481,Bushwick,91
13364572,Ozone Park,64
48752642,West Village,54
19319470,Bedford-Stuyvesant,123
4238919,Harlem,22
9105786,Midtown,81
9511174,Parkchester,26
49608154,Long Island City,53
57211116,East Harlem,222
3684409,Lower East Side,187
20189343,Fort Greene,36
3740192,Williamsburg,95
23754991,Harlem,233
50609474,Chelsea,117
9026255,West Village,206
24307844,Springfield Gardens,46
5980873,West Village,127
18830685,East Village,210
5854948,West Village,65
53037937,Hell's Kitchen,204
44471764,Upper East Side,153
5624087,Clinton Hill,18
26665060,Mott Haven,117
13592671,Vinegar Hill,116
48827202,Woodhaven,182
20480957,Hell's Kitchen,126
20772019,Sunset Park,168
56589779,Inwood,197
51427983,Rego Park,216
24361417,Kips Bay,14
21164704,Briarwood,19
7540016,Rego Park,86
3354686,West Village,112
54921833,Woodhaven,187
13526948,Financial District,82
25189315,East Harlem,88
24025066,Astoria,135
19035036,West Village,12
19401763,East Flatbush,238
3285097,Rego Park,99
22872416,Forest Hills,184
3671154,Upper West Side,218
46662739,Crown Heights,118
46073987,Bedford-Stuyvesant,152
6996000,Chelsea,41
48711219,Bedford-Stuyvesant,185
11026686,Flatbush,134
52415495,Upper West Side,186
48443906,Astoria,228
47092428,Park Slope,189
9324497,Crown Heights,69
1729267,Upper West Side,119
45790105,Lower East Side,236
1592849,Canarsie,142
21031048,Sunnyside,116
12680824,Sheepshead Bay,127
1882255,Flatiron District,83
18341347,Williamsburg,176
48366584,East Village,209
51237992,Crown Heights,197
49513159,South Slope,158
9569718,Upper West Side,44
15845503,East Village,153
25329599,Harlem,114
5117076,Bedford-Stuyvesant,238
55688977,Sunset Park,59
17733817,Two Bridges,149
2190438,Upper West Side,25
18206033,Chinatown,86
5949944,Nolita,35
52674524,Hell's Kitchen,184
22568651,Woodside,114
17657599,Upper West Side,186
5054666,South Slope,119
9239995,Harlem,189
22122945,Chinatown,236
2208112,Greenpoint,19
18718568,Flatbush,126
52463545,Elmhurst,211
45563662,Bedford-Stuyvesant,94
4632156,Bushwick,169
2890202,Fort Greene,86
9796714,Hell's Kitchen,145
51625154,Fort Hamilton,41
5270063,Bushwick,90
9046138,Marble Hill,22
6091885,East Village,220
51624602,Longwood,165
26653462,Harlem,213
48798483,Bedford-Stuyvesant,17
25333465,Bushwick,99
19410600,Williamsburg,110
2505249,Williamsburg,222
6746913,Bushwick,129
11442568,DUMBO,45
15874223,Flushing,194
3361866,Greenpoint,235
26927403,Williamsbridge,117
43846561,Cypress Hills,17
25881346,Bushwick,121
15303145,Ditmars Steinway,232
20537844,Astoria,86
18114904,East Village,140
4562566,Chelsea,26
48759269,Midwood,52
47611038,Murray Hill,70
3713681,Kensington,200
5631819,Bushwick,106
17706202,East Village,27
26829646,Bushwick,110
55502300,Bushwick,214
47721498,Chelsea,58
9423911,Chinatown,195
55500643,Theater District,26
21528118,Cypress Hills,210
51000503,Williamsburg,193
48073865,Parkchester,26
17578621,Bedford-Stuyvesant,180
1575176,Long Island City,193
12756489,Upper East Side,188
9026807,Boerum Hill,118
19554198,Ditmars Steinway,203
16893216,Astoria,238
11939638,Bedford-Stuyvesant,17
55219522,Crown Heights,71
23131997,SoHo,186
51494811,Cobble Hill,109
3412678,Gowanus,95
15800767,Midtown,65
1119528,Williamsburg,26
21252520,Gramercy,55
56675938,East Flatbush,136
48526199,Midtown,115
8006157,Midtown,170
45534942,Fresh Meadows,128
25964744,Chelsea,220
48459923,Flatbush,201
50185308,Crown Heights,14
20999014,East Flatbush,206
6440939,Bedford-Stuyvesant,110
8998640,Lower East Side,65
8772197,East Flatbush,157
16681685,Bushwick,119
4206333,South Slope,17
1622674,East Village,229
53156682,Greenpoint,84
14347113,Bedford-Stuyvesant,99
2892964,Fort Greene,154
48883537,Inwood,152
22547664,East Flatbush,55
7255581,East Harlem,119
8048132,Kew Gardens,235
24007393,East Flatbush,53
25709581,East Village,25
10363926,Washington Heights,15
3212745,Astoria,94
9365367,Bedford-Stuyvesant,140
22320116,Crown Heights,225
19886682,East Village,188
48937662,Chelsea,26
55312309,Mott Haven,196
54539641,Williamsburg,83
24139392,Upper East Side,210
45394658,Bushwick,80
3235390,Williamsburg,97
9135058,Flatiron District,213
53748195,Long Island City,102
24301216,Crown Heights,24
57150363,Fresh Meadows,89
24579023,Midtown,118
50614445,Hell's Kitchen,127
1722640,Bushwick,236
26741830,Hell's Kitchen,25
7744367,Carroll Gardens,40
45533285,South Slope,147
22518944,Crown Heights,211
54129835,Rossville,49
55591220,Carroll Gardens,117
53369870,Prospect-Lefferts Gardens,238
48911704,Bushwick,24
6432102,Crown Heights,118
4692357,Midtown,181
53057268,Bedford-Stuyvesant,190
22047832,Washington Heights,70
52429855,Williamsburg,82
5371686,Greenpoint,235
22314593,Bushwick,239
14791162,Crown Heights,90
21840720,Greenpoint,43
12813928,Chelsea,38
9291911,Chelsea,163
44315464,Greenpoint,161
6668486,Randall Manor,160
50443784,Hell's Kitchen,206
49352992,Clinton Hill,53
22570860,East Flatbush,57
1511109,Hell's Kitchen,96
7307497,Greenpoint,119
8742373,Bushwick,226
5716321,Bedford-Stuyvesant,211
52215010,Carroll Gardens,52
26930716,Chelsea,144
51386560,Upper East Side,226
19957929,Bedford-Stuyvesant,162
17447173,Sunnyside,105
21810895,East Village,206
44955579,Hell's Kitchen,12
9948596,Civic Center,67
13950010,Boerum Hill,126
21501055,Briarwood,159
3334251,Park Slope,44
52533688,Williamsburg,115
18280042,Hell's Kitchen,204
54318721,Upper West Side,128
3873296,Gramercy,217
2644429,Upper East Side,51
5181142,Crown Heights,216
46096631,West Village,152
55469162,Harlem,223
13345793,Crown Heights,129
55940274,Harlem,130
10901866,Chelsea,51
44457957,Chelsea,15
20970847,Borough Park,86
9535476,Inwood,170
55634852,Corona,217
42980554,Upper West Side,136
44617019,Bedford-Stuyvesant,216
3402736,East Flatbush,117
18224812,SoHo,225
5726815,Arverne,217
55733714,Astoria,65
2953164,Greenpoint,240
53730522,Sunset Park,138
25458285,Bushwick,137
56420223,Bedford-Stuyvesant,205
21096772,Bushwick,216
2026405,Upper East Side,174
8768331,Morningside Heights,155
6292370,East Village,157
25604644,Crown Heights,200
43057876,Bedford-Stuyvesant,26
18860509,Jackson Heights,87
25456075,Midtown,66
54621934,Bedford-Stuyvesant,89
3308845,Upper East Side,143
16224381,Tribeca,141
25828326,Midtown,168
6865657,Bedford-Stuyvesant,143
2725064,Bedford-Stuyvesant,200
11180777,Greenpoint,225
44469555,Bedford-Stuyvesant,81
11105112,Port Morris,20
24915926,Williamsburg,68
10420260,Hell's Kitchen,224
48902867,Hell's Kitchen,183
14948568,Murray Hill,52
47049901,Williamsburg,132
22527781,Chelsea,177
2960896,Flatbush,71
13340823,Financial District,172
12711201,Gramercy,206
14867932,Lower East Side,217
4889528,Washington Heights,124
11029999,Ditmars Steinway,159
13813591,Carroll Gardens,20
27233929,Clinton Hill,157
7980199,Kips Bay,215
15234107,Midtown,170
10043039,Inwood,121
18387188,Sheepshead Bay,220
54979272,Forest Hills,12
47124461,Greenpoint,105
12130733,Harlem,25
8917452,Bedford-Stuyvesant,99
1484599,Prospect Heights,215
26726365,Springfield Gardens,206
54191692,Williamsburg,14
46743374,Williamsburg,118
18769379,East Village,199
42846346,Prospect-Lefferts Gardens,59
8598223,Chinatown,185
57107836,Chinatown,121
21748486,Allerton,82
48084911,East Village,179
2761516,Flatbush,26
47077516,Sunset Park,22
21778310,East Harlem,101
15351195,Rosedale,62
55518869,Ditmars Steinway,145
10220880,Canarsie,11
22563680,East Village,229
55350418,Springfield Gardens,44
20986864,SoHo,217
19437110,Brooklyn Heights,39
13467852,East Flatbush,189
19107387,Hell's Kitchen,62
24202907,Harlem,170
22970725,Murray Hill,190
44514844,Bedford-Stuyvesant,79
12291453,Williamsburg,73
5446799,Harlem,136
51244067,Harlem,111
1431025,West Village,15
2135760,Carroll Gardens,87
7258895,Flatbush,81
47345381,Williamsburg,142
44424267,South Slope,55
53395276,Crown Heights,115
55417246,East Harlem,164
15861520,Gramercy,38
23367277,Murray Hill,224
7265523,East Village,133
43777523,Fort Greene,225
8616448,Gowanus,184
51669890,Flatbush,239
20409158,Prospect-Lefferts Gardens,90
1685083,Sunset Park,162
21240922,Kips Bay,200
50183099,Park Slope,181
44894274,West Village,163
6180253,East Village,17
23438524,Upper East Side,228
11622065,Crown Heights,86
24009049,Two Bridges,132
21022211,Rosedale,40
45728799,East Harlem,70
2959240,Upper East Side,236
9097502,Bushwick,130
25505230,Flatbush,193
9689567,Jackson Heights,158
43065609,Flatlands,231
21741858,Maspeth,121
24845232,Maspeth,214
25052344,Forest Hills,99
46600881,Park Slope,112
9739274,Upper West Side,43
10911807,Williamsburg,83
17347207,Bedford-Stuyvesant,13
1567444,Bedford-Stuyvesant,169
8066910,Williamsburg,82
24073116,East Flatbush,29
3268528,Upper East Side,146
1686740,Upper West Side,132
47166988,Hell's Kitchen,153
43774762,Crown Heights,176
18308209,Sheepshead Bay,80
11774500,Long Island City,87
51371648,Fordham,149
20795768,Hell's Kitchen,118
47745247,Astoria,125
1497301,Upper East Side,223
7034661,Clinton Hill,98
57167485,Bath Beach,69
6015115,Bedford-Stuyvesant,165
3264109,Borough Park,49
23640665,South Slope,230
2718989,Boerum Hill,84
19633729,Bedford-Stuyvesant,18
8956113,Clinton Hill,123
7005389,Bushwick,163
23897485,Financial District,100
7468217,Laurelton,114
52697721,Crown Heights,15
5562782,Ridgewood,104
12601845,East Harlem,131
48672006,Tompkinsville,165
21839063,Harlem,152
10556678,Kips Bay,195
13007786,Crown Heights,162
42933057,East Harlem,21
54017718,University Heights,175
47972794,Ridgewood,93
50623282,Williamsburg,79
23046391,West Farms,106
55164845,Midtown,180
8317102,Astoria,37
20859283,Crown Heights,83
4024626,Flatlands,101
17894536,Midtown,25
10446218,Cypress Hills,128
2830001,East Village,178
18251322,Nolita,153
13555667,Bedford-Stuyvesant,15
56284357,Williamsburg,207
56489260,Clinton Hill,95
56807385,Bushwick,212
27511184,Arverne,68
55561948,Upper East Side,62
4547102,West Village,48
2119744,Harlem,229
48233480,Forest Hills,171
9839241,Kips Bay,195
18936726,East Village,100
21023316,Queens Village,88
14020152,Bushwick,69
23619678,Harlem,80
45060516,Chelsea,62
11192928,Prospect-Lefferts Gardens,177
18533547,Financial District,215
15319161,Harlem,113
50541541,Harlem,186
4850315,East Village,86
8872716,East Harlem,88
2643324,Crown Heights,94
53023025,Arverne,135
52526508,Flushing,145
51008787,Ditmars Steinway,222
48285396,Chelsea,126
17241718,Midtown,107
17926570,Harlem,173
18025984,Nolita,224
51098260,Williamsburg,136
18511455,Hell's Kitchen,30
46200463,Upper West Side,236
25311373,Washington Heights,145
20463283,Murray Hill,157
50381374,Bedford-Stuyvesant,35
17525600,Upper West Side,234
53103109,Lower East Side,200
21822494,Crown Heights,178
50503985,Harlem,42
17396914,Harlem,60
7359414,Astoria,194
11191823,Hell's Kitchen,189
3446920,Chelsea,14
9994437,Elmhurst,33
26039857,Harlem,109
13318731,Hell's Kitchen,109
18253531,East Flatbush,188
56086081,Bedford-Stuyvesant,20
4528324,Lower East Side,236
3578368,Cobble Hill,46
11055405,Highbridge,87
26329814,Ozone Park,10
56308106,Maspeth,94
6428788,Astoria,39
13263501,Chinatown,196
25833849,SoHo,103
24505567,Ridgewood,203
6256471,South Slope,71
54715273,Harlem,102
47458603,Harlem,212
54174571,Bedford-Stuyvesant,240
8398290,Harlem,53
1817083,Williamsburg,153
18854986,Harlem,14
19671838,Bedford-Stuyvesant,116
53617852,Upper West Side,110
24784479,Williamsburg,40
5610280,Williamsburg,171
23411461,Flatbush,177
53879643,Chinatown,157
7501355,West Village,15
17876310,West Village,223
8888732,Harlem,106
44235380,Murray Hill,28
3654033,Harlem,144
11487856,West Brighton,207
23803594,Upper East Side,161
55254870,Bushwick,186
4008057,Washington Heights,137
11048778,Upper East Side,173
7969705,Upper West Side,19
6889406,Bedford-Stuyvesant,42
11680609,Sheepshead Bay,75
55830366,Midtown,53
52771729,East Flatbush,92
48269932,Crown Heights,202
20668187,Bedford-Stuyvesant,75
18652844,Canarsie,71
46899675,Ditmars Steinway,103
13235333,Brighton Beach,187
54123207,Woodside,127
25361080,Bay Ridge,233
7977437,Ditmars Steinway,158
2604111,West Village,60
47694435,East Village,157
55829814,Harlem,175
43421842,East Harlem,216
1834757,Flatlands,60
55074268,East Harlem,72
3449682,West Village,237
49697627,Maspeth,182
4161597,Bedford-Stuyvesant,53
56199855,Bedford-Stuyvesant,147
13934545,Long Island City,103
20189895,Hell's Kitchen,58
1906003,Nolita,213
55934751,Mott Haven,167
18573313,Upper West Side,61
7944852,East Village,11
10403139,Upper West Side,239
9209066,Upper West Side,30
25843238,Theater District,236
11408877,Upper West Side,136
8995879,Upper East Side,202
54020479,Bay Ridge,168
12679167,Washington Heights,208
50153275,Chinatown,200
4970164,Park Slope,185
10880326,Upper East Side,79
43203684,Long Island City,72
44605421,Midtown,138
44209974,Bedford-Stuyvesant,147
56661578,Glendale,142
54019927,Greenwich Village,172
27314565,Park Slope,52
2290957,Prospect Heights,146
18662785,Sunset Park,105
26295019,Gramercy,140
14637071,East Village,210
4310718,Lower East Side,76
46722387,Jamaica,69
6411667,Williamsburg,121
25099290,Springfield Gardens,64
50624386,Midtown,231
21867230,Midtown,150
24188547,Harlem,233
55887253,Clinton Hill,188
55976173,East Elmhurst,113
21880485,Canarsie,170
24965081,East Village,32
49927384,East Village,191
17426738,Greenpoint,104
25342302,Crown Heights,91
2689717,Morningside Heights,108
4620558,East Harlem,75
2483709,Flatbush,221
17845381,West Village,36
13511483,Ridgewood,78
5058532,Upper East Side,165
22832650,Upper East Side,116
1297921,Williamsburg,51
11746333,Chelsea,173
3511540,Bedford-Stuyvesant,193
48089329,Astoria,231
46139158,Midtown,149
18085080,Bedford-Stuyvesant,174
15344567,Inwood,38
25581448,East Harlem,146
50205743,Chinatown,226
13645140,Greenwich Village,49
21614829,Williamsburg,65
21937924,Bushwick,161
51241858,Washington Heights,208
55269782,Prospect-Lefferts Gardens,62
17909448,Midtown,130
8718072,Midtown,96
4568089,Fort Greene,127
4188659,Sunset Park,148
6139935,Washington Heights,123
55911002,East Village,191
18714149,Richmond Hill,111
3953932,Columbia St,152
44565655,Upper West Side,76
20045192,East New York,201
8835712,Flatbush,220
3554619,East Village,21
13081242,Glendale,171
17575859,East Elmhurst,127
48425128,Flatbush,43
50870712,East Village,130
6221123,Maspeth,68
4046718,Harlem,35
55049966,East Village,91
11416609,East Harlem,221
26917461,Theater District,192
21300570,Bushwick,158
26147555,East Village,140
16069737,Park Slope,202
1906556,Harlem,80
22847010,Harlem,194
1373586,Harlem,176
49587719,Williamsburg,108
44304970,Bay Ridge,17
11112292,Prospect Heights,138
7090996,Bushwick,218
2276597,Ditmars Steinway,86
5994680,Harlem,176
9834822,Parkchester,96
24832529,East Harlem,91
21990945,Sheepshead Bay,127
53449401,Cypress Hills,77
23095545,Two Bridges,60
6612152,Lower East Side,35
51527397,Upper West Side,80
1563577,Midtown,87
14781773,NoHo,161
4563671,Flatiron District,237
20757107,Glendale,50
53426757,Sunnyside,151
5925091,West Village,232
4710583,Bedford-Stuyvesant,216
5182247,Fort Greene,222
21424838,Greenpoint,175
6506110,Borough Park,177
21963883,Upper East Side,178
7743262,SoHo,152
19761310,Hell's Kitchen,156
1126156,Harlem,37
8549620,Upper West Side,107
55327221,Jackson Heights,152
18344661,Ridgewood,18
13088422,Chelsea,82
4690148,Upper West Side,107
3175741,Greenpoint,216
21587214,Bedford-Stuyvesant,213
25009817,Bay Ridge,132
53325133,Upper West Side,110
21834092,Greenwich Village,200
55697262,Upper East Side,183
24932495,Crown Heights,225
50451517,Crown Heights,165
55135573,Williamsburg,181
9182004,Hell's Kitchen,137
17052279,Ditmars Steinway,239
51839446,Middle Village,87
14199097,Greenpoint,71
19171454,Lower East Side,125
56084977,East Harlem,141
23551745,NoHo,138
48895135,Bedford-Stuyvesant,161
6905423,Greenwich Village,121
18847254,Gramercy,155
15369973,Boerum Hill,109
56275520,Downtown Brooklyn,126
18461748,Upper West Side,190
13531918,Arverne,55
48697412,Williamsburg,17
3910300,Prospect Heights,174
51652769,Fresh Meadows,11
21028839,Financial District,141
12375955,Hunts Point,81
24993248,Woodhaven,61
56821192,Bedford-Stuyvesant,49
24039426,Midtown,118
2488680,Hell's Kitchen,227
53698488,Hollis,53
22737103,Gowanus,238
15725102,Murray Hill,37
50095835,Williamsburg,150
21953389,Hell's Kitchen,213
54652863,Fort Greene,56
20775333,Williamsburg,56
47208963,Crown Heights,154
50583516,Harlem,107
54407089,Flushing,120
15061789,Hell's Kitchen,54
23610289,Bedford-Stuyvesant,12
19422750,Long Island City,144
23836180,Crown Heights,35
9854705,East Village,37
3162486,Crown Heights,99
26299990,Ditmars Steinway,92
51081691,Chinatown,212
21722527,Bushwick,152
5436305,Washington Heights,152
16295075,East Harlem,34
1752464,Brooklyn Heights,214
44756199,Inwood,207
8909167,Midtown,166
20111468,Middle Village,189
24315024,Maspeth,148
52154810,Harlem,60
21335365,Harlem,216
25425147,Financial District,179
14378594,Murray Hill,152
50504537,Harlem,110
1921468,Long Island City,190
56253428,Midtown,130
52325470,West Village,174
23632381,Upper West Side,231
10650569,Upper East Side,23
50321174,Hell's Kitchen,205
51397054,Upper East Side,57
15686441,Carroll Gardens,98
24480714,Williamsburg,232
2615157,Williamsburg,167
3930183,West Village,13
8014441,Greenpoint,28
57154782,Flatbush,101
48258886,Midtown,153
25475958,Williamsburg,152
6569625,Crown Heights,85
15843294,Canarsie,80
11934667,Williamsburg,42
13794813,Greenpoint,151
49793175,Hell's Kitchen,215
55999370,Bushwick,164
13574446,Long Island City,126
46655559,Fort Hamilton,55
48045698,Bushwick,151
11282953,Bushwick,20
3191206,Bay Terrace,26
15921168,Bedford-Stuyvesant,235
23427478,Williamsburg,230
15033622,Crown Heights,94
24944093,Gramercy,161
18433581,Washington Heights,43
4035672,Bay Ridge,204
19390717,Crown Heights,161
55312861,Flatbush,217
5354565,Theater District,40
1608866,Crown Heights,80
26961093,Bedford-Stuyvesant,238
4167120,Harlem,23
10346804,Financial District,98
9700613,Astoria,116
15547813,Bushwick,21
20361108,East Harlem,97
1991610,Carroll Gardens,220
10674318,Harlem,45
56131922,Park Slope,138
15730625,Upper East Side,100
27043938,Elmhurst,139
25324076,Midwood,54
11557998,Woodhaven,106
12032424,East Village,216
46015443,Jackson Heights,215
8317654,Flatbush,94
45503461,Bedford-Stuyvesant,190
8654005,Columbia St,189
14214561,Windsor Terrace,192
8841235,Queens Village,110
22780182,Sunset Park,36
4538265,East Harlem,89
52377387,Bedford-Stuyvesant,227
11635320,Norwood,98
57189024,Crown Heights,167
13657291,Prospect-Lefferts Gardens,125
43877490,Washington Heights,143
25887974,Crown Heights,125
51546175,Long Island City,57
15606357,Murray Hill,232
43503583,Jackson Heights,185
15591445,Crown Heights,194
17586905,Midtown,165
56401444,Upper East Side,204
4403504,Crown Heights,13
22153874,Upper West Side,116
4850867,Bushwick,75
56326332,Kips Bay,66
19205696,Greenpoint,19
2981884,Upper East Side,43
46041401,Harlem,211
24809884,Two Bridges,72
6145458,Bushwick,226
7327933,Chelsea,183
7127448,Harlem,163
44641321,Upper West Side,195
54272328,Clason Point,91
11303940,Hell's Kitchen,195
54531357,Bedford-Stuyvesant,30
11377396,East Village,93
57228238,South Ozone Park,146
22077656,Allerton,161
4806131,Hell's Kitchen,208
11387890,Forest Hills,180
6378529,South Slope,119
13191149,Gramercy,66
22347731,Williamsburg,220
49119369,Kips Bay,195
54381131,Flushing,94
11037179,Midtown,72
12542749,Ditmars Steinway,215
19052709,Prospect-Lefferts Gardens,109
49445778,East Flatbush,88
17422872,Bedford-Stuyvesant,219
9515593,Flatbush,224
43515733,Maspeth,113
26882114,Van Nest,106
14909907,Ridgewood,58
52320500,Lower East Side,67
18952191,Upper West Side,229
15201521,Murray Hill,37
43959230,Financial District,232
45965736,Crown Heights,132
2918369,Greenpoint,160
50423902,Lower East Side,127
45494072,Washington Heights,143
50911582,Bedford-Stuyvesant,36
16686656,Elmhurst,195
16733602,Harlem,211
48362166,Upper West Side,149
26468994,Gowanus,36
20883584,Bedford-Stuyvesant,32
1548113,South Slope,34
45109119,Greenpoint,10
20754346,Bedford-Stuyvesant,178
8330357,Morningside Heights,221
7504116,Bushwick,37
57248673,Gramercy,224
10422469,East Village,203
54631875,Borough Park,184
22898926,Kew Gardens Hills,138
48444458,Hell's Kitchen,152
48306383,Bedford-Stuyvesant,52
4517830,Carroll Gardens,29
56310867,Bedford-Stuyvesant,70
43794092,Harlem,211
19361445,Woodside,211
13886495,Crown Heights,71
6522679,Cobble Hill,95
11654651,Washington Heights,11
4805578,Bedford-Stuyvesant,98
53108080,East New York,144
48703487,Chelsea,183
12942614,Sunnyside,41
12308022,East Village,130
9571927,Harlem,16
55832575,Chinatown,185
48929378,Bedford-Stuyvesant,234
51114829,Upper East Side,208
1510557,Harlem,38
12283720,West Brighton,205
51261188,Prospect Heights,143
47118938,Crown Heights,76
25770334,Theater District,114
17435575,Crown Heights,29
20052372,Williamsburg,32
24355894,Lower East Side,161
6782812,Williamsburg,62
5854396,Williamsburg,175
6119500,West Village,223
15583161,Upper West Side,227
43193742,Crown Heights,86
22687396,Two Bridges,183
55333849,Chelsea,226
55703337,Washington Heights,229
27188088,Chelsea,24
52734725,Jackson Heights,43
49985928,Williamsburg,47
48405245,Hell's Kitchen,173
9784011,West Village,178
17098120,Midtown,150
18777112,East Harlem,207
24927524,Bushwick,135
47548628,Williamsburg,96
51556669,Upper West Side,76
46437952,East Harlem,57
45633251,Carroll Gardens,226
2864244,Harlem,26
3055892,Lower East Side,27
26291153,Flatbush,148
47674552,Lower East Side,156
55329982,Mott Haven,126
19402867,Bedford-Stuyvesant,131
53000381,Nolita,25
53880195,Chinatown,171
42929743,Jackson Heights,149
9864646,Upper West Side,90
22326191,Elmhurst,174
14432167,Upper East Side,234
2416881,Flatbush,196
11835253,Bedford-Stuyvesant,220
6323851,Crown Heights,195
18365096,Midtown,191
23091127,Greenwich Village,231
7822241,East Harlem,85
57330413,Jamaica,124
51553355,Williamsburg,228
7277673,Hell's Kitchen,59
12790732,Brooklyn Heights,203
22196401,Elmhurst,68
1434339,West Village,141
53375393,Bedford-Stuyvesant,217
52267479,Bushwick,21
5095536,Williamsburg,183
3055340,Bensonhurst,119
25446134,Bushwick,117
17898402,Midtown,190
23680431,Inwood,212
12257210,Clinton Hill,95
47313348,Washington Heights,229
1542038,Hell's Kitchen,230
48558232,Midtown,85
21153106,East Village,191
4640441,Bushwick,185
20793007,Prospect-Lefferts Gardens,176
10027023,Bushwick,65
54695942,Gravesend,161
47430436,Sunset Park,133
21736335,Flushing,86
7251163,Bedford-Stuyvesant,78
14441004,East Elmhurst,139
55581279,Williamsburg,192
13832370,Lower East Side,90
5130883,East New York,225
6325508,Astoria,214
15520751,Park Slope,189
52129956,Bushwick,179
50470847,Chinatown,100
3888760,Harlem,175
53787961,Astoria,74
23164030,East Flatbush,232
20376020,Bushwick,22
15400349,Jamaica,200
11049882,Financial District,156
53822203,St. George,161
11365246,Upper East Side,216
5047486,Harlem,43
55185832,Gramercy,81
55280828,South Ozone Park,82
56071169,Williamsburg,131
48907286,Two Bridges,85
17173232,Prospect Heights,200
54879858,Bushwick,171
51889706,Williamsburg,81
7138494,Clinton Hill,125
23856615,Financial District,34
13757809,Brooklyn Heights,20
55876759,Lower East Side,165
9570823,Murray Hill,97
25906200,Long Island City,232
7018645,Crown Heights,218
48132961,Fort Greene,212
25665397,Upper East Side,227
42918145,SoHo,72
47762920,Bushwick,124
24523793,Lower East Side,173
51306477,Greenpoint,161
17023559,Harlem,46
1519393,Chinatown,172
46593149,Lower East Side,206
26728022,Bushwick,204
47449214,Clinton Hill,63
9819910,South Slope,125
17269885,Cobble Hill,66
24763491,Greenwich Village,173
21097876,Harlem,226
14888367,Windsor Terrace,231
50520002,Chinatown,135
49802564,Crown Heights,19
8519244,Carroll Gardens,182
48379839,Fort Hamilton,75
53957517,SoHo,139
18258502,Flushing,162
20474329,Hell's Kitchen,142
54291658,East Village,183
55982249,Clinton Hill,223
2771458,Harlem,36
44348602,Upper East Side,221
23314808,Upper West Side,121
20292070,East Village,91
21946761,Bushwick,49
18001130,Bushwick,225
5385493,Harlem,94
9639860,Park Slope,90
5033678,Corona,194
2233517,Lower East Side,71
19119538,Astoria,126
6855716,Bedford-Stuyvesant,29
16344230,Lower East Side,20
54339156,Battery Park City,115
5519150,Clinton Hill,95
16973852,Midtown,100
6007383,Ditmars Steinway,93
4624976,Harlem,81
9487426,Midtown,33
57057577,Greenpoint,133
26293915,Lower East Side,131
21352486,Williamsburg,89
55370300,Ozone Park,193
54120998,Hell's Kitchen,117
13890913,Mount Hope,21
6582328,Borough Park,54
5304858,Bedford-Stuyvesant,43
50987248,Bedford-Stuyvesant,176
20859835,Harlem,13
3552410,Harlem,83
8811410,Woodside,154
46384379,Chelsea,65
43114211,Harlem,175
13792052,Crown Heights,138
4753662,Upper West Side,151
21611515,Lower East Side,48
1168683,Inwood,238
7889622,Crown Heights,35
53759794,Williamsburg,81
20424622,Greenpoint,120
7821689,Washington Heights,48
18007758,South Slope,131
3475640,Nolita,148
25714000,Upper East Side,146
20277158,Bedford-Stuyvesant,64
44509321,Bedford-Stuyvesant,159
25220796,Bedford-Stuyvesant,40
51307029,Bedford-Stuyvesant,60
13384454,Bushwick,129
16866706,East Village,106
6311148,Harlem,24
49543535,Flushing,173
48889612,Greenpoint,150
3545230,Flatbush,203
22689052,Lower East Side,68
54985900,Gramercy,47
19493997,Bedford-Stuyvesant,85
6164789,Clinton Hill,163
23863795,Woodside,169
6941323,Harlem,87
25423490,Williamsburg,120
46629048,Harlem,172
4943653,Bedford-Stuyvesant,223
51831714,Long Island City,93
22300786,Prospect-Lefferts Gardens,73
55095807,Bedford-Stuyvesant,56
19365311,Woodside,127
4240023,Harlem,194
21827464,Crown Heights,121
1454774,Astoria,58
6121157,Bushwick,96
13810278,East Village,222
8089554,Upper East Side,142
27354883,Bushwick,220
11123890,Claremont Village,92
5193845,Financial District,136
50043919,Harlem,211
17449935,Kips Bay,223
17195877,Upper East Side,46
6933590,Ridgewood,189
55983906,Chinatown,155
24275258,Bedford-Stuyvesant,225
43034680,Sunnyside,25
19834766,Bedford-Stuyvesant,237
8053102,Washington Heights,192
10947154,West Village,94
52414943,Sunset Park,127
55450384,Greenpoint,167
57340907,Ridgewood,230
13367333,Bedford-Stuyvesant,213
20318029,Washington Heights,125
51977521,Jamaica Estates,209
48226852,Williamsburg,45
22949186,Crown Heights,40
22649839,Flushing,232
46529082,Crown Heights,176
17703440,Williamsburg,79
21468469,Williamsburg,114
43181592,Harlem,225
7051230,Crown Heights,74
19405077,City Island,226
8869954,Williamsburg,152
47238235,Upper West Side,25
12795703,Bedford-Stuyvesant,182
2348396,Williamsburg,52
1639795,Park Slope,151
3168009,Crown Heights,201
4279237,Greenpoint,142
21191215,Bushwick,15
48085463,Bedford-Stuyvesant,149
20432355,Bedford-Stuyvesant,79
3415992,Woodhaven,42
51196017,Hell's Kitchen,185
48649914,East Harlem,75
5581560,Chelsea,128
24305082,Elmhurst,221
26651805,Springfield Gardens,13
47847974,Harlem,28
2300898,Midtown,20
18865480,Bedford-Stuyvesant,55
48607387,Upper West Side,59
48737177,Williamsburg,205
50489625,Bushwick,105
8105019,Bedford-Stuyvesant,70
1354808,West Village,204
48662065,Williamsburg,221
6498378,East Flatbush,63
10972560,Bushwick,115
25926635,Washington Heights,26
43369926,Astoria,30
46516931,Bedford-Stuyvesant,174
2455542,Bushwick,154
2803491,Harlem,200
23816297,Elmhurst,128
44088468,Lower East Side,176
7521790,Greenpoint,50
2072798,Upper East Side,110
1761853,Upper West Side,188
52988783,Upper West Side,60
7520133,Chelsea,61
25266637,East Flatbush,59
3971605,East Harlem,17
50233910,Lower East Side,156
25911171,Bushwick,65
55740341,Sheepshead Bay,104
44155849,Sunnyside,19
45574155,Bedford-Stuyvesant,223
18398786,Greenpoint,84
49516473,Arverne,26
4543788,West Village,167
6070345,East New York,107
49979300,East Harlem,221
53101452,Midtown,138
11358066,Jackson Heights,149
9261535,West Village,76
5168992,Bedford-Stuyvesant,95
25967505,Bedford-Stuyvesant,224
47165884,Greenpoint,148
54422001,Edenwald,40
49248055,Carroll Gardens,116
2983541,Williamsburg,131
14290226,East Harlem,41
4912172,West Village,76
3524242,Harlem,13
1521603,Midtown,193
19064308,St. George,161
3108913,Rego Park,211
26282869,New Springville,186
14409523,Williamsburg,91
6712670,Bushwick,24
22034025,Upper East Side,20
15969218,Williamsburg,183
9178138,East Village,188
55961261,Flushing,181
3269632,Upper East Side,55
8745687,Ditmars Steinway,56
7259447,Bushwick,104
52538106,Queens Village,80
16585585,Bushwick,215
8121588,Fort Greene,36
51284937,Bedford-Stuyvesant,175
10513047,Lower East Side,64
9133954,Midtown,40
9165987,Bushwick,171
13084003,Chelsea,189
45571394,Williamsburg,82
48512391,Bedford-Stuyvesant,98
22898374,Hell's Kitchen,141
17082655,Williamsburg,188
53583058,Jackson Heights,115
6002413,South Slope,28
20541158,Crown Heights,141
55090837,Hell's Kitchen,79
13565609,Washington Heights,11
51162879,Greenpoint,24
56859301,Greenpoint,127
3778300,Astoria,99
48093748,Williamsburg,44
48914466,Williamsburg,198
3366285,Ditmars Steinway,132
50418931,Midtown,93
10258989,East Village,53
1176415,Astoria,122
15489822,Williamsburg,192
48625060,Theater District,168
26047589,Astoria,49
3601012,Williamsburg,63
52739695,East Village,62
4047271,Park Slope,174
44579463,Crown Heights,162
51823982,Chelsea,146
5071787,Fort Greene,198
55484074,Long Island City,65
11070870,Midtown,110
19025647,Hell's Kitchen,152
9436614,Rockaway Beach,148
47461364,Crown Heights,111
3302770,Whitestone,146
9316765,Two Bridges,95
46878136,Fort Greene,109
10309800,Hell's Kitchen,134
47345934,Upper East Side,194
19474114,Bushwick,110
48972457,Upper West Side,194
44254158,University Heights,135
1614941,Morningside Heights,60
49454615,Hell's Kitchen,20
16047645,Williamsburg,62
43668720,Sunset Park,67
48372107,Chelsea,99
44684952,Flatiron District,39
2342320,East Village,48
51374962,East Flatbush,134
22335580,Gramercy,119
51833923,Maspeth,80
16955626,Ridgewood,236
17357148,Astoria,235
24159827,Corona,26
55037816,Longwood,190
6952369,Flatbush,152
22844249,Washington Heights,160
7372669,Upper West Side,94
20371602,Arverne,228
55790601,South Slope,27
8283412,Brooklyn Heights,168
56165612,Bushwick,142
19606666,Bushwick,99
53726103,Graniteville,99
49945610,Midtown,46
5222013,Kips Bay,35
52075831,Harlem,212
54983690,Lower East Side,27
20366079,Chelsea,229
54680478,Upper East Side,86
26389462,Greenwich Village,166
43267198,Sunnyside,48
9069887,Williamsburg,48
47548075,Williamsburg,96
11003489,Greenpoint,74
19845260,Clinton Hill,70
22203028,Upper East Side,65
50550378,Astoria,97
50888386,East Elmhurst,178
19996590,Hell's Kitchen,199
1910422,Williamsburg,27
23347946,East Village,94
24238254,Chelsea,155
9371443,Midtown,166
9605618,Bedford-Stuyvesant,71
26818600,Theater District,219
26289496,Murray Hill,140
9259878,Astoria,34
1060432,Bedford-Stuyvesant,100
46572714,Flatlands,67
4960775,Upper East Side,189
11476258,Ozone Park,218
26477830,Flushing,11
25656008,Jamaica,88
26724709,Upper East Side,124
5742279,Bedford-Stuyvesant,223
7945404,Astoria,143
17212998,East Harlem,76
18429163,Arrochar,23
48862549,Tompkinsville,14
9945835,West Village,127
43577038,SoHo,83
6569072,Williamsburg,15
55846935,East Village,96
43444486,Williamsburg,74
56107621,Williamsburg,157
52058157,Sheepshead Bay,222
2376011,Bedford-Stuyvesant,19
57041008,Fordham,149
24498940,Hell's Kitchen,17
13584939,Hell's Kitchen,233
1137202,Midtown,16
4521144,Gramercy,30
5074549,DUMBO,239
45191964,Harlem,83
49842330,Bedford-Stuyvesant,126
47495607,Crown Heights,211
2532864,Greenwich Village,123
47947388,Upper West Side,155
21201156,Carroll Gardens,169
16041017,Upper East Side,110
7558794,Bushwick,125
5731233,Park Slope,103
47996543,Bedford-Stuyvesant,120
6048253,Fort Greene,77
11388442,Hell's Kitchen,84
15744432,Crown Heights,95
22311832,Lower East Side,215
52029438,Long Island City,72
48969143,Midtown,163
55749178,Williamsburg,66
9033987,Lower East Side,166
55651973,Civic Center,198
57008422,Gramercy,205
56688088,Bedford-Stuyvesant,168
53712296,Highbridge,25
9374204,Chelsea,81
6284086,Upper West Side,132
2424061,Chelsea,220
10278871,Crown Heights,53
19004107,Flatlands,95
8802021,Williamsburg,153
3306636,Greenpoint,196
3862250,Hell's Kitchen,198
17467608,Midtown,31
48023606,Arverne,140
46936127,Bedford-Stuyvesant,141
26339755,Chelsea,14
23615812,Tribeca,211
14808836,Bedford-Stuyvesant,182
7061724,Astoria,121
24591174,Brooklyn Heights,110
18922919,Greenpoint,190
17769164,Prospect Heights,113
51695296,Inwood,237
46058522,East Harlem,122
15021472,Lower East Side,206
9799475,Upper West Side,149
3092896,Upper West Side,74
18290535,Richmond Hill,113
48077179,Upper West Side,142
51358945,Greenpoint,150
11664040,Williamsburg,206
27305176,Williamsburg,105
21555181,Greenpoint,179
5069026,Greenwich Village,162
51151833,Bedford-Stuyvesant,49
9575241,Prospect Heights,153
11967805,Bedford-Stuyvesant,147
5885325,Bushwick,83
18581045,Canarsie,156
51672652,Upper East Side,86
14797238,Flatlands,133
18254083,Bedford-Stuyvesant,113
50702261,Bronxdale,123
22443279,Gramercy,35
9791191,Upper East Side,208
26249731,Midtown,148
52565721,Hell's Kitchen,230
12685243,East Flatbush,109
54322587,Park Slope,57
2574839,Bushwick,231
7056753,Tribeca,236
1911526,Crown Heights,21
55698919,Ditmars Steinway,178
46294354,Upper East Side,36
22137857,Hell's Kitchen,196
23126474,East Flatbush,49
7782475,Williamsburg,117
51289908,Williamsburg,112
51802442,Kingsbridge,143
26492743,Long Island City,100
14866828,Sheepshead Bay,19
11752408,Sheepshead Bay,208
18867689,Pelham Gardens,102
22019113,St. Albans,131
49520891,West Village,138
3642987,Brooklyn Heights,134
14820987,Canarsie,16
4931503,Park Slope,105
47464678,Long Island City,182
19074249,Sunnyside,75
43253391,Washington Heights,224
11475153,Murray Hill,42
25470435,East Elmhurst,219
24207877,Glendale,132
21015031,Woodside,136
17588010,East Harlem,136
52643043,Flatbush,33
20099318,East Harlem,217
2717332,Bedford-Stuyvesant,149
12961393,Williamsburg,151
55959052,Carroll Gardens,169
6861791,Lower East Side,222
56186600,Crown Heights,116
10961514,Sunset Park,132
7859797,Greenpoint,218
22879044,Roosevelt Island,205
1424950,Clinton Hill,16
53242841,Upper West Side,58
10582636,Nolita,56
47859020,Bushwick,64
46634019,Midtown,194
9369233,Midtown,138
5409795,Sunset Park,54
9432748,Williamsburg,150
48646048,Inwood,82
20956487,East Flatbush,134
20852655,Harlem,191
3128796,Prospect-Lefferts Gardens,236
26736859,West Village,185
48374316,Upper West Side,23
45041186,Financial District,227
53092615,Chinatown,125
21488352,Jamaica,58
25987388,Bay Ridge,155
17110270,Chelsea,55
15815127,East New York,189
18827371,Downtown Brooklyn,216
19913193,Chelsea,42
15656064,Springfield Gardens,226
13067434,Williamsburg,153
46988596,Bushwick,108
12721694,Upper West Side,144
7458828,South Slope,220
5908522,Washington Heights,114
45555377,East Harlem,202
46451760,Downtown Brooklyn,73
8964950,Upper East Side,87
24186338,Mott Haven,86
21653490,Elmhurst,150
51456150,Chelsea,173
18916291,Crown Heights,218
19846364,Bushwick,29
23170658,Lower East Side,52
20857073,Kips Bay,198
6827549,Fort Greene,178
18819639,East New York,125
43725055,Brownsville,84
7377640,Upper East Side,58
18845044,Bedford-Stuyvesant,221
22625538,Coney Island,49
49917442,Flushing,216
47267507,Parkchester,103
6553608,Bedford-Stuyvesant,152
15411395,Morningside Heights,40
45394105,Williamsburg,35
54014956,Harlem,94
5561677,Morningside Heights,27
14095817,South Slope,155
56331855,Midtown,94
51194360,Bushwick,220
11321062,Williamsburg,144
49061377,West Village,96
19325545,Williamsburg,103
23321988,Fort Greene,194
4810549,East Harlem,103
19813779,Bedford-Stuyvesant,23
2144597,Clinton Hill,12
6704386,Upper East Side,149
4489663,Harlem,88
21704302,Washington Heights,208
48864206,Ditmars Steinway,45
53902287,Washington Heights,169
43524570,Harlem,28
9010238,Financial District,184
17798436,Harlem,61
26645730,Concourse Village,75
11655203,Bedford-Stuyvesant,146
12404122,Chinatown,138
44368484,Astoria,22
13941725,Bedford-Stuyvesant,80
5549527,Greenpoint,236
53222958,Tompkinsville,32
47538134,Gramercy,32
7260000,Bushwick,219
15031413,Tribeca,38
24418304,Bedford-Stuyvesant,190
18988642,Midtown,35
27038967,Williamsburg,129
44022192,Fieldston,162
21131566,Bedford-Stuyvesant,23
19846917,Upper East Side,206
49507084,Carroll Gardens,153
9814387,East Harlem,180
10240763,Williamsburg,105
57122748,Williamsburg,26
51603614,Williamsburg,22
16818656,Bushwick,97
9154389,Upper West Side,67
21847900,Coney Island,203
48976876,East Flatbush,86
6926963,Crown Heights,31
13338613,Flatbush,77
23893619,Financial District,77
45017989,Upper East Side,201
14509489,Bedford-Stuyvesant,174
52849051,Williamsburg,28
22546007,Bushwick,63
9448212,Upper West Side,88
51590359,Williamsburg,50
54618620,Bedford-Stuyvesant,180
55014067,Bedford-Stuyvesant,126
46252932,Crown Heights,150
8679963,Upper West Side,122
16470154,Midtown,56
4653144,Bedford-Stuyvesant,57
20221376,Forest Hills,12
47349247,Jamaica,160
9855810,Sunset Park,182
46492078,Hell's Kitchen,168
26433094,Midtown,228
3560694,Harlem,13
56865376,Hell's Kitchen,185
56773695,Williamsburg,174
49294448,East Village,121
51383247,East Harlem,72
6857373,East Village,155
1887225,Williamsburg,210
25357766,Hell's Kitchen,185
11256442,Upper East Side,22
51437372,Bushwick,145
5829543,Sunnyside,201
27173176,Bedford-Stuyvesant,168
48032443,Washington Heights,82
47575690,Lower East Side,95
56745527,Schuylerville,120
13380036,Williamsburg,38
1304549,Bedford-Stuyvesant,113
2891859,Harlem,26
21877171,Bushwick,131
44650710,Lower East Side,18
1968413,Upper East Side,223
5882563,Washington Heights,185
3689380,Park Slope,24
48803453,Williamsburg,105
6752988,Prospect Heights,37
57022782,Brooklyn Heights,203
47618218,Upper East Side,204
5084490,Bedford-Stuyvesant,48
25736644,Harlem,230
20012607,Red Hook,91
21054244,Crown Heights,81
7817823,Bushwick,109
46021518,Crown Heights,195
55674065,Queens Village,128
55654183,Brownsville,36
52335964,Harlem,43
48560994,Flatbush,164
3379540,Jackson Heights,168
8082927,Bedford-Stuyvesant,47
24427693,Port Richmond,105
7229623,Harlem,175
26313245,Chinatown,100
16628665,East Harlem,163
3139842,Upper East Side,147
20715685,Port Morris,57
55969546,East Flatbush,32
6457508,Upper West Side,24
22969621,Hell's Kitchen,114
52027781,Cobble Hill,66
13438580,Boerum Hill,145
50280304,Sunnyside,96
14115700,Bedford-Stuyvesant,66
54095592,Arverne,199
24327727,Bedford-Stuyvesant,21
45566423,Murray Hill,81
53417920,Bushwick,116
47690017,East Flatbush,43
48973009,Harlem,150
9008581,East Village,176
24475743,Woodside,108
5525225,Flatbush,77
44467346,East Village,199
50679616,Midtown,146
11327689,Crown Heights,187
5299335,East Harlem,113
16514338,East Elmhurst,148
43839933,Ridgewood,17
5165126,Upper East Side,89
11497245,Williamsburg,91
23522473,Williamsburg,19
2744947,Midtown,17
48701830,Bedford-Stuyvesant,13
2145702,Upper East Side,75
55366434,Arverne,46
55235539,Hell's Kitchen,82
48123020,Williamsburg,172
7098728,Williamsburg,228
49748991,Prospect-Lefferts Gardens,70
13822981,Bushwick,80
53061134,Hell's Kitchen,75
11562969,Midtown,46
14722677,Upper East Side,36
10370001,West Village,32
24781165,East Harlem,71
8497152,West Village,132
51843865,Bushwick,196
55914316,Astoria,89
9227845,Woodside,215
16677267,East Village,10
46772094,Murray Hill,229
43157290,Bushwick,156
12495804,Gowanus,76
50134496,Midtown,38
15902942,Belmont,213
23241905,Eastchester,107
13748420,Harlem,171
10643389,Bedford-Stuyvesant,138
48297547,Upper East Side,107
44995345,Dongan Hills,199
51406996,Williamsburg,40
50190279,East Elmhurst,127
11133832,Sunnyside,99
2042422,Tribeca,45
4444927,Prospect Heights,232
48383705,Williamsburg,208
54650101,Hell's Kitchen,220
15286023,East Harlem,96
52673972,Harlem,85
14300168,Crown Heights,100
2904010,Harlem,186
43626745,East Flatbush,99
26517044,Upper East Side,89
4865779,East Flatbush,175
19553645,Jackson Heights,206
44464585,Upper East Side,134
17143408,Harlem,28
1290741,Upper East Side,172
3783823,South Slope,151
5826781,Bushwick,94
9579660,Williamsburg,28
43954259,Greenwich Village,44
7293138,Flatbush,21
2590303,Bedford-Stuyvesant,62
21732469,East Flatbush,226
11290685,Jamaica,215
53119678,East Village,76
10894134,Vinegar Hill,49
49008909,Cypress Hills,128
24336011,Schuylerville,200
27435519,Midtown,75
11825864,Williamsburg,153
19036693,Briarwood,101
45497938,Park Slope,142
12890698,Williamsburg,26
53400799,Williamsburg,84
10398168,Kensington,207
6649708,West Village,50
9427225,Bedford-Stuyvesant,69
45605084,Chinatown,24
5916254,Upper West Side,12
8325386,Williamsburg,146
56173345,Harlem,42
7710124,Prospect-Lefferts Gardens,211
10573247,Hell's Kitchen,117
13000606,Harlem,108
13669993,Washington Heights,165
47095189,Flatlands,81
21874962,Ditmars Steinway,36
11833596,Williamsburg,142
45177052,Clinton Hill,128
47507205,Crown Heights,29
49596556,Sheepshead Bay,141
55607237,Harlem,127
48427337,Upper West Side,90
24862353,NoHo,89
2045183,Williamsburg,59
19681227,Bedford-Stuyvesant,196
44680534,Ridgewood,230
54638503,Midtown,90
3310502,Crown Heights,10
23092231,East Elmhurst,115
45860799,Carroll Gardens,50
17881281,Lower East Side,43
18910216,Williamsburg,204
47005717,Ditmars Steinway,12
8825218,Windsor Terrace,238
9848077,Harlem,178
13101677,Jamaica,214
8086793,Flatbush,224
49547401,Bushwick,149
23632933,Upper West Side,156
5468338,Flatbush,155
20985759,Theater District,211
48108108,Williamsburg,197
25390352,Williamsburg,32
22721086,Elmhurst,160
53481434,Upper East Side,160
27372556,Bedford-Stuyvesant,133
1508347,Hell's Kitchen,171
8763360,Hell's Kitchen,72
7028034,Williamsburg,93
7378192,Fort Greene,135
1433787,Crown Heights,169
12364356,Harlem,80
18576627,Sunnyside,81
14164302,Red Hook,115
6921992,East Village,27
55159874,Williamsburg,145
21314930,East Village,223
16680581,Crown Heights,59
11926382,East Village,16
7405255,East Village,20
6024505,Upper East Side,49
11615437,Chinatown,81
54707540,Crown Heights,217
4822147,Upper West Side,62
52565169,Murray Hill,182
5039201,Williamsburg,85
50415617,East Harlem,141
49038733,Crown Heights,220
20622346,Midtown,194
10150738,Harlem,195
47335992,Flushing,106
3514301,Windsor Terrace,191
56684774,Sunnyside,17
51115381,Astoria,134
12119135,East Harlem,206
5209310,Nolita,61
7663731,Williamsburg,52
43430127,Rosedale,70
9754739,Bedford-Stuyvesant,173
48090986,Laurelton,133
44910291,Flatbush,77
8975443,Gramercy,32
45409570,Flatbush,180
57234865,Upper West Side,12
8077404,Bushwick,77
54885381,East Harlem,121
9865199,Lower East Side,49
22877387,Midtown,152
4497395,Gramercy,164
43210311,Harlem,50
5122046,Park Slope,65
10622954,East Village,123
55318384,Gravesend,208
43056772,Inwood,215
52180768,Bedford-Stuyvesant,219
11561864,Astoria,195
25346720,Gravesend,122
8076851,Bedford-Stuyvesant,80
50950243,Financial District,232
14268134,Crown Heights,192
6185776,Bedford-Stuyvesant,91
27385259,Hell's Kitchen,59
9765232,Upper East Side,161
20995148,East Flatbush,199
14424435,Williamsburg,92
7219129,Flatbush,99
51547832,Harlem,146
45934255,Williamsburg,54
43991816,Chelsea,196
56356708,Cypress Hills,25
55057146,Harlem,223
46481584,Ridgewood,58
44376769,East Village,72
3429247,Crown Heights,58
4046166,Lower East Side,11
5281661,Williamsbridge,225
5887534,Prospect-Lefferts Gardens,209
50648135,Chelsea,180
24771776,Inwood,203
20406949,Midtown,180
52497236,Upper West Side,97
52467964,East Harlem,35
5413108,Crown Heights,89
19756339,Concourse,110
21089592,Chinatown,141
12269361,Bushwick,162
11282401,Harlem,149
43452771,Hell's Kitchen,206
55626568,Bedford-Stuyvesant,193
18609765,Harlem,94
51471062,Sheepshead Bay,84
22784600,Williamsburg,112
10747222,Canarsie,72
7852618,Fort Greene,230
6549190,Elmhurst,109
25968610,Bedford-Stuyvesant,188
57315501,Kingsbridge,46
21328738,Bedford-Stuyvesant,19
8454625,Williamsburg,149
13493810,East Village,28
24438187,Ditmars Steinway,109
4203019,Upper West Side,196
9769651,Upper East Side,130
52593336,Roosevelt Island,201
21002881,Sunset Park,44
5515836,Washington Heights,152
9745902,Two Bridges,101
26895369,East Elmhurst,235
25661531,Flatbush,121
18382769,Upper West Side,119
52254776,Bedford-Stuyvesant,55
48049012,Harlem,18
9035092,Harlem,145
47541448,East Harlem,27
18289983,Upper West Side,28
25299775,Harlem,92
17895641,Midtown,29
6136069,East Village,116
25184344,Financial District,237
5547870,Prospect-Lefferts Gardens,159
12338950,Chelsea,110
18255740,Upper East Side,182
16285686,Kensington,111
5051352,East Village,98
48520123,Hell's Kitchen,41
22229539,Crown Heights,230
25086587,Midtown,210
54768293,Nolita,118
4425044,Rego Park,17
55860743,Bedford-Stuyvesant,165
53172699,Crown Heights,192
7512401,Harlem,181
2869767,Williamsburg,118
9074857,Bedford-Stuyvesant,10
51138025,Bushwick,212
14430511,Upper West Side,34
16583928,Bedford-Stuyvesant,13
55755253,East Flatbush,181
15689755,Upper East Side,84
44337003,Flatbush,70
23614707,East Harlem,62
55841412,Chelsea,76
44177389,Bedford-Stuyvesant,127
47659640,Bedford-Stuyvesant,194
48032995,Williamsburg,160
52395613,Midtown,66
16288448,Sunset Park,45
25266084,West Village,105
19034483,Upper West Side,92
46889734,Upper West Side,187
2609081,Gramercy,182
54822419,Chelsea,57
23877050,Financial District,148
50093626,Williamsburg,171
18267891,Astoria,53
16085201,Bushwick,38
27397410,Murray Hill,188
51484318,Hell's Kitchen,82
3247540,Flatbush,137
7798492,Hell's Kitchen,146
51830610,Midtown,115
49474498,Williamsburg,83
3031591,Harlem,153
24373015,Flushing,167
19453679,Hollis,24
13641826,Bedford-Stuyvesant,118
5474966,Washington Heights,12
13821876,Bushwick,48
5504790,East Village,178
26144794,Washington Heights,150
4574717,Harlem,102
12480892,Greenpoint,60
17510688,East Village,48
26847871,Lower East Side,197
50350446,East New York,146
49144775,Washington Heights,119
55722115,Bedford-Stuyvesant,14
46312580,Hell's Kitchen,223
17902268,Hell's Kitchen,197
8889837,East New York,166
55840860,Prospect-Lefferts Gardens,16
53697384,Upper West Side,142
13287802,Upper East Side,68
48638868,Flatbush,120
47926401,Midtown,57
53640497,Corona,50
21003985,West Village,162
10647256,Chelsea,80
23198273,Bedford-Stuyvesant,163
56015939,Bedford-Stuyvesant,43
12337846,Flatbush,48
13276204,Chelsea,104
4911620,Flatbush,42
5066816,East Village,22
3889865,Bedford-Stuyvesant,107
52984364,Hell's Kitchen,218
18320359,Upper East Side,57
3876058,Prospect Heights,231
24659659,Long Island City,162
48487538,Bushwick,168
45884548,Fort Greene,148
9177585,Kips Bay,60
2354471,Greenpoint,46
11001280,Ridgewood,88
12981275,Rego Park,114
18419221,Kensington,209
19772908,Gramercy,139
25045164,West Village,103
43667616,Sunset Park,96
12371536,Williamsburg,211
16253101,Flushing,224
45872950,Chelsea,24
8278993,Williamsburg,27
9607275,Midtown,224
12805092,East Village,72
51083348,Upper East Side,186
11850165,East Harlem,216
47061499,Williamsburg,192
8663946,Astoria,73
9479141,Gramercy,102
9959090,Midtown,117
47632025,Upper East Side,58
54867155,Bushwick,110
25955907,Harlem,239
9489635,East Village,95
3969396,Upper West Side,103
3113331,Flatbush,130
25779171,Harlem,204
18556744,Kips Bay,11
5123151,Williamsburg,142
3648510,Hell's Kitchen,11
46594806,Park Slope,157
45151093,East New York,213
44566760,Bushwick,52
7565974,Williamsburg,21
53754823,Washington Heights,43
44555162,Long Island City,57
18198301,Ridgewood,206
50215132,Upper East Side,158
14899413,Sunnyside,95
46711893,Hell's Kitchen,92
54149165,Flatbush,95
4884005,Williamsburg,184
9400714,Crown Heights,12
20197627,Bedford-Stuyvesant,100
52450843,Gowanus,53
24915374,Washington Heights,207
44292267,Cypress Hills,16
3795974,Sunnyside,114
2941566,Nolita,44
21813657,Bushwick,172
8612030,Nolita,116
10104345,Upper West Side,20
26943419,Sheepshead Bay,225
13407099,Ditmars Steinway,210
49477812,Crown Heights,12
56191570,Bushwick,34
44394995,Upper East Side,101
19938046,Gravesend,161
53138456,Bensonhurst,14
14575213,Williamsburg,236
14536000,Jackson Heights,155
50226730,Williamsburg,206
14251565,Bushwick,151
15171145,Astoria,138
12275988,Bedford-Stuyvesant,68
49043152,Williamsburg,119
2566554,Williamsburg,121
44363514,Williamsburg,118
1646975,Brighton Beach,128
55260393,Hell's Kitchen,33
24813198,Bedford-Stuyvesant,46
45220131,Pelham Gardens,42
24051577,Upper East Side,107
25052896,Williamsburg,206
8765569,Hell's Kitchen,22
2884679,Bedford-Stuyvesant,218
23912949,Financial District,146
7775848,Upper West Side,12
24364178,Murray Hill,134
2527893,Upper East Side,72
3158620,Lower East Side,127
15787512,Hell's Kitchen,137
5627953,Carroll Gardens,131
50565290,Bedford-Stuyvesant,198
44898692,Flushing,190
55598400,Upper East Side,150
22204685,Bedford-Stuyvesant,103
3048712,Astoria,179
16790488,Canarsie,120
27364272,Upper East Side,47
52108417,Cypress Hills,230
2142388,Chelsea,27
2519056,Harlem,184
24744161,Bedford-Stuyvesant,72
45189202,Park Slope,203
23309838,Prospect Heights,129
57153125,Bushwick,122
10854920,Harlem,56
56194332,Crown Heights,229
1312281,Bedford-Stuyvesant,26
26049798,Midtown,80
49682163,Prospect-Lefferts Gardens,81
21638026,Williamsburg,19
11928592,Williamsburg,199
23853853,Financial District,233
12818899,Upper West Side,97
44275698,Fordham,103
17903373,Spuyten Duyvil,37
16939609,East Harlem,112
50252136,Williamsburg,14
53203075,Harlem,116
53832697,Sunnyside,12
26534165,East Flatbush,175
17373717,Midtown,212
55100778,Upper West Side,78
17175442,Lower East Side,68
12293662,Bedford-Stuyvesant,12
56694716,Bedford-Stuyvesant,104
8267395,Morningside Heights,175
24788345,Crown Heights,142
50075400,Bedford-Stuyvesant,30
21127148,Bedford-Stuyvesant,68
9513384,Washington Heights,26
47225532,Astoria,205
14461439,Williamsburg,232
4092007,Upper East Side,19
25426804,Gramercy,20
53873567,Claremont Village,169
2514638,Chelsea,87
26417630,Hell's Kitchen,171
2068380,Flushing,120
9006372,Williamsburg,66
53724446,Upper West Side,38
22048937,Flatbush,171
56336825,South Beach,64
53163862,Financial District,187
11047121,Bedford-Stuyvesant,219
17083760,Jamaica,91
43097642,Forest Hills,59
2906219,Williamsburg,172
42852973,Williamsburg,47
3539707,Murray Hill,47
24873951,Harlem,115
4210751,Flushing,81
13574998,Harlem,117
56209244,Williamsburg,88
12970782,Upper East Side,162
14968451,Greenpoint,113
22241689,Greenwich Village,205
21675582,Upper East Side,53
24646404,Two Bridges,136
50905507,Fordham,50
20368288,Upper East Side,114
43871967,Bushwick,207
13762228,Crown Heights,180
6279115,East Village,129
52877218,Clinton Hill,34
43647733,Maspeth,94
2670387,Harlem,159
48348910,Murray Hill,175
47908175,East Village,189
3593280,Sunset Park,60
55294083,Washington Heights,76
17497985,East Elmhurst,239
23306524,Astoria,239
56004341,East Village,145
6999866,Flatbush,145
3454100,Bedford-Stuyvesant,64
51632334,Upper West Side,195
56140207,Chinatown,100
24146020,Crown Heights,206
23521921,Williamsburg,39
55091389,East Harlem,51
46571609,Gowanus,86
3723070,Lower East Side,230
17030187,Hell's Kitchen,93
47214486,Harlem,119
26897026,Hell's Kitchen,60
19111253,Hell's Kitchen,144
1859058,Park Slope,128
52792716,Financial District,62
20377125,Prospect Heights,211
7070561,Upper East Side,95
14940283,Bedford-Stuyvesant,97
5532958,Washington Heights,95
19170901,Bushwick,51
26422600,Theater District,25
56165060,East Flatbush,158
12279854,Bushwick,156
50434395,Chelsea,96
25600778,Chelsea,141
17403541,Bedford-Stuyvesant,206
14595096,West Brighton,157
6877808,Crown Heights,155
20889659,Bedford-Stuyvesant,117
43049592,Upper West Side,222
56700791,Bedford-Stuyvesant,27
52842423,Crown Heights,215
53669216,Ridgewood,179
21211650,East Flatbush,32
55019590,Bedford-Stuyvesant,102
47405030,Crown Heights,202
13568923,Harlem,236
7894592,Bedford-Stuyvesant,82
1625987,Fort Greene,148
5727367,Upper West Side,28
44805906,Crown Heights,67
4488006,Hell's Kitchen,182
55991086,Bedford-Stuyvesant,229
2715123,Kips Bay,208
22969069,Murray Hill,225
3931288,Bedford-Stuyvesant,57
53052850,Upper West Side,148
23605870,Canarsie,23
54777682,Flushing,109
19469143,East New York,78
19023437,Astoria,96
44401070,Astoria,146
46983073,Morningside Heights,40
47447005,Upper West Side,82
45824899,East Flatbush,158
26489981,Hell's Kitchen,197
18009415,Woodside,182
6051567,Upper East Side,55
8368466,Bushwick,109
25503573,Upper East Side,28
49240323,Upper East Side,150
19026751,Ozone Park,164
54683239,East Village,23
2329065,Prospect Heights,239
3465699,Chelsea,34
3403841,Chinatown,51
56619603,Financial District,232
23203244,Woodhaven,146
48456609,East Flatbush,186
26474517,Williamsburg,206
16567359,Bushwick,143
54382788,Bedford-Stuyvesant,51
55513898,Cypress Hills,154
2536730,Bedford-Stuyvesant,26
22914391,Bedford-Stuyvesant,135
27029026,Midtown,91
6434863,Chelsea,184
45495729,Harlem,32
5606413,Williamsburg,163
2143492,Chinatown,79
6617122,Eastchester,120
24383509,Bay Ridge,195
50348789,Bedford-Stuyvesant,46
3546334,South Slope,99
4485797,East Harlem,189
47009583,Dyker Heights,231
24883340,Williamsburg,104
45391344,Murray Hill,42
50373090,Nolita,30
45381955,East Village,222
9615007,Upper West Side,24
10385465,Astoria,190
11094066,Upper East Side,235
54091174,Hell's Kitchen,132
47933581,Bushwick,54
14300720,Midtown,130
7346158,Bushwick,35
46651140,Bedford-Stuyvesant,11
54727423,Midtown,170
2528446,Williamsburg,133
4922114,Prospect Heights,82
9209619,Harlem,189
48239003,Bedford-Stuyvesant,111
43113659,Sunset Park,137
5473861,East Village,138
6725373,Bedford-Stuyvesant,41
8422591,Crown Heights,156
55859638,Bedford-Stuyvesant,137
53721685,Upper West Side,145
55154351,Bay Ridge,210
25998434,Roosevelt Island,225
55568576,Crown Heights,64
5519702,Williamsburg,13
57339250,Flatbush,239
54223173,Flatiron District,70
7966391,Flatbush,71
48680290,Crown Heights,154
51455598,Upper East Side,134
20271083,East Village,95
15508600,Murray Hill,69
23920681,Ditmars Steinway,133
23009386,Stapleton,127
2287090,Bedford-Stuyvesant,88
20551099,Upper West Side,184
4313479,Upper East Side,138
5566096,Financial District,108
12119687,Fort Greene,32
22835964,Flatlands,40
47506101,Forest Hills,17
2163375,Upper West Side,150
12802330,Fort Hamilton,145
57233208,Ridgewood,24
21523699,Bedford-Stuyvesant,133
9040615,Gowanus,146
11255890,Carroll Gardens,85
13082899,Williamsburg,164
25758736,Hell's Kitchen,82
19333278,Hell's Kitchen,132
55532677,West Village,209
9593467,Bedford-Stuyvesant,164
27214599,Gravesend,179
44246978,Crown Heights,197
25185448,Chelsea,141
17104195,Flatbush,134
17458219,Long Island City,88
2479291,Flatbush,86
1671276,Kensington,70
21327633,Upper East Side,150
8037638,Williamsburg,11
4904992,Harlem,103
15531244,Bushwick,151
43346177,Long Island City,87
44484467,Greenpoint,129
8536917,Fresh Meadows,24
6573491,Harlem,101
2381534,Mott Haven,157
57247568,Clinton Hill,231
17172680,Bedford-Stuyvesant,115
7853170,Rego Park,32
1634824,Sunset Park,42
12565393,Flatbush,184
18400443,Sheepshead Bay,28
2564345,Flatbush,69
21249759,Brooklyn Heights,34
5939450,Financial District,138
7314677,Bushwick,44
25405816,Midtown,228
54449064,East Village,134
48544977,Flatlands,102
9745350,Williamsburg,224
23039211,East Village,176
12314649,East Harlem,108
11111188,Bedford-Stuyvesant,11
4959118,Harlem,22
15878641,Greenwich Village,240
1954606,Bedford-Stuyvesant,64
22981771,Roosevelt Island,147
20341777,Bronxdale,25
22678006,Hell's Kitchen,187
21268537,Concourse,12
53207494,Williamsburg,38
46907407,Harlem,27
21332604,Brooklyn Heights,183
8489972,Jackson Heights,197
19861276,Chinatown,60
14554778,East Flatbush,96
3351373,Hell's Kitchen,61
4552625,Washington Heights,26
14946911,South Ozone Park,106
26624190,Chelsea,11
13188388,Chelsea,193
14885053,East Flatbush,219
21730812,Midtown,199
10176696,Upper West Side,18
50242747,Ridgewood,49
24787240,Lower East Side,207
12457143,Greenwich Village,194
54156345,Bushwick,221
48844324,Chelsea,228
43322980,Park Slope,39
19123404,Chelsea,39
50645374,Crown Heights,61
25819489,Midtown,131
5986396,Bushwick,139
12987351,Harlem,63
44017222,Williamsburg,207
4217379,Williamsburg,55
3628075,Upper East Side,207
3359657,Upper West Side,172
20305878,Upper West Side,129
16620380,Williamsburg,69
48441145,Chelsea,174
51208720,Williamsburg,191
48383153,Upper West Side,110
1950187,Flatbush,56
13436923,Bushwick,88
10480461,Williamsburg,119
5872622,Williamsburg,211
20435668,Queens Village,80
44446911,Fresh Meadows,146
2630069,Lower East Side,108
2627307,Hell's Kitchen,159
48007037,Lower East Side,74
25832192,Midtown,195
16651861,Washington Heights,112
19068174,Upper East Side,235
44333137,Greenpoint,212
24519927,Crown Heights,174
1369720,East Harlem,77
53769183,Flushing,84
10620745,East Village,227
4120174,Williamsburg,159
23128131,Arrochar,39
1442624,East Village,101
8819143,Williamsburg,66
43895716,Prospect-Lefferts Gardens,136
21846243,Chelsea,84
1951844,West Village,55
13711416,Upper East Side,52
8857251,Crown Heights,98
9373652,Bedford-Stuyvesant,203
24878922,Ridgewood,174
21341440,Stuyvesant Town,28
43135751,Bedford-Stuyvesant,135
16953417,Long Island City,77
46358974,East Morrisania,60
11295103,Bedford-Stuyvesant,200
47030018,Williamsburg,220
19211772,Williamsburg,129
57345325,Flatiron District,39
53604045,Bedford-Stuyvesant,213
46833399,Murray Hill,91
7905638,Upper West Side,238
20605225,Harlem,208
16638054,Harlem,126
6450328,Upper East Side,43
11555237,Williamsburg,62
54032630,Crown Heights,143
44629170,Bushwick,145
9533266,Hell's Kitchen,132
13819667,Murray Hill,42
13290011,Bedford-Stuyvesant,19
49644054,Williamsburg,19
8773302,Williamsburg,26
18484393,Hell's Kitchen,230
45420616,SoHo,192
21259148,Richmond Hill,33
47900443,Elmhurst,201
57327652,Bushwick,120
55168159,South Slope,213
5284975,Prospect Heights,197
21302779,Ozone Park,161
56026433,Chelsea,51
18897513,East Village,36
16265251,Tribeca,138
4596257,Upper West Side,66
4543236,East Harlem,160
43893506,Upper West Side,127
13493257,Marble Hill,13
25322419,Gowanus,115
17923808,Harlem,178
25564326,Hell's Kitchen,54
18036477,Astoria,68
2041317,College Point,226
42875617,Hell's Kitchen,195
18809145,Kips Bay,116
11183539,Upper West Side,169
21030496,Canarsie,43
54647892,Canarsie,232
24161484,Murray Hill,234
4134534,Bedford-Stuyvesant,35
55927019,Brighton Beach,91
8990908,Bushwick,67
12809510,Fordham,150
2141836,Hell's Kitchen,123
53798455,Fort Greene,228
15191028,Morningside Heights,229
8566189,Cypress Hills,113
57349744,East Village,176
24497835,Upper West Side,128
25593046,Brighton Beach,177
54167943,Harlem,240
43738862,Harlem,57
44577806,Williamsburg,22
45874054,Murray Hill,105
5390464,Upper East Side,88
23693686,Kips Bay,109
51434058,Prospect Heights,147
10386018,Gramercy,118
52688332,East Harlem,223
9972345,Bushwick,107
17312412,Williamsburg,86
7728902,Chelsea,205
4737646,East Village,220
47284628,Fort Hamilton,62
49382816,Sunnyside,115
11467421,Murray Hill,208
4884557,Upper East Side,115
17484730,Brighton Beach,45
11243740,Harlem,68
43127466,Bath Beach,230
50226178,East Harlem,134
6617675,Eastchester,152
23167897,Midtown,44
21224353,Clinton Hill,223
48618433,Chelsea,199
44923546,Sunnyside,137
54285583,Washington Heights,61
21504369,Bedford-Stuyvesant,205
48530065,Hell's Kitchen,100
16261937,East Flatbush,85
17394152,Harlem,165
11508291,Bedford-Stuyvesant,207
53145636,Upper West Side,58
14545389,Harlem,187
49234247,Ditmars Steinway,43
7974676,Upper West Side,48
44539697,Gramercy,157
53468731,Murray Hill,233
8327043,Lower East Side,25
48401379,East Village,97
7006494,East Village,52
17534437,Williamsburg,214
52930239,Financial District,80
1575728,Prospect Heights,138
9548731,Lower East Side,175
49209946,Chelsea,80
2849884,Williamsburg,12
3587205,Bedford-Stuyvesant,106
47585632,Upper West Side,119
2823374,Crown Heights,117
48657094,Upper East Side,182
44071899,Midtown,122
5090565,Upper East Side,87
51445104,Gowanus,74
45001420,Jamaica,41
9024598,West Village,189
1787259,Crown Heights,216
43336788,Upper East Side,95
5373895,Upper West Side,84
53183192,Upper East Side,24
55618283,Bushwick,48
51426326,Hell's Kitchen,103
45981200,Williamsburg,91
2045735,Prospect Heights,215
7111983,Howard Beach,41
17693499,Cypress Hills,32
47909832,Midwood,167
22087598,Murray Hill,208
20736672,Theater District,219
2931625,Williamsburg,202
11136041,East Harlem,213
7118059,Chelsea,97
24760730,Williamsburg,106
5228088,Upper West Side,72
48197028,Bedford-Stuyvesant,98
8617553,Williamsburg,158
5935032,Greenpoint,201
27495719,Williamsburg,212
7633907,Williamsburg,119
1743075,Williamsburg,83
51339063,Gramercy,205
8984833,Little Italy,213
3422067,Washington Heights,125
51560535,Williamsburg,164
19313395,Williamsburg,75
2416329,Long Island City,173
2785817,Clinton Hill,105
47798820,Crown Heights,176
45928732,East New York,79
52577319,NoHo,187
17377031,Windsor Terrace,43
6875047,Bushwick,187
25805129,Hell's Kitchen,60
10405348,Bedford-Stuyvesant,109
54559524,Hell's Kitchen,105
15574876,Gramercy,164
50422797,Bushwick,225
12609025,Red Hook,23
2232965,Harlem,237
20727283,Washington Heights,70
55855772,Harlem,226
55608342,Sunset Park,17
19852992,Prospect-Lefferts Gardens,204
16968881,Forest Hills,47
47560226,Gowanus,207
51561087,Harlem,74
49910263,SoHo,37
45385269,Carroll Gardens,20
7080502,Upper West Side,182
15049087,Bedford-Stuyvesant,83
24326622,Bedford-Stuyvesant,201
27206866,Jamaica Estates,40
3278469,Crown Heights,91
2838286,Crown Heights,83
17465951,Bedford-Stuyvesant,97
26302751,Long Island City,202
19511671,Navy Yard,86
54257968,Clinton Hill,213
50432738,Murray Hill,70
43726712,Financial District,174
21630846,Jackson Heights,47
56172792,Upper East Side,121
44524233,East Village,178
21959464,West Village,48
3682200,Harlem,36
23581569,Bensonhurst,186
20193761,Clinton Hill,206
53708982,North Riverdale,240
11697730,Flushing,94
56351185,East Harlem,206
18444075,Edenwald,74
47025600,Carroll Gardens,146
52692750,Long Island City,148
7137941,East Village,171
48068894,Flatiron District,199
45223445,Harlem,85
10411976,Tompkinsville,234
9269267,Crown Heights,65
12066667,Bushwick,42
4838716,Harlem,173
50079266,Bensonhurst,199
51880869,Harlem,205
8388349,Greenpoint,149
11022267,Upper West Side,78
53797350,Upper East Side,136
9012448,Maspeth,19
5747250,Bushwick,124
49935116,Bedford-Stuyvesant,174
55035607,Crown Heights,17
52608800,Bushwick,120
5435753,Williamsburg,166
10378838,Crown Heights,127
56751050,Chinatown,212
8985385,Williamsburg,96
11935771,Clinton Hill,177
25501916,Woodside,112
3175189,Greenpoint,180
56424641,South Slope,98
46430220,Sheepshead Bay,200
25345615,East Flatbush,145
45250507,Rockaway Beach,222
44258577,Little Italy,203
48142903,Flushing,23
27045595,East Harlem,168
20479852,West Village,37
16820865,Crown Heights,10
9629367,Upper West Side,85
43634478,Midtown,205
19444290,Harlem,144
6755750,Harlem,70
9399058,Clinton Hill,124
9320079,East Village,212
5996890,Mott Haven,55
45667494,South Slope,155
20958144,East New York,209
6458612,Chelsea,139
8390558,Greenpoint,12
43122496,Theater District,133
10878669,West Village,103
9896128,Chinatown,135
25017549,Harlem,180
11701596,Harlem,167
24695006,Chelsea,217
15894658,Flushing,211
54721900,Midtown,147
48296994,Washington Heights,203
22214627,Bedford-Stuyvesant,122
19157094,Harlem,111
26108894,Harlem,133
18846149,Bedford-Stuyvesant,213
15444533,Bedford-Stuyvesant,222
25873062,Fordham,12
48281530,East Flatbush,213
15572667,Financial District,114
27201896,Cypress Hills,230
5433544,Crown Heights,197
24856830,East Harlem,237
7358309,Astoria,150
5533510,East Village,108
55393497,Bedford-Stuyvesant,148
20192656,Kingsbridge,165
22917152,Hell's Kitchen,45
50524972,Crown Heights,229
53278188,Upper West Side,48
17141199,Flatiron District,73
57129928,Bedford-Stuyvesant,81
19367520,Long Island City,82
43126914,Williamsburg,62
22170995,Midtown,130
26609830,East Village,208
2160614,East Harlem,32
12734397,Maspeth,10
18534100,Washington Heights,184
15980817,East Harlem,112
56863720,Bushwick,220
6292922,Bedford-Stuyvesant,25
55922600,Briarwood,19
5308724,Park Slope,124
7925521,Harlem,184
9316213,Upper West Side,152
43894611,East Elmhurst,233
47874485,Williamsburg,238
19873427,Coney Island,193
44612601,Williamsburg,22
21353039,Upper East Side,187
2174974,East Village,110
56225813,West Village,137
45469218,Flushing,31
26975453,Flatbush,33
11509948,Harlem,50
16775576,East New York,55
16839091,Maspeth,214
3599355,West Village,102
43211968,St. Albans,172
7310811,Flushing,80
44994793,Flushing,146
7348368,Williamsburg,139
47963957,East Village,96
26844005,Hell's Kitchen,216
55869580,Park Slope,211
6375215,Bedford-Stuyvesant,63
54309884,East Harlem,239
51061808,Tribeca,128
21946209,Norwood,18
47919221,Upper East Side,172
19364206,Astoria,107
44570074,Harlem,74
11966700,Midtown,81
19725411,Bedford-Stuyvesant,240
21223801,Fordham,240
8720281,Harlem,95
25542234,Crown Heights,96
45531628,Bushwick,48
21415449,Carroll Gardens,140
9184213,Fort Greene,45
27302967,Bedford-Stuyvesant,231
2733901,Williamsburg,31
27232272,Harlem,226
43986845,Rosedale,211
45196934,Harlem,111
5455083,Long Island City,143
45823243,Bushwick,151
7273807,East Harlem,157
23488783,Hell's Kitchen,76
8356315,East Elmhurst,232
15637838,Hell's Kitchen,78
20904019,Hell's Kitchen,192
13046999,Fordham,19
49132624,East Flatbush,78
44630275,Lower East Side,169
3459071,Murray Hill,23
12428423,Bushwick,201
8011680,Harlem,66
9434957,Williamsburg,73
44587747,Upper West Side,168
22838173,Queens Village,234
2088262,East Harlem,21
46050238,Gowanus,160
57259719,Williamsburg,50
26529747,Fort Greene,175
1091361,Bedford-Stuyvesant,49
13894227,Williamsburg,38
11332108,Greenpoint,94
24513299,Bedford-Stuyvesant,233
2046288,Midtown,28
55837546,Borough Park,214
6571282,Bedford-Stuyvesant,176
15442324,Wakefield,207
23288850,Lower East Side,79
5023185,Upper East Side,221
25138503,Bedford-Stuyvesant,219
53211360,Chinatown,172
20854864,Harlem,208
15726206,Canarsie,90
55642032,Jackson Heights,188
25834953,SoHo,204
51176686,Prospect-Lefferts Gardens,128
22409036,Tribeca,109
43723950,Williamsburg,180
48631688,Bushwick,51
2132446,Chelsea,208
52273554,Pelham Bay,201
47880008,Greenpoint,57
8923527,Chinatown,204
26660642,Crown Heights,88
4434985,Williamsburg,117
2125267,Flatbush,125
26840139,Hell's Kitchen,201
1093018,Gowanus,75
44691028,Rego Park,199
8091763,East Village,66
48396961,Flushing,149
3491657,Upper West Side,99
2774771,Briarwood,109
18210452,Upper East Side,180
6592269,Bedford-Stuyvesant,202
49208289,Flushing,128
10007692,Upper West Side,159
13858880,East Village,79
3647958,Washington Heights,161
51891363,Two Bridges,125
54648444,Upper West Side,132
25801263,Williamsburg,84
10200445,East Harlem,189
2094890,Bedford-Stuyvesant,234
6307834,Bedford-Stuyvesant,222
6199584,Harlem,174
22702308,Bedford-Stuyvesant,172
50438261,Williamsburg,157
11844642,Kensington,172
55575756,South Slope,176
53536664,Bushwick,79
43498612,Bushwick,105
50336638,Bedford-Stuyvesant,46
19989410,Bushwick,195
2451124,Upper West Side,84
1692816,Chelsea,126
15964800,Harlem,118
2465483,Harlem,23
3188996,Williamsburg,195
25303088,East New York,87
10181114,Kips Bay,214
11585613,Bushwick,156
24190204,Financial District,144
21691046,Bedford-Stuyvesant,225
9117937,Gramercy,33
10465549,Harlem,111
56636172,Chinatown,138
43773105,Sunnyside,204
8515930,Williamsburg,111
24866219,East Village,203
27269829,Bedford-Stuyvesant,225
44596032,Flatbush,208
56090500,Rosedale,70
9458706,East Village,17
48494718,Windsor Terrace,109
1988296,Crown Heights,53
8842339,Kingsbridge,16
14766861,Lower East Side,185
21476754,Williamsburg,219
55996609,Midtown,119
26234818,Flatbush,114
19965109,Midtown,191
49480021,East Harlem,31
42903785,Greenpoint,94
16482305,Williamsburg,166
1750255,Chelsea,139
1933066,Williamsburg,201
47998200,Kensington,61
4916591,Park Slope,194
1370272,Sunset Park,229
19645327,Astoria,201
10569934,East Flatbush,78
9383593,Midtown,78
7673120,Upper West Side,49
48846533,Harlem,190
7141807,Williamsburg,217
48989026,Midtown,181
53093720,South Slope,197
50567500,Cypress Hills,162
11614885,Midtown,147
5355669,Washington Heights,162
2034137,Prospect Heights,239
5775970,Williamsburg,112
6189642,Williamsburg,172
23230859,Kips Bay,23
50119032,Midtown,206
5082833,Greenpoint,55
5881459,Upper East Side,199
10076730,Ridgewood,62
20860939,Bushwick,230
3576159,Bedford-Stuyvesant,200
12104223,Concord,191
26780491,Hell's Kitchen,180
44932935,Greenpoint,89
3005633,Williamsburg,237
52768967,Crown Heights,63
44827998,Coney Island,13
4454868,Brownsville,102
21000119,Bedford-Stuyvesant,27
9431091,Arverne,142
23647845,Bedford-Stuyvesant,230
50276990,Williamsburg,51
21219382,Upper East Side,64
4897260,Sunnyside,94
45374775,Washington Heights,148
13199434,Bayside,232
48191505,Harlem,202
5635685,Clinton Hill,104
43696335,Cypress Hills,25
18343556,Midtown,138
55654735,Bushwick,107
6749674,Chelsea,53
25065599,Harlem,11
21313825,Lower East Side,104
9984496,Manhattan Beach,98
53516229,Bedford-Stuyvesant,164
5856605,Bedford-Stuyvesant,160
24092999,Gramercy,111
56908456,Bay Ridge,21
54266805,East Village,21
51027013,East Harlem,100
27042833,East Harlem,20
48526751,Park Slope,70
19354817,Hell's Kitchen,82
9677969,Williamsburg,165
3052026,Sunset Park,91
5700304,Bushwick,44
21899816,Hell's Kitchen,113
21506026,East Harlem,142
52394508,East Harlem,67
22439965,Flatbush,187
50856352,Bedford-Stuyvesant,12
5738413,South Slope,182
21339784,Inwood,105
5527987,Flatlands,227
19778984,Greenpoint,130
27195268,Hell's Kitchen,36
43366060,Chelsea,51
3693799,Bedford-Stuyvesant,214
16398355,Ditmars Steinway,122
48768658,Kew Gardens Hills,168
3071909,Upper West Side,207
2885231,Lower East Side,42
11347572,SoHo,37
17588562,Gravesend,220
1481285,Harlem,19
24852964,Upper East Side,62
48741596,Bedford-Stuyvesant,79
53214673,Bedford-Stuyvesant,76
51245172,University Heights,135
18376694,Woodhaven,112
53682472,Hell's Kitchen,221
56063989,Bushwick,209
11202869,Financial District,50
23395444,Inwood,208
21008404,East Village,136
25868091,South Ozone Park,29
24682855,Hell's Kitchen,199
5206548,Williamsburg,175
53159443,Chinatown,140
42836956,Springfield Gardens,31
53129619,Gowanus,99
9406237,Cypress Hills,151
14882292,Upper West Side,151
18214318,Ridgewood,46
22343313,Williamsburg,202
7086025,Astoria,117
24592278,Bushwick,207
24960662,East Flatbush,128
57285124,Bedford-Stuyvesant,74
55773479,SoHo,210
46827876,Kips Bay,132
12824974,Pelham Gardens,90
16992078,Upper East Side,225
3751238,Greenwich Village,25
22790676,Williamsburg,127
17129048,Harlem,149
48140693,Murray Hill,99
22030711,Upper East Side,58
11086886,Rego Park,120
6727582,Prospect-Lefferts Gardens,193
12486415,Long Island City,108
54383893,Carroll Gardens,196
26921880,Bushwick,27
6889959,Fort Greene,199
21441407,Williamsburg,178
3101181,Murray Hill,231
21527566,Prospect-Lefferts Gardens,216
5331368,Harlem,167
20603015,Williamsburg,52
56861510,Park Slope,110
11725897,Midtown,213
49909158,SoHo,72
44224886,Park Slope,137
15453922,Carroll Gardens,146
43700754,Prospect Heights,211
2705182,East Village,31
11733630,Crown Heights,12
7913923,Morningside Heights,155
9232815,South Slope,211
20824488,Upper West Side,94
19144391,Washington Heights,169
23825686,Hell's Kitchen,166
45122926,Hell's Kitchen,93
55114033,Williamsburg,109
17760880,Jamaica,221
53636078,Bedford-Stuyvesant,237
55222836,Bedford-Stuyvesant,45
6181358,Williamsburg,34
10968142,East Elmhurst,98
26119388,Port Morris,211
49214365,Bedford-Stuyvesant,128
47834719,Crown Heights,227
49087888,Harlem,214
57202279,Crown Heights,75
52892683,Clifton,207
16783309,East Harlem,69
8819695,Upper East Side,181
2752679,Bedford-Stuyvesant,75
51635095,Windsor Terrace,124
1809903,Crown Heights,186
8709787,Bushwick,202
18896408,Chelsea,40
49570598,Bedford-Stuyvesant,122
10836694,Norwood,176
26374550,Woodside,38
2625650,Chelsea,100
3525347,Park Slope,18
48712324,Harlem,179
50506747,Maspeth,113
2922235,Williamsburg,203
54951657,Clinton Hill,206
44753437,Harlem,103
5868204,East Harlem,178
4738750,East Harlem,211
11325480,Chelsea,122
19433796,Williamsburg,14
48355538,Flatbush,29
7060067,Chelsea,48
14486845,East Harlem,122
52253671,St. Albans,195
51105440,Ditmars Steinway,215
19799971,Sunset Park,106
54657833,Bedford-Stuyvesant,195
4330048,Red Hook,27
5292155,Longwood,161
45607846,Upper West Side,114
49048122,Flatbush,117
9497367,Kensington,31
6159266,Bedford-Stuyvesant,231
21084069,Prospect-Lefferts Gardens,128
53490823,Williamsburg,126
11882198,Prospect Heights,42
5845007,Chelsea,214
47602753,Clinton Hill,228
13470613,Harlem,75
15627345,Washington Heights,132
26790985,Hell's Kitchen,80
19728172,Bedford-Stuyvesant,92
12727217,Williamsburg,112
25364946,Washington Heights,107
17689633,Washington Heights,143
14904936,East Elmhurst,232
18949981,East Harlem,23
23926204,Parkchester,217
48227404,Bedford-Stuyvesant,167
20959249,East Harlem,70
11230484,Hell's Kitchen,215
9499576,Williamsburg,108
44833521,Kingsbridge,195
7245088,Crown Heights,49
17859189,Bushwick,92
11549714,Bushwick,83
10996861,Greenpoint,10
55273096,Bushwick,106
6735867,Chelsea,237
57039351,Lower East Side,63
2083844,Flatbush,99
18397681,Lower East Side,202
46278890,Sheepshead Bay,102
55714383,East Flatbush,134
54528043,Williamsburg,188
43627850,Greenpoint,224
14459782,Prospect-Lefferts Gardens,160
9288598,Morris Heights,103
18264577,Chinatown,68
1748598,Inwood,36
25778619,Crown Heights,154
18996927,Washington Heights,43
26735755,East Harlem,123
8627494,Crown Heights,50
13150831,South Slope,130
15518542,Flushing,102
45387478,Williamsburg,146
14959062,Bushwick,97
27152189,Bushwick,86
6519365,Bedford-Stuyvesant,65
57111702,Hell's Kitchen,214
5413661,East Village,110
17823289,Elmhurst,110
46545651,Bushwick,21
50059936,Williamsburg,91
23284984,East Harlem,35
16410506,Bushwick,77
24259241,Williamsburg,231
51915112,Upper East Side,59
19626549,Bedford-Stuyvesant,48
13327567,Bushwick,152
24350923,Astoria,176
9040063,Clinton Hill,228
43098747,Brighton Beach,153
3544678,Nolita,124
23208767,Park Slope,57
13175685,Bath Beach,227
53709534,Belle Harbor,78
49831836,Harlem,24
12085445,Chelsea,180
55711622,Crown Heights,127
2691374,Brooklyn Heights,156
47840794,Flatbush,126
19279152,Bayswater,227
18776559,Gramercy,187
2816194,Cypress Hills,82
4362634,Williamsburg,191
3222687,Bushwick,144
14014629,East Village,71
8385587,Chelsea,214
9812178,Chelsea,16
56320256,East Village,25
14883397,Vinegar Hill,121
3844024,East Village,11
7420167,Financial District,123
55223389,Schuylerville,32
24576262,West Village,31
13986461,Washington Heights,57
55865161,Crown Heights,109
17388629,Chelsea,204
55831471,Windsor Terrace,196
47771757,Upper West Side,30
48247840,Upper East Side,30
5500924,Upper West Side,188
2446705,SoHo,19
15883060,East Harlem,73
14542075,Claremont Village,228
46104916,Boerum Hill,183
11477915,Upper West Side,222
44633588,Longwood,165
3018336,Upper West Side,155
10841113,Midtown,149
13383350,Bedford-Stuyvesant,190
24577918,Red Hook,127
3510987,Battery Park City,170
5862681,Williamsburg,196
43947632,Hunts Point,81
15759897,Harlem,197
44213288,Hell's Kitchen,171
16424314,Washington Heights,214
54895875,Astoria,127
47389565,Greenwich Village,198
47528745,Flatbush,34
1975593,East Village,48
46577132,Maspeth,88
4949729,South Slope,163
49837359,Prospect-Lefferts Gardens,59
53008666,Bedford-Stuyvesant,137
52072517,Midtown,136
16408849,Chelsea,146
17929331,Financial District,135
16448062,Greenpoint,150
22818843,Harlem,167
56554432,Greenpoint,184
23867661,Financial District,238
49824656,Harlem,145
21407164,Crown Heights,53
18896961,Jamaica,154
17676930,Bath Beach,177
5237477,Upper East Side,173
18716911,Tribeca,61
21603231,Gowanus,136
3549648,Bushwick,187
16571778,Williamsburg,120
2754336,Bedford-Stuyvesant,201
17644344,Bedford-Stuyvesant,206
1936380,Astoria,51
52698273,Flatbush,181
49502665,Rosedale,49
57201175,Prospect-Lefferts Gardens,136
14367548,Washington Heights,105
3975472,Bushwick,159
47416628,East Flatbush,213
26175722,Williamsburg,42
7237355,Upper East Side,218
25316896,Bushwick,221
26195053,Harlem,120
25934367,Greenwich Village,228
8980414,Inwood,118
13431400,Prospect-Lefferts Gardens,119
12707887,Windsor Terrace,138
9767442,Williamsburg,216
3687723,East Harlem,138
21166361,Mott Haven,181
4792876,Crown Heights,182
47855154,Harlem,172
25690251,Upper East Side,19
51728986,DUMBO,45
2957030,Harlem,30
23566657,Bushwick,98
12663151,Bushwick,228
6348705,Harlem,150
4542131,Ditmars Steinway,87
4474751,Bedford-Stuyvesant,145
2162823,DUMBO,209
55993295,Upper West Side,212
4478617,Greenpoint,185
20511886,Prospect-Lefferts Gardens,62
45468114,Bushwick,210
25912828,Clinton Hill,188
4973478,Williamsburg,34
3528661,Harlem,49
2210321,Crown Heights,187
9849734,Greenpoint,167
48151739,Upper West Side,78
8108885,Nolita,164
7203665,Prospect-Lefferts Gardens,223
2500831,Harlem,229
53520095,East Village,201
27579117,East Harlem,24
11771186,East Village,99
27094750,Bushwick,25
4476408,East Elmhurst,134
49857794,Bedford-Stuyvesant,200
5785911,Upper East Side,18
55871789,Nolita,20
2466588,Bedford-Stuyvesant,45
3870535,Upper East Side,153
12969125,Prospect-Lefferts Gardens,136
12875234,Fresh Meadows,146
21362428,Springfield Gardens,124
20385961,Harlem,134
2368831,Upper West Side,116
2114221,Clinton Hill,186
9469200,Williamsburg,160
10261198,Boerum Hill,189
46447342,Chelsea,76
18656710,Bushwick,74
18565581,Brighton Beach,96
51824534,Kingsbridge,195
7912266,Roosevelt Island,36
8777720,East Harlem,183
45774088,East Village,179
11265279,Springfield Gardens,31
42855735,Bedford-Stuyvesant,216
7661522,Theater District,30
1659125,East Village,71
1877836,East Village,35
25830535,Midtown,15
3028277,Upper West Side,50
5816287,Prospect Heights,47
1519946,East Village,34
17748729,Lower East Side,83
16930220,Theater District,70
3120511,Williamsburg,89
10510285,Midtown,97
52595545,Fort Greene,107
2308078,Morningside Heights,156
2280463,Bedford-Stuyvesant,177
20560488,Gravesend,208
7044050,East Village,194
22044518,East Flatbush,90
23219813,Crown Heights,161
25433983,Gowanus,210
53089854,Williamsburg,70
19320575,Upper East Side,234
53266037,Sunset Park,206
11068108,South Slope,70
55933094,Williamsburg,64
11798249,Astoria,30
1962338,Harlem,172
1531544,Hell's Kitchen,12
20458865,West Village,161
18392158,Bedford-Stuyvesant,102
7460485,Hell's Kitchen,81
54015508,Bedford-Stuyvesant,112
26473412,Upper East Side,55
14965137,West Village,33
49550715,East Village,56
22493538,Long Island City,194
16496665,Roosevelt Island,75
18878735,Upper West Side,27
49628590,Financial District,219
48925512,Midtown,157
43822260,Prospect-Lefferts Gardens,89
22825471,East Village,168
26522014,Hell's Kitchen,82
20800186,Harlem,126
48675320,Upper West Side,78
48271588,Williamsburg,95
49049779,Bedford-Stuyvesant,183
19439872,Harlem,162
22528333,Harlem,49
27515602,Financial District,19
12321277,Williamsburg,43
55099673,Bronxdale,25
47022286,Concourse Village,131
43501926,Windsor Terrace,125
55491806,Jackson Heights,57
19855753,West Village,65
55854115,East Harlem,157
52611010,Long Island City,112
44171866,Greenpoint,24
22740416,Bedford-Stuyvesant,221
48074417,East Village,70
7996216,SoHo,27
20945994,East Flatbush,174
13627466,Parkchester,106
49457929,Sheepshead Bay,160
9191393,Gramercy,129
19774013,Sunset Park,91
1387946,West Village,66
7697421,Roosevelt Island,57
50832051,Bushwick,162
8079613,Bushwick,100
23281118,East Village,58
46852177,Hell's Kitchen,65
9724362,Wakefield,34
54877096,Williamsburg,186
54442436,Bedford-Stuyvesant,134
18656158,Harlem,211
24342086,Williamsburg,178
48437278,Upper East Side,43
9484664,Harlem,202
27165444,Ridgewood,94
48463237,Chelsea,240
5553393,Flatiron District,225
1676799,Williamsburg,81
14050528,Crown Heights,11
19401211,Cobble Hill,211
53314640,Kips Bay,11
23305419,Springfield Gardens,67
2310839,Bedford-Stuyvesant,218
2367174,Williamsburg,108
54798670,East Village,36
53634974,Little Italy,20
43156738,Lower East Side,28
7065590,Columbia St,195
21518729,Bedford-Stuyvesant,194
21434227,Bushwick,41
12610130,Hell's Kitchen,57
10141901,Chelsea,236
44747914,Hell's Kitchen,219
22233957,East Elmhurst,87
4507336,Boerum Hill,190
2797968,Gowanus,63
48156158,Bedford-Stuyvesant,164
17554319,East Flatbush,51
1545904,Upper West Side,83
16039360,Clinton Hill,145
22722743,SoHo,157
12394733,West Village,183
2382638,Williamsburg,166
5557811,Park Slope,194
45241671,Washington Heights,165
17577516,Bedford-Stuyvesant,38
48659303,Park Slope,207
20475986,Borough Park,117
16054273,Long Island City,87
47590603,Crown Heights,34
5541794,Boerum Hill,177
50005810,Midtown,112
20208121,Bedford-Stuyvesant,164
22615044,Crown Heights,134
1826472,Upper East Side,20
21507130,Williamsburg,86
6603315,Bedford-Stuyvesant,24
54826837,Bedford-Stuyvesant,219
8123797,Bedford-Stuyvesant,92
12633326,Hell's Kitchen,185
45941987,East Harlem,218
27099720,Flushing,118
17300261,Sheepshead Bay,222
10822335,Hell's Kitchen,159
11220543,Harlem,169
14406209,Rockaway Beach,102
25717313,Bedford-Stuyvesant,69
56608005,Hunts Point,81
43663750,Bergen Beach,103
15519646,East Village,14
9696195,Midtown,153
14928133,Bay Ridge,45
44451329,Hell's Kitchen,214
20731701,Upper West Side,181
20806262,Chelsea,160
53807291,Bedford-Stuyvesant,63
23368381,West Village,225
55198535,Harlem,176
19316156,Bushwick,103
48917779,Upper East Side,167
4871854,Ditmars Steinway,150
7989588,Prospect-Lefferts Gardens,74
7736635,East Village,33
3361314,Midtown,162
8441922,East Village,176
21981004,Midtown,62
23419193,Bedford-Stuyvesant,64
49011670,Morningside Heights,44
48650466,Financial District,100
2225785,Bedford-Stuyvesant,117
5169544,Inwood,28
22501823,Bedford-Stuyvesant,82
52295646,Bushwick,14
47488979,Cobble Hill,163
18330301,Prospect-Lefferts Gardens,198
7263866,Chelsea,34
49640188,Longwood,143
20145159,Bushwick,141
24334354,Inwood,179
6544771,Greenpoint,206
53366556,Washington Heights,212
12894564,East Village,182
1447594,Williamsburg,102
3348059,Clifton,193
16272431,East Elmhurst,74
27088122,Downtown Brooklyn,114
50698947,Harlem,110
50195249,St. Albans,83
55203506,Williamsburg,111
2545015,Prospect Heights,37
3737983,Harlem,114
21776653,Hell's Kitchen,138
13938964,Bedford-Stuyvesant,233
45418959,Bath Beach,98
27131201,Harlem,161
5476623,Longwood,156
53151159,Financial District,227
9654772,Bushwick,175
4749244,Upper West Side,57
15512466,Hell's Kitchen,133
49818581,Carroll Gardens,85
5461159,Clinton Hill,110
7945956,Astoria,211
14482427,Crown Heights,69
48872491,Hell's Kitchen,134
3176846,Greenwich Village,49
48894583,Upper West Side,144
55083104,Woodside,17
50800018,Ditmars Steinway,69
27447669,East Harlem,102
47594469,East Village,175
23294926,Harlem,69
47042721,Long Island City,181
6169207,Upper West Side,64
12834364,Upper East Side,57
16506054,Greenpoint,178
49832941,Hell's Kitchen,168
12200323,Upper West Side,159
24894386,Astoria,70
49948924,West Village,144
13797575,Prospect Heights,194
51360602,Harlem,228
14783430,Prospect-Lefferts Gardens,208
20322447,Bedford-Stuyvesant,81
13368438,Williamsburg,191
53457685,Hell's Kitchen,46
44228200,Park Slope,96
12652657,Windsor Terrace,198
11662383,Bushwick,117
53359928,Chelsea,81
2297032,Upper West Side,113
57048740,Jamaica,72
12268256,Ridgewood,17
3656242,Chelsea,150
44654023,East New York,126
3433665,Sunset Park,82
3717547,East Village,138
50066011,Upper West Side,90
51819564,Harlem,99
24771223,Inwood,131
18992509,Financial District,222
55363120,Harlem,208
25156729,Bushwick,103
48805110,East Village,132
17671959,Williamsburg,82
5848321,Williamsburg,203
22092568,Financial District,33
2992930,Bedford-Stuyvesant,57
9827090,East Harlem,77
6263098,Kips Bay,121
6449776,Ridgewood,164
46149100,Long Island City,79
18378903,Hell's Kitchen,153
20901810,Bedford-Stuyvesant,115
56258399,Lower East Side,218
13258530,East Village,144
6671800,Hell's Kitchen,183
1388498,Chelsea,35
6940218,Harlem,112
5313142,Park Slope,125
21239817,Fort Greene,58
57055920,Upper East Side,226
56835000,East Flatbush,96
54394939,West Village,132
3565665,Midtown,27
7457723,Harlem,224
15389303,East Harlem,120
15192132,Fort Greene,190
25010922,Elmhurst,149
26306065,Harlem,144
27529410,Bedford-Stuyvesant,18
48263304,Astoria,116
24864562,Astoria,198
8924080,Upper East Side,227
23843912,Midtown,123
4214065,Jamaica,135
3261348,Prospect Heights,158
6496721,Chelsea,20
43940452,Crown Heights,170
5640656,Harlem,26
55348208,Cypress Hills,219
22475312,Greenwich Village,96
24983859,Chinatown,41
11083020,East Flatbush,142
23317570,Elmhurst,118
45462591,Mount Hope,21
8697637,Long Island City,136
9693986,Harlem,196
10051876,Jackson Heights,148
23692582,Sheepshead Bay,58
52915879,Harlem,126
47501130,Midtown,33
23061303,Ditmars Steinway,66
15905704,Boerum Hill,141
21107818,Bushwick,180
47989915,Bedford-Stuyvesant,69
20681994,Flushing,214
7767563,Chinatown,55
57269660,South Slope,158
23546774,Park Slope,237
16233218,East New York,177
55032845,Bushwick,221
10714636,Sunnyside,74
47958434,Flatbush,48
50748654,Harlem,82
3129900,Harlem,238
55342133,Fresh Meadows,169
20040774,East Village,36
13896436,Bushwick,210
5340205,Harlem,117
9228949,East Elmhurst,223
2458303,Prospect Heights,178
56912874,Sheepshead Bay,127
1653602,Bedford-Stuyvesant,119
15067865,East New York,56
6340420,Flatbush,139
1468582,Williamsburg,75
43805138,Arverne,71
20082749,Bedford-Stuyvesant,235
5325845,Bedford-Stuyvesant,131
8342508,Harlem,60
52074726,Long Island City,183
47989363,East Harlem,223
20127485,East Harlem,121
9236129,Crown Heights,176
15826725,Williamsburg,56
10107658,Brooklyn Heights,70
47549732,Flatbush,162
16372950,Bedford-Stuyvesant,158
8500465,East Village,203
50938093,Crown Heights,87
9742036,Flatbush,194
44374007,Fort Hamilton,145
2320228,Greenwich Village,52
20752689,Fordham,168
24935257,Fresh Meadows,182
4169881,Williamsburg,54
23069035,Bedford-Stuyvesant,152
2495308,West Village,48
46641199,East New York,222
19730934,Sunnyside,100
48203656,Harlem,218
17522838,Sunnyside,16
47543105,Inwood,118
50687901,Borough Park,117
2599692,Flatbush,17
4578031,East Harlem,71
1412247,Crown Heights,14
7021406,Midtown,112
19512775,Rockaway Beach,128
53981818,Crown Heights,180
9850839,Harlem,70
25963639,Greenwich Village,25
45677988,East Flatbush,89
16634188,Upper West Side,31
45087027,Lower East Side,118
24574052,Bayside,110
23913502,Financial District,137
46509199,Upper East Side,36
8751210,Bushwick,113
57084087,Bushwick,16
53654304,Chelsea,40
22375898,East Village,201
47928058,Bedford-Stuyvesant,140
49964940,Sunnyside,125
56466616,East Village,188
24517165,Park Slope,136
5527435,Prospect-Lefferts Gardens,237
23832313,Chelsea,42
18422535,SoHo,194
55070401,Midtown,124
54241951,Financial District,110
52242625,Brighton Beach,45
43929406,Inwood,197
16940162,SoHo,65
23674356,Harlem,135
24585098,Chelsea,29
2519609,Lower East Side,164
4424491,Williamsburg,121
24201802,Astoria,62
12953660,Chelsea,83
17232328,Crown Heights,116
11590584,Chinatown,200
13036505,Astoria,112
5508104,Williamsburg,55
11182434,Bedford-Stuyvesant,80
13859432,Harlem,29
56166717,Williamsburg,42
25804577,Sunset Park,143
26769445,Hell's Kitchen,127
24782822,Harlem,24
20517409,Stapleton,208
53992312,West Village,224
8498256,Midtown,156
8683277,Upper West Side,224
43509658,Bedford-Stuyvesant,229
18020461,Ridgewood,172
22620567,Bedford-Stuyvesant,59
20256723,Greenpoint,167
11207840,Prospect-Lefferts Gardens,210
9476380,Jackson Heights,120
26502132,Upper West Side,59
8362943,Crown Heights,117
26967721,Astoria,232
25930501,SoHo,213
16813685,Midtown,50
21918594,Bedford-Stuyvesant,147
6760720,Carroll Gardens,201
24444814,Jackson Heights,238
21098428,City Island,130
52242073,Bedford-Stuyvesant,238
46970370,Chinatown,138
50992771,Bedford-Stuyvesant,180
5407585,SoHo,110
25256143,Bedford-Stuyvesant,190
7033004,Bellerose,222
53525618,Upper West Side,55
11066451,Upper West Side,181
17785181,Elmhurst,71
14584050,Cypress Hills,185
24559140,Flatbush,48
50237776,Williamsburg,198
23672146,Gowanus,56
20427936,Gramercy,81
6234379,Park Slope,203
23226440,Mariners Harbor,170
5520255,Boerum Hill,62
55129498,Arverne,228
9527191,Crown Heights,41
2334036,Hell's Kitchen,138
5264540,Astoria,163
26592157,Queens Village,116
21202261,Astoria,182
1205135,Crown Heights,98
45639327,Upper East Side,83
3401080,Long Island City,118
6606076,Upper West Side,218
1739209,Greenpoint,27
55858534,Bedford-Stuyvesant,45
12787418,Upper East Side,11
45843678,East New York,240
15251781,Brighton Beach,223
7012569,Upper East Side,168
1419979,Washington Heights,79
53803978,Maspeth,196
56997376,Flatbush,70
18822400,Borough Park,100
13571684,South Slope,186
46942755,Chinatown,42
44592718,Harlem,97
47119491,Bushwick,21
52623160,Midtown,15
12103118,Morningside Heights,144
55653630,Fort Greene,186
45483026,Sunset Park,163
14651983,Astoria,151
13272337,Sunset Park,192
5145243,Bedford-Stuyvesant,183
55973412,Williamsburg,163
49897560,Richmond Hill,60
53088197,Prospect-Lefferts Gardens,198
2956478,Williamsburg,92
19333830,East New York,177
3899254,Ridgewood,71
25006503,Briarwood,237
4771336,Lower East Side,179
1688950,Greenwich Village,111
2429032,Crown Heights,198
47719841,Upper East Side,184
42960672,Park Slope,13
44618676,Fordham,19
15043564,Upper West Side,23
48871386,Hell's Kitchen,210
3054235,Upper West Side,42
9779040,Gowanus,201
12665360,Chinatown,153
44835178,Chinatown,196
25418519,Upper West Side,203
19179738,Hell's Kitchen,126
8520901,Lower East Side,184
52924164,Midwood,120
55314518,Concourse,63
14186946,Astoria,165
52313320,East Village,14
1571310,West Village,65
44878257,Rego Park,30
5170096,Prospect-Lefferts Gardens,15
14807731,Bedford-Stuyvesant,165
27137829,Sunnyside,22
1695025,Bushwick,43
7092100,East Village,44
47635339,Washington Heights,124
21671716,Williamsburg,181
17776896,Bushwick,104
56999033,Harlem,18
15619060,Harlem,92
7242878,Chinatown,173
24999323,East Flatbush,100
1675142,Clinton Hill,39
2129133,Financial District,172
2846018,Crown Heights,123
56842180,Hell's Kitchen,57
49798146,Kips Bay,129
55758567,Bedford-Stuyvesant,202
26369027,Sheepshead Bay,47
13154145,Long Island City,162
10857130,Park Slope,221
48473178,Crown Heights,191
22307413,Williamsbridge,164
27328372,Greenwich Village,152
3871639,Bedford-Stuyvesant,199
43373240,Midtown,38
11511605,Murray Hill,33
22230643,Jackson Heights,210
18059122,Sunset Park,93
19450365,Clinton Hill,107
53155577,Lower East Side,202
14354293,Harlem,140
48596893,Fort Greene,53
25127457,Bedford-Stuyvesant,38
12598531,East Harlem,214
46783692,East Flatbush,213
13476136,SoHo,89
25952593,Bedford-Stuyvesant,153
7610710,Bedford-Stuyvesant,48
11693312,Prospect-Lefferts Gardens,11
19734247,Bedford-Stuyvesant,164
54717482,Upper East Side,171
50120689,Woodhaven,106
51024252,Bedford-Stuyvesant,147
13684353,Upper East Side,136
15551680,Williamsburg,27
50441575,Boerum Hill,172
2942118,Upper West Side,214
26760608,Bedford-Stuyvesant,171
23127026,Midwood,159
3155306,Williamsburg,209
7198142,Bedford-Stuyvesant,166
16005118,Douglaston,67
25223005,Long Island City,152
24476295,Long Island City,141
44811429,Kingsbridge,143
48646600,Upper East Side,41
44206660,Hell's Kitchen,170
1829786,Kips Bay,113
8357972,Murray Hill,51
47551942,Hell's Kitchen,194
48528408,Midtown,105
15829486,Lower East Side,126
45692347,Prospect Heights,32
23390473,Claremont Village,146
2560479,NoHo,19
19557511,Midtown,92
55591773,Williamsburg,181
9283075,East Village,112
23817954,Williamsburg,53
55382451,Bensonhurst,57
48765897,Upper West Side,22
26713663,Hell's Kitchen,217
47741380,Greenpoint,216
22211865,Harlem,219
51239096,Bay Ridge,21
7246192,Kips Bay,187
55894433,Williamsburg,229
54238085,Jamaica,114
24499492,Williamsburg,29
43894059,Greenpoint,184
2188781,Nolita,151
20696906,Forest Hills,63
54536880,Greenpoint,130
14253222,East Flatbush,158
43024738,Nolita,205
3642435,Upper East Side,176
8602641,Ditmars Steinway,145
26834064,Bedford-Stuyvesant,94
10113734,Bay Ridge,216
48020844,Harlem,129
48097062,Financial District,107
26290048,Woodside,138
45199144,Parkchester,106
4481378,Bedford-Stuyvesant,27
46348480,Chelsea,38
13016623,Gramercy,224
12155035,Financial District,174
53582505,Borough Park,224
51912902,East Village,136
16251444,Upper West Side,54
5101611,West Village,131
25731121,South Slope,189
17754252,Brooklyn Heights,27
17916628,Hell's Kitchen,184
44820818,Harlem,88
49283402,Briarwood,46
5048038,Chelsea,101
5995785,East Village,181
17193115,Long Island City,50
10974217,Upper East Side,17
5993023,Bushwick,175
13693190,Bushwick,91
4369814,Lower East Side,97
52847946,Upper East Side,180
44514292,Sunnyside,41
52182425,East Harlem,85
20931082,Sunset Park,59
4401847,Upper East Side,212
3808677,Hell's Kitchen,182
15429621,Concourse,191
49521996,Chelsea,75
10095508,Tribeca,25
5186113,Prospect-Lefferts Gardens,37
53388648,Bushwick,99
10145215,Upper West Side,54
17559290,Washington Heights,104
19869561,Harlem,173
50934227,Williamsburg,211
6040521,Upper West Side,39
13650663,Midtown,148
52049320,Inwood,233
23345185,Astoria,169
26977662,Upper East Side,68
27106900,Harlem,10
54726319,Midtown,98
43593055,Midtown,130
44301656,Ditmars Steinway,237
46013786,West Village,94
52201203,Upper West Side,206
49829074,Bedford-Stuyvesant,223
12897326,Concourse,175
2498069,East Harlem,235
12169394,Upper East Side,204
44466241,East Village,182
21908653,Upper West Side,104
26160258,Throgs Neck,170
12495251,Kensington,180
55873446,Bedford-Stuyvesant,80
5271167,Bushwick,58
17487491,Flushing,211
8135395,Crown Heights,63
23282223,Upper East Side,190
2113668,Crown Heights,106
6202345,Williamsburg,137
3696560,Williamsburg,108
45514507,Bushwick,144
6413876,Prospect-Lefferts Gardens,46
26473964,Crown Heights,99
55136677,Woodside,52
51768752,Bushwick,18
9639308,Sunnyside,31
53293100,Ridgewood,221
26478383,Hell's Kitchen,19
11557446,Midtown,29
47987706,Rosedale,85
54454587,Castle Hill,77
11334869,Richmond Hill,60
8245855,Ridgewood,133
46993566,East Harlem,43
6107902,Upper East Side,191
25351691,East New York,106
13961608,South Slope,147
4098082,Williamsburg,147
4398533,Murray Hill,224
56182734,Upper West Side,123
12786313,Harlem,33
3551857,Fort Greene,101
13429743,Jamaica,41
16246473,Greenpoint,62
6362512,Crown Heights,164
2917817,Bedford-Stuyvesant,149
45876263,Williamsburg,217
23661653,Huguenot,183
4128459,Long Island City,54
4027388,Stapleton,124
23962104,Cypress Hills,58
55178100,East Flatbush,22
51722911,Bedford-Stuyvesant,104
56075587,Financial District,52
44807011,Brighton Beach,187
24645851,Chinatown,79
5335234,Upper East Side,74
46082271,Stapleton,154
44566208,Prospect Heights,196
26316559,Mill Basin,114
25484795,Inwood,233
3303322,Harlem,57
2472111,Park Slope,24
23716330,Lower East Side,88
23044734,Bushwick,25
12900087,Upper East Side,153
3819171,Upper East Side,109
18821296,Upper East Side,133
50906059,Gramercy,212
14716602,Ditmars Steinway,80
48745462,Little Italy,133
21066947,East Elmhurst,54
49351335,Upper East Side,163
19619369,Jackson Heights,42
25783037,Cypress Hills,151
23435762,Upper East Side,87
6945189,Flatlands,37
3184026,Park Slope,211
5695886,Williamsburg,184
5937241,Williamsburg,85
15176668,East Village,103
23592615,Flushing,200
23536833,Chinatown,139
43358328,Carroll Gardens,62
46533500,Williamsburg,55
47878903,Upper West Side,152
22480835,Fort Hamilton,88
8530842,Upper West Side,101
22615597,Flushing,36
5585426,East Village,75
26957227,Bedford-Stuyvesant,214
51849940,Canarsie,102
1649184,Harlem,112
48630583,Carroll Gardens,26
25408578,Hell's Kitchen,230
53632212,Chinatown,211
19556407,Greenpoint,174
25492527,Upper West Side,120
2344530,Midtown,33
19614398,Sunset Park,26
8808649,Fort Greene,40
11673981,Hell's Kitchen,220
4381412,Ridgewood,224
49001729,Upper East Side,190
10204311,Port Morris,61
19587336,Pelham Gardens,113
53537769,East Elmhurst,229
24234388,Chelsea,173
2749918,Canarsie,67
52796582,University Heights,165
48255019,Williamsburg,168
51341824,Ditmars Steinway,136
21969958,East Village,100
7680852,Clinton Hill,156
1550875,Upper East Side,92
25290385,Astoria,211
53476464,Flatbush,126
20651065,Harlem,106
5056323,Williamsburg,210
53738254,Williamsburg,131
11859002,Rosedale,20
49751752,Long Island City,39
43886326,East Harlem,108
55981696,Fordham,240
6115082,Greenpoint,176
54053065,Bushwick,153
22967412,Murray Hill,150
57193443,Williamsburg,151
7389790,East Flatbush,129
50272571,Fort Hamilton,29
12996187,South Ozone Park,146
2789131,Hell's Kitchen,219
23550088,West Village,239
7261657,Williamsburg,62
4274818,Williamsburg,28
48294233,Harlem,49
23812431,Astoria,156
22322878,Harlem,14
10219775,Williamsburg,142
4895051,Hell's Kitchen,222
23120399,Long Island City,15
56104307,Hell's Kitchen,14
50364253,Midtown,38
2446153,Clinton Hill,157
27506765,Borough Park,172
50201877,Harlem,157
47691121,Washington Heights,29
53668112,Williamsburg,204
23258474,Astoria,106
5514732,West Village,171
27336657,Bushwick,203
16240398,Williamsburg,88
48565964,Claremont Village,188
5088356,Jackson Heights,82
11372978,Williamsburg,144
53039594,Elmhurst,238
19134450,Upper East Side,67
15743328,Bedford-Stuyvesant,180
12462666,Bedford-Stuyvesant,104
4149446,Prospect-Lefferts Gardens,188
54169048,Sunset Park,164
17982904,Bushwick,154
17779658,Jackson Heights,222
10409214,Upper East Side,62
15229689,Greenwich Village,154
52881637,East Village,133
15680365,Upper East Side,88
3324862,Fort Greene,25
5163469,Washington Heights,86
56957611,East New York,185
54718586,Upper East Side,110
51651112,Chelsea,82
53192581,Washington Heights,224
4555387,Hell's Kitchen,54
56934414,Bushwick,112
48567621,Greenpoint,60
44494409,Flatbush,101
23174524,Upper East Side,77
44978224,Hell's Kitchen,54
4201915,Astoria,231
6699967,Theater District,60
6829758,Midtown,231
27295787,Bedford-Stuyvesant,149
4113547,Carroll Gardens,80
9598990,Upper West Side,214
44297238,East New York,185
49407117,Bedford-Stuyvesant,54
49113294,South Slope,104
4374784,Theater District,203
53632765,Hell's Kitchen,190
1534858,Williamsburg,165
48688023,Upper East Side,192
51609690,Fordham,19
7137389,Brooklyn Heights,223
11423237,Williamsburg,47
12798464,Prospect Heights,171
21272403,Upper West Side,104
9029017,Bushwick,128
22881253,Hell's Kitchen,70
19950749,Williamsburg,144
45758623,Astoria,165
8936782,West Village,187
5037544,West Village,137
21349173,Midtown,180
26600441,Bedford-Stuyvesant,221
8885419,Harlem,20
8070776,Crown Heights,69
1422741,West Village,25
3163591,Tribeca,130
55042786,Brighton Beach,238
10291022,Downtown Brooklyn,185
9777383,Ditmars Steinway,65
44876048,Brighton Beach,192
53496346,Bushwick,195
52339830,Upper West Side,112
3486686,Flatbush,229
10065684,Upper West Side,208
21012822,Bedford-Stuyvesant,99
4132877,Bedford-Stuyvesant,172
51526292,West Village,68
20298146,New Dorp Beach,180
22678559,Bushwick,214
53331761,Rockaway Beach,161
25773648,Flushing,12
47367473,Gramercy,18
49935668,Williamsburg,144
12865292,Rego Park,216
2093233,Greenpoint,216
22532199,Bushwick,123
27042281,Midtown,90
14697271,Upper West Side,32
51862643,Williamsburg,30
17273751,Bedford-Stuyvesant,227
23713017,Bedford-Stuyvesant,131
13193359,Williamsburg,101
6583984,Harlem,71
57272974,Williamsburg,22
18698685,Upper West Side,182
49788204,Hell's Kitchen,73
43832201,Harlem,189
47070336,Springfield Gardens,56
4205781,Bedford-Stuyvesant,80
55374166,Ditmars Steinway,223
6955682,East Village,161
7706810,Gramercy,182
9174271,East Village,81
24640328,Williamsburg,78
15872566,Ridgewood,51
6409458,Financial District,189
6628721,Hell's Kitchen,96
2337902,East Flatbush,28
15247915,Bedford-Stuyvesant,102
18377799,SoHo,102
24956796,Bedford-Stuyvesant,75
47604410,Harlem,238
20038012,East Harlem,36
7195933,Crown Heights,233
16105084,East Elmhurst,94
43966410,West Village,183
49820238,Williamsburg,112
3958903,Upper West Side,44
23086708,Hell's Kitchen,156
52969452,Midtown,133
27444908,Harlem,80
54657281,Harlem,33
13468404,Hell's Kitchen,212
19905460,Mill Basin,202
11186853,Crown Heights,108
42998780,St. Albans,203
20468254,Bedford-Stuyvesant,170
14042796,Bedford-Stuyvesant,99
9114071,Bedford-Stuyvesant,142
44837387,Greenpoint,36
54462871,Flushing,55
48813947,Bensonhurst,28
14021809,Williamsburg,99
12653209,Park Slope,137
56571001,Chelsea,110
48026367,Bushwick,80
3505464,Bedford-Stuyvesant,118
15835562,East New York,36
7817270,Fort Greene,227
6992134,Washington Heights,175
51936651,East Elmhurst,169
12464323,East Harlem,100
4706717,Upper East Side,75
3208327,Boerum Hill,219
55306234,Flatiron District,126
7919998,Harlem,50
13234229,Crown Heights,67
19375252,Windsor Terrace,70
2504697,Harlem,51
23676565,Greenpoint,154
4903336,Upper East Side,72
50542646,East Village,92
48246183,Washington Heights,53
14644803,Hell's Kitchen,144
54899188,Bay Ridge,106
17749834,Long Island City,204
5090013,Tremont,183
9531057,Williamsburg,44
15088300,East Village,29
19130584,Hell's Kitchen,80
18665547,Bedford-Stuyvesant,65
7732768,Williamsburg,240
12441126,Bedford-Stuyvesant,198
9950253,Bedford-Stuyvesant,28
24853516,Bedford-Stuyvesant,139
16073051,Arrochar,44
51282728,Upper East Side,47
9304062,Elmhurst,180
24245986,Upper West Side,34
50965708,Chelsea,14
50994427,Hell's Kitchen,88
6874494,Sunset Park,86
16926907,Williamsburg,173
10249600,Harlem,119
19247671,Chelsea,142
10848293,Crown Heights,27
3161381,Hell's Kitchen,170
51365021,Fort Hamilton,145
53523961,Williamsburg,132
55292978,Financial District,41
19352608,Washington Heights,116
5882011,Bushwick,125
5124256,Williamsburg,11
10536243,Upper West Side,189
6423265,Fort Greene,137
44578911,Williamsburg,184
24478504,SoHo,65
3445816,Crown Heights,66
7164452,Harlem,150
4726047,Upper West Side,178
8525871,Prospect Heights,220
7034109,Lower East Side,143
21060872,St. Albans,140
26607069,Harlem,124
56339587,Midtown,167
49275118,Midwood,123
17982352,Harlem,68
47705481,Midtown,57
3077984,East Village,190
25340092,East Village,92
3008394,Harlem,212
44233723,Bedford-Stuyvesant,62
21895397,Bedford-Stuyvesant,210
47143792,Washington Heights,49
2071693,West Village,161
43030814,Corona,68
12883518,NoHo,159
55929228,Long Island City,23
47316109,Crown Heights,95
4863018,Carroll Gardens,194
56911217,Washington Heights,208
26861127,Williamsburg,97
7495279,Upper West Side,165
57217192,Harlem,146
11931905,Jackson Heights,185
9522773,Bedford-Stuyvesant,149
47691673,Riverdale,189
46883106,Crown Heights,105
5417527,Clinton Hill,102
23090022,Bushwick,62
8509302,Bedford-Stuyvesant,108
3049817,Kips Bay,39
1699443,East Village,73
3414335,Harlem,99
13529157,Greenpoint,13
4526115,Prospect-Lefferts Gardens,46
51304268,Kingsbridge,65
43285976,Williamsburg,51
10469967,Cypress Hills,150
26568960,Bushwick,177
56076692,Kensington,172
5506999,Bay Ridge,47
46283308,Bedford-Stuyvesant,238
19597829,Red Hook,80
25088796,Astoria,78
2996796,Carroll Gardens,150
5345176,Flatbush,212
4873511,Harlem,119
23779845,Bedford-Stuyvesant,68
47224980,Flushing,238
10806318,Midtown,205
55173682,Crown Heights,122
24765700,Bedford-Stuyvesant,223
52928582,Flushing,219
7651028,Upper East Side,216
5251285,Bedford-Stuyvesant,97
4063840,Bedford-Stuyvesant,36
57222715,Williamsburg,228
46903541,East Village,206
47481799,Long Island City,224
2693031,Crown Heights,105
54908578,Crown Heights,116
47620979,Harlem,94
8658423,East Village,38
25037432,Midtown,29
18226468,Hell's Kitchen,218
55951872,Canarsie,167
48234032,Sunnyside,34
22912182,Fort Greene,126
23510323,Jamaica,200
8381721,Hell's Kitchen,33
3026620,Lower East Side,87
4069915,East Village,223
54212127,Sheepshead Bay,181
46203225,Williamsburg,59
8000634,Sheepshead Bay,212
47756845,Midtown,104
22796751,Chinatown,109
56170031,Bedford-Stuyvesant,229
21334261,Flatlands,235
50629357,Bushwick,42
18215422,Harlem,27
15247362,Sunnyside,39
9214589,Prospect-Lefferts Gardens,105
46277785,Bay Ridge,173
9790086,Upper West Side,49
1482389,Upper West Side,154
14645355,Upper West Side,24
20575953,Chelsea,226
7455514,Park Slope,198
45943644,SoHo,231
53648229,Red Hook,155
51736719,Prospect Heights,205
19391821,Kensington,74
1960129,Washington Heights,28
23426373,Bedford-Stuyvesant,175
13139785,Bushwick,95
18962132,West Village,17
1783393,Greenwich Village,176
51927262,East Village,17
24912060,SoHo,151
23791443,Lower East Side,120
27155503,Harlem,38
5408690,Bedford-Stuyvesant,84
47642519,Hell's Kitchen,56
44095648,Far Rockaway,119
12892355,Upper East Side,79
14619949,East Harlem,145
11708224,Prospect-Lefferts Gardens,225
17834888,East New York,116
4457629,South Slope,148
44562342,Williamsburg,228
6788335,Downtown Brooklyn,116
6364169,Flatbush,20
26786014,Hell's Kitchen,169
54792042,Flushing,43
53413501,Upper West Side,47
53762003,Flatlands,95
52279077,Greenwich Village,130
45431110,Harlem,29
22199162,City Island,156
47070888,Bedford-Stuyvesant,50
17611759,Bushwick,215
43363298,West Village,165
52313872,Richmond Hill,84
43005408,Hell's Kitchen,34
4587420,Williamsburg,38
22959679,Claremont Village,81
12459352,Crown Heights,117
19540942,Allerton,173
10205968,Kew Gardens Hills,168
27762480,Kips Bay,90
53032414,Prospect-Lefferts Gardens,22
5822915,Williamsburg,182
43431784,Bushwick,225
4395220,Flatbush,200
14795029,East Harlem,55
50488521,Astoria,161
2010940,Washington Heights,213
5114314,Columbia St,191
20932738,Tompkinsville,231
6033341,Bedford-Stuyvesant,112
9906621,Lower East Side,219
22841487,Hell's Kitchen,74
12123001,Tompkinsville,141
49229829,East Flatbush,35
44147012,Bushwick,212
17544930,Vinegar Hill,177
8959427,Prospect Heights,134
44500484,Astoria,207
2170555,Harlem,40
23668280,Williamsburg,140
12840439,East Village,237
55981144,Upper East Side,191
4495186,Bedford-Stuyvesant,188
56553327,Williamsburg,43
2103727,Williamsburg,125
53186506,East Village,215
3303875,Harlem,50
43025843,Harlem,115
16830254,Crown Heights,18
46795291,Astoria,148
7873605,Hell's Kitchen,81
1212867,Midtown,238
3565113,East Harlem,212
8482792,Elmhurst,154
22710040,Crown Heights,187
5013796,East Village,114
51869823,Upper West Side,199
5777626,West Village,19
2479843,South Slope,164
47207306,Upper East Side,192
45367043,Williamsburg,176
44920232,Harlem,113
25039641,Theater District,130
10182771,Little Italy,133
8972130,Upper East Side,225
18874316,Chinatown,211
12955317,Far Rockaway,156
7958107,Williamsburg,60
19118433,Hell's Kitchen,119
5482146,Bushwick,217
5273929,Chinatown,181
6690026,Washington Heights,45
20814546,Hell's Kitchen,36
17351625,Harlem,156
22812768,Williamsburg,97
48089882,Crown Heights,41
1602238,West Village,116
3710368,Harlem,133
17251659,Williamsburg,56
48179354,Wakefield,86
42866781,Bedford-Stuyvesant,200
55056042,New Dorp Beach,180
14757472,East Flatbush,176
26340860,Chelsea,143
4127354,Hell's Kitchen,122
24940780,Sheepshead Bay,43
7045707,Astoria,60
26890951,Astoria,68
21375131,East Village,177
47786669,Long Island City,228
18292192,Chelsea,124
54128730,Cobble Hill,131
6591164,Bedford-Stuyvesant,231
15230793,East Flatbush,82
7847647,East Village,235
7230175,Upper West Side,219
46730119,Flatiron District,88
27053879,Upper West Side,39
11083573,Maspeth,111
17996712,Hell's Kitchen,74
2456647,Crown Heights,41
9338305,Crown Heights,40
22371480,Chelsea,135
48181564,East Village,87
19801628,Hell's Kitchen,105
15695830,Parkchester,103
45003077,Prospect-Lefferts Gardens,119
24978888,Jamaica,53
7734978,Bedford-Stuyvesant,194
54610888,Prospect-Lefferts Gardens,204
3665079,Park Slope,20
44307731,Chinatown,213
8311579,East Village,20
15488165,Hell's Kitchen,90
12583067,Bedford-Stuyvesant,193
21813105,Spuyten Duyvil,149
12976305,Cambria Heights,105
50884520,Upper West Side,127
22515630,East Village,16
10741147,Upper West Side,138
24190756,Financial District,94
16139327,Bushwick,131
44626961,Upper East Side,170
1005754,Hell's Kitchen,204
52354742,Prospect-Lefferts Gardens,87
48069999,Williamsburg,148
54688210,Hell's Kitchen,41
23062407,Harlem,74
5043620,Crown Heights,236
16921384,Sunnyside,44
7311364,Williamsburg,127
2670939,Upper West Side,177
25068361,Bedford-Stuyvesant,81
22808902,East Village,80
3564560,Sunset Park,230
1126708,Windsor Terrace,17
13362915,Roosevelt Island,16
16023344,Bedford-Stuyvesant,179
20781961,Red Hook,219
17225701,Williamsburg,22
4954147,Bedford-Stuyvesant,76
12499670,Sunset Park,168
10297097,Bushwick,200
25785246,Wakefield,191
15589788,Hell's Kitchen,143
7980751,Bushwick,37
45684615,Inwood,75
53068866,East Flatbush,77
6798277,Williamsburg,158
48092643,Upper East Side,190
50218998,Flatbush,71
52567378,Clinton Hill,131
2535073,Canarsie,150
50072086,Crown Heights,239
18495439,Ridgewood,61
14505071,Midtown,24
22810006,East Village,158
23399863,Harlem,211
44902006,Crown Heights,204
16384548,Flushing,183
13121007,Williamsburg,216
23004968,East Village,58
5161812,Bushwick,31
2152882,Sunset Park,36
8730222,Nolita,69
19531553,Allerton,230
43558813,Williamsburg,122
21545239,Bushwick,72
23896380,Financial District,164
48718399,Williamsburg,24
45108014,Hell's Kitchen,187
21357457,Upper West Side,152
8218240,Flatbush,171
7540568,Williamsburg,123
47656879,Kips Bay,221
15806842,Harlem,121
46038087,Bushwick,75
1314490,West Village,16
7159481,East Village,100
18366753,Williamsburg,196
54368428,Financial District,31
23624096,Harlem,166
20068941,Bedford-Stuyvesant,219
48853713,Downtown Brooklyn,185
46536814,West Village,33
14252118,Morningside Heights,231
56806833,Fort Greene,72
26845662,Midtown,101
48210835,Prospect-Lefferts Gardens,226
25701297,Financial District,125
10079491,Long Island City,30
22346074,Lower East Side,234
54682687,Prospect Heights,36
26815286,Jackson Heights,74
4905545,Bay Terrace,219
6518813,Windsor Terrace,177
6660202,Williamsburg,16
5316456,Greenpoint,223
9457049,Murray Hill,104
54480545,Elmhurst,148
13539098,Upper West Side,121
18677698,Jamaica,138
13288906,Whitestone,195
24354237,West Village,63
21433122,Jackson Heights,114
48691889,Hell's Kitchen,140
4177613,Prospect-Lefferts Gardens,122
52702691,Upper West Side,150
4384174,Williamsburg,21
5827886,Fort Greene,24
25708477,Hell's Kitchen,212
8626942,Fort Greene,152
3044846,Harlem,238
48052325,East Village,95
13292773,Long Island City,192
55897195,Bedford-Stuyvesant,10
3154201,West Village,225
47219457,Windsor Terrace,217
19207353,Bushwick,115
43595817,Harlem,100
20223033,Greenpoint,118
12929359,Clinton Hill,238
51106544,Harlem,199
5480489,Harlem,124
8684934,Harlem,239
55564710,Theater District,48
42821492,West Village,186
3741849,Prospect-Lefferts Gardens,90
22561471,Bedford-Stuyvesant,31
10246286,Bedford-Stuyvesant,133
3801497,East Village,43
6831967,Fresh Meadows,194
13518663,Harlem,115
19687854,Bushwick,44
25095424,Ozone Park,14
10657749,East Village,149
43566545,Kips Bay,134
10439038,Upper East Side,190
47688912,Washington Heights,141
20552204,Springfield Gardens,182
3301666,Hell's Kitchen,155
7309154,East Village,213
25235155,Borough Park,207
21226010,Chinatown,155
6913155,Williamsburg,96
13245827,Harlem,101
19586783,Bushwick,109
20465493,Schuylerville,32
1070374,Prospect-Lefferts Gardens,222
13612554,Prospect Heights,165
1128365,Ridgewood,131
17535541,Maspeth,140
14754711,Brooklyn Heights,225
2894620,Harlem,21
23011043,Hell's Kitchen,210
48111421,Lower East Side,175
1508900,Upper West Side,115
26962750,Lower East Side,15
17646553,Bedford-Stuyvesant,186
8066358,Chelsea,159
55769613,East Village,15
21579482,Upper East Side,71
23437419,Upper East Side,201
4734884,Prospect-Lefferts Gardens,186
4356006,South Slope,40
26851738,Flatbush,156
4605094,Prospect Heights,161
5367820,Greenpoint,75
53985684,Clinton Hill,177
5488221,Theater District,113
3464594,Washington Heights,146
54110504,Washington Heights,116
11902633,Hell's Kitchen,108
47553598,Bushwick,67
21039332,Midtown,33
13598747,Crown Heights,165
13578864,Sunnyside,74
49698732,East Harlem,213
7903981,Chelsea,119
2205350,Astoria,81
13597642,Flushing,50
44595480,Canarsie,207
11161447,Upper West Side,237
14003030,Bushwick,180
5322531,Fort Greene,107
2425165,Chelsea,93
44753990,Fort Hamilton,69
9464229,Bay Ridge,221
2984093,Crown Heights,212
15587579,Ozone Park,75
47232160,Richmond Hill,190
4814415,Bedford-Stuyvesant,119
19193546,Greenwich Village,168
4982867,Fort Greene,102
8610925,Flushing,69
19187470,Harlem,114
43456637,Bedford-Stuyvesant,195
11201765,Upper East Side,195
11667906,Harlem,202
52659612,Park Slope,162
56543386,East Village,205
43442277,Chelsea,14
5899132,Williamsburg,217
13176790,West Brighton,38
57097342,Rego Park,216
26926298,Upper West Side,96
12420139,Chelsea,196
10073416,Harlem,26
51251799,East Harlem,160
20238497,Windsor Terrace,215
11937428,Fort Greene,144
2118087,Williamsburg,39
43573725,Elmhurst,181
1437101,Bedford-Stuyvesant,140
22922675,Greenpoint,152
54714720,Wakefield,240
50965156,Chelsea,225
17908344,East Village,34
15959277,Hell's Kitchen,147
17774135,Kips Bay,104
3353029,Bushwick,37
48824441,Financial District,176
4365948,Bushwick,42
43415767,Financial District,114
47854602,Chelsea,163
7169422,Jackson Heights,16
25257800,Upper East Side,221
20758212,Elmhurst,193
50572470,Theater District,77
8128768,Prospect Heights,44
3150335,Williamsburg,13
43101508,Chelsea,224
23971493,Lower East Side,128
46700847,East Flatbush,95
18710836,Murray Hill,233
3492761,Harlem,22
54991975,Washington Heights,171
2413015,Washington Heights,215
20633944,East Flatbush,179
26243103,Greenwich Village,225
52356952,Chelsea,145
1249871,Clinton Hill,144
14931999,Richmond Hill,233
15090509,Astoria,99
13269024,Long Island City,93
19817092,Williamsburg,34
2591408,Bedford-Stuyvesant,227
53854789,Hell's Kitchen,21
24767910,Financial District,57
50768537,Fort Greene,225
17795674,Upper East Side,114
43539482,Bedford-Stuyvesant,147
4242785,Clason Point,122
46425802,Bushwick,229
11163104,Crown Heights,142
27161578,Bedford-Stuyvesant,170
26321530,Upper East Side,160
16832463,East Village,181
12602950,East Flatbush,96
55830919,Midtown,120
9072096,Washington Heights,207
2660445,Crown Heights,128
15250676,Lower East Side,208
14036168,Upper West Side,114
3930735,Sunset Park,169
5391016,Prospect-Lefferts Gardens,66
45189754,Bedford-Stuyvesant,189
23186675,Bushwick,41
52675076,Bedford-Stuyvesant,208
44827446,Bushwick,139
25358871,Upper East Side,142
50508956,Crown Heights,22
2613500,East Harlem,202
51764334,Bushwick,132
9561986,Sunset Park,38
2526789,Park Slope,162
48928825,Upper West Side,17
21344754,Murray Hill,12
12897878,Bedford-Stuyvesant,81
55169815,Williamsburg,154
48684157,Bedford-Stuyvesant,149
25187658,Upper East Side,24
15338492,Washington Heights,206
11792173,Upper West Side,210
53500213,Bedford-Stuyvesant,178
1339344,East Harlem,218
43975799,Chinatown,138
54597080,Greenwich Village,90
48821679,East Village,53
24169216,Greenpoint,95
48636106,Harlem,26
48202551,Park Slope,90
57214430,Gramercy,78
3302218,Long Island City,214
48889060,Williamsburg,199
3876610,Kips Bay,135
54391625,Bedford-Stuyvesant,18
48579772,Hell's Kitchen,38
21995916,Harlem,27
53929350,Lower East Side,125
11845194,East Flatbush,44
18810802,Bedford-Stuyvesant,55
52285153,Midtown,100
49035972,Theater District,30
6162027,SoHo,28
14901070,East Flatbush,114
23455093,Bedford-Stuyvesant,114
50031216,East Village,96
48289814,Midtown,153
1967309,East Village,42
13040924,Williamsburg,22
44609287,South Slope,158
42899366,Crown Heights,187
56749393,Tribeca,209
8925736,Sunnyside,136
56169478,Fort Greene,144
14444870,East Village,132
55898299,Bedford-Stuyvesant,27
14462544,Harlem,175
21665641,Washington Heights,171
22490224,Williamsburg,87
25630602,Hell's Kitchen,224
13153593,Long Island City,31
4156074,Windsor Terrace,17
43382077,Nolita,30
55039473,Bedford-Stuyvesant,71
8563428,Williamsburg,63
50527734,Bedford-Stuyvesant,54
17742654,Flushing,152
4465914,Fort Greene,15
46599224,Longwood,199
10511942,East Village,226
20777542,Greenpoint,73
2940461,Bushwick,48
52196232,East Flatbush,179
53231242,Kips Bay,96
54077366,Bedford-Stuyvesant,123
45272599,West Village,76
48593579,Hell's Kitchen,40
24599458,Williamsburg,149
4855285,Midwood,113
54538537,Bushwick,178
8446340,East Village,47
25449448,Washington Heights,29
46347928,Harlem,170
11600525,Gowanus,238
10335206,Upper West Side,144
13753391,Downtown Brooklyn,170
20253409,Lower East Side,77
42908203,Upper East Side,128
1740866,West Village,88
49686029,Bushwick,140
11838014,Harlem,153
44069138,Rego Park,215
25047373,Astoria,195
56035822,Flatbush,198
1823158,Inwood,42
55865713,Bushwick,180
48710115,East Village,54
50004706,Crown Heights,160
44508769,Williamsburg,20
15470491,East Flatbush,13
4254935,Williamsburg,176
48417948,East Village,179
15267797,East New York,38
24597249,Rosedale,37
44148117,East Village,63
5786463,Bedford-Stuyvesant,207
47792192,Bedford-Stuyvesant,56
6392336,Boerum Hill,204
23228097,Bushwick,106
50200220,Upper West Side,18
12034081,Bedford-Stuyvesant,103
53799007,Rockaway Beach,235
56102098,Murray Hill,70
9058841,Midtown,199
51298745,Chinatown,213
24347609,Chelsea,192
16144850,Woodside,86
4124040,Upper West Side,228
17056697,Williamsburg,52
47589498,Boerum Hill,118
51762124,Bayside,232
17063877,Williamsburg,57
6928620,Greenwich Village,39
1606105,Harlem,65
1343762,Harlem,205
11632006,Long Island City,72
53638840,Upper East Side,172
20312506,Midtown,124
7729455,Sunnyside,121
52125538,Bedford-Stuyvesant,117
25811204,East Village,144
23640113,Bedford-Stuyvesant,239
12969677,East Harlem,211
17428947,Greenpoint,149
20170564,Upper East Side,107
48445563,Astoria,99
3143708,Crown Heights,46
9656982,Bushwick,215
3660108,Prospect Heights,207
11591136,Prospect-Lefferts Gardens,50
44536384,Upper West Side,80
19622131,Bedford-Stuyvesant,178
3571188,Midtown,164
53791275,Long Island City,166
47471858,Midtown,166
7971914,Woodhaven,173
15458341,Williamsburg,220
1220599,Bedford-Stuyvesant,26
11467973,Bedford-Stuyvesant,72
4987837,East Village,52
44798726,Upper East Side,135
9196916,Crown Heights,128
5108239,SoHo,14
44485020,Hell's Kitchen,195
55537095,SoHo,132
6287952,Harlem,167
4795637,Bushwick,162
52086325,East Harlem,203
20740538,Hell's Kitchen,140
7974124,Williamsburg,31
1549770,Prospect-Lefferts Gardens,74
53832145,Sunnyside,75
49725794,Crown Heights,142
54798118,Park Slope,54
50083685,Upper East Side,237
51485422,Flatbush,101
4242232,Midtown,36
50105224,Harlem,175
8237571,Lower East Side,14
3986518,Williamsburg,86
17300814,Gowanus,109
51721254,Jamaica,65
14477456,Hell's Kitchen,207
10310353,Upper West Side,86
3459623,Lower East Side,167
46627944,Ozone Park,77
1603343,East Village,166
57119434,Astoria,215
43228537,Astoria,179
48003171,Fort Greene,60
51338510,Midtown,131
16236532,Clinton Hill,179
14272000,East New York,240
2798520,Harlem,143
7953688,Williamsburg,182
54389416,Bedford-Stuyvesant,52
2038003,Upper West Side,174
50421140,Rosedale,70
19196860,Bushwick,94
5635133,Canarsie,210
20806814,Theater District,48
44884885,Chelsea,67
53779676,East Flatbush,99
10672109,Flushing,136
19733695,Ditmars Steinway,63
11514367,Hell's Kitchen,137
53785199,Hell's Kitchen,149
50753625,Williamsburg,61
55771270,Sheepshead Bay,137
7943195,East Harlem,228
7053439,Upper East Side,168
15374944,East Village,36
22199715,Upper East Side,18
26304408,Midtown,217
14680702,Bushwick,230
15472148,Bedford-Stuyvesant,156
50040605,Upper West Side,222
22279246,Hell's Kitchen,150
4544893,Upper East Side,228
27532171,Midwood,214
15091061,Crown Heights,118
11053196,Williamsburg,197
8915795,Upper West Side,143
1778974,Gramercy,134
17307994,Bushwick,35
55812140,Crown Heights,81
7641639,Crown Heights,24
1568548,Bedford-Stuyvesant,69
19894967,Fort Greene,56
18688191,Great Kills,50
23057989,Bushwick,114
47121700,Williamsburg,24
24486789,Roosevelt Island,191
57119987,Sunset Park,106
24776746,Bedford-Stuyvesant,192
7635011,West Village,155
6703281,Harlem,25
4822700,Upper West Side,138
4559805,Bedford-Stuyvesant,150
6826996,Columbia St,141
2736110,SoHo,198
7337322,Park Slope,18
2640562,Prospect-Lefferts Gardens,166
25768677,Prospect-Lefferts Gardens,105
54677164,Flatbush,217
19827034,Lower East Side,162
21654595,Williamsburg,183
16809267,Greenpoint,171
14713840,Two Bridges,221
45555929,East New York,42
48470416,Flatbush,85
4690700,Windsor Terrace,187
3224896,Carroll Gardens,112
52776147,Tribeca,43
14342695,Clinton Hill,110
3003424,Clinton Hill,175
10066236,Bedford-Stuyvesant,113
11786650,Carroll Gardens,62
56323018,Concord,109
47307825,Harlem,173
23440180,Gramercy,131
17755357,Upper East Side,204
45219026,Williamsburg,84
53716714,Upper East Side,149
18288326,Lower East Side,127
44422610,Springfield Gardens,129
43605758,Bedford-Stuyvesant,103
55623806,Sunnyside,220
5844455,Boerum Hill,22
6871180,Long Island City,238
48922750,SoHo,16
43424604,East Harlem,141
10096060,East Village,156
12945928,Astoria,11
12167185,Harlem,57
6650260,Kensington,23
53030758,Rego Park,160
57095686,Hell's Kitchen,103
53077703,Inwood,211
12016960,Crown Heights,176
15589236,Upper West Side,21
18439104,Midtown,178
48071656,Park Slope,90
47452528,East New York,166
49716958,East Village,14
25798501,Theater District,209
1669619,Fort Greene,46
14237206,East Harlem,44
52500550,Flushing,152
54514788,Williamsburg,174
20139083,Harlem,28
54387206,Bedford-Stuyvesant,132
3458519,East Village,56
14458126,Chinatown,88
22288635,Fort Greene,161
48499136,Greenpoint,11
56960924,Hell's Kitchen,146
44730241,Jamaica,65
55697814,Flushing,150
5176724,Harlem,77
18856643,Harlem,83
14653640,Kensington,43
50147199,Upper West Side,202
47978869,Crown Heights,62
56541729,Clinton Hill,79
15860415,Ditmars Steinway,185
2712361,Chelsea,152
24604429,Pelham Bay,106
56192675,Flushing,119
14648117,Williamsburg,97
10988025,East Village,56
5085595,Springfield Gardens,161
11964491,Upper West Side,129
24128346,Chelsea,130
47557465,Upper West Side,198
47538686,Bedford-Stuyvesant,85
57052606,East Harlem,72
4933160,Bedford-Stuyvesant,156
20164489,Flushing,57
21613172,Williamsburg,105
14373071,Bedford-Stuyvesant,80
55945245,SoHo,45
8279545,Chinatown,155
56917293,East Flatbush,109
51804652,East Village,33
7188201,Washington Heights,71
50746997,Bedford-Stuyvesant,59
51184971,Harlem,234
21432570,Brooklyn Heights,114
17961917,Wakefield,59
5239686,Brooklyn Heights,199
8200567,Washington Heights,70
25055106,Corona,155
52888816,Mott Haven,152
50284170,Williamsburg,15
16885484,Bushwick,186
5525778,Bedford-Stuyvesant,218
5735652,Harlem,189
49840120,Rockaway Beach,45
46516379,Fresh Meadows,130
2182706,Bay Ridge,62
6994343,Fort Greene,40
4348826,Nolita,224
18473347,Kips Bay,96
51025356,Bedford-Stuyvesant,104
9777935,Williamsburg,27
18589330,Prospect-Lefferts Gardens,158
16495008,Gowanus,90
52892130,Flushing,88
43990159,Chelsea,108
48961963,Sunset Park,62
9337752,Elmhurst,201
51003817,Bedford-Stuyvesant,198
8610373,Flushing,69
54093935,Brighton Beach,136
4520039,Hell's Kitchen,111
3313816,Theater District,193
45839812,Crown Heights,192
52888264,Bushwick,145
24241568,Theater District,104
1844146,Williamsburg,221
1479076,Upper West Side,211
17809482,Clinton Hill,131
55080343,Bedford-Stuyvesant,81
57287334,Upper East Side,170
9018523,Astoria,25
44114979,Lower East Side,102
13546831,Windsor Terrace,234
26452425,Hell's Kitchen,33
13491601,Chelsea,69
56045211,Rego Park,23
24069802,Bedford-Stuyvesant,109
18563924,Bushwick,236
7357757,Prospect-Lefferts Gardens,127
22886776,Williamsburg,214
26448559,East Harlem,221
1628749,Lower East Side,159
44486124,Greenpoint,196
5613593,Flushing,105
27659752,East Elmhurst,80
26545763,Morrisania,160
55182518,Greenpoint,120
20219167,Bushwick,38
9743693,Bedford-Stuyvesant,52
27254917,Gowanus,139
48154501,Greenpoint,147
19708289,Crown Heights,31
48414634,Williamsburg,41
2607424,Williamsburg,157
1634272,Williamsburg,188
52897653,Harlem,115
7893488,Williamsburg,71
4367052,South Slope,147
55110719,Williamsburg,99
18501514,Astoria,203
8691561,Fort Greene,158
23489887,Hell's Kitchen,197
44025506,Crown Heights,41
53718371,Bedford-Stuyvesant,58
14543732,West Village,94
25976894,East Harlem,106
4709478,Elmhurst,185
55201849,Harlem,164
4057764,Gowanus,137
11870600,Chelsea,14
50835917,Crown Heights,228
6977222,Bushwick,71
9027912,Crown Heights,34
13769960,Wakefield,160
14146628,Williamsburg,76
6433759,Williamsburg,111
23754439,Greenpoint,78
52615980,Clinton Hill,139
53927140,SoHo,225
9833165,Harlem,131
17295291,Midtown,202
49621962,Prospect-Lefferts Gardens,147
4985628,Prospect Heights,234
12340055,East New York,191
43451666,Boerum Hill,233
45905535,Williamsburg,222
12325695,East Elmhurst,178
19289094,Middle Village,225
9772412,Greenpoint,88
25109783,Astoria,185
54213232,Williamsburg,78
20617375,Upper East Side,147
24252614,Crown Heights,151
17196981,Williamsburg,115
24741952,Hell's Kitchen,124
2658236,Mount Eden,225
9772965,Hell's Kitchen,221
1570757,Midtown,88
26173513,Williamsburg,225
17681348,Kips Bay,196
12676958,Morris Park,140
17670855,Williamsburg,164
25128009,Lower East Side,109
11755722,Bedford-Stuyvesant,128
12825527,Greenpoint,133
1981116,Upper East Side,215
47586184,Jamaica,104
23998003,Crown Heights,215
53104213,East Village,178
2384848,Williamsburg,214
17652629,Crown Heights,148
7371564,Midtown,30
47380176,Gowanus,104
54391072,Bedford-Stuyvesant,19
12925493,West Village,63
46611375,Greenpoint,86
50023484,Jamaica,139
16454690,Lower East Side,180
27198582,East Flatbush,90
9242757,Kensington,88
50435500,Williamsburg,74
7424033,Lower East Side,146
26242551,Sunnyside,31
44945638,Harlem,89
26789880,Kips Bay,141
11371873,Midtown,34
11942399,Prospect-Lefferts Gardens,178
22117422,Two Bridges,60
15875880,Williamsburg,180
8589938,Gramercy,35
54190035,Flatbush,196
9978420,Astoria,154
24815960,Harlem,68
53170489,Harlem,133
53169937,Murray Hill,189
17965231,Astoria,75
54663356,Mill Basin,202
51874241,Richmond Hill,95
17865264,Midtown,15
54408194,Flushing,92
3826903,Park Slope,58
12630013,Park Slope,112
9710555,Inwood,44
9840898,Lower East Side,219
8987042,Flatbush,162
21196738,Maspeth,48
13519768,Bushwick,153
16694388,Bensonhurst,60
20897944,Hell's Kitchen,44
50998294,Lower East Side,170
20880822,Sunset Park,193
15904047,Bedford-Stuyvesant,61
9998303,Flatbush,164
2102622,Bedford-Stuyvesant,125
13628019,Williamsburg,238
20183267,Crown Heights,206
57123853,Upper East Side,145
20586999,Bedford-Stuyvesant,162
11413296,Bedford-Stuyvesant,118
5057980,Flushing,33
17821080,Prospect Heights,142
25875823,Washington Heights,92
3448577,Bushwick,96
23625201,Brooklyn Heights,57
49667251,SoHo,110
11540877,Williamsburg,225
50640955,Morris Heights,197
12431737,Hell's Kitchen,88
46046924,Washington Heights,83
56256742,Clinton Hill,89
6128889,Upper East Side,215
26846215,Sheepshead Bay,30
9417836,Chelsea,99
52245387,Flushing,211
22612835,Bushwick,208
4360977,East Flatbush,95
21270746,Upper West Side,80
54599842,Brownsville,123
51815698,Sheepshead Bay,30
46650036,Williamsburg,173
10392645,Lower East Side,170
24191861,Financial District,107
46460044,Windsor Terrace,231
51646694,Chelsea,189
16050959,Bushwick,191
22701755,Williamsburg,232
23796966,Sunnyside,40
55685664,Williamsburg,55
23027060,Bay Ridge,52
2728930,East Village,30
53794036,Upper West Side,217
14786744,Upper East Side,149
53474254,Harlem,202
56091604,Little Italy,127
25552176,Upper East Side,203
9612245,Ridgewood,64
27638213,Rockaway Beach,222
20182163,Bushwick,88
24638671,East Harlem,111
53605150,Gramercy,155
54352964,Jamaica,21
46456731,East Flatbush,219
21162495,Harlem,213
10397064,Bushwick,57
15929453,Middle Village,131
14925924,Hell's Kitchen,226
49732422,Chelsea,113
50153827,Prospect-Lefferts Gardens,50
2760412,Williamsburg,111
5739518,Bushwick,48
6370797,Bushwick,153
49465109,Hell's Kitchen,232
52754608,Hell's Kitchen,74
19561930,Astoria,99
16646338,Williamsburg,61
25922769,New Brighton,47
47646385,Upper East Side,211
2579257,Harlem,183
48518467,Fort Greene,45
50116270,St. Albans,80
7288719,Harlem,93
19349294,South Slope,95
8146441,Bushwick,156
50243852,Sheepshead Bay,194
56669862,Williamsburg,193
9628814,Harlem,202
16752932,Crown Heights,70
50422245,Little Italy,127
1639243,Prospect Heights,165
26916357,Williamsburg,64
43490880,Bushwick,190
25301431,Williamsburg,13
52445320,Harlem,200
55957948,Murray Hill,169
25784142,Jamaica,49
50286379,Murray Hill,92
14444318,Bedford-Stuyvesant,16
27241661,Greenpoint,119
7743814,Upper West Side,214
4848658,Kips Bay,139
46633467,Hell's Kitchen,54
54736812,Bedford-Stuyvesant,149
19646984,Williamsburg,43
48271036,Bedford-Stuyvesant,143
13353526,St. George,194
16268565,Williamsburg,35
53696831,Murray Hill,239
20567668,Financial District,89
9336095,Kew Gardens,45
50714964,Williamsburg,180
44763379,Bedford-Stuyvesant,132
19286884,Morningside Heights,73
17888461,Ditmars Steinway,71
22423948,Bedford-Stuyvesant,134
1530439,Graniteville,236
22269857,Bushwick,93
43187115,Chinatown,81
21561808,Fort Greene,173
27271486,Bedford-Stuyvesant,112
49367904,Upper West Side,179
4188107,Williamsburg,157
24917031,Chelsea,223
8504884,Bushwick,191
47331574,Harlem,197
45938121,Upper West Side,66
11128861,West Village,143
8922975,Hell's Kitchen,38
17356596,Upper East Side,36
55663572,Hell's Kitchen,228
2917265,Bushwick,61
56867033,Hell's Kitchen,170
17323458,Bedford-Stuyvesant,67
22135648,Upper East Side,87
17658704,Flushing,104
57333727,Jamaica,214
6798829,Midtown,190
47001298,Concourse,191
5989157,Bedford-Stuyvesant,64
4372575,Williamsburg,187
52452499,Lower East Side,199
45237252,Midtown,12
8018308,Crown Heights,200
11714299,Williamsburg,51
23628515,East Village,50
3060863,Prospect-Lefferts Gardens,227
15651094,Upper West Side,158
12930464,Bushwick,49
9709450,Washington Heights,53
3558485,Washington Heights,65
6887197,Harlem,42
52848499,Upper West Side,155
21545791,East Village,153
50287483,Tribeca,125
4098634,Chinatown,139
19961795,Harlem,163
3652376,East Harlem,17
24511642,Morningside Heights,17
53461552,Tribeca,57
1997133,Kew Gardens,160
47804343,East Village,226
20246230,SoHo,69
2306421,Park Slope,56
14770175,Sheepshead Bay,168
10731757,East Village,121
5003854,Harlem,84
45703393,Ridgewood,153
22730475,Inwood,195
6783917,Washington Heights,163
6471315,Astoria,157
46812412,East Flatbush,71
6991582,Sunset Park,123
47059290,East Harlem,18
9707793,Bedford-Stuyvesant,27
19922582,Upper East Side,86
48457161,West Village,47
47863439,Washington Heights,88
20207016,Prospect-Lefferts Gardens,70
54503189,Park Slope,81
11396174,Kingsbridge,179
44402175,Ditmars Steinway,120
26546868,Tribeca,144
56114248,Prospect Heights,42
56974732,Astoria,93
18821848,Astoria,174
48047355,Harlem,202
9990019,Bedford-Stuyvesant,140
51532368,East Harlem,211
45021855,Glendale,67
13423668,Dongan Hills,199
19783402,Chelsea,138
8524767,Roosevelt Island,105
18139757,Harlem,115
24380195,Bedford-Stuyvesant,232
18812459,Bedford-Stuyvesant,188
18870450,Sunnyside,157
47595573,Theater District,69
48340626,Williamsburg,27
2552194,Upper West Side,222
26015555,Clinton Hill,58
2987959,Bushwick,24
24935809,Springfield Gardens,65
6659097,Nolita,53
6111768,Bushwick,215
54631323,Coney Island,193
51542309,Washington Heights,32
21310512,Upper West Side,208
15942708,Clason Point,191
7334560,Harlem,137
56778113,Middle Village,184
46310923,Park Slope,219
51201540,Bedford-Stuyvesant,148
48954231,Upper East Side,75
1410038,East Harlem,117
52535897,Jackson Heights,106
45481369,Throgs Neck,68
45952481,Great Kills,108
4998883,Prospect Heights,235
11642500,Astoria,42
52271897,Bedford-Stuyvesant,80
47913698,Upper West Side,212
6761273,Chelsea,119
50020170,Gowanus,193
44708149,Williamsburg,11
4782382,Gowanus,85
43383733,Bedford-Stuyvesant,34
9360397,Bushwick,33
47306168,Bedford-Stuyvesant,235
8862774,Kips Bay,111
56610214,East Village,52
47924744,Upper East Side,145
2275492,Fort Greene,221
49592690,Ditmars Steinway,159
12246164,Williamsburg,227
55807722,Long Island City,171
22834860,Bedford-Stuyvesant,101
50421692,Rosedale,20
15212567,Lower East Side,153
13985357,Astoria,61
46625734,East Harlem,222
17402989,Middle Village,217
17788495,Bushwick,215
51060703,Midtown,45
18580493,Astoria,17
2061752,Bedford-Stuyvesant,132
15023128,Park Slope,157
14777355,East Harlem,103
23134206,Bedford-Stuyvesant,160
55734266,Hell's Kitchen,53
14937522,Upper East Side,36
43496955,Castleton Corners,67
24973365,Theater District,198
4366500,Kingsbridge,19
54743992,Bushwick,169
4222902,Morningside Heights,112
4613930,West Village,89
55233882,Borough Park,117
14106863,Midtown,207
24877265,Prospect Heights,204
11933562,Bushwick,142
10667691,Prospect Heights,199
4193078,Lower East Side,141
44554609,Bedford-Stuyvesant,74
16951760,East Harlem,233
44736316,Prospect-Lefferts Gardens,145
48067790,Astoria,41
50875131,Clinton Hill,111
17443307,Upper West Side,206
45051679,Hell's Kitchen,176
8487210,Ditmars Steinway,18
2434555,Morningside Heights,55
4875168,Hell's Kitchen,85
9925399,Upper East Side,239
20252857,Elmhurst,69
51324151,Greenpoint,212
8799260,Williamsburg,124
10877012,East New York,209
43335131,Williamsburg,65
47975556,Upper West Side,166
52105103,Bedford-Stuyvesant,13
50230597,Harlem,202
1545352,Harlem,183
26610935,Fort Greene,99
16228247,Crown Heights,134
6675666,Chelsea,206
20757659,Fort Greene,114
27499033,Bedford-Stuyvesant,85
48525094,Greenpoint,87
2991273,Bedford-Stuyvesant,229
10793063,Arverne,163
20999567,East Flatbush,39
13203852,Ridgewood,31
21725289,Clinton Hill,80
56579285,Lower East Side,187
20844370,Harlem,234
4763604,Hell's Kitchen,58
10005483,Bushwick,177
11231037,Bedford-Stuyvesant,237
4073781,Astoria,212
1903794,Nolita,203
54955523,Bedford-Stuyvesant,100
19475219,Elmhurst,15
1525469,Park Slope,78
44548534,Crown Heights,234
48024158,Kips Bay,149
5331920,Crown Heights,156
54404880,Williamsburg,43
9496262,Upper West Side,232
20549442,Fort Greene,54
24793315,East Harlem,49
25385381,Ridgewood,71
54743440,Hell's Kitchen,192
45024064,East Flatbush,43
26570065,Bushwick,187
45411227,Upper East Side,167
50574679,East Harlem,119
6671248,Gramercy,15
17773030,Bedford-Stuyvesant,193
55645898,Upper West Side,196
44267966,Lower East Side,134
10355089,Upper East Side,167
4268191,Williamsburg,54
50125660,Midtown,46
48075522,Williamsburg,107
19224475,Greenpoint,195
55217866,Clifton,113
24837499,East Village,104
13605374,Clinton Hill,128
55929780,Bedford-Stuyvesant,202
3781614,Prospect-Lefferts Gardens,188
21939029,Flushing,135
25045717,Williamsburg,18
1165369,Upper West Side,109
44353020,Rego Park,237
15112601,Williamsburg,221
12963049,Briarwood,238
12094282,Kips Bay,66
5009377,Gowanus,62
16434807,Lower East Side,92
2273283,Crown Heights,50
23756648,Ozone Park,59
43068922,Williamsburg,91
56724540,Bedford-Stuyvesant,130
18535204,Ridgewood,221
25657665,Harlem,223
50913792,Upper East Side,150
44650157,Bushwick,81
7832735,Bedford-Stuyvesant,225
25374887,Washington Heights,208
57202832,Upper East Side,162
48155053,Harlem,183
25294252,West Village,79
54372294,Sunset Park,26
44449672,East Village,53
25610167,East Village,60
23952163,Williamsburg,197
9279761,Park Slope,68
1483494,East Harlem,96
26197262,Maspeth,236
4961879,Midtown,219
2084949,Park Slope,110
18452359,Bedford-Stuyvesant,82
19299587,Carroll Gardens,118
4812206,Bedford-Stuyvesant,25
9635994,Prospect-Lefferts Gardens,192
19781745,Williamsburg,83
44747362,Bath Beach,227
12674749,Soundview,174
3267423,South Slope,67
17913867,Gramercy,75
48293128,Elmhurst,188
24694454,Williamsburg,167
53014189,Williamsburg,101
53914990,Harlem,111
44951713,Williamsburg,38
9890052,Harlem,33
44533070,Williamsburg,151
7538359,Fort Greene,96
52620951,Chelsea,164
44885437,Crown Heights,86
55130602,Crown Heights,221
20235184,Greenpoint,232
5342414,Sunset Park,40
27356540,Hell's Kitchen,169
53691861,Williamsburg,35
9060498,Midtown,218
45212399,Crown Heights,181
15637286,Crown Heights,154
21751247,East Elmhurst,117
26241998,Gowanus,111
20677576,Harlem,66
11921964,Harlem,240
18964894,Harlem,79
24766253,Financial District,151
17092044,Norwood,160
2929968,Gowanus,18
55762986,Harlem,98
14986677,Flatiron District,52
51179448,Bedford-Stuyvesant,160
55392945,Upper West Side,22
47181901,Springfield Gardens,147
54312094,Ditmars Steinway,203
21049826,Long Island City,171
10054085,Fort Greene,12
49460690,Washington Heights,229
50484102,Hell's Kitchen,236
7073322,Upper East Side,100
19624892,Bedford-Stuyvesant,51
51852702,Bedford-Stuyvesant,19
6853507,Crown Heights,98
52202860,Upper West Side,188
25619004,South Slope,12
27379184,Williamsburg,55
15456684,Flatlands,183
18593748,Jamaica,201
23380532,Harlem,10
6036103,Williamsburg,211
24479609,Bedford-Stuyvesant,119
13090631,Cobble Hill,56
47579557,Gowanus,157
47760711,Clinton Hill,176
6062613,Williamsburg,89
19337696,Arverne,199
23168449,Mott Haven,214
22490777,Bushwick,114
17158873,Bedford-Stuyvesant,46
10729548,West Village,49
3828560,Bushwick,128
51036402,Park Slope,69
5001093,Greenpoint,225
57239284,Williamsburg,184
22861370,Harlem,149
57062548,Ditmars Steinway,120
52290676,Upper East Side,80
20144606,Windsor Terrace,196
20288757,Flatbush,227
51756601,Williamsburg,225
1547008,Harlem,185
5573275,Hell's Kitchen,70
18037030,Bedford-Stuyvesant,231
10810184,Forest Hills,30
52107864,Bedford-Stuyvesant,194
50911030,Crown Heights,154
24280229,Bedford-Stuyvesant,220
54509817,Williamsburg,139
55965680,Midwood,117
1723744,Fort Greene,190
4550416,Crown Heights,16
13491048,Hell's Kitchen,67
5566648,Washington Heights,26
9563643,Hell's Kitchen,63
5263435,Bushwick,185
5024289,West Village,126
15478224,Williamsburg,132
22359329,Bushwick,104
20938814,Bedford-Stuyvesant,143
15440115,Upper West Side,211
13613659,Jamaica,13
24296798,East Village,147
21841824,Williamsburg,81
8579444,Upper West Side,208
21821389,East Harlem,92
26082384,Flushing,200
22515078,Chelsea,99
19935837,Upper East Side,206
53317954,Murray Hill,158
18039239,Midwood,91
11172493,Fort Hamilton,14
20631183,Hell's Kitchen,32
54211575,Hollis,24
50184756,Crown Heights,86
23830657,Sunnyside,151
24004079,Bushwick,15
6377424,Hell's Kitchen,200
22793437,Park Slope,130
5262883,Williamsburg,148
46455074,Vinegar Hill,121
8449102,Bedford-Stuyvesant,207
11116711,East Village,158
10056295,Inwood,223
6046597,Harlem,237
3196729,Harlem,45
23791996,Bedford-Stuyvesant,174
17254973,Flatbush,63
20333493,East Harlem,51
46860462,Arverne,174
48931587,Ditmars Steinway,55
7616233,Bedford-Stuyvesant,16
20996805,Jackson Heights,237
11986583,Upper East Side,216
47697749,Flatiron District,213
57153677,Hell's Kitchen,82
18391054,Windsor Terrace,19
21181273,Jackson Heights,224
15044116,Harlem,52
52016735,Forest Hills,99
47886083,Lower East Side,48
9086456,Chelsea,219
14574109,Upper East Side,221
53532246,Park Slope,90
51807413,Midtown,161
6027266,Upper East Side,117
55334953,Bedford-Stuyvesant,117
10283842,Harlem,190
3376226,Upper West Side,53
47318871,Harlem,198
8868297,West Village,13
19440424,Hell's Kitchen,48
9476932,East Flatbush,54
11615990,Astoria,178
19918716,West Village,171
12128524,Bedford-Stuyvesant,160
44832416,Flatlands,208
8935678,Harlem,44
53225167,East Village,176
53356062,Flushing,35
16799878,Sunset Park,158
5590949,Chinatown,125
24179710,East New York,20
24362521,Kips Bay,49
12994531,Prospect Heights,196
48086568,Bergen Beach,211
5439067,Greenpoint,97
52158124,Prospect-Lefferts Gardens,64
15294308,Cypress Hills,160
9401267,East Village,96
22655362,Williamsburg,150
8335880,Hell's Kitchen,217
51621288,Lower East Side,169
9637651,Kensington,109
2247877,Carroll Gardens,91
4186450,Bedford-Stuyvesant,217
18482736,Hell's Kitchen,88
21698226,Jamaica,149
3059206,Crown Heights,36
5292707,Great Kills,123
55146067,East Village,24
9457601,Upper West Side,94
12127420,Bushwick,171
4739302,Bedford-Stuyvesant,203
21794879,Long Island City,83
51611347,Flushing,69
49845091,Harlem,149
7658760,East Harlem,83
27682949,Lower East Side,84
6787231,Sunnyside,223
12237327,Ditmars Steinway,69
8982623,Cobble Hill,40
19461964,Bedford-Stuyvesant,192
12921627,Hell's Kitchen,82
49843987,Williamsburg,47
56021462,Flatlands,44
6969490,Gramercy,193
10106002,East Flatbush,196
5481594,Mount Hope,229
56483185,Harlem,225
9875692,Harlem,189
5211519,Greenpoint,185
15134693,Forest Hills,187
21612067,Bedford-Stuyvesant,15
43010379,Civic Center,225
52504416,Flatbush,143
5257912,Park Slope,86
9823224,Harlem,111
48408007,Bushwick,91
2654922,Kips Bay,88
18862718,Bedford-Stuyvesant,177
5131435,Sunset Park,208
6413324,Greenpoint,82
53646020,Bedford-Stuyvesant,71
9967374,Hell's Kitchen,100
52419361,Williamsburg,134
11436492,South Slope,101
1862372,Sunset Park,184
22683529,Prospect-Lefferts Gardens,28
42945760,Park Slope,162
44871630,Williamsburg,30
54896979,Harlem,28
2562688,Midwood,70
53166623,Hell's Kitchen,76
25139055,St. Albans,186
11575672,Two Bridges,147
6116739,Greenwich Village,220
1452013,Long Island City,225
51467749,St. George,205
44492752,Bushwick,122
11105665,Bushwick,218
3137080,Bedford-Stuyvesant,69
53141770,Bushwick,33
1991058,Washington Heights,59
8541336,Woodhaven,84
7504669,Bushwick,177
47336545,Harlem,68
50670227,Midtown,167
19500072,Clinton Hill,213
17500746,Astoria,22
15081672,Greenpoint,78
7007046,Bedford-Stuyvesant,138
3282335,East Harlem,203
53557099,St. George,142
23073453,Williamsburg,231
23097202,St. Albans,90
45977887,Rockaway Beach,102
20941575,Wakefield,45
17121868,Clinton Hill,99
19902147,Chelsea,45
27426682,Bushwick,40
5517493,Bedford-Stuyvesant,238
15553889,Harlem,117
4841478,Greenpoint,37
49418716,East Village,45
53374840,Glendale,33
19432139,Flatbush,196
48039070,Jackson Heights,120
54102772,Upper East Side,51
15284919,Rosebank,144
24340982,Theater District,83
24382957,Hell's Kitchen,122
5804137,Bedford-Stuyvesant,174
1661887,Flatbush,66
3650167,Allerton,123
4721629,Red Hook,72
6840804,Williamsburg,43
47625397,East Harlem,160
4570851,Lower East Side,214
11495036,St. Albans,113
22558157,Williamsburg,49
1901033,East Village,150
1353703,Clinton Hill,12
53456581,Upper West Side,182
49281193,Harlem,41
23811878,Harlem,120
19260926,Clinton Hill,122
56413595,Sunset Park,131
1976698,Upper East Side,116
52765101,Grymes Hill,82
1971727,Greenwich Village,32
1480180,Clifton,235
49397176,St. Albans,42
13306580,Rego Park,30
3221582,Borough Park,26
23178943,Upper West Side,235
55191355,Harlem,21
1656916,Lower East Side,12
48644943,Dyker Heights,167
52936867,East Village,215
1247662,Williamsburg,149
13604822,Clinton Hill,91
4843135,Greenwich Village,15
20829458,Hell's Kitchen,238
3365732,Upper West Side,195
8275127,South Slope,119
22957470,Midtown,93
24772328,Inwood,193
6540905,Harlem,39
15764867,Harlem,68
14668000,City Island,138
12956422,Far Rockaway,72
8507093,Upper West Side,179
10405900,Harlem,128
8939544,Lower East Side,75
56943251,Gramercy,206
5563334,Bedford-Stuyvesant,237
52747980,Jackson Heights,136
7041289,Chinatown,233
47968928,Cypress Hills,151
2102070,Morningside Heights,116
47181348,Ridgewood,166
48029129,Williamsburg,151
18199958,Bedford-Stuyvesant,213
26177932,Crown Heights,151
5328607,Boerum Hill,234
15533454,Theater District,122
10314219,Williamsburg,165
3518167,Williamsburg,138
18918500,Greenpoint,33
21068052,St. Albans,17
7009255,Boerum Hill,60
15317504,Bushwick,174
12023035,Bedford-Stuyvesant,216
19703319,Long Island City,211
3898702,Inwood,83
7418510,Fort Greene,89
2377115,Bedford-Stuyvesant,68
15383228,Harlem,102
53875224,Hell's Kitchen,105
49237561,Flatlands,225
3273498,Williamsburg,146
45587410,Upper West Side,143
12329561,Bushwick,75
43274378,Kingsbridge,66
3823589,Bedford-Stuyvesant,10
3567874,Williamsburg,42
53011979,Bedford-Stuyvesant,113
7900115,Upper West Side,56
26528642,Upper East Side,172
12532255,Harlem,118
6494512,Upper West Side,160
4182584,Upper East Side,228
23882573,Financial District,235
23563343,Midwood,138
25551071,East Flatbush,164
16588899,Williamsburg,135
12718933,Clinton Hill,111
14775146,Long Island City,98
1365854,Chinatown,108
5107134,Washington Heights,23
51197674,Hell's Kitchen,170
46025384,Crown Heights,166
9311794,Williamsburg,238
21244236,Bushwick,69
20456656,Chinatown,124
26329262,Greenpoint,224
25093214,West Village,58
25733330,Midtown,156
22122393,Port Morris,210
47373549,Bushwick,45
50241643,Williamsburg,67
27729895,Cypress Hills,174
17140094,East Village,109
17025768,Bedford-Stuyvesant,48
51353422,Brooklyn Heights,203
24107359,Little Italy,198
54846168,East Village,177
46222003,East Flatbush,116
25882451,Upper East Side,84
4727704,Bushwick,224
21296704,Bushwick,44
44489990,Fresh Meadows,89
7694660,South Slope,30
5185009,Harlem,181
15918407,Hell's Kitchen,153
17934854,Long Island City,148
14342143,South Ozone Park,103
5089461,East Flatbush,199
2790788,Parkchester,219
14994961,Crown Heights,79
20915065,Crown Heights,50
43022529,Upper West Side,20
3948961,Crown Heights,72
12689661,Bushwick,160
25697983,Bedford-Stuyvesant,21
14475799,Bushwick,30
13394396,Williamsburg,16
3736326,Bedford-Stuyvesant,183
11009564,Murray Hill,121
47736962,East Village,81
23857719,Financial District,105
2748261,Hell's Kitchen,203
45082608,Hell's Kitchen,16
20975818,Astoria,65
24495626,Upper West Side,238
18225916,Bushwick,83
47536477,Williamsburg,205
55930885,Borough Park,209
55730400,Harlem,125
16413268,Park Slope,92
11359170,Upper East Side,34
2990168,Upper East Side,105
5041963,Astoria,238
46703609,Hell's Kitchen,234
11525965,Forest Hills,59
51392636,Bedford-Stuyvesant,68
16684447,Flushing,52
5294916,Williamsburg,228
47146553,Gramercy,164
46819039,Sunnyside,39
2299793,Cobble Hill,195
53685785,Williamsburg,236
48488642,Upper East Side,199
21589975,Bedford-Stuyvesant,55
53980714,Sunset Park,18
15547261,Crown Heights,76
47467440,Gowanus,18
45330039,East Village,214
55592877,Hell's Kitchen,99
47984392,Financial District,44
9706689,Williamsburg,109
23261235,Williamsburg,48
21436436,St. Albans,26
4608407,East Harlem,237
43817841,Williamsburg,227
26777177,Cypress Hills,141
54411508,University Heights,195
10907941,Williamsburg,29
3503807,Harlem,182
49657309,Crown Heights,23
23861033,Financial District,102
52551361,Williamsburg,174
12310231,Bedford-Stuyvesant,38
56492022,Chinatown,124
7154510,Red Hook,92
53244498,Clason Point,72
10932795,East Harlem,55
25078302,Bushwick,185
51589807,Washington Heights,192
9426673,East Harlem,223
6436520,Chinatown,187
54192797,Hell's Kitchen,212
19664105,Edenwald,40
12258315,Elmhurst,147
11460793,Jamaica,139
48936558,Bedford-Stuyvesant,12
47852393,Red Hook,13
51983044,Midtown,80
46869851,Crown Heights,29
48657646,Rosedale,191
47354218,Hell's Kitchen,175
56462750,Jackson Heights,199
51608585,Inwood,180
5451769,Williamsburg,98
23627962,Upper West Side,204
45544331,Hell's Kitchen,120
53863626,Hell's Kitchen,192
11690550,Brooklyn Heights,214
14833690,East Village,201
26922432,Williamsburg,35
52332650,Woodhaven,43
48578115,East Village,138
51739480,West Brighton,38
55013515,Upper West Side,49
46793634,Borough Park,94
24876713,Financial District,220
21454662,Washington Heights,61
2347843,Crown Heights,219
11975537,Williamsburg,198
7900668,Washington Heights,107
5186665,East Village,33
27740388,Upper East Side,223
51976969,Brooklyn Heights,209
20603568,Springfield Gardens,123
26770549,Chelsea,125
12434498,Washington Heights,51
53877433,Astoria,126
47065918,St. George,180
5539033,Bedford-Stuyvesant,203
19899937,Bedford-Stuyvesant,195
11316091,Williamsburg,20
47789431,Upper West Side,101
49824104,East Flatbush,102
9151075,Williamsburg,187
6746361,Hell's Kitchen,74
20783617,Williamsburg,111
23544013,Flushing,89
5361745,Upper East Side,200
12132390,Greenwich Village,111
55880073,Chelsea,86
9817149,Fort Hamilton,75
46176162,Flushing,44
10030889,Hell's Kitchen,40
24806018,Lower East Side,144
7463246,Chinatown,145
52743562,Greenpoint,153
15648884,Bushwick,121
24884997,Hell's Kitchen,225
7311916,Gramercy,153
51586493,Canarsie,207
10109315,Tompkinsville,165
2659893,Bedford-Stuyvesant,212
56077244,East Flatbush,44
4161044,Williamsburg,76
4599571,Midtown,60
49743468,Greenpoint,225
4559253,Williamsburg,118
14992200,Upper East Side,71
48466550,Midtown,231
23872079,Financial District,129
46212062,Upper East Side,136
53334523,Sunnyside,81
43563231,Upper West Side,113
19831452,Harlem,38
4991151,Midwood,26
1562473,Bedford-Stuyvesant,75
11305045,Upper East Side,95
9292464,Harlem,172
20475434,Hell's Kitchen,205
12768640,Hell's Kitchen,11
20711266,Harlem,223
21220487,East New York,184
4932055,Harlem,37
50638746,Maspeth,94
14020704,Bushwick,161
49691552,West Village,143
18454016,Ridgewood,86
2671491,Battery Park City,204
6957892,Bedford-Stuyvesant,197
47244310,East Flatbush,238
54303809,Greenwich Village,98
51210377,Harlem,64
48537797,South Ozone Park,44
7300318,Harlem,31
46991909,Corona,51
25682518,Harlem,10
8673888,Bushwick,28
8862222,Columbia St,89
1811560,West Village,174
21159734,Bushwick,147
12913342,Hell's Kitchen,195
49393310,Flatbush,138
3804259,Bedford-Stuyvesant,39
53474807,Tribeca,61
19079772,Bedford-Stuyvesant,153
49179570,Springfield Gardens,98
21616486,South Ozone Park,42
15260617,Bedford-Stuyvesant,132
4979553,Upper East Side,207
5696991,East Village,22
16889350,Williamsburg,174
2619575,East New York,20
44864450,Long Island City,192
43142378,Midtown,115
46805784,Midtown,170
43090462,Ditmars Steinway,37
3198385,SoHo,51
7693003,Bedford-Stuyvesant,145
50868503,Washington Heights,143
19269763,Bedford-Stuyvesant,82
26132091,Borough Park,35
23548984,Bushwick,76
10171173,Williamsburg,27
7669806,Bedford-Stuyvesant,204
23925100,Tribeca,162
45348817,Harlem,75
55237748,West Village,37
20864806,Morris Park,172
19238282,Kensington,30
19126717,Jamaica,112
11570701,Midtown,115
2070589,Crown Heights,232
51941070,Bushwick,163
20430145,Upper West Side,189
48808424,Harlem,120
11872257,Hell's Kitchen,14
52417705,Bedford-Stuyvesant,169
27513393,Nolita,103
48204208,Flatbush,236
47386804,East New York,189
48035204,Bedford-Stuyvesant,182
18149146,Harlem,118
11921412,Hell's Kitchen,236
21141508,Bushwick,128
26334785,Bedford-Stuyvesant,97
25178269,Nolita,213
50154931,Harlem,158
50696185,Harlem,161
51979178,Hell's Kitchen,234
24537048,Harlem,230
54857214,East Harlem,217
15392065,Marble Hill,57
25869748,East Village,238
23539042,Bushwick,22
51492050,Clinton Hill,238
12982380,Gramercy,78
21875515,Jamaica,70
2569868,Port Richmond,152
48299203,Williamsburg,141
2065066,Bedford-Stuyvesant,23
45302424,Gowanus,93
5813526,Windsor Terrace,61
55653078,Harlem,27
7838258,Williamsburg,168
21208888,SoHo,184
24526002,Bedford-Stuyvesant,43
56853778,Chelsea,205
27318983,Long Island City,103
52174140,Boerum Hill,76
7848199,Bushwick,172
24987725,Bedford-Stuyvesant,188
21364637,Crown Heights,202
16631426,Two Bridges,217
21174094,Mott Haven,84
19037245,Upper West Side,195
53315192,Hell's Kitchen,97
8600432,Red Hook,221
11809847,Williamsburg,185
19975603,Ditmars Steinway,68
20910646,Washington Heights,55
52875561,Elmhurst,71
15804633,Greenpoint,151
2414119,Williamsburg,132
48670349,Brooklyn Heights,70
5245762,Bushwick,30
43039651,Bedford-Stuyvesant,72
19082533,Williamsburg,184
18478317,Randall Manor,96
13822428,Williamsburg,35
18539070,Harlem,198
5290498,Clinton Hill,105
22688500,Hell's Kitchen,30
45675778,Midtown,212
44538593,Astoria,168
11453061,Nolita,205
6403382,Chelsea,164
54710854,Bedford-Stuyvesant,231
12387553,Financial District,232
57193995,Lower East Side,140
6088019,Upper East Side,42
14877874,East Village,20
14323364,Long Island City,76
47529297,Inwood,83
23964313,Bedford-Stuyvesant,178
9983391,Financial District,225
1746941,Ridgewood,209
20744404,Bushwick,214
43674796,Morningside Heights,144
24414990,Kips Bay,63
15407529,Astoria,188
3792660,Flatbush,76
22635479,Bedford-Stuyvesant,122
4916038,Williamsburg,103
6967281,Ditmars Steinway,198
9283627,Astoria,109
46880345,Bedford-Stuyvesant,27
18884810,Harlem,15
54035944,Hell's Kitchen,97
21878828,Greenpoint,14
18731271,Bedford-Stuyvesant,46
2049601,Prospect Heights,160
25086034,East New York,194
54552344,Jackson Heights,80
56580390,Crown Heights,154
10337968,Bedford-Stuyvesant,200
9214037,Astoria,98
48927169,Sunnyside,161
43662645,Concord,109
48437831,Williamsburg,91
11754065,Bushwick,92
4584106,Bushwick,224
54256864,East Flatbush,82
6501139,Harlem,203
54557867,Sunset Park,106
1784497,Windsor Terrace,33
4472542,Fort Greene,194
22624986,Clinton Hill,95
22565337,Upper East Side,227
55487940,Elmhurst,237
43031918,Bedford-Stuyvesant,238
4766917,Long Island City,76
12975200,Astoria,85
18737898,Upper East Side,134
15823963,East Village,138
16450272,Murray Hill,63
11052091,Murray Hill,59
20756002,Cypress Hills,154
55270334,Gramercy,153
51529054,Crown Heights,165
7591380,Upper West Side,188
50956871,Concourse,16
7581991,Elmhurst,151
1563025,Williamsburg,192
9251593,Park Slope,134
44755094,Astoria,80
25725046,Williamsburg,22
52467412,East Village,182
19645879,Bedford-Stuyvesant,24
53908915,Bedford-Stuyvesant,117
25810652,Financial District,118
26119940,West Village,60
46260112,Harlem,172
23392683,Financial District,231
6930277,West Farms,60
22573622,Bedford-Stuyvesant,90
13348555,Harlem,113
6137174,Upper East Side,31
48125781,Upper West Side,135
10295993,Prospect Heights,40
23524682,Greenpoint,35
8845653,Harlem,73
8539126,Kips Bay,122
3570083,Flatbush,212
18906350,East Flatbush,131
9115728,Boerum Hill,208
15482090,Lower East Side,178
45612264,Gramercy,226
5196607,Boerum Hill,157
44550743,East Harlem,222
52516566,Washington Heights,140
42993257,Bushwick,220
53762555,Murray Hill,236
3501046,Flatbush,198
7079398,Bushwick,180
10364478,Sunnyside,161
7107013,Murray Hill,207
17272646,Crown Heights,48
57277392,Bedford-Stuyvesant,216
12368222,Williamsburg,165
2542805,SoHo,177
44598241,Hell's Kitchen,181
24438739,East Village,55
22594057,Concourse Village,165
15736700,Astoria,164
54006119,Williamsburg,76
1703309,Prospect-Lefferts Gardens,129
8392215,Midtown,76
16060900,Bergen Beach,229
3959455,Midtown,95
48878014,Bushwick,131
43554946,Williamsburg,239
51158461,Bushwick,54
51667129,Upper East Side,169
43895163,East Elmhurst,110
24143258,Murray Hill,195
54986452,South Slope,72
23108248,Crown Heights,130
22011933,Jamaica,144
47955673,Longwood,200
3430351,East Harlem,138
2097099,Bensonhurst,216
10255123,Astoria,213
23277252,Midtown,47
50472504,Lower East Side,57
11699387,Mott Haven,169
10191056,Flushing,25
45810540,Flushing,204
56554984,East Elmhurst,233
17226253,Upper West Side,64
23202139,St. Albans,107
47499473,West Village,187
54981481,East Flatbush,153
46582655,Hell's Kitchen,135
17968544,Chelsea,130
17870787,Williamsburg,229
23826238,Financial District,34
52230475,Midtown,20
15797453,Upper West Side,119
5135302,Far Rockaway,160
27191954,East New York,24
6579566,Harlem,234
9106339,Fort Hamilton,213
45432214,Long Island City,175
16486723,Brighton Beach,137
47514385,Williamsburg,57
24233283,Greenpoint,199
44824684,Sheepshead Bay,30
4591286,Upper West Side,135
45283093,Upper East Side,52
3117197,Harlem,82
53620062,Astoria,83
14910459,Bedford-Stuyvesant,134
55641480,Bedford-Stuyvesant,32
46442371,Astoria,136
6883883,Prospect Heights,53
2722303,East Village,110
55536543,Astoria,164
48103137,Parkchester,136
23144148,East Flatbush,164
15399245,Astoria,163
54159659,East Flatbush,238
54168496,Williamsburg,110
11872809,Williamsburg,74
47439825,Flatbush,142
4067706,Washington Heights,163
55180861,Flushing,189
49696522,Sunnyside,99
3181264,Hell's Kitchen,86
2258371,Washington Heights,134
51342929,Rosedale,191
9624396,Upper West Side,34
46873165,Clinton Hill,162
7655999,Astoria,116
27243318,Midtown,138
21966644,Clinton Hill,115
3188444,Astoria,212
15555546,Flushing,106
1848564,Fort Greene,233
56854330,Harlem,234
7531731,Chelsea,205
4557596,Upper East Side,228
24153752,Rosedale,29
13213794,Nolita,11
50366462,Flatbush,198
6987716,Gramercy,67
2559374,Long Island City,236
44496618,Williamsburg,54
23257921,Jamaica,32
2805700,Williamsburg,187
13841759,Sheepshead Bay,207
9094188,Kips Bay,221
8806992,Flatbush,93
9887291,Two Bridges,11
19327202,Crown Heights,14
1475762,East Harlem,45
55498434,Hell's Kitchen,140
14370310,East Harlem,218
1453117,Chinatown,139
50872369,Clinton Hill,79
15645571,Ridgewood,74
42828120,Upper East Side,22
22193639,Elmhurst,42
7644400,Harlem,145
24280781,Williamsburg,128
19508909,East Village,21
22867998,South Slope,140
19510566,Sheepshead Bay,109
4311270,Upper West Side,212
18209899,Battery Park City,170
9342723,Harlem,14
47200679,Corona,78
43809004,Ditmars Steinway,69
20293727,Woodside,143
5869861,Williamsburg,136
17261048,Lower East Side,207
49340289,Bedford-Stuyvesant,71
9344380,Harlem,196
21719766,Upper West Side,28
23494306,Flushing,233
50235015,Nolita,156
50792286,Williamsburg,199
49662280,Throgs Neck,183
22619463,East Elmhurst,155
56223604,Upper West Side,113
55557530,Ozone Park,54
20410815,SoHo,183
48076627,Chelsea,180
13355182,Prospect-Lefferts Gardens,126
14512251,Murray Hill,112
18192226,Prospect Heights,218
55798333,Jamaica,114
22871864,Hell's Kitchen,225
3291724,Williamsburg,46
46658872,Borough Park,204
48818365,West Village,114
52794373,Astoria,68
23292164,Upper East Side,168
55168711,SoHo,183
9881768,Hell's Kitchen,152
10452846,Williamsburg,234
45261001,Downtown Brooklyn,129
54531909,Sunset Park,91
1627092,Sunnyside,69
9344932,Theater District,235
1788364,Tottenville,150
18032611,Financial District,188
47182453,Chelsea,150
47961748,Clinton Hill,124
11586166,Bushwick,226
7423480,East Harlem,204
22682425,Harlem,213
3942886,Bay Ridge,98
15396483,West Village,188
47993229,Washington Heights,76
1798857,Williamsburg,71
10984711,Bushwick,149
19534315,Arverne,146
16420447,Upper East Side,230
17578068,Harlem,43
13077928,Bushwick,166
55672408,Upper East Side,38
5983082,Williamsburg,182
5820706,Carroll Gardens,60
4380860,Bedford-Stuyvesant,163
7419614,SoHo,157
53884613,Jamaica,112
10154052,Financial District,111
48780257,Downtown Brooklyn,182
47512176,Bedford-Stuyvesant,82
2595274,Bushwick,178
46218689,Harlem,44
21340336,Forest Hills,81
54215993,Hell's Kitchen,62
25707372,Chelsea,188
55433815,Bedford-Stuyvesant,172
18982015,Midwood,46
53905601,Jamaica Estates,174
45380298,Gramercy,31
10103792,Harlem,171
48211940,East Elmhurst,145
13503751,Upper East Side,174
44031029,Crown Heights,117
49568941,East Harlem,86
14898309,Midtown,120
56256190,Harlem,100
48817813,Astoria,213
26518148,Cambria Heights,189
24416095,Queens Village,125
51339615,Upper East Side,221
24929734,Upper East Side,222
20875299,East Elmhurst,182
53102004,East Flatbush,230
7345054,Park Slope,200
52013421,Bushwick,187
4856942,Ridgewood,32
47435406,East Harlem,88
44704283,Inwood,237
47500578,East New York,104
19211219,Williamsburg,15
55907688,Flushing,199
49758380,Midtown,10
21327081,Astoria,93
16969434,East New York,36
15817336,Flatbush,228
2150120,Bushwick,142
43947079,Crown Heights,87
44407145,Hell's Kitchen,117
22016903,Bedford-Stuyvesant,74
2796311,East Village,230
2664864,East Village,190
51541757,East Harlem,222
48635002,Bushwick,80
3866668,St. George,155
8303294,Hell's Kitchen,144
10119257,Prospect-Lefferts Gardens,105
21932401,NoHo,42
44817504,Harlem,101
9523325,East Harlem,178
1666858,Prospect Heights,162
24163693,East Harlem,224
46054104,Crown Heights,69
12905058,St. George,205
18027088,Bedford-Stuyvesant,37
53147845,Westchester Square,85
54037048,Bayswater,227
57084640,South Slope,55
53609016,East Village,196
50172605,Harlem,225
43097090,East New York,36
7462141,West Village,216
49403803,Midtown,149
19941360,Washington Heights,96
11702701,Kingsbridge,66
43066713,St. Albans,113
48942081,Bedford-Stuyvesant,154
9197468,South Slope,237
16475677,Upper West Side,62
6993239,Riverdale,205
6327717,Midtown,146
4141714,Upper West Side,17
19967870,Midtown,159
23875393,Financial District,47
24992696,Hell's Kitchen,123
20850446,Sunset Park,17
21467365,Midtown,232
2921131,Harlem,41
27188641,Sunnyside,91
7855931,Jamaica,104
55655839,Hell's Kitchen,44
21129910,Ditmars Steinway,148
6181910,Carroll Gardens,117
1635376,East Village,132
2762621,Chelsea,84
3341983,Harlem,111
52675629,Bedford-Stuyvesant,88
51552250,Upper West Side,117
27667485,Rockaway Beach,95
19406734,West Brighton,181
1937485,Williamsburg,135
9321183,East Harlem,120
3881581,Morningside Heights,32
55847488,Chinatown,141
11112844,Williamsburg,35
10230269,Harlem,213
18748944,College Point,117
7047916,SoHo,103
4437747,Upper West Side,180
54727975,Midtown,46
23708046,Upper West Side,108
21305541,Bedford-Stuyvesant,201
2032480,Gramercy,174
6719298,East Village,229
3490000,Rego Park,235
2351710,Flatiron District,235
7150092,Upper East Side,229
52186291,Bushwick,32
23504800,Bedford-Stuyvesant,192
9011343,West Village,80
14221741,Williamsburg,188
24358103,Bedford-Stuyvesant,168
7531179,Upper West Side,183
21858393,Astoria,37
5366715,East Harlem,40
13815801,Williamsburg,146
48390885,Hell's Kitchen,58
7057858,Upper West Side,71
16974404,Flatbush,173
4991704,Gramercy,183
53064448,Hell's Kitchen,168
57229894,Williamsburg,164
46216480,Hell's Kitchen,144
18315389,Lower East Side,159
21403850,Astoria,77
16767292,Williamsburg,16
46644513,Crown Heights,122
48563203,Chelsea,183
9461467,Kips Bay,149
48514048,Gramercy,88
4089245,Sunset Park,27
8077956,Harlem,154
55297397,Gowanus,78
48751537,Crown Heights,115
21108922,SoHo,83
45099177,Nolita,43
4832641,East Elmhurst,35
20225242,Carroll Gardens,142
48163338,Prospect Heights,200
56907351,Crown Heights,197
11495588,Prospect-Lefferts Gardens,84
49055854,Harlem,135
9904964,Williamsburg,211
44961655,Ridgewood,135
23948296,Williamsburg,151
25539473,Bushwick,203
18966550,Upper West Side,38
5471100,Prospect Heights,133
21304436,Kew Gardens,59
18822952,Borough Park,44
45235043,Clinton Hill,131
25899020,Washington Heights,238
54166839,Park Slope,215
4598466,Williamsburg,151
19065964,Flatbush,29
25004846,Harlem,19
6100170,West Village,192
24471325,Chinatown,149
23337453,Elmhurst,41
4148341,Crown Heights,185
17657047,Sunset Park,127
3658451,Bushwick,239
51534577,South Ozone Park,89
52520985,Harlem,89
2453885,Carroll Gardens,209
51608033,Bedford-Stuyvesant,216
1244348,Harlem,90
42948521,Chinatown,158
14077591,Far Rockaway,65
47586736,Harlem,157
18007205,Grymes Hill,82
26694884,Richmond Hill,149
8148098,Upper West Side,77
1424398,Bushwick,122
2585885,Williamsburg,75
44978776,Ditmars Steinway,210
12312440,Clinton Hill,111
46493182,Williamsbridge,48
24518270,Harlem,227
45164349,Vinegar Hill,116
26963854,Flushing,234
48600759,Upper West Side,29
23252951,East Flatbush,129
26071338,Midtown,41
10307591,Hell's Kitchen,177
6546428,Little Italy,82
17012513,Chelsea,79
9808312,Hell's Kitchen,216
48906733,Upper West Side,230
48573144,Long Island City,79
3925765,Harlem,231
45492967,Chelsea,46
20387066,Bushwick,225
25359975,Crown Heights,168
15907361,Prospect-Lefferts Gardens,183
47610485,Prospect-Lefferts Gardens,205
21953941,Greenwich Village,27
21149792,Flushing,199
2027509,Gowanus,108
3407707,SoHo,168
5988053,Williamsburg,81
13618077,Bedford-Stuyvesant,189
56252876,Harlem,107
21366294,Harlem,57
43806243,East Village,188
7093757,Hell's Kitchen,32
50765775,Crown Heights,176
25535054,Bushwick,135
44677220,Ditmars Steinway,146
44435313,Hell's Kitchen,103
9706136,Williamsburg,48
51558878,South Ozone Park,146
43918912,Lower East Side,187
16834672,Williamsburg,106
19595068,Jamaica,21
12615100,Maspeth,230
1504481,Williamsburg,173
6402830,Crown Heights,22
3080193,Upper West Side,178
14697824,Upper West Side,50
1582356,Park Slope,48
56600272,Williamsburg,165
3216059,East Village,173
27046699,Rosedale,48
24656345,Greenwich Village,192
24070355,East Flatbush,123
18437447,Bedford-Stuyvesant,225
13354078,St. George,147
48486985,Flatbush,98
2094338,Crown Heights,182
16899292,Williamsburg,110
46709684,Bushwick,109
22936483,East Harlem,136
44758960,Bay Ridge,188
24442605,Bushwick,235
16712614,Bedford-Stuyvesant,71
1740313,Williamsburg,136
7519028,Ditmars Steinway,64
13530262,Hell's Kitchen,107
43214730,Chinatown,226
47601649,Bedford-Stuyvesant,28
43548871,Williamsburg,88
6904318,Washington Heights,121
20466045,Crown Heights,62
16419895,Williamsburg,47
51189942,Greenpoint,127
22327848,Lower East Side,65
5817392,Bedford-Stuyvesant,69
56081663,Lower East Side,229
9640413,Harlem,227
53025787,Astoria,53
3004528,Ridgewood,174
20284338,Bedford-Stuyvesant,173
7190962,Upper East Side,87
43000437,Prospect Heights,21
48164995,Upper East Side,97
12629460,Park Slope,110
45425034,Financial District,177
13499885,Bedford-Stuyvesant,167
53729417,Sunnyside,153
13416488,Williamsburg,157
55505614,Harlem,27
24634253,Ridgewood,217
21229324,Jackson Heights,168
3911405,Astoria,131
5125360,Upper East Side,99
18217079,East Harlem,101
24292932,Murray Hill,205
8537470,Harlem,47
44092334,Upper East Side,186
24427141,Cypress Hills,168
56830582,East Harlem,214
6700520,West Village,72
19456441,Williamsburg,58
44106694,Midwood,180
18363439,Greenpoint,122
6465240,Canarsie,213
42833643,Harlem,145
44227648,Richmond Hill,29
21534745,East Harlem,237
9617768,Bedford-Stuyvesant,169
45143361,South Slope,186
1651393,Prospect-Lefferts Gardens,102
14601724,Bensonhurst,184
9121803,Little Italy,194
11522651,Bushwick,141
11025581,NoHo,75
24847441,Upper East Side,102
7078293,Bushwick,89
49345812,Bedford-Stuyvesant,192
57316053,Chelsea,189
4412341,Harlem,185
22774107,Midtown,170
18574417,Bedford-Stuyvesant,168
51286594,South Slope,19
6513290,Upper West Side,79
9715525,Cambria Heights,66
48019740,Murray Hill,104
24097417,Hell's Kitchen,57
23291612,Bedford-Stuyvesant,200
19091370,East Flatbush,46
21704854,Bedford-Stuyvesant,184
51992434,Bushwick,128
7720066,East Harlem,149
26306617,Fort Hamilton,106
26483353,Murray Hill,181
26594366,Bedford-Stuyvesant,204
5149109,Williamsburg,182
56478214,Williamsburg,227
46937232,Ridgewood,174
50268153,Gramercy,203
7086577,Astoria,68
7166661,Astoria,47
25871957,Chelsea,235
15345119,Morningside Heights,68
18399338,Bedford-Stuyvesant,151
24834738,Jamaica Estates,68
20516304,East Elmhurst,36
22597923,Chinatown,79
19750264,Williamsburg,116
26237580,Harlem,163
9062707,East Harlem,160
5969827,Jamaica,51
25390904,Hell's Kitchen,103
47801029,Financial District,64
4442165,Crown Heights,207
55918734,Williamsburg,207
24026171,Astoria,142
45473084,Borough Park,40
17999473,Williamsburg,47
6628168,Williamsburg,115
54607574,Upper East Side,21
6302311,Kips Bay,14
51315866,Chinatown,92
1708280,Windsor Terrace,20
21233190,Bedford-Stuyvesant,229
8689352,East Village,211
25673129,Financial District,174
23625753,Gramercy,150
9394639,Midtown,50
6443148,Upper West Side,231
15523512,Flatlands,81
26298885,East Harlem,66
14519983,Prospect-Lefferts Gardens,51
47094085,Fort Greene,239
17290872,Sunnyside,88
56152357,Upper East Side,149
46768228,Whitestone,48
55316727,Long Island City,20
7846542,East Harlem,96
23330825,Flushing,143
19499520,Bushwick,51
15779227,Long Island City,171
26811420,Bushwick,100
20404187,Lower East Side,153
9120698,Hell's Kitchen,12
23708598,Fort Greene,161
27294682,Midtown,131
55058803,Chelsea,197
24559693,Flushing,60
47696644,Midtown,40
12375402,Crown Heights,87
51661054,Jamaica,124
2343977,Ditmars Steinway,54
1580146,Williamsburg,64
48879118,Hell's Kitchen,75
20711818,East Village,20
1893301,Midtown,53
56038583,Woodhaven,204
15336283,Jamaica,53
57034380,Fort Hamilton,145
52797135,Midwood,91
46429668,Richmond Hill,180
18767170,Astoria,27
50793390,Jackson Heights,199
2047945,West Village,217
47780041,Midtown,228
43659331,Flatbush,17
57023887,Williamsburg,118
22943663,West Village,100
55505062,Harlem,47
57321576,Brighton Beach,200
21139851,Bushwick,21
23532415,Chinatown,30
23204901,Harlem,49
57299484,Williamsburg,153
3186235,Williamsburg,176
8075194,Upper West Side,208
49813058,Harlem,42
23746707,Jamaica,239
10473281,Theater District,30
15758792,Crown Heights,173
57145393,Hell's Kitchen,195
54187826,Ditmars Steinway,222
18359573,Cypress Hills,16
17875758,Corona,125
2050706,Chelsea,229
4561462,Bushwick,238
3280678,East Village,195
23973702,Harlem,102
53329552,Bedford-Stuyvesant,223
17201400,Harlem,69
8055312,Williamsburg,214
52392299,Arrochar,70
5416975,East Elmhurst,156
49885409,Williamsburg,128
3730250,East Village,49
20794111,SoHo,239
51488184,West Village,63
21291733,Crown Heights,228
7363280,Prospect-Lefferts Gardens,224
12503536,Hell's Kitchen,55
5866547,Sunset Park,161
44000100,Bushwick,201
11292342,Upper West Side,207
45007495,Harlem,34
12437812,Williamsburg,193
11537011,Greenpoint,23
46380513,Bedford-Stuyvesant,182
55112929,Williamsburg,234
5014900,Chelsea,237
7050126,Inwood,81
42905994,Upper East Side,84
18598166,Flushing,35
11433731,Hell's Kitchen,34
19038349,Hell's Kitchen,213
47254252,Bushwick,93
27084256,Crown Heights,81
44397204,Greenpoint,133
54457901,Washington Heights,129
24200145,Williamsburg,193
13615868,Williamsburg,24
6553056,Crown Heights,163
11018401,Bedford-Stuyvesant,200
55435472,Harlem,66
48310802,Upper East Side,64
45413436,Sheepshead Bay,207
1888330,Harlem,200
9989466,Downtown Brooklyn,19
17805064,Bedford-Stuyvesant,228
23435210,East Elmhurst,214
52762340,Prospect-Lefferts Gardens,225
9695090,Bedford-Stuyvesant,136
7167213,Park Slope,47
51603062,Woodhaven,176
26801478,West Village,70
56115353,Bedford-Stuyvesant,102
7338426,Lower East Side,51
15398140,Midtown,151
53801768,East Harlem,18
8031010,Greenpoint,169
7130761,Williamsburg,62
23662757,Brownsville,34
56965343,Bay Ridge,17
11861211,Lower East Side,127
3846233,Bedford-Stuyvesant,190
20788588,Sunset Park,123
13313760,Crown Heights,86
27639317,Woodhaven,71
20955383,East Village,92
26285078,Upper West Side,30
1939141,Washington Heights,148
6131651,East Village,15
47634234,SoHo,47
5513627,SoHo,107
52471278,Washington Heights,31
6821473,Greenpoint,51
13660604,Bedford-Stuyvesant,213
24929181,Bath Beach,167
55201297,Greenpoint,48
7491413,Hell's Kitchen,180
4103053,East Village,14
26414868,Lower East Side,159
13926261,Park Slope,142
53774706,Morrisania,147
8064701,East Village,177
18938935,Murray Hill,239
10257884,Williamsburg,182
26148660,Williamsburg,200
14634309,Elmhurst,15
26072995,Elmhurst,60
48388124,Williamsburg,54
46923976,Long Island City,74
51329674,Harlem,18
45925970,Harlem,140
24329383,Baychester,11
57148706,Lower East Side,48
6384052,East Village,121
2336245,Upper East Side,126
56731720,Sunset Park,168
17400228,Prospect-Lefferts Gardens,64
21763398,Bedford-Stuyvesant,176
55106853,Midtown,89
54523072,Upper East Side,129
43361089,Flatlands,44
52277973,Upper East Side,27
3819723,Midtown,72
4309061,Williamsburg,189
44576701,Schuylerville,202
51254561,Bay Ridge,111
2932729,Chelsea,181
53469836,Park Slope,126
4522249,Chinatown,150
26723604,Upper East Side,121
25750451,Williamsburg,176
53831593,West Village,153
13678278,Prospect-Lefferts Gardens,53
44381740,Fordham,151
47640862,Long Island City,126
54262387,Kensington,134
56936071,Fordham,103
43191533,Williamsburg,183
50318412,Bedford-Stuyvesant,128
44384501,Harlem,171
4180927,SoHo,131
42881140,East New York,119
57132137,Upper East Side,153
57115016,Chelsea,84
14970108,Little Neck,239
22466476,Upper East Side,184
46946621,East Village,36
20569325,Jackson Heights,152
21578929,Sunnyside,120
8706473,Williamsburg,42
53840982,East Village,88
50202982,St. Albans,172
45041738,Richmond Hill,166
43277692,Clinton Hill,151
27264858,Williamsbridge,148
6422713,Harlem,92
51982492,East Flatbush,20
18346870,Flatlands,221
53045117,Kingsbridge,31
43263332,Chelsea,98
19929762,Bushwick,227
13747868,Bensonhurst,35
57242045,Corona,206
7351681,Bedford-Stuyvesant,96
44623647,East Village,163
25324628,Bayside,43
22872968,Harlem,160
9116280,Little Italy,175
46530739,Bushwick,97
16963358,Morningside Heights,199
5309828,Fort Greene,68
9160464,Chinatown,119
13430848,Harlem,25
27147218,Bedford-Stuyvesant,231
1945769,Upper East Side,199
2345634,Upper West Side,233
25400293,Financial District,141
21712034,Williamsburg,121
52333755,East Elmhurst,127
57008974,Upper East Side,221
51965923,East Flatbush,83
53898421,East Village,105
25774753,Financial District,231
2647742,Bedford-Stuyvesant,201
23769904,Theater District,184
6567968,Upper West Side,144
50465324,Hell's Kitchen,108
50053861,Red Hook,62
21333708,Borough Park,67
5346832,Harlem,18
9435509,Kensington,61
15893001,Williamsburg,113
19504491,Kensington,134
25610719,Chelsea,128
48421262,Williamsburg,81
24611609,Bedford-Stuyvesant,51
10485984,Astoria,159
50357073,Chelsea,51
3839053,Upper East Side,104
24893834,Bedford-Stuyvesant,162
47572377,Williamsburg,27
3137632,Crown Heights,65
47859573,Elmhurst,62
56500858,Harlem,42
3081298,Harlem,225
53778019,Borough Park,62
21825255,Long Island City,173
7426242,Upper East Side,167
6634244,Park Slope,52
54112161,Hell's Kitchen,159
22950843,East Harlem,83
19545913,Greenwich Village,98
21573406,Upper West Side,93
50481893,Bushwick,190
25555489,Chinatown,237
2508010,St. Albans,98
8556800,East Harlem,94
15605253,Belmont,31
45616682,Williamsburg,76
3106704,Bedford-Stuyvesant,203
6971147,Bedford-Stuyvesant,157
46312028,West Village,179
12662046,Bedford-Stuyvesant,62
5673794,Harlem,173
21662879,Harlem,196
17724428,Prospect-Lefferts Gardens,128
25062838,Upper East Side,42
7058962,Bedford-Stuyvesant,234
27348255,Chelsea,89
17495776,St. Albans,195
1565787,Greenpoint,225
8442474,Harlem,86
56070064,Harlem,153
15910675,Boerum Hill,16
23896933,Financial District,130
20394798,Williamsburg,33
22848667,Woodhaven,97
45406808,Flatbush,120
44958893,Bedford-Stuyvesant,145
2648295,Prospect-Lefferts Gardens,29
17971306,Flushing,135
17786838,Ozone Park,46
7352234,Bushwick,194
50872921,Bedford-Stuyvesant,38
20745509,Bushwick,210
54003358,Bedford-Stuyvesant,170
17534989,Sunset Park,151
9585183,Greenwich Village,26
13991984,Bedford-Stuyvesant,94
10497582,Crown Heights,78
23351260,Little Italy,39
3274603,Morningside Heights,232
42921458,Bushwick,151
24466906,Hunts Point,105
52039379,Bushwick,141
8398842,Upper East Side,187
20702982,Jackson Heights,48
44385606,Chelsea,38
6771214,Clinton Hill,168
12829393,Astoria,146
45293587,Astoria,210
5679317,East Harlem,18
4535504,Morningside Heights,233
11409982,Cypress Hills,65
1310072,Fort Greene,71
5906312,Harlem,119
21218278,East Elmhurst,113
2130790,South Slope,114
48133513,Murray Hill,97
8378407,Hell's Kitchen,214
2955926,Maspeth,48
57185710,Chelsea,83
43345625,Bedford-Stuyvesant,46
3810334,East Harlem,123
16538087,Park Slope,24
24860144,Woodside,129
11108978,Flushing,61
12490281,Williamsburg,215
23912397,Financial District,16
15613537,Long Island City,226
12989560,Upper West Side,117
52327127,Flatbush,209
53655409,East Village,36
5131988,South Slope,51
19179186,Borough Park,215
44829103,Williamsburg,114
47131089,Midtown,161
45295796,Williamsburg,29
6215048,West Village,132
45148884,Bushwick,140
13330329,Crown Heights,204
26215488,Tottenville,103
10148529,Bedford-Stuyvesant,185
27301310,Clinton Hill,48
45744264,Kensington,161
7256134,Chinatown,57
20834429,Bushwick,17
1165921,Carroll Gardens,105
6160923,Kips Bay,207
25931606,Hell's Kitchen,229
20229108,Harlem,128
21618143,Randall Manor,207
3509883,Bushwick,185
18726300,Park Slope,32
48029681,Long Island City,19
2575943,Greenpoint,170
10196579,Midwood,52
5765476,Lower East Side,136
55602266,Harlem,234
20294832,Upper East Side,179
13915215,Upper East Side,177
54123759,Allerton,223
18905245,Little Italy,101
1355360,Clinton Hill,208
52759026,Bushwick,225
2028614,Harlem,11
4436090,Upper West Side,153
46184999,East Village,26
53649886,Bushwick,99
19295169,Bushwick,153
20308639,Springfield Gardens,87
14812150,Bedford-Stuyvesant,121
14865171,Astoria,224
49701493,Bedford-Stuyvesant,53
4941997,Far Rockaway,127
22208551,Lower East Side,105
19918163,Prospect-Lefferts Gardens,123
5758296,Upper West Side,31
54922385,Flushing,57
51704133,Harlem,81
43557156,Kew Gardens Hills,159
48558784,Park Slope,223
18920157,Sheepshead Bay,230
54429733,Bedford-Stuyvesant,116
17351073,Harlem,74
4581345,Kips Bay,163
47276344,Harlem,27
22798408,Bedford-Stuyvesant,42
9648697,Upper West Side,108
55336058,East Harlem,11
6189090,Bedford-Stuyvesant,221
54078471,Upper East Side,234
56418013,Harlem,82
15098241,Hell's Kitchen,114
23053570,Bushwick,144
26709244,Theater District,105
5489326,East Harlem,211
3644092,West Village,216
51577656,Greenpoint,76
47898786,Kew Gardens,45
27944187,Upper East Side,221
43120286,Ridgewood,40
4012476,Gramercy,97
14812702,Chelsea,65
9619978,West Village,234
16983241,Upper East Side,158
44983747,Chelsea,86
7556032,Morningside Heights,22
11933010,East Flatbush,158
43084387,Bedford-Stuyvesant,30
8640197,Bedford-Stuyvesant,66
19069278,Murray Hill,239
23584883,East Flatbush,222
24830320,East Harlem,110
19191889,Washington Heights,117
55379137,East Harlem,172
24801048,Crown Heights,131
1706071,Clinton Hill,134
47855707,Upper East Side,41
3806468,Upper East Side,207
24972261,Theater District,176
12369879,Gramercy,201
21429808,Rosebank,91
46190522,East Harlem,80
54122102,Astoria,107
54179542,Hell's Kitchen,43
7517371,Chelsea,177
51788083,East Harlem,17
1878941,Harlem,159
52594441,Flatbush,170
22637689,Williamsburg,121
53321820,Bushwick,236
48219120,Nolita,122
22415112,Ridgewood,189
4397429,Upper West Side,113
44608183,Astoria,112
56033613,Midtown,38
14894443,Ditmars Steinway,102
18236962,Greenpoint,52
15702457,Harlem,160
10653331,Hell's Kitchen,25
1574071,Upper West Side,142
2923340,Brooklyn Heights,79
5438514,Upper West Side,170
19565796,Harlem,105
54656176,Kips Bay,231
56583151,Upper East Side,150
7670359,East Village,34
2371040,Flatiron District,101
18732928,Williamsburg,126
9540446,Parkchester,136
45777954,Gramercy,223
47833062,Upper West Side,104
53108632,Upper East Side,127
9042824,Midtown,198
3050369,Kips Bay,76
1654155,Williamsburg,76
47239892,East Harlem,27
54163525,Financial District,216
3811438,Wakefield,222
45313470,Hell's Kitchen,134
7243983,Bushwick,169
11586718,East Harlem,97
3773330,Washington Heights,215
20944337,Long Island City,98
9528296,Laurelton,133
25660979,Bushwick,63
20754898,Morningside Heights,52
55433263,Harlem,173
9293016,Upper East Side,41
24121166,Upper East Side,216
1136097,Harlem,215
2139074,Upper West Side,229
42990496,Canarsie,107
54222069,East Flatbush,18
8473403,Nolita,24
43772553,Murray Hill,208
7135732,Astoria,11
3961112,Lower East Side,50
18385531,Kips Bay,170
13544069,University Heights,181
8308265,Upper East Side,142
13699265,Williamsburg,80
26455186,Downtown Brooklyn,32
17457115,Carroll Gardens,52
5050247,Prospect Heights,136
4078199,Bushwick,204
43432888,Lower East Side,127
6537039,Bedford-Stuyvesant,103
20410263,South Slope,213
12520657,Upper East Side,186
56897410,Chinatown,153
3127691,Williamsburg,46
6192404,Upper West Side,122
11395622,Bushwick,114
53687442,Tribeca,59
8986489,Hell's Kitchen,145
55480208,Bushwick,56
8301637,West Village,162
43884670,Bedford-Stuyvesant,138
46261216,Washington Heights,106
20890764,Astoria,177
10490402,Midtown,184
53699593,Washington Heights,109
13228706,Upper East Side,115
15020367,Kensington,16
1100198,West Village,82
47371892,Midtown,229
48763135,East Harlem,189
4888976,Washington Heights,228
13239199,Williamsburg,100
16865049,Glendale,22
4054450,Park Slope,131
5873174,Crown Heights,137
18499305,Hell's Kitchen,46
6168103,Kensington,199
7897354,SoHo,75
14489054,Crown Heights,116
50413960,Theater District,230
45453754,Williamsburg,173
44929069,Long Island City,235
16279059,Lower East Side,178
2753784,Bedford-Stuyvesant,75
24199593,Bedford-Stuyvesant,236
53796245,Hell's Kitchen,213
17350521,Cypress Hills,230
15321923,Harlem,69
5538481,St. George,161
10432411,Midtown,127
52602725,Lower East Side,19
7247849,Carroll Gardens,196
11107874,Williamsburg,221
48390333,Sunset Park,119
53124649,Williamsburg,196
53460999,Bushwick,179
46938336,Bedford-Stuyvesant,138
7178812,Long Island City,236
19358683,Financial District,16
48919436,Longwood,151
55378033,Maspeth,235
24951826,Tribeca,136
19040559,Fort Greene,228
10272244,Williamsburg,106
50938645,Hunts Point,81
5683735,Harlem,13
14312871,Fort Greene,148
19899385,Harlem,33
19459202,Bedford-Stuyvesant,232
11564074,Bedford-Stuyvesant,135
46994119,Greenpoint,182
22460400,Harlem,197
55936960,Lower East Side,29
49524205,Sunset Park,132
25665949,Hell's Kitchen,151
57301693,Upper West Side,195
56689193,Greenwich Village,194
49894798,Greenpoint,94
4807235,Bedford-Stuyvesant,121
47577347,East Village,56
54184512,Murray Hill,222
54377265,Jackson Heights,42
52740800,Bushwick,154
13095601,Bushwick,120
7992349,Williamsburg,142
13804202,Vinegar Hill,220
6002965,Upper West Side,72
9872931,Windsor Terrace,29
19548675,Crown Heights,24
55463639,Fort Greene,78
14529925,Tribeca,28
46044163,Concord,143
20955935,East Harlem,77
1437653,Gowanus,56
6394546,Harlem,93
1636481,Sunset Park,175
53502974,Bushwick,109
24776194,Bedford-Stuyvesant,86
14737037,Midtown,91
45948615,Bedford-Stuyvesant,208
48892926,Upper West Side,92
49840673,Lower East Side,214
57188472,Far Rockaway,72
47114520,East Flatbush,87
8933469,Lower East Side,93
18940592,Hollis,53
44879362,Edenwald,142
26396642,Bushwick,54
3636359,Williamsburg,156
16305017,Brownsville,144
2897934,East Harlem,125
18764961,Rockaway Beach,106
8970473,Inwood,158
26433646,Long Island City,12
26397747,Rosedale,151
44485572,Midtown,40
50309023,Chelsea,173
52160885,Middle Village,217
55474133,West Village,19
55377480,Washington Heights,138
52496131,Bedford-Stuyvesant,40
15163413,Brownsville,80
9300748,Washington Heights,88
14976183,Greenwich Village,149
54551239,Chelsea,76
19170349,Washington Heights,58
3226000,Kips Bay,91
55501195,Jamaica,48
20851550,Williamsburg,192
56076140,Financial District,114
11917546,Midtown,75
11773948,Bedford-Stuyvesant,46
20911199,Williamsburg,36
22763613,Long Island City,186
2110354,Williamsburg,238
47282419,Chelsea,20
3696008,Harlem,88
7291481,East Village,181
14844183,Crown Heights,194
1498406,Clinton Hill,70
16849032,Gramercy,195
8764465,Upper East Side,189
9923743,Upper East Side,129
21238713,Midtown,119
10063474,West Village,65
55549246,Midtown,151
25812861,Hell's Kitchen,180
21074680,Chinatown,185
6961205,Flatlands,25
17270437,Lower East Side,142
21110579,Brighton Beach,57
55461982,Lower East Side,121
16602154,Gramercy,49
8494942,Clinton Hill,109
9924295,Flatbush,98
47959539,Harlem,156
47152629,Bedford-Stuyvesant,189
5412556,Bedford-Stuyvesant,42
4463152,Hell's Kitchen,137
44814743,Hell's Kitchen,10
11439806,Sunset Park,48
10028680,West Village,132
42838061,Bedford-Stuyvesant,223
10094403,Upper East Side,182
27569728,Murray Hill,84
11941294,Harlem,42
49655100,Bedford-Stuyvesant,97
52071965,East Village,157
5314799,Upper East Side,91
12807301,Lower East Side,63
24901014,Bensonhurst,167
5282213,Chelsea,180
49002834,Sunset Park,54
27281979,Sheepshead Bay,28
19985544,Hell's Kitchen,192
47168093,Bedford-Stuyvesant,129
43169993,Springfield Gardens,214
2440078,Bedford-Stuyvesant,95
25681966,Midtown,195
19692273,Long Island City,220
12943167,Bedford-Stuyvesant,79
47317766,Ridgewood,101
45410674,South Slope,199
54673850,East Flatbush,221
23066273,Harlem,208
53007561,Greenwich Village,140
20995701,Flatbush,23
6036655,Upper West Side,83
20559384,Financial District,152
48881880,Sunset Park,136
1940246,Williamsburg,50
9754186,Ditmars Steinway,191
15979160,Harlem,101
13837893,Flatbush,180
51980283,Bedford-Stuyvesant,47
26093982,East Flatbush,25
53707325,Clinton Hill,81
49652891,Kensington,61
14521088,Carroll Gardens,136
52523194,Bedford-Stuyvesant,85
3524795,Williamsbridge,47
27660305,East Harlem,131
23222574,Bay Ridge,56
17627223,Bushwick,238
25056210,Williamsburg,71
45816615,Harlem,12
24638119,Bedford-Stuyvesant,138
17219626,Jamaica Estates,209
19514432,Clason Point,91
3727489,Prospect-Lefferts Gardens,109
1315595,Gowanus,95
10842217,Maspeth,98
2140731,Bedford-Stuyvesant,127
5161260,Greenpoint,132
20584237,Fresh Meadows,169
4816072,Prospect Heights,101
10193817,Chinatown,25
3957246,Hell's Kitchen,133
4732123,Upper West Side,92
53301937,Greenpoint,65
1429921,East Harlem,47
51353975,East Harlem,60
54698151,Bedford-Stuyvesant,89
8359629,Murray Hill,179
6410562,Hell's Kitchen,76
49551268,Nolita,56
5437410,Upper West Side,14
5951601,Harlem,123
56027537,East Village,128
44434760,Brooklyn Heights,96
19248223,Williamsburg,76
7913371,Kips Bay,182
4075438,Jackson Heights,83
11789412,Flatlands,44
11314434,Jamaica,128
54048094,East Elmhurst,166
48129095,Chinatown,77
50682378,Fort Greene,32
55174786,Elmhurst,57
22082627,Fieldston,141
17164948,Gramercy,36
23960999,Crown Heights,12
46742822,Astoria,138
47127775,Bedford-Stuyvesant,213
57075803,East Harlem,39
54365114,East Harlem,130
5188875,Washington Heights,111
45871845,Crown Heights,100
24250405,Theater District,209
21389491,Flushing,201
16314406,Park Slope,110
3350268,Crown Heights,202
19922029,East Harlem,236
6475181,Long Island City,140
9474170,South Slope,225
20188790,Chinatown,74
4001430,Financial District,227
2463274,Sunnyside,33
4497947,Prospect Heights,238
23595929,Harlem,62
8318759,Upper West Side,211
54386102,Bedford-Stuyvesant,57
20902914,St. Albans,15
27105796,Long Island City,110
55391840,East Flatbush,179
5481041,Fort Greene,211
24030589,Murray Hill,133
7256686,Hell's Kitchen,28
18489916,Bedford-Stuyvesant,96
53345016,East Elmhurst,18
25152310,Financial District,234
10233583,Williamsburg,142
49092859,Bedford-Stuyvesant,185
44511530,West Village,12
47542000,Williamsburg,78
10214252,Upper East Side,14
11485647,Long Island City,40
48740491,Hell's Kitchen,123
3599908,Bedford-Stuyvesant,207
26009480,West Village,20
15010978,Hell's Kitchen,135
2586989,Bedford-Stuyvesant,147
53357719,Midtown,84
17910001,Harlem,57
47680627,Gramercy,33
48960307,Chelsea,31
45969602,Crown Heights,168
44127682,Sunset Park,158
23534071,Upper West Side,137
18930099,Upper West Side,198
20283234,Little Italy,177
15773704,Williamsburg,142
21764502,Hell's Kitchen,13
9314003,Upper West Side,205
5874831,Fort Greene,193
54823523,Greenpoint,104
2779190,Astoria,236
21439750,Bedford-Stuyvesant,138
16777233,Richmond Hill,27
56427955,Williamsburg,219
22369823,Midtown,17
23936146,Downtown Brooklyn,223
6774528,Sheepshead Bay,229
18350184,East New York,144
20994044,East Flatbush,230
14084771,Boerum Hill,63
49436941,Hell's Kitchen,11
26390015,Sheepshead Bay,149
54966017,Bedford-Stuyvesant,164
4848106,Astoria,216
3535288,Carroll Gardens,88
46536262,Bedford-Stuyvesant,215
19569662,Upper West Side,117
25748794,Financial District,180
53302489,Williamsburg,168
18776007,Middle Village,14
55468057,Bedford-Stuyvesant,27
1101855,Ridgewood,145
3710920,Crown Heights,22
5030917,South Slope,105
6535934,Bedford-Stuyvesant,177
56208692,Upper East Side,208
50058279,Prospect-Lefferts Gardens,84
3122720,West Village,41
1770138,Prospect Heights,186
48062819,Williamsburg,114
16319377,Prospect-Lefferts Gardens,211
44557371,Williamsburg,62
10361164,Kips Bay,76
21974929,Upper West Side,183
55701128,Upper West Side,167
13776035,Sunset Park,222
13108857,Ridgewood,230
42823149,Sunnyside,82
27616121,Crown Heights,188
4947520,Upper West Side,167
18578284,Harlem,234
2099861,Bushwick,40
2770353,Fort Greene,18
43029157,Gowanus,193
54725766,Midtown,159
1435996,Kensington,52
19102416,Prospect-Lefferts Gardens,178
24693349,Washington Heights,14
48876909,Williamsburg,165
9943073,Cypress Hills,141
4136743,Downtown Brooklyn,155
2947641,Ridgewood,173
6493407,Williamsburg,65
50484655,Harlem,240
46726253,Nolita,136
48259438,Flatlands,182
2352262,Queens Village,233
51599196,Astoria,112
50337190,Long Island City,87
2302555,Upper West Side,134
1311729,Williamsburg,71
9271476,SoHo,13
49427552,South Slope,13
55851906,Bushwick,116
12673644,Bushwick,168
10783121,Bedford-Stuyvesant,192
54820762,Murray Hill,92
7996768,Theater District,109
52733620,Prospect Heights,175
4391353,Boerum Hill,171
55153799,Midtown,37
26283421,Williamsburg,153
53628346,Sunnyside,157
52319947,Murray Hill,222
14974526,East Flatbush,199
47099056,Springfield Gardens,126
9628262,Upper West Side,149
19936942,Sheepshead Bay,235
3044294,Bushwick,126
1983878,Prospect Heights,15
1301235,Bedford-Stuyvesant,142
12051754,Hell's Kitchen,127
43836619,Bedford-Stuyvesant,16
6852402,Park Slope,102
15537320,Kips Bay,37
5226431,Harlem,56
9506204,Flatiron District,199
24233836,Chelsea,127
2971390,Williamsburg,61
12260524,Harlem,189
45989485,Murray Hill,70
25752108,Bedford-Stuyvesant,54
25700192,Bedford-Stuyvesant,14
4779620,Sunnyside,217
55456459,Harlem,90
10754954,Bedford-Stuyvesant,109
44649053,Harlem,116
27024055,East Village,227
5018214,Flushing,237
2502487,Theater District,136
14299615,Williamsburg,13
2620127,Williamsbridge,105
56626231,Concourse,16
4633813,Upper East Side,126
11046568,Flushing,163
49514816,Harlem,101
3206670,Bushwick,178
7884099,Fort Greene,41
54532461,Bedford-Stuyvesant,31
3856175,Greenpoint,155
54840645,Bedford-Stuyvesant,235
16898739,Williamsburg,83
49129310,Upper East Side,18
51361155,Prospect Heights,171
45753100,Clinton Hill,218
8867193,Clinton Hill,124
6723716,Williamsburg,69
9608932,Harlem,130
45764146,Neponsit,228
21591080,Williamsbridge,229
24381852,Crown Heights,176
53922722,Mott Haven,20
12681376,Harlem,111
20722312,Bushwick,56
51075616,Inwood,184
20140740,Midwood,101
5396539,Hell's Kitchen,53
7165004,East Village,219
9792295,Bedford-Stuyvesant,156
47583423,Kips Bay,26
15738909,Murray Hill,62
1556398,Williamsburg,171
55791153,Washington Heights,177
16094038,Greenpoint,232
14740351,West Village,179
10645599,Flushing,128
52384014,Harlem,237
12460456,Chelsea,102
25503021,Financial District,191
18872107,Washington Heights,224
22260468,East Village,82
8666708,Concord,15
47479590,Ditmars Steinway,95
12156139,Castle Hill,33
26501579,Jamaica,131
57044322,East Flatbush,134
19973946,Midtown,78
43329608,Maspeth,10
51892467,Crown Heights,126
6846327,Theater District,107
47372996,Bushwick,97
53870254,Flatbush,111
53423443,Bedford-Stuyvesant,65
3820275,Greenpoint,174
46967608,Bedford-Stuyvesant,197
47740276,Kips Bay,60
1125051,Flatiron District,182
25869196,Williamsburg,230
6833072,Astoria,187
56287118,East Flatbush,99
47527640,Upper East Side,87
9564195,Crown Heights,160
18487706,East Village,48
26721947,Harlem,228
53235661,Ridgewood,229
17185935,Bedford-Stuyvesant,225
1083629,Williamsburg,227
55686216,Canarsie,110
23492097,Forest Hills,198
5543451,Gramercy,147
16609886,Chelsea,169
51860986,Astoria,171
14659163,Williamsburg,224
50548169,Kew Gardens Hills,159
57214982,Bedford-Stuyvesant,74
7521238,Harlem,76
53003695,Ridgewood,108
14338276,Crown Heights,163
55115690,Bushwick,68
9514488,Upper West Side,142
25728359,Bushwick,143
1821502,Williamsburg,94
3741296,West Village,127
19584574,Bedford-Stuyvesant,105
27526096,Flushing,138
13999717,Williamsburg,82
19124508,Chinatown,36
52518775,Jamaica,221
21079650,Borough Park,214
26752876,Bedford-Stuyvesant,112
5268958,West Village,46
7156720,Park Slope,24
27423920,Harlem,240
42899919,Park Slope,130
8770540,Harlem,154
8443026,Harlem,126
45166006,Bushwick,127
7607396,NoHo,169
47913146,Columbia St,162
9262087,East Harlem,43
44396099,East Elmhurst,220
13322597,West Village,163
1585117,Ridgewood,45
4577479,East Harlem,120
9987809,Bushwick,103
56422984,Williamsburg,61
15231898,Financial District,200
44256920,East Flatbush,109
9507308,Williamsburg,148
55988324,Inwood,43
24747475,Pelham Gardens,146
1494540,West Village,229
26323739,Williamsburg,177
5173410,Bedford-Stuyvesant,32
46113752,Claremont Village,228
3051474,Bushwick,11
54573331,Jamaica,131
54938954,Flushing,67
14286360,Astoria,155
22015246,Flushing,236
10567724,Gowanus,157
16523728,Gowanus,133
47531506,Astoria,66
51663815,Chinatown,90
4355454,Upper West Side,41
9211276,Cobble Hill,200
54042571,East Village,48
10400930,Ridgewood,134
46471643,Arverne,183
26243655,SoHo,21
24311710,Astoria,150
50341057,East Flatbush,111
53616196,Pelham Bay,129
48944290,Fort Greene,125
21417658,Crown Heights,33
15521855,Belmont,144
3438636,Washington Heights,28
13174580,Astoria,218
8009471,Bedford-Stuyvesant,194
11528174,Washington Heights,216
21809239,Upper East Side,133
2294270,Williamsburg,176
13410965,Harlem,122
23359545,Long Island City,162
17349968,Bedford-Stuyvesant,194
5399853,Lower East Side,119
5591501,Williamsburg,57
2110907,Bushwick,104
4607303,Astoria,15
42914278,SoHo,37
14143315,Upper West Side,47
20834981,Hell's Kitchen,99
44756751,Williamsburg,72
8941201,Williamsburg,233
53916094,Williamsburg,121
21483934,Bushwick,183
23518055,Chelsea,31
4927637,West Village,128
3290067,Washington Heights,24
48720608,Ditmars Steinway,229
49656205,Glendale,201
18568342,Harlem,229
48913361,Hell's Kitchen,145
24104597,Ditmars Steinway,62
45043947,Chelsea,68
2261132,Harlem,109
25658217,Richmond Hill,191
10117600,Crown Heights,154
54039810,Bedford-Stuyvesant,26
55532124,Jamaica,113
13895884,Kingsbridge,89
15762658,Upper East Side,43
2431241,Harlem,240
52592784,East New York,116
23954372,Upper East Side,204
47850736,East Harlem,112
56352842,Arrochar,142
17815557,Upper East Side,155
9730438,Elmhurst,188
48535036,Bushwick,107
53291443,Financial District,215
24268630,Westchester Square,116
44773320,Bushwick,132
2707391,Harlem,159
49394967,Harlem,82
54303257,Bedford-Stuyvesant,112
43855950,Harlem,125
22789019,Fort Greene,181
47961196,Harlem,50
12088206,East Village,25
4917695,Upper West Side,190
10177248,Sheepshead Bay,202
16987660,Ditmars Steinway,105
27289711,Hell's Kitchen,109
52972766,Chelsea,98
2870872,Astoria,77
20928872,East Flatbush,30
51566058,East Village,41
20204255,East Harlem,93
3577816,Chinatown,204
21885456,Park Slope,215
8691009,Williamsburg,21
17277065,Murray Hill,224
6957339,Harlem,89
55576308,Crown Heights,148
9020180,Williamsburg,130
56815117,Bedford-Stuyvesant,193
54371190,Breezy Point,46
1724297,Crown Heights,15
55366987,Upper West Side,48
54153031,Inwood,150
11427655,Harlem,156
22079866,Midtown,31
18943354,Hell's Kitchen,146
1180281,Boerum Hill,32
19169797,Clinton Hill,211
47411657,Bushwick,235
27094197,Bedford-Stuyvesant,107
55758015,Bedford-Stuyvesant,27
2427375,Upper East Side,137
23862138,Forest Hills,232
45364834,East Harlem,195
19704976,Flushing,55
49234800,Flushing,136
53674187,Crown Heights,218
24625969,Williamsburg,13
3406603,Windsor Terrace,228
5560573,Prospect Heights,35
43552737,East Village,163
26046484,Washington Heights,37
44745705,Prospect Heights,205
11084677,Washington Heights,146
6512738,East Village,221
27355987,Fordham,168
46393216,Tompkinsville,49
18825162,Jackson Heights,115
23408699,East Flatbush,120
8195596,Bushwick,48
43003199,Elmhurst,178
44610392,Bedford-Stuyvesant,140
16007327,Harlem,84
43052906,Harlem,211
46615793,Harlem,52
11516576,Bensonhurst,199
8495495,Hell's Kitchen,112
3636912,Crown Heights,182
20254514,East Village,90
3259138,Upper East Side,99
53634421,Tribeca,192
44946190,Washington Heights,65
44111113,Chelsea,195
8811963,Sunset Park,22
42994914,Williamsburg,47
15886926,Brooklyn Heights,97
23272281,Upper West Side,163
8007814,Hell's Kitchen,147
16254205,Williamsburg,237
55431053,Crown Heights,159
23297687,Upper East Side,65
52383462,Midtown,237
1896062,East Village,29
12622280,Harlem,234
2411358,Astoria,160
44899245,Bushwick,152
15313086,Upper East Side,177
21410478,Morningside Heights,36
53942605,Upper West Side,102
14078143,Lower East Side,146
24422170,Hell's Kitchen,218
45961318,Flushing,62
2164480,City Island,25
6399516,Fort Greene,20
8193387,Theater District,16
2008179,Bushwick,14
22401856,Murray Hill,161
49509845,West Village,94
13185626,Williamsburg,145
7765354,Sunnyside,206
5530748,Bedford-Stuyvesant,159
16653518,Bushwick,97
5414765,Flatbush,51
21819732,Sunset Park,200
55947454,Gramercy,49
26920223,Bushwick,173
13963265,Fresh Meadows,128
8660080,Middle Village,215
17264362,East Village,233
45046709,Bushwick,151
20976370,Hell's Kitchen,53
48744910,Prospect Heights,153
3635255,Williamsburg,29
15527378,Springfield Gardens,126
52744666,Williamsburg,161
48007589,Sunnyside,166
54735708,Ditmars Steinway,216
55517764,Flushing,20
50886177,East Elmhurst,110
18790367,Financial District,58
51487631,Williamsburg,54
3481163,Greenpoint,223
44789889,East Village,184
6704938,Lower East Side,228
6298445,Flatbush,53
9440480,Fort Greene,60
5014348,Crown Heights,36
51671547,Ridgewood,230
25360528,Briarwood,119
8105571,Williamsburg,85
55897747,Bushwick,21
21726946,East Village,16
18655053,Arverne,223
25973581,Kips Bay,11
53605702,Midtown,92
23570523,Harlem,184
55123975,Chelsea,229
8016651,Lower East Side,70
2933281,Crown Heights,218
10423022,Flatbush,194
57077460,Hell's Kitchen,207
1886673,Brooklyn Heights,105
21224905,Hell's Kitchen,236
6767348,Harlem,89
55396258,Bushwick,102
13775483,Upper East Side,80
13132606,Inwood,237
45818272,Bedford-Stuyvesant,75
52767863,Harlem,133
45017437,Bedford-Stuyvesant,200
23517502,Flatlands,55
18530233,Greenpoint,123
20896287,Brownsville,36
24490103,East Elmhurst,75
53706773,Long Island City,190
17642135,Upper East Side,101
51444552,Williamsburg,219
43955364,Williamsburg,66
26724156,Hell's Kitchen,195
10210386,Brooklyn Heights,52
51652217,Brighton Beach,200
26905863,Upper West Side,162
1802723,Crown Heights,18
3121063,Harlem,120
5140825,Harlem,182
11064242,Williamsburg,193
15742775,Crown Heights,177
49222649,Canarsie,45
50543751,East Village,163
1606657,Williamsburg,106
19732591,Long Island City,223
54711959,Rockaway Beach,67
49491067,Canarsie,89
2426822,Upper West Side,73
8305504,Harlem,212
3144812,East Harlem,167
17853114,Long Island City,112
56226918,Kips Bay,134
50662495,Midtown,94
12172156,West Village,164
22913286,Downtown Brooklyn,33
2359442,Upper East Side,51
18980910,Hell's Kitchen,118
49536908,Upper East Side,17
51091632,East Harlem,125
14999932,Gowanus,86
53701802,Hell's Kitchen,141
48852608,Williamsburg,18
6688369,South Slope,167
52957854,Bedford-Stuyvesant,213
48866416,Hell's Kitchen,46
21256939,Crown Heights,45
2656027,Greenpoint,41
23080081,Bedford-Stuyvesant,158
54159106,Cobble Hill,211
15522408,Fort Greene,239
47371339,Harlem,105
46257903,Bedford-Stuyvesant,180
55119004,East Harlem,97
53659827,Red Hook,234
46663843,Greenpoint,209
9567509,Harlem,178
21094562,Harlem,225
27395201,Briarwood,69
52789955,Astoria,83
16845166,Harlem,140
15747194,Harlem,198
9655877,Harlem,212
50585173,Crown Heights,240
9453183,Clinton Hill,169
9354874,East Village,77
23892514,Financial District,64
48502450,East Village,207
9764680,Upper East Side,170
5940003,East Harlem,75
19083086,East Village,88
52307245,Bedford-Stuyvesant,138
8667260,SoHo,143
25103708,East Village,43
10317532,Midtown,209
9332782,Hell's Kitchen,30
8876029,Hell's Kitchen,39
48105346,Ridgewood,195
10244629,Prospect-Lefferts Gardens,51
22501270,Kips Bay,23
51069540,Washington Heights,167
7498041,Bushwick,122
11439254,Ozone Park,218
44015565,East Flatbush,136
23077319,Nolita,71
19884473,Woodside,68
5737309,Williamsburg,46
49745125,Bedford-Stuyvesant,80
5634581,East Harlem,117
25891840,Bushwick,210
9951910,Tribeca,84
7742710,Park Slope,226
52985469,Prospect Heights,232
6747465,Ridgewood,12
19963452,Midtown,76
43007617,Bushwick,131
27005829,Borough Park,16
4114651,Windsor Terrace,37
27303519,West Village,201
47430988,West Village,13
17531675,Upper East Side,184
8505988,Bedford-Stuyvesant,39
12048441,Woodside,170
14479113,Hell's Kitchen,207
25790217,Hell's Kitchen,142
14993857,Financial District,155
54297734,Long Island City,223
52417152,East Harlem,188
50689558,Bedford-Stuyvesant,236
6247634,Long Island City,59
47215039,Murray Hill,39
1924782,Clinton Hill,88
3312159,Bushwick,70
26969377,Jamaica,98
45204114,Williamsburg,93
26568408,West Village,73
55717145,East Harlem,70
47241549,Upper West Side,74
2675357,Harlem,216
10227508,Fordham,226
13160773,Washington Heights,145
48796273,Williamsburg,142
48087673,Astoria,185
7823346,Upper West Side,179
49508188,Murray Hill,35
53773049,Greenpoint,174
53501869,Upper West Side,226
50625491,Midtown,205
53683024,Park Slope,123
1762405,Prospect Heights,200
8828532,East Village,163
50021827,Corona,68
55759120,Bedford-Stuyvesant,179
15020919,East Harlem,45
45669151,Harlem,88
44367380,Bedford-Stuyvesant,182
17282588,Lower East Side,176
47303407,Lower East Side,129
43526227,Crown Heights,116
53497451,East Harlem,238
7572049,East Village,147
55657496,Bedford-Stuyvesant,51
21900368,Harlem,213
25949832,Flushing,147
4483035,East Village,90
48739387,Upper West Side,18
1369168,Chinatown,158
49856689,Hell's Kitchen,129
44499932,Crown Heights,136
26571721,Bushwick,148
8719729,Upper East Side,105
13420354,Harlem,184
4170986,Lower East Side,81
23889753,Financial District,36
5585978,Prospect-Lefferts Gardens,186
57053711,Williamsburg,62
6338763,Gowanus,16
21461290,Bull's Head,71
56839418,Midwood,74
24745818,Williamsburg,182
54166286,Clinton Hill,215
55276962,Williamsburg,47
26251387,Boerum Hill,155
14605037,Bedford-Stuyvesant,32
53322372,Astoria,208
10288261,Chelsea,33
23238039,East Flatbush,143
15056819,Williamsburg,165
15214224,Hell's Kitchen,83
49885961,Ditmars Steinway,71
44781052,Bedford-Stuyvesant,153
9719392,Bushwick,222
6613256,Bushwick,108
10290470,Upper West Side,226
19915954,East Flatbush,221
21216068,Cypress Hills,103
1218390,Williamsburg,117
15652198,Mott Haven,128
3081850,Williamsburg,48
3761731,Astoria,220
51192151,Park Slope,110
15324684,Bushwick,12
2709600,East Village,125
15678156,Astoria,87
5257360,Crown Heights,78
56465511,Arverne,71
11418266,Upper East Side,64
17877967,Upper West Side,65
26940106,East Elmhurst,130
12863635,Hell's Kitchen,103
46856596,Rosebank,144
17659809,Bedford-Stuyvesant,169
51225841,Bushwick,228
11354752,Flushing,216
44654576,Williamsburg,164
11977194,Williamsburg,88
13351869,Sunnyside,137
49524757,Bushwick,130
55318936,Fort Greene,85
47966167,East Village,172
47759054,Brighton Beach,100
5552288,West Village,189
19363102,Hell's Kitchen,117
44219916,Williamsburg,120
20361660,East Harlem,38
8269052,Bedford-Stuyvesant,176
23567762,Bushwick,77
15083881,Fort Hamilton,55
6194061,Bedford-Stuyvesant,103
18304895,Upper West Side,158
54425867,Williamsburg,238
57198966,Astoria,168
21577273,Flatbush,111
3616477,Greenpoint,214
22273171,Tribeca,167
20884136,Jackson Heights,188
15432935,Flushing,104
44033238,Bedford-Stuyvesant,147
49778815,Crown Heights,236
17626671,Greenwich Village,27
44454091,Gowanus,74
56167822,Clinton Hill,177
49232038,Flushing,129
24850755,Hell's Kitchen,200
5546765,Tribeca,171
5702514,Tompkinsville,211
44465137,Chelsea,173
3460728,Brooklyn Heights,211
16789384,Bushwick,212
3351925,Woodside,53
7200351,Harlem,86
4118517,South Slope,135
51258979,Lower East Side,134
26718633,Chelsea,137
52735829,Bedford-Stuyvesant,236
20371049,Fort Greene,81
51503648,Williamsburg,106
1296264,Washington Heights,183
44549086,East Flatbush,118
1764615,Gowanus,125
11160342,Howland Hook,230
50249927,Carroll Gardens,191
24241015,Theater District,194
7330694,Forest Hills,211
22650391,Rosedale,53
24422722,Bay Ridge,169
6845222,Bedford-Stuyvesant,91
52025019,Williamsburg,98
47384595,Bellerose,25
6420504,Prospect-Lefferts Gardens,118
23900799,Financial District,129
4133429,Bedford-Stuyvesant,124
26387806,East New York,136
12575335,Bushwick,212
12720037,Upper East Side,47
4727152,Williamsburg,186
5051904,Kips Bay,148
3825798,Crown Heights,208
3451891,Murray Hill,152
6729792,Bedford-Stuyvesant,209
3892627,Upper West Side,223
22993370,Bedford-Stuyvesant,125
11671220,Lower East Side,156
18814668,Kensington,224
9672998,Astoria,96
2758202,Midtown,226
49251369,Ridgewood,140
49042047,East Harlem,16
56056809,Flushing,192
25563222,Upper West Side,145
18681011,Highbridge,171
45083161,Ridgewood,78
55796124,Harlem,181
12009780,Theater District,77
3619790,Bushwick,46
25233499,Harlem,63
43224119,Upper East Side,158
14218427,Lower East Side,236
18032059,Astoria,83
2610738,Hell's Kitchen,62
53701250,Hell's Kitchen,146
57168589,Fresh Meadows,26
3822484,Sunnyside,130
19720440,Astoria,46
8901435,Gramercy,124
49827970,Springfield Gardens,31
22517839,East Flatbush,98
24588964,Bedford-Stuyvesant,50
54982033,East Harlem,11
27425577,Park Slope,178
16522071,Gowanus,154
9188079,Midtown,12
6323299,Carroll Gardens,68
18843388,Hell's Kitchen,33
10069550,Bensonhurst,130
26411554,Bedford-Stuyvesant,41
51421908,Chelsea,217
19706080,Elmhurst,203
12980723,East Flatbush,185
25468226,Kips Bay,204
51798024,Brighton Beach,187
12696289,Lower East Side,134
3477849,Upper West Side,64
13764437,Lower East Side,195
18587120,East Elmhurst,18
55485179,Washington Heights,70
18990299,Long Island City,102
45185336,Jamaica,13
18219289,Hell's Kitchen,18
4409579,Harlem,29
45777402,East New York,142
46762705,Morningside Heights,229
20362213,East Harlem,201
55761329,Crown Heights,89
20642781,Bedford-Stuyvesant,87
46050790,Hell's Kitchen,207
57309426,Harlem,116
18829580,Sunset Park,87
18250770,Bedford-Stuyvesant,137
5107687,Greenpoint,67
1511661,Harlem,197
43646628,Inwood,144
21606544,Bedford-Stuyvesant,162
9198020,Clinton Hill,176
2417986,Williamsburg,67
17526704,Upper East Side,14
9022389,West Village,156
55900508,Harlem,207
25193181,Crown Heights,204
3539155,Midtown,155
8669469,Bedford-Stuyvesant,114
45359863,Crown Heights,142
53254991,Stuyvesant Town,97
8010023,Sunset Park,234
51091080,Chelsea,155
13063016,East Village,217
52065889,Bushwick,35
18744526,Hell's Kitchen,21
6089124,Flatiron District,124
48855370,South Slope,63
18862166,Astoria,83
5666062,Greenwich Village,143
51108754,Middle Village,184
7336217,Upper West Side,177
20879718,Midtown,13
2605215,SoHo,66
3899806,Woodside,18
4521696,Upper East Side,149
54403223,Astoria,201
56738900,Washington Heights,167
14297406,East New York,186
19374700,Briarwood,146
51948802,Bushwick,192
55408961,Harlem,106
13808621,Gramercy,31
53620614,Bedford-Stuyvesant,177
24868981,Crown Heights,172
25775305,Murray Hill,16
27182565,Financial District,58
3435874,Bensonhurst,141
5007720,Crown Heights,199
15047430,Hell's Kitchen,47
52544734,Ozone Park,46
4883453,Bushwick,88
26348040,Williamsburg,154
23704180,Washington Heights,103
1834204,Mariners Harbor,26
48823888,Boerum Hill,189
2789683,Williamsburg,170
53452162,Lower East Side,203
2392027,Upper West Side,63
49872154,East New York,119
4629395,Murray Hill,159
20575400,Upper West Side,208
6027818,Upper East Side,108
25327390,Ozone Park,31
23468348,Washington Heights,101
19679017,East Village,235
20910094,Wakefield,93
49216021,Hell's Kitchen,25
49662832,Nolita,141
43172203,Gowanus,238
3139289,Williamsburg,68
13626914,Schuylerville,238
56224156,Oakwood,126
13614763,Williamsburg,160
21486695,Bedford-Stuyvesant,208
13475032,Bushwick,151
7135180,Red Hook,94
7929940,Williamsburg,169
55281932,Crown Heights,224
19887787,Brighton Beach,93
49711435,Hell's Kitchen,124
2828344,East Village,227
51698058,Harlem,226
9719944,Crown Heights,79
44181255,Sunset Park,212
22516735,Williamsburg,83
7639430,Carroll Gardens,147
6345391,Bedford-Stuyvesant,192
52506073,Hell's Kitchen,128
5103820,Washington Heights,21
16012850,Concourse,184
49808087,Harlem,74
8907511,Windsor Terrace,127
54791490,Bushwick,112
50148304,Bushwick,156
54380579,Harlem,195
17199743,Mott Haven,56
7744919,Chelsea,137
45857485,Williamsburg,118
21263014,Bushwick,155
55317280,Financial District,152
21005090,Harlem,98
17498537,Little Italy,106
52664583,South Slope,36
5078967,Bedford-Stuyvesant,42
3153097,Williamsburg,178
54291106,Allerton,67
2227994,Flushing,113
14304586,Williamsburg,217
24153200,East New York,123
54071291,Williamsburg,75
3086821,Upper West Side,229
25076093,Williamsburg,85
51902961,Chinatown,103
54393834,Flatiron District,26
19120642,Harlem,97
1287427,Prospect Heights,174
22586877,Bedford-Stuyvesant,140
4386935,Williamsburg,139
54344679,Bushwick,109
12990664,Williamsburg,228
51524635,Lower East Side,140
54961046,Bushwick,170
47839690,Vinegar Hill,21
1297369,Prospect-Lefferts Gardens,13
48743805,Kips Bay,214
8767226,Rego Park,24
45912715,Briarwood,17
19977812,Ditmars Steinway,216
23166792,Lower East Side,122
45774640,Chinatown,93
49895350,Upper West Side,186
3443054,Sunset Park,74
4042300,Upper West Side,156
22845906,Brownsville,235
7181573,East Village,79
49667803,Port Morris,20
15003798,Bedford-Stuyvesant,15
51605271,Downtown Brooklyn,174
4614483,Crown Heights,141
51260084,Flatbush,97
4910515,Elmhurst,63
27016323,Midtown,23
3890417,Harlem,61
44513187,Kensington,126
13640722,Crown Heights,181
48304726,Flatbush,194
25323523,Long Island City,11
3039875,West Village,124
44282878,Gramercy,206
8506541,Williamsburg,162
18054151,Midtown,179
20649409,SoHo,201
53752061,Williamsburg,27
57106732,Bushwick,145
45404047,Lower East Side,90
46063493,Crown Heights,121
56788054,Sunset Park,158
50966812,Chinatown,138
48223538,Chelsea,42
7469874,East Harlem,140
48215254,Bedford-Stuyvesant,111
14235549,Hunts Point,128
11121681,Williamsburg,68
2594722,Morningside Heights,181
56280491,Woodside,170
57124405,Upper East Side,79
55240510,Carroll Gardens,187
56335721,Concord,164
20307535,East New York,177
4569194,Bushwick,60
12150064,Midtown,171
5296021,Flushing,162
54512026,Fort Greene,39
13398262,Bedford-Stuyvesant,175
10142453,Greenwich Village,205
53078808,Clinton Hill,232
7834944,East Harlem,229
11813161,Rego Park,23
5719635,Williamsburg,148
51767095,Crown Heights,64
7184887,Park Slope,124
53699041,Williamsburg,134
2508563,Theater District,224
3771673,Astoria,12
27399619,East Harlem,11
3531975,Harlem,60
53854237,East Village,141
1296817,Prospect-Lefferts Gardens,111
19191337,Upper East Side,189
2559927,Ditmars Steinway,67
24693901,East Harlem,68
11831939,Bushwick,209
9716078,Harlem,101
11549161,Kew Gardens Hills,200
12645477,Fort Greene,124
18484945,Upper West Side,58
11646919,Inwood,40
20356137,Williamsburg,109
50999398,Chinatown,104
49702045,Flushing,230
21215516,Williamsburg,163
6403935,Vinegar Hill,206
56453361,Great Kills,188
43638344,Bushwick,42
14436034,West Village,140
56914531,University Heights,135
15630106,Canarsie,111
48909495,Financial District,98
20379334,Throgs Neck,184
6862896,Upper West Side,116
22781839,Bedford-Stuyvesant,199
19483503,Financial District,196
24976127,Upper West Side,127
3629732,Fort Greene,120
3917480,Sunnyside,111
25305298,Financial District,158
19486265,Jackson Heights,227
44378978,Lower East Side,63
50586830,Harlem,100
49668355,Bushwick,218
53630003,Washington Heights,224
44936249,Ozone Park,64
50370881,Upper East Side,36
44728032,Upper East Side,25
13042581,Downtown Brooklyn,174
52356399,Sunset Park,136
47539239,Hell's Kitchen,178
26716976,Williamsburg,117
50260421,Flushing,94
9295777,Upper West Side,203
11509396,Crown Heights,239
11585061,Lower East Side,28
25201465,Cobble Hill,146
2653818,Williamsburg,126
3641882,Crown Heights,220
7491966,East Village,191
12885727,East Elmhurst,119
44423714,Bushwick,16
15559412,Midtown,161
17416244,Boerum Hill,76
57195100,Briarwood,238
11644157,Hunts Point,170
1658021,Upper East Side,80
23194407,Williamsburg,58
14585707,Fort Greene,13
17562604,Lower East Side,67
17505165,Flatbush,213
56254533,Crown Heights,240
8453520,Park Slope,171
56760992,East Harlem,125
8516482,Astoria,19
46279442,Williamsburg,48
17656495,Chelsea,180
2746052,Midtown,131
57284020,East Village,163
53556547,Canarsie,65
4701746,South Slope,20
3686066,Fort Greene,43
15300935,Financial District,113
18859957,Upper West Side,110
5507552,Williamsburg,169
20725626,Long Island City,229
2518504,Fort Greene,160
56176106,Maspeth,113
22870207,Williamsburg,139
2811223,Kips Bay,169
14114595,Chinatown,180
3295038,Williamsburg,22
8966054,Flatbush,34
19799419,Cambria Heights,230
3720861,Harlem,167
54993079,Greenpoint,232
43327951,Bedford-Stuyvesant,223
52740248,Harlem,68
13838445,Chinatown,28
48735520,Ridgewood,24
15070626,East New York,80
9008029,Jackson Heights,112
2419090,Williamsburg,101
17162186,Bedford-Stuyvesant,108
21329290,Bedford-Stuyvesant,211
7869739,West Village,226
23843359,Murray Hill,187
47678971,Little Italy,175
57280706,Flushing,69
45348265,Upper West Side,82
13415383,East Flatbush,237
16291209,Williamsburg,39
55142753,Lower East Side,166
7254477,Prospect Heights,55
55907136,Chinatown,227
1463059,Williamsburg,167
20218062,Hell's Kitchen,38
5788120,Bushwick,59
3111122,Lower East Side,176
4981762,Upper West Side,181
8916900,Ditmars Steinway,95
55205163,Bushwick,24
56022567,Windsor Terrace,124
3537498,Fort Greene,130
47216143,West Village,27
51727330,Prospect-Lefferts Gardens,145
16018925,Williamsburg,83
18023222,Kingsbridge,186
9855257,East Village,179
51388217,Greenpoint,133
5762162,Clinton Hill,109
23115428,Borough Park,52
25336226,Financial District,107
45051127,Bedford-Stuyvesant,202
9851944,Williamsburg,41
47946836,Upper East Side,216
4228977,Fort Greene,80
19885025,Williamsburg,186
48198685,Prospect-Lefferts Gardens,192
6688921,Midtown,229
7866977,Harlem,238
15749403,Chelsea,181
7055096,Park Slope,213
8171847,Chelsea,109
18925680,Boerum Hill,50
55889462,Bedford-Stuyvesant,23
5752773,Chelsea,32
48923855,Kips Bay,76
7035766,Prospect-Lefferts Gardens,102
11097932,Kips Bay,78
54987556,Chelsea,41
3852309,Williamsburg,235
6851850,Chelsea,134
51591464,Hell's Kitchen,80
51126979,Astoria,121
49963283,Hell's Kitchen,237
53625032,Harlem,178
56104859,Williamsburg,74
55072611,Bedford-Stuyvesant,17
21075232,Financial District,121
48854265,Bedford-Stuyvesant,38
4736541,East Village,71
27504004,Harlem,132
16355276,East Village,78
3734669,Lower East Side,39
20191552,Hell's Kitchen,110
43334579,East Harlem,57
12426766,Upper East Side,41
16324900,Sheepshead Bay,140
5397092,Midtown,180
12589142,Bedford-Stuyvesant,49
3210536,Harlem,17
8990356,Harlem,179
54719139,Williamsburg,79
51715179,Financial District,44
53675292,Inwood,61
19613846,Gowanus,124
49803116,Park Slope,13
7079950,Bushwick,59
22449354,Borough Park,211
1433235,Bedford-Stuyvesant,182
2607977,Hell's Kitchen,185
6786679,Chinatown,203
1376348,Greenpoint,151
9676312,Bedford-Stuyvesant,111
26639654,Williamsburg,176
46585417,Crown Heights,41
19435453,Williamsburg,72
23135863,Flatbush,152
46230288,Midtown,176
45718306,Williamsburg,76
44581672,Corona,206
17805616,Bedford-Stuyvesant,95
21008956,Morris Park,186
25801815,Hell's Kitchen,36
51137473,Fort Greene,72
18386083,Murray Hill,50
7415196,Flatbush,105
4950281,East Village,178
8163010,Mott Haven,18
8996431,Bedford-Stuyvesant,107
49541326,Woodhaven,21
45359311,East Harlem,231
8572264,Bushwick,41
10706352,Bushwick,64
49826313,Flatlands,173
47220009,Upper West Side,133
21763950,Cypress Hills,162
51761572,Bayside,137
48387571,East Flatbush,150
54588244,Civic Center,53
8358524,Hell's Kitchen,178
53448849,Flushing,48
50050547,West Brighton,207
10482118,South Slope,190
6925858,Bushwick,84
45895042,Long Island City,76
18008862,Chelsea,84
43536168,Upper West Side,129
16906471,Bedford-Stuyvesant,43
3192310,Williamsburg,169
17646001,Tompkinsville,58
15057371,Harlem,172
46440714,Williamsburg,202
51369991,Lower East Side,63
54040362,East Elmhurst,61
10177801,Hell's Kitchen,123
11930248,Windsor Terrace,125
48239555,Bedford-Stuyvesant,35
10424126,Bushwick,151
52276868,East Village,55
54173466,Harlem,141
55309547,Flatbush,127
14788401,Bushwick,127
12468741,Bedford-Stuyvesant,27
46615241,Upper West Side,23
48346701,West Village,178
7438945,Williamsburg,108
12311335,East Village,205
47021734,Forest Hills,218
8407679,Williamsburg,127
44828550,Harlem,99
7010912,East Harlem,82
21543582,Kips Bay,44
24364731,Williamsburg,231
2842152,East Village,157
4256040,East Harlem,219
53198104,Harlem,115
55405095,SoHo,145
19988305,Bedford-Stuyvesant,114
20315819,Elmhurst,69
8208299,Hell's Kitchen,49
47215591,Murray Hill,13
46579894,Williamsburg,233
56614632,Greenwich Village,44
3293933,Harlem,153
7887965,East Harlem,172
1812112,Columbia St,141
20561041,Fort Greene,85
43059533,West Brighton,207
50870160,Hell's Kitchen,118
23999108,East Harlem,13
54776026,Little Italy,123
51850492,Upper East Side,68
2408596,Flatbush,204
53044013,Harlem,217
47385147,Harlem,115
11365798,Midtown,69
56506934,Cypress Hills,17
25432327,Crown Heights,167
11684475,Williamsburg,174
46107677,Jackson Heights,155
20548338,Flatiron District,126
12153378,Brownsville,84
21693808,Crown Heights,71
2831658,Canarsie,39
16884379,Bedford-Stuyvesant,78
56171688,Bedford-Stuyvesant,17
25072227,Hell's Kitchen,28
12613996,Prospect-Lefferts Gardens,128
9370890,Bushwick,54
14913773,Sunnyside,76
55511689,Bushwick,38
47841899,SoHo,190
46547860,Greenwich Village,149
20850998,Flushing,28
7575363,Hell's Kitchen,152
9587944,Chinatown,197
43264989,Prospect-Lefferts Gardens,11
19614951,Upper West Side,40
5523016,Kips Bay,26
10377181,SoHo,224
52202308,Upper East Side,127
23328616,East Flatbush,160
50758595,Williamsburg,219
15079463,Bedford-Stuyvesant,11
25532845,Harlem,98
20833877,Williamsburg,181
10026470,Upper East Side,101
52977184,Hell's Kitchen,18
20399769,Maspeth,40
10567172,Bedford-Stuyvesant,63
55538752,Murray Hill,238
43517942,Crown Heights,22
5246314,Crown Heights,116
19429930,Ditmars Steinway,222
19019019,East Village,88
51094946,Harlem,118
26150317,Hell's Kitchen,208
47369130,Upper West Side,119
5154080,Upper West Side,71
56607452,Crown Heights,87
16842957,Chelsea,77
42851869,Financial District,78
51796919,Crown Heights,67
2805148,Greenpoint,31
8670022,Bedford-Stuyvesant,49
25822250,East New York,161
57073041,Greenpoint,103
48713428,Harlem,195
4138400,Harlem,220
44856718,West Village,189
3401632,Bedford-Stuyvesant,124
26901445,Flatbush,116
1405620,Fort Greene,56
48899554,Williamsburg,80
55729848,Arverne,87
54413164,Williamsburg,219
3854518,Forest Hills,96
21259700,Elmhurst,16
8937887,East New York,104
45232282,Bedford-Stuyvesant,213
13181208,Upper East Side,93
6081944,Bedford-Stuyvesant,120
3835187,Kensington,12
46890838,Harlem,113
2057334,Flatbush,39
9070991,Upper East Side,107
3523690,Inwood,168
53961383,Greenwich Village,169
2403073,Hell's Kitchen,102
3562903,Fort Greene,216
47217248,Ridgewood,74
3905329,Williamsburg,113
17076028,Upper West Side,184
7862559,Flatbush,28
4103605,East New York,229
6444253,Williamsburg,187
50502328,Bedford-Stuyvesant,17
2514086,Clinton Hill,182
2602454,West Village,87
27982848,Bushwick,13
11888826,Crown Heights,165
3678886,Harlem,46
48293680,Chelsea,199
56985226,Chinatown,92
44853956,East Village,170
48543872,East Village,148
10478804,East New York,218
19681779,Bedford-Stuyvesant,32
52345906,East Harlem,136
9562538,Morningside Heights,16
56397578,Bedford-Stuyvesant,79
48454952,Upper West Side,147
46436296,Bedford-Stuyvesant,85
53776363,Clinton Hill,155
10669348,Flushing,129
3262452,Flatbush,149
47687807,Ditmars Steinway,49
11497798,Park Slope,121
7316334,Crown Heights,191
11197346,Harlem,222
8637436,Williamsburg,221
23196064,Upper East Side,43
21661222,Bedford-Stuyvesant,101
11296760,Greenpoint,109
1099645,Harlem,35
21453557,Harlem,206
26504341,Columbia St,154
7414644,Crown Heights,191
55931989,Mott Haven,84
47308377,Astoria,164
15543395,Williamsburg,144
7649923,Chelsea,207
20373811,Throgs Neck,46
46859910,Arverne,220
55743103,Williamsburg,201
15372182,Harlem,43
26494399,Williamsburg,112
49309912,Canarsie,72
27048909,Lower East Side,25
9399610,Crown Heights,49
43209207,Upper West Side,18
6703834,Astoria,234
47814836,East Village,49
16030524,Forest Hills,96
9182556,Astoria,125
27019084,Ozone Park,121
4765813,Williamsburg,113
18130368,Bushwick,145
9631024,Upper East Side,158
45881786,Ridgewood,78
21699883,Bedford-Stuyvesant,182
54109952,Jamaica,187
51572686,Corona,206
21172989,Borough Park,209
13449073,Williamsburg,194
26267956,Rego Park,62
47540896,Lower East Side,71
10187190,Upper West Side,182
5026498,Hell's Kitchen,106
11999838,Gravesend,113
48217463,Bushwick,175
16851794,Williamsburg,97
1790573,East Harlem,128
52064785,Sunnyside,192
2120296,West Village,150
9941968,Fort Greene,101
16929668,Ridgewood,129
6078630,Park Slope,197
44559028,Harlem,63
15007664,Flushing,116
56744975,Inwood,184
54613649,West Village,65
5632372,East Village,141
2151777,Bedford-Stuyvesant,201
24369149,Gowanus,178
8343612,Murray Hill,28
57055368,Upper East Side,101
49625276,Williamsburg,63
13357944,Greenpoint,81
50515583,Harlem,28
45184231,Prospect Heights,165
4382517,Bushwick,39
48150082,Allerton,69
18586016,Williamsburg,166
4041195,Chelsea,162
2790236,Clinton Hill,44
47060947,Hell's Kitchen,49
44847881,Chelsea,104
3265214,Harlem,182
45091445,Bushwick,153
55595086,Bushwick,45
24491760,East Village,150
9017971,Long Island City,230
17363224,Bedford-Stuyvesant,235
5946078,Crown Heights,182
11469078,East Harlem,18
50217894,Bedford-Stuyvesant,146
47602201,Ozone Park,176
4420073,Williamsburg,135
18882601,Corona,50
1448699,Carroll Gardens,227
21307198,Bedford-Stuyvesant,48
24171978,Maspeth,125
55396811,Crown Heights,39
3124377,Clinton Hill,41
17473684,Bedford-Stuyvesant,73
8489419,Boerum Hill,91
14950225,South Slope,169
57103970,Greenpoint,111
54474470,East Village,175
47661849,Upper West Side,54
22589086,Inwood,107
7760936,Upper West Side,129
14375281,Rego Park,127
25764259,Ridgewood,191
24218923,Long Island City,201
15596416,Bedford-Stuyvesant,129
45011362,Flatbush,105
14586811,Chelsea,107
47091876,Fort Greene,147
10548946,Williamsburg,57
52907042,Harlem,118
9578003,Murray Hill,99
10926167,Williamsburg,78
27483569,Astoria,54
4993360,Upper West Side,160
18799204,St. George,142
50122898,Bedford-Stuyvesant,36
23907426,Financial District,22
18951086,North Riverdale,240
49586062,Clinton Hill,105
3989831,Hell's Kitchen,128
12916656,Lower East Side,48
54417583,Bedford-Stuyvesant,190
47303959,Bedford-Stuyvesant,137
4685177,Hell's Kitchen,190
54397700,West Village,43
51319180,Upper East Side,188
48707905,Upper West Side,54
1649736,Williamsburg,111
8975996,Bedford-Stuyvesant,85
10933899,West Village,86
57270765,Bedford-Stuyvesant,140
54762218,Ridgewood,144
12764221,Concourse Village,85
21429256,Ditmars Steinway,32
20962010,Flatbush,168
24764596,Glendale,158
2376563,Clinton Hill,47
47539791,Bushwick,208
53134038,East Village,131
56391503,Lower East Side,107
22663094,Lower East Side,218
21156972,Fort Greene,201
6012354,Upper East Side,70
16755694,Astoria,113
10585398,Morningside Heights,114
44884333,Concourse,226
3431456,Upper East Side,196
9024046,Harlem,157
24243225,Theater District,78
26734650,Springfield Gardens,79
24850202,Financial District,231
55106301,Park Slope,161
3997011,Upper West Side,161
15493688,St. Albans,145
56691402,Crown Heights,117
6142697,Park Slope,49
56784741,Astoria,134
19741427,Chelsea,235
17744311,Bedford-Stuyvesant,96
24862905,Astoria,129
6253157,Prospect Heights,185
19739218,Williamsburg,194
6289056,Williamsburg,109
25126905,Bedford-Stuyvesant,51
3217164,Bushwick,127
55639270,South Slope,62
50077609,Crown Heights,201
53013084,Washington Heights,111
19664658,Williamsburg,78
46002188,Upper West Side,34
12485862,Bedford-Stuyvesant,168
15418023,University Heights,22
44415982,Williamsburg,40
9241652,East Village,226
56870347,Bedford-Stuyvesant,147
43336236,Bedford-Stuyvesant,109
56913427,Harlem,111
51379381,Jamaica,72
23045838,West Village,116
20447267,Bushwick,24
56525712,Bedford-Stuyvesant,12
46547308,Flatbush,66
25805681,Canarsie,151
17259391,Bedford-Stuyvesant,92
24813751,Astoria,123
22757538,Sunnyside,157
51247933,East Flatbush,109
1371929,Greenpoint,137
18439656,Mott Haven,211
1291846,Prospect Heights,194
18245799,Ridgewood,108
11880541,Hell's Kitchen,232
55610551,Harlem,191
3916928,Murray Hill,73
2091024,Upper West Side,46
23668833,East Village,17
23673251,Williamsburg,91
23002759,Harlem,151
4652039,Bushwick,150
57061443,Astoria,146
55887805,Ditmars Steinway,148
21286210,Brownsville,217
18474451,Astoria,126
56968104,Chinatown,213
2991825,Greenpoint,83
26398299,Crown Heights,108
43881908,Bedford-Stuyvesant,38
56798548,Harlem,240
7425137,Inwood,180
2214739,East Village,163
12722247,Bedford-Stuyvesant,175
6529307,Clinton Hill,95
14378042,Forest Hills,205
27014114,Harlem,154
10245733,Harlem,120
47637548,Bedford-Stuyvesant,10
1569653,Hell's Kitchen,147
48338417,East New York,221
16766187,Borough Park,152
44166895,Bedford-Stuyvesant,229
6039969,Upper West Side,22
27462581,Williamsburg,19
10389884,Downtown Brooklyn,195
9058288,Harlem,94
2089367,Fort Greene,223
51080034,Tribeca,209
24334906,Lower East Side,234
1100750,Harlem,120
17451592,East New York,32
56658816,Upper East Side,41
52184634,Greenpoint,104
46989700,University Heights,22
56545042,Bedford-Stuyvesant,138
23531862,Fort Greene,232
6836386,Long Island City,112
57126614,East Village,182
11277430,Rockaway Beach,45
50317308,Midland Beach,55
11016744,Upper West Side,43
52186843,Greenpoint,149
26000643,Gramercy,158
19513880,Lower East Side,21
49544640,Jamaica,226
8492181,Corona,85
13168505,Bedford-Stuyvesant,55
22818291,Fort Greene,101
7842676,Little Italy,72
26235923,Crown Heights,116
50048890,Bedford-Stuyvesant,26
5030365,Kips Bay,48
55587354,Hell's Kitchen,238
53601283,Hell's Kitchen,33
21476202,Sunnyside,80
11089096,Astoria,164
50433291,Chelsea,14
13037610,South Slope,158
1930857,Flatbush,129
51897990,East Village,109
1928648,Bushwick,184
22960232,Hell's Kitchen,26
24132765,Sunset Park,60
3495523,Williamsburg,134
3032143,Bedford-Stuyvesant,131
47478486,Upper West Side,143
12046231,Harlem,145
1903242,Inwood,103
10838351,Bedford-Stuyvesant,127
20232422,Rosedale,139
43409692,Harlem,153
3615924,West Village,79
53143979,Murray Hill,50
55910450,Little Italy,159
27551502,Harlem,206
25105365,Astoria,77
1857953,Fort Greene,220
14977840,Williamsburg,222
55212895,Crown Heights,133
57255853,Canarsie,207
54634084,Bedford-Stuyvesant,201
54504294,Bedford-Stuyvesant,182
9990571,Bedford-Stuyvesant,156
46947173,Highbridge,129
25758184,Kips Bay,22
24272497,Lower East Side,185
18062988,Upper East Side,87
7997320,Bedford-Stuyvesant,236
7166109,Upper East Side,42
44154744,Bedford-Stuyvesant,193
6121709,Windsor Terrace,79
21717557,Greenpoint,202
26376207,Bedford-Stuyvesant,13
43292052,East Village,53
48082150,Chinatown,53
48168308,Bedford-Stuyvesant,71
16955074,East Village,60
22186459,Williamsburg,150
25158938,Financial District,40
19539838,Long Island City,223
46899123,College Point,143
8064148,Greenpoint,31
47003508,Williamsburg,194
54313198,Columbia St,178
48984608,Lower East Side,152
56443972,Upper East Side,237
53168833,East Harlem,18
22552082,East Elmhurst,38
55754149,East Elmhurst,133
19981126,Cypress Hills,167
8919109,Long Island City,224
24967842,East New York,12
10094956,Rosedale,191
21595498,Bedford-Stuyvesant,134
10938318,Financial District,173
24304530,Washington Heights,55
42973927,Sunnyside,125
55346551,Cypress Hills,188
15485956,Allerton,29
2969733,Harlem,79
4214617,East Village,148
56329645,East Village,45
52799344,Upper West Side,54
25982970,Queens Village,155
48807319,Prospect-Lefferts Gardens,51
15839980,Bushwick,235
25046269,Arverne,52
17109718,Hell's Kitchen,136
9630471,Astoria,12
6948502,Upper West Side,193
9450421,Clinton Hill,146
22447697,Lower East Side,210
54719691,Harlem,163
24120614,Bushwick,156
4855838,SoHo,214
44156953,Bushwick,84
55103539,Williamsburg,128
1355913,Williamsburg,231
11248710,Williamsburg,113
13537441,Greenpoint,10
18570551,East Village,64
54255207,Williamsburg,154
10048562,Inwood,14
9847525,Chelsea,82
16376263,East Harlem,186
50084789,Flatbush,168
49183436,East Village,227
26451872,Harlem,94
47713765,Williamsburg,187
21989288,Harlem,146
14079800,Cypress Hills,198
24946855,SoHo,154
56888021,Richmond Hill,29
10178905,Bedford-Stuyvesant,79
13373961,Harlem,89
7495832,Williamsburg,148
57195652,West Village,68
50265944,Randall Manor,17
45800598,Williamsburg,45
50821005,Elmhurst,147
54012747,Greenwich Village,233
21947866,Astoria,239
25035223,Hell's Kitchen,114
44890408,Hell's Kitchen,109
11324375,Gravesend,22
13763332,Williamsburg,229
11573463,Upper West Side,170
9175928,Astoria,167
5261778,Greenpoint,24
24414438,Mott Haven,39
18561162,Upper East Side,19
48045145,Windsor Terrace,210
45935912,Bedford-Stuyvesant,129
44028820,Greenwich Village,194
44748467,West Brighton,38
9306823,Chelsea,24
15954306,East Village,186
2225233,Tribeca,11
14643698,Hell's Kitchen,29
46943859,Harlem,43
2770905,Crown Heights,136
20610195,Harlem,91
45249955,Prospect-Lefferts Gardens,53
7016435,Upper West Side,103
1692263,Bedford-Stuyvesant,133
27236691,Bedford-Stuyvesant,71
19414466,Bergen Beach,95
12234566,East Village,188
52540867,Ridgewood,151
6046044,Lower East Side,112
7677538,Harlem,207
15005455,Maspeth,88
27203000,Rego Park,86
5610832,Bedford-Stuyvesant,98
20981341,East Harlem,36
2850989,Upper East Side,191
8666155,Upper East Side,75
22627747,Williamsburg,144
26613696,Williamsburg,152
49581644,Hell's Kitchen,225
12820556,East Harlem,72
5056875,Prospect Heights,33
42866228,Prospect-Lefferts Gardens,102
52895444,Williamsburg,109
13911901,East Flatbush,122
4524458,Williamsburg,85
11501111,Hell's Kitchen,215
12744339,Bedford-Stuyvesant,60
2468245,Bedford-Stuyvesant,162
52485637,Harlem,112
18970969,Midtown,159
56660473,Bushwick,201
45465904,Williamsburg,38
2500278,Hell's Kitchen,200
6508872,Sunnyside,229
11654098,Upper West Side,109
14758577,Astoria,53
47183557,Ditmars Steinway,30
25501364,Bushwick,47
9089770,West Village,240
51490945,Crown Heights,136
11268041,West Village,210
16896530,Sunset Park,18
5081176,Crown Heights,197
47646937,Upper West Side,99
5840036,Chelsea,22
20372706,Crown Heights,221
52552466,Chelsea,183
48199789,Fort Greene,75
45023512,Flushing,77
3024963,Williamsburg,147
50896118,Greenpoint,114
26670583,Flushing,30
24816512,Williamsburg,137
15580951,Bedford-Stuyvesant,189
10651122,Midtown,196
45337771,Rego Park,224
49120474,Woodlawn,33
45415645,East Flatbush,81
20488137,East Harlem,57
3462937,Upper West Side,64
4882900,Crown Heights,111
8366809,Williamsburg,194
17530018,Upper East Side,183
21777757,Canarsie,204
9586840,Upper West Side,111
19612741,Bedford-Stuyvesant,86
9396848,Harlem,156
12445544,Williamsburg,207
12844857,Sunset Park,182
56794682,Richmond Hill,63
50318965,Bedford-Stuyvesant,223
14289674,Lower East Side,52
3679991,Clinton Hill,44
56030299,Astoria,30
17039023,Bushwick,171
51292669,Ditmars Steinway,237
54874335,Bushwick,87
8375093,Hell's Kitchen,168
57314949,Williamsburg,164
1546456,East Village,140
5843350,Bedford-Stuyvesant,225
4407922,Upper West Side,171
46444580,Mott Haven,84
17222387,Bedford-Stuyvesant,47
25070570,West Village,202
6769005,Crown Heights,121
23442942,Bedford-Stuyvesant,188
49512607,Prospect-Lefferts Gardens,172
22342208,East Village,131
21434779,Bushwick,189
49313226,Hell's Kitchen,81
46653349,Greenpoint,78
55686768,East Flatbush,30
25218034,Crown Heights,208
44673354,Jamaica,214
11106769,Astoria,105
49914681,Tribeca,76
18972626,Sunset Park,138
10038621,Upper West Side,134
52312215,East Flatbush,51
43186010,Williamsburg,34
1840280,Clinton Hill,69
19604457,Williamsburg,48
49441360,West Village,103
52606591,East Harlem,175
49797041,Upper East Side,41
10015977,Williamsburg,104
7014778,East Elmhurst,166
5181695,Hell's Kitchen,201
6867867,Harlem,78
2910637,Williamsburg,80
20358899,Flatbush,82
4955252,East Harlem,30
45745921,East Village,16
5073996,Williamsburg,199
1020667,Bedford-Stuyvesant,38
50545960,Williamsburg,239
19216190,Bushwick,195
6970042,Brownsville,238
45090340,Harlem,115
5254598,Harlem,18
23247980,Flatbush,102
24158170,Midtown,10
1829234,West Village,138
1980012,Gramercy,81
23828447,Bushwick,234
10016529,Upper East Side,135
26406031,Upper East Side,120
9330572,Sea Gate,17
6398412,Bushwick,180
50447650,Bedford-Stuyvesant,195
44405488,Chelsea,25
24866771,New Brighton,82
18430819,East Elmhurst,132
26736307,Williamsburg,24
5137511,East Village,47
51536234,East Elmhurst,219
50997189,Washington Heights,51
53051193,Greenpoint,52
1310624,Williamsburg,136
44180702,Red Hook,23
55964023,Woodside,80
26232057,Westchester Square,240
55319489,Harlem,151
46428011,Cypress Hills,154
10812393,Prospect-Lefferts Gardens,75
4058317,Bedford-Stuyvesant,31
5465025,Upper West Side,200
56314733,Crown Heights,61
27141143,Williamsburg,234
22879596,Williamsburg,203
45205219,Bushwick,189
47753531,West Village,70
4671922,East Harlem,210
13006129,Williamsburg,22
9539342,Bushwick,51
6939113,Bedford-Stuyvesant,33
47730887,Upper East Side,105
17480311,Hell's Kitchen,29
8024383,Bushwick,73
23906322,Financial District,123
6790545,Washington Heights,118
52030542,Crown Heights,48
20540605,Bedford-Stuyvesant,79
23202691,Washington Heights,45
9323392,Lower East Side,48
12322934,East Elmhurst,233
52009555,Williamsburg,56
48302517,Morningside Heights,159
12117478,Washington Heights,41
55359807,Bedford-Stuyvesant,129
11994868,Kips Bay,134
44766693,East Harlem,102
51105992,Lower East Side,102
13139233,Brooklyn Heights,214
4153312,East Harlem,103
22291396,Midtown,136
11027790,Hell's Kitchen,81
53664246,East Flatbush,131
15965905,Murray Hill,171
48615119,Ditmars Steinway,159
1585669,Chelsea,110
20032489,Jackson Heights,86
1450356,East Village,133
26752324,Chelsea,96
23886991,Financial District,139
10374972,Chelsea,26
7536702,Chelsea,29
13170162,Upper West Side,139
20443401,Greenpoint,48
14604485,Flushing,44
18322016,Bedford-Stuyvesant,163
47824778,East Harlem,43
26163572,Clinton Hill,92
8961636,East Village,51
10408662,Williamsburg,34
52651327,Midtown,35
20295937,Bedford-Stuyvesant,133
54227592,Concord,19
51916768,Bedford-Stuyvesant,46
27127335,Hell's Kitchen,217
42991048,Park Slope,115
18446836,Greenpoint,45
14202963,Chinatown,93
5407033,Bedford-Stuyvesant,178
25926083,Greenpoint,219
56781979,East Flatbush,174
18737346,Harlem,207
3279574,Greenpoint,204
53533903,Middle Village,14
26794851,Williamsburg,150
24589517,Midtown,216
53674739,Longwood,225
17746520,Flatbush,143
9236681,Prospect-Lefferts Gardens,67
9289702,Red Hook,13
10315323,Bushwick,131
21524252,Bedford-Stuyvesant,98
18597614,Jamaica,202
1254842,Williamsburg,45
2905666,Forest Hills,115
1372482,Brighton Beach,127
46238020,Williamsburg,128
7691898,East Harlem,104
11676743,Bedford-Stuyvesant,74
43533959,Crown Heights,229
45244432,Highbridge,182
7878576,Upper East Side,157
10504762,Williamsburg,78
7617890,Carroll Gardens,115
25256695,Astoria,130
26809210,East Village,91
3333147,Midtown,170
51442895,Bushwick,218
12307469,Hell's Kitchen,118
9031226,Financial District,128
4028492,East Harlem,59
49566732,Williamsburg,221
20609091,Upper West Side,48
9982286,Flatlands,102
24710470,Flushing,145
46789768,Midtown,168
24838052,Gowanus,71
51405339,West Village,204
12791836,Williamsburg,118
47686150,Sunnyside,37
47327708,Roosevelt Island,155
52832482,Bushwick,190
10125332,Upper East Side,192
54554001,Fort Greene,223
13566161,Harlem,195
25029700,East Flatbush,154
51893572,Long Island City,210
44144803,Upper West Side,39
10055190,Hell's Kitchen,115
46918453,Bushwick,17
47899338,Greenwich Village,147
14640385,Upper East Side,136
52960615,Bedford-Stuyvesant,47
15782541,Hell's Kitchen,175
55879521,Williamsburg,217
19125613,Elmhurst,73
50001944,Ozone Park,218
13536337,Hell's Kitchen,187
19096893,Hell's Kitchen,21
49445226,Flatbush,70
24857382,Harlem,30
5712455,Upper West Side,97
20805709,Flatlands,147
26735202,Bedford-Stuyvesant,126
49132072,Upper East Side,178
2296480,Sunset Park,45
11005146,Williamsburg,134
57169141,Williamsburg,20
23969284,West Village,162
56696373,East Harlem,100
53113050,Harlem,212
53259410,Astoria,203
1447042,Cobble Hill,47
51643932,Glendale,171
45002525,Harlem,25
55836994,Borough Park,232
26852842,Long Island City,92
15301488,Clinton Hill,162
13206061,Bushwick,18
24145468,Harlem,194
49011118,Upper West Side,118
44208317,Midtown,204
19756892,Williamsburg,174
2263342,East Flatbush,198
53240079,Long Island City,89
3721414,Lower East Side,116
24311158,Chelsea,43
1990505,Clinton Hill,144
15635629,Upper East Side,192
55614969,Kips Bay,198
18645112,Hell's Kitchen,94
9932027,Windsor Terrace,109
21625323,Prospect-Lefferts Gardens,81
9386907,Financial District,49
23824029,Upper West Side,150
4686834,Astoria,64
6875599,Harlem,184
15669319,Ditmars Steinway,110
26898683,Bedford-Stuyvesant,171
21688837,Harlem,212
13694295,Williamsburg,197
45590724,Hell's Kitchen,97
47631473,Sunset Park,168
15532349,East Flatbush,54
7818927,Fort Greene,195
21793774,Astoria,216
24144363,Bayside,41
17079341,Hell's Kitchen,21
10418603,East Village,120
45010257,Boerum Hill,145
44832969,Chelsea,146
17607340,Lower East Side,92
24924211,Cypress Hills,139
10981949,Jamaica,226
4480274,Bedford-Stuyvesant,146
51236335,Bushwick,168
19153228,Hell's Kitchen,136
43048487,Midtown,52
9496815,Greenpoint,34
49418163,Hell's Kitchen,198
43727816,Castle Hill,33
52753503,Hell's Kitchen,38
47931924,Midtown,138
25117516,Morningside Heights,136
43092671,Upper East Side,237
6632035,Williamsburg,72
24166455,Clinton Hill,10
49852823,Inwood,57
6786126,Prospect Heights,20
52817017,Sunset Park,93
18324778,Bushwick,235
24844679,Flushing,170
44851747,Tribeca,17
48056191,Williamsburg,117
5305410,Williamsburg,162
46628496,Williamsburg,165
14747531,Prospect-Lefferts Gardens,162
53228481,Hell's Kitchen,140
57294514,Fort Hamilton,41
56523503,Williamsburg,73
18900827,West Village,192
22601789,Kips Bay,106
20441191,Jamaica,166
19757444,West Village,200
18298267,East Harlem,84
22629404,Bedford-Stuyvesant,89
22574174,Williamsburg,223
53038490,Astoria,213
25467121,South Beach,211
24753550,Upper West Side,35
47962300,Crown Heights,49
51009340,Carroll Gardens,231
56722331,Williamsburg,215
49032658,Cypress Hills,150
18965998,Flatbush,22
5526330,Bedford-Stuyvesant,61
7496936,Midtown,164
5605309,Bushwick,214
10326922,Greenpoint,150
48148426,Midtown,155
50062697,Holliswood,136
17402437,Harlem,27
20609643,Crown Heights,203
1470239,Williamsburg,190
45959108,Bedford-Stuyvesant,226
55427187,Kips Bay,188
53723342,Upper West Side,153
11672324,Nolita,156
52976632,Harlem,107
1073687,Clinton Hill,186
20739986,Nolita,104
6294579,Lower East Side,24
51625706,East Village,217
43669273,East Village,45
10217566,Downtown Brooklyn,182
54624695,Clinton Hill,120
48141798,East Village,216
7623965,Harlem,146
45914372,Clinton Hill,110
47000194,Midtown,126
6986059,East Village,128
46346823,Long Island City,98
43415215,Financial District,52
9823776,West Village,53
8918557,Williamsburg,33
5323084,Chelsea,136
15732282,Bedford-Stuyvesant,137
19014048,East Village,187
48184325,Astoria,147
5910178,Prospect-Lefferts Gardens,140
54113818,Financial District,159
22968516,Hell's Kitchen,13
56363888,Bedford-Stuyvesant,108
4078752,Harlem,201
25677548,Bushwick,55
13165744,Arrochar,133
16385100,Gowanus,38
2838838,Williamsburg,213
54305466,Williamsburg,28
4093664,Greenpoint,31
45645954,SoHo,123
22821052,Williamsburg,108
13314865,Flushing,213
17515658,Pelham Bay,201
51583732,Harlem,97
7128000,Prospect-Lefferts Gardens,55
46133635,Richmond Hill,40
16913651,Fort Greene,168
9953014,Elmhurst,190
47101817,Bushwick,150
9937550,Chelsea,58
24380747,Williamsburg,83
43162261,Chinatown,200
42818731,Richmond Hill,30
15037488,Greenwich Village,46
5424154,Upper West Side,50
9466990,Long Island City,19
9196363,Brighton Beach,100
49740706,Canarsie,41
8085136,Upper East Side,34
52609905,Two Bridges,101
17959708,Flatbush,50
4817177,Sunnyside,224
2841600,Harlem,142
3063624,Upper West Side,52
24298455,Williamsburg,223
46844445,East Village,46
54795908,East Harlem,36
23048047,Hell's Kitchen,170
21446930,East Village,239
16082440,Ditmars Steinway,158
2215844,Concourse,218
4964641,Fort Greene,124
15925034,Jamaica,53
50182546,Williamsburg,183
20261694,Bedford-Stuyvesant,102
22986190,Van Nest,206
22226777,Kensington,77
56581494,Bayside,144
48632793,Bushwick,68
1872865,Williamsburg,222
17436679,Crown Heights,237
55885044,Bedford-Stuyvesant,68
6521022,Longwood,134
20423518,Windsor Terrace,184
9210171,Washington Heights,61
15256199,Kips Bay,132
20921140,Bushwick,60
13473375,Woodside,40
47190737,Harlem,92
53253887,Crown Heights,139
9962404,Greenpoint,87
4292492,Bushwick,123
14681255,Crown Heights,150
15306458,Fort Greene,109
1977250,Bushwick,138
2379325,Bedford-Stuyvesant,99
1801619,Williamsburg,70
48569278,Hell's Kitchen,19
52406106,Bushwick,22
9325602,East Village,21
24538705,Murray Hill,84
19684540,Bedford-Stuyvesant,134
16597183,Williamsburg,176
21641339,Astoria,99
10319189,Sunset Park,136
50104672,Sunset Park,137
53657618,Boerum Hill,82
7071665,Gramercy,119
14765757,Williamsburg,201
56921711,Bushwick,160
51687564,Williamsburg,114
3334804,Clinton Hill,189
51013206,Fieldston,162
50414512,Prospect-Lefferts Gardens,69
15445086,Murray Hill,238
3547991,Prospect-Lefferts Gardens,179
53623928,Hell's Kitchen,200
48109765,Longwood,32
9736513,Williamsburg,141
22171547,Midtown,153
15039697,Greenpoint,86
26636893,Corona,72
2873081,Harlem,104
20515200,Bushwick,106
6390679,NoHo,178
3888208,Bedford-Stuyvesant,231
5263987,Williamsburg,235
22167129,Midtown,33
5489878,Lower East Side,71
48561546,East Village,189
16608782,Bedford-Stuyvesant,51
18165715,East Harlem,54
1982773,Kips Bay,31
11908156,Chinatown,100
18725748,East Village,213
14976735,Bronxdale,211
19663001,Hell's Kitchen,188
2994034,Long Island City,229
3355239,Washington Heights,35
8678858,Bedford-Stuyvesant,18
15552784,Greenpoint,105
4532190,Washington Heights,63
24737533,Hell's Kitchen,13
23000550,Astoria,159
19886130,Downtown Brooklyn,80
3779957,Carroll Gardens,133
1485151,Lower East Side,158
56505277,Crown Heights,228
17947005,Flushing,81
6907080,Bushwick,86
9871826,Upper West Side,90
48102032,Bushwick,51
47334335,Upper East Side,43
4068258,Williamsburg,17
57313844,Crown Heights,66
26817495,Williamsburg,127
49410983,Crown Heights,27
45578021,Bedford-Stuyvesant,204
13002815,Upper West Side,12
52053187,Midtown,202
7471531,Upper East Side,59
47653012,Ridgewood,152
9537133,Williamsburg,239
2876947,Dyker Heights,220
24918688,Grymes Hill,134
25767573,Williamsburg,162
57323233,Prospect-Lefferts Gardens,52
5391569,Harlem,111
23308733,Upper West Side,186
54441332,Bedford-Stuyvesant,218
16301703,SoHo,94
3202804,Upper East Side,135
45027931,East Village,64
2264446,Upper West Side,87
54953314,Vinegar Hill,151
47828092,Bedford-Stuyvesant,201
16460213,Clinton Hill,201
6683398,Bushwick,83
19587888,Chelsea,11
4745378,Bedford-Stuyvesant,38
26609278,Canarsie,127
47302302,Upper East Side,100
6947398,Midtown,182
8499913,Lower East Side,162
18576074,Williamsburg,128
15430726,Crown Heights,106
49924070,East Harlem,21
24952930,Fordham,174
3677230,Crown Heights,95
1926991,Upper East Side,167
3885447,Midtown,212
17975724,Prospect Heights,175
26423705,Bedford-Stuyvesant,102
9412865,Upper West Side,166
18601480,Midtown,23
10352327,Midtown,185
9039510,Ozone Park,176
12074951,Inwood,144
4048375,Flatbush,55
18716359,Harlem,202
22201372,Midtown,209
9613350,Chelsea,28
53359376,Midtown,23
12349444,Bayside,144
53784647,Ozone Park,164
43147349,Two Bridges,147
14205724,East New York,142
19678465,Clinton Hill,31
11689446,Williamsburg,14
55614417,Rockaway Beach,30
44047598,Chinatown,95
48277664,Upper West Side,91
54843406,Astoria,12
4505127,Bushwick,132
3332042,Williamsburg,55
16332079,Greenpoint,66
52120015,Crown Heights,217
20669844,Murray Hill,25
55112376,Flatbush,239
54085098,Crown Heights,14
52145973,Flushing,63
12508507,Bedford-Stuyvesant,148
55440442,Harlem,144
13502647,Canarsie,91
26246969,Sunset Park,106
45244984,East Flatbush,183
46360078,Bushwick,127
8093420,Crown Heights,160
21152554,Little Italy,159
44036000,East Harlem,100
17122421,Harlem,108
27953576,Great Kills,227
16801534,Washington Heights,67
43838276,Bedford-Stuyvesant,146
13845625,Emerson Hill,63
8786005,Williamsburg,153
22735446,Two Bridges,107
44771111,Bayside,232
13598194,Bedford-Stuyvesant,187
19667971,Williamsburg,238
12880204,Bushwick,218
21313273,Stuyvesant Town,234
53137351,Williamsburg,238
10340729,Williamsburg,117
52206726,Midtown,54
6137726,Canarsie,119
48868072,Hell's Kitchen,134
43772000,Upper West Side,159
54076814,East Village,201
56654950,Longwood,204
45366490,Greenpoint,151
16770606,East Harlem,89
45451545,Astoria,54
56888573,Park Slope,96
2433450,Crown Heights,84
8067462,Upper West Side,89
15365554,Ridgewood,174
54553449,East Village,96
2150672,Williamsburg,10
52667344,Midtown,130
9063811,Flushing,163
44816400,Midtown,161
3419305,Clinton Hill,231
24688931,East Harlem,182
50362044,Prospect-Lefferts Gardens,15
49906396,Morningside Heights,98
49814162,Sunnyside,82
24948512,Williamsburg,236
49984271,Bushwick,220
43108688,Greenpoint,23
8353001,Murray Hill,191
8731879,Astoria,202
18795890,Bedford-Stuyvesant,28
52344801,Midtown,165
13091183,Prospect-Lefferts Gardens,52
20276606,Park Slope,63
47561331,Lower East Side,65
48955336,Lower East Side,170
18572761,Flushing,80
15530140,Bushwick,150
14074277,SoHo,123
4318450,Upper East Side,149
15078358,Williamsburg,173
11544743,East Harlem,134
1288532,Hell's Kitchen,156
50855248,Lower East Side,239
12983485,Long Island City,57
19527687,Washington Heights,61
8444131,Midtown,239
3132109,Greenpoint,188
23662205,Huguenot,71
6845775,East Flatbush,67
50667466,South Beach,64
45921552,Bedford-Stuyvesant,132
52951779,Williamsburg,237
11592241,Harlem,158
11858449,Rosedale,70
8413202,Harlem,79
15158442,Flatiron District,88
56615737,Williamsburg,66
17962469,Concourse Village,158
19357027,Greenpoint,200
10834485,St. Albans,42
22937035,Upper East Side,158
44725270,Long Island City,31
51587045,Flatbush,208
10109868,Long Island City,237
49269042,Bushwick,64
26911386,Washington Heights,32
18778768,Bushwick,79
5888639,Upper East Side,18
16501636,East Harlem,135
53889584,Harlem,110
6511081,Greenpoint,111
2730587,Washington Heights,210
25155624,East Flatbush,190
55670199,Williamsburg,83
46605299,Crown Heights,94
18905797,East Elmhurst,154
6104588,Bushwick,177
44855061,Middle Village,31
17599056,Chelsea,145
22942006,Hell's Kitchen,59
54790938,Longwood,171
12264942,Bedford-Stuyvesant,16
23783711,Midtown,173
10421365,Harlem,21
55949111,Bushwick,15
56219738,Astoria,97
1645318,Gowanus,225
47923087,Bushwick,33
25058419,Bedford-Stuyvesant,144
26670031,Upper East Side,52
3726937,Harlem,216
49878781,Williamsburg,20
16239845,Hell's Kitchen,189
9558672,Harlem,174
18421430,Hell's Kitchen,100
3988174,East Harlem,58
16314958,Harlem,22
13613107,Greenpoint,58
2643876,Upper West Side,26
21320453,NoHo,135
11944056,Maspeth,113
25663188,Sheepshead Bay,217
49901426,Carroll Gardens,93
18874869,Hell's Kitchen,190
22945320,Upper East Side,42
53137904,Harlem,122
17155006,East Village,136
47862334,Murray Hill,180
43509106,Fort Greene,144
54289449,Allerton,230
9664162,Williamsburg,45
51164536,East Harlem,131
53330656,Flushing,80
8530290,Flatbush,102
5279452,Astoria,50
18932860,Rego Park,89
9896680,East Harlem,30
44469003,Concourse,175
46576580,Flatbush,227
46008263,Flushing,82
5311485,Clinton Hill,202
14415598,Chinatown,135
17879072,Midtown,29
1211762,South Slope,194
16890455,Murray Hill,131
6385709,Upper East Side,164
24500596,Hell's Kitchen,77
49626933,Williamsburg,193
3705397,Williamsburg,191
10379390,Bedford-Stuyvesant,154
5628505,Bushwick,47
9169301,East Village,137
20442296,Williamsburg,30
4080409,Roosevelt Island,233
43943213,Williamsburg,211
22786810,Bushwick,39
6414428,Upper West Side,53
7124686,Williamsburg,221
49996421,Hell's Kitchen,34
6057090,SoHo,219
21808686,Bushwick,205
3832978,Bedford-Stuyvesant,199
4854733,College Point,129
12937091,Williamsburg,20
47832510,Tribeca,118
16281820,Hell's Kitchen,179
7696869,Kingsbridge,51
49783234,Harlem,169
4090350,Bedford-Stuyvesant,222
4289730,Upper East Side,235
5590397,West Village,205
16349201,Fort Hamilton,61
18294954,Upper West Side,148
14961271,Washington Heights,57
19462516,Upper West Side,155
5664405,Ditmars Steinway,98
47261432,Upper East Side,84
50060488,Park Slope,121
17311860,Bushwick,121
55783421,Bayswater,189
52255881,East Elmhurst,239
44403832,Rockaway Beach,61
6867314,Astoria,179
10870385,Harlem,44
49394414,East Village,77
6455299,Williamsburg,61
55296292,Lower East Side,165
21681657,Greenwich Village,33
10289917,Williamsburg,18
52100132,Williamsburg,62
12188173,Bedford-Stuyvesant,205
6586746,Bedford-Stuyvesant,38
5288841,Williamsburg,73
52629788,Crown Heights,82
48265513,Williamsburg,24
44008937,Crown Heights,220
52727545,Cypress Hills,99
17763089,Harlem,89
24318337,Hell's Kitchen,85
53778572,East Harlem,212
11121129,Williamsburg,125
23864899,Williamsburg,129
45169319,Flushing,50
54627457,Harlem,173
53092063,Midtown,184
18091155,Williamsburg,28
16090724,Hell's Kitchen,16
1330507,Bedford-Stuyvesant,166
9596781,East Village,210
9518907,Williamsburg,37
6708252,East Village,163
4152208,East Village,68
17338370,Washington Heights,66
52953436,Midtown,84
11490065,Chelsea,64
18203272,Bushwick,73
48892374,Bushwick,111
23167344,Bensonhurst,127
48221881,Williamsburg,81
47358637,Bushwick,25
48880223,Midtown,209
5918463,Clinton Hill,28
48810081,East New York,66
1905451,Canarsie,124
12889594,Rego Park,97
22858609,Hell's Kitchen,139
12937644,Bedford-Stuyvesant,159
17807273,Murray Hill,182
24301768,Ditmars Steinway,119
27258230,Bedford-Stuyvesant,222
20097661,Long Island City,78
24735876,Astoria,107
53826070,Upper East Side,235
1359226,Chelsea,86
45510088,Murray Hill,59
54162420,St. Albans,26
3100076,Kips Bay,103
19300140,Upper East Side,145
17901164,Midtown,15
23286089,East Harlem,210
45135629,Prospect Heights,159
14911564,Harlem,81
51601405,Bedford-Stuyvesant,140
5716873,Harlem,50
20348405,Park Slope,161
9829852,Harlem,235
48160024,Forest Hills,57
4586315,Williamsburg,129
52117253,Financial District,229
13256321,Coney Island,13
2379877,Brooklyn Heights,177
1153771,Bedford-Stuyvesant,74
23467795,Prospect-Lefferts Gardens,223
49538012,East Village,158
51366125,Rego Park,229
22755328,Roosevelt Island,20
7880233,Bedford-Stuyvesant,73
7245640,Crown Heights,106
54278403,Brooklyn Heights,208
19392374,Crown Heights,78
46305953,Nolita,48
9862437,Flatbush,43
54476127,Bedford-Stuyvesant,21
5505895,Sheepshead Bay,18
12993978,Upper West Side,76
52660164,Hell's Kitchen,197
56182181,Hell's Kitchen,115
47137164,Bayside,49
13494914,Flushing,15
44138175,Harlem,240
52756817,Astoria,221
46285518,Two Bridges,221
49303837,Upper West Side,138
20234079,Washington Heights,171
46156279,Flushing,202
50326144,Williamsburg,65
47620427,Upper East Side,186
14949673,Prospect-Lefferts Gardens,195
2116430,East Village,194
43751565,Chelsea,238
4122936,Williamsburg,63
8826875,Chelsea,123
18567238,Upper West Side,110
21106713,Long Island City,128
45769117,West Village,146
48779704,Prospect-Lefferts Gardens,112
23312599,Lower East Side,112
23136968,Bushwick,55
13517006,Harlem,108
44291715,Upper East Side,47
48540006,Hell's Kitchen,170
44186778,Maspeth,230
15891344,Elmhurst,116
50579650,Crown Heights,176
7768116,East Village,234
21235399,Upper West Side,212
12133495,Harlem,161
46557249,Upper West Side,225
7948165,Canarsie,87
20632840,Harlem,223
3923555,Gramercy,212
18087289,East Harlem,223
46094974,East Harlem,26
54245818,Woodside,12
10980845,Flushing,173
51519112,Far Rockaway,72
22682977,Tremont,67
11437045,East Flatbush,36
11765111,Upper East Side,95
23030374,SoHo,15
6225542,West Village,44
47601096,East Village,168
52705453,East Village,48
2804596,East Flatbush,133
50442680,Boerum Hill,233
45148332,Williamsburg,227
44222677,East Harlem,45
49735183,Fort Hamilton,14
52254224,Astoria,24
47502235,Lower East Side,75
54687658,Bushwick,227
10535139,Maspeth,55
4159387,Williamsburg,212
53771944,East Village,187
44667279,Bushwick,120
3090135,Greenwich Village,157
12443887,East Flatbush,136
50764118,Sunnyside,204
15401454,Astoria,133
45100282,Upper East Side,69
43923883,West Village,220
10638419,Williamsburg,162
48269379,Williamsburg,109
20916169,Queens Village,128
51951011,Long Island City,50
3241465,Williamsburg,149
54097801,Forest Hills,123
7584200,Crown Heights,109
2738872,Hell's Kitchen,71
44369589,Harlem,228
56490365,Elmhurst,147
53805634,Briarwood,169
52416600,Flushing,104
46815726,Midtown,163
4388592,Flatlands,214
55299054,Crown Heights,141
53485300,Harlem,31
18562819,Williamsburg,120
51049105,Long Island City,108
18634066,Greenpoint,16
16760112,East Harlem,201
55017933,Bushwick,229
53996730,Bedford-Stuyvesant,154
47381281,Financial District,80
47641966,East Flatbush,111
47980526,Chelsea,99
6846879,Hell's Kitchen,127
17667541,Fordham,212
18550116,Forest Hills,148
4610617,Morningside Heights,228
26136509,Canarsie,231
51403682,Greenpoint,103
54426972,Queens Village,203
53937082,Borough Park,215
47912041,Bedford-Stuyvesant,77
21405507,Crown Heights,166
3534184,Upper East Side,34
11909813,Lower East Side,57
13259635,Allerton,76
7928283,Windsor Terrace,208
7416853,Chinatown,154
44764483,Harlem,174
45929284,Bay Ridge,18
13983700,East Harlem,202
21639682,South Slope,110
47439272,East Harlem,96
54528595,East Elmhurst,84
55605028,Sunnyside,43
15864834,Belmont,127
8174056,Midtown,98
18571656,Bedford-Stuyvesant,223
7395865,Park Slope,36
49292239,West Village,49
19094684,Hell's Kitchen,139
7615129,Williamsburg,168
19629310,Bedford-Stuyvesant,132
51517456,Highbridge,209
18959923,Upper West Side,147
17644897,Flushing,126
24821483,Bushwick,212
27285845,Bedford-Stuyvesant,61
2136313,Bedford-Stuyvesant,41
5763267,Upper West Side,138
13924051,Harlem,32
46208748,East Village,210
20692488,Greenpoint,167
49623067,East Elmhurst,79
57232656,Harlem,108
27702280,Bushwick,45
52484533,Park Slope,87
8054759,Flatbush,21
15886373,Flushing,80
52048768,Sunnyside,88
14740903,Hell's Kitchen,223
3733564,Greenpoint,27
11819236,Kensington,47
3138737,South Slope,231
3646853,Harlem,122
22380317,Upper East Side,73
20220824,Crown Heights,102
6585641,Bushwick,113
47851840,Williamsburg,146
17393048,Prospect Heights,149
12528389,Chelsea,155
7363832,Harlem,209
56198198,Astoria,83
11440911,Upper West Side,110
3115540,Upper East Side,224
49485544,East Village,177
3093448,Williamsburg,164
9686254,Harlem,165
49718614,Upper West Side,65
18254636,East Flatbush,120
44969939,Bedford-Stuyvesant,175
43822812,Harlem,225
5991919,Upper East Side,210
27088674,Clinton Hill,57
26779939,Canarsie,51
57156991,Williamsburg,54
56437896,Fort Greene,225
7751547,East Village,136
1809351,Chinatown,79
9128983,Riverdale,189
7142360,SoHo,110
5797509,East Village,96
44357991,Harlem,33
45174290,Borough Park,59
3372912,Williamsburg,128
23145805,Bedford-Stuyvesant,234
23824581,Astoria,27
5350146,East Village,65
4094768,East Harlem,165
44536936,St. George,135
19020124,Borough Park,62
7059515,Harlem,160
4691252,Prospect Heights,78
51505857,Bedford-Stuyvesant,79
21729155,Astoria,238
19370834,Cobble Hill,131
20566011,Clason Point,54
12427318,East Harlem,42
4243889,Ridgewood,38
52669553,Civic Center,187
11223857,Chelsea,194
53511811,Prospect-Lefferts Gardens,40
22865236,East Village,111
6485123,East Flatbush,166
20305326,Harlem,200
17328429,East Harlem,203
53203627,Lower East Side,77
4354902,Lower East Side,222
19937494,Bedford-Stuyvesant,149
50124555,Astoria,195
44776082,Crown Heights,64
51219214,Park Slope,96
9903860,Midtown,231
13847282,Bath Beach,98
51213691,East Harlem,45
14914325,Bedford-Stuyvesant,10
3354134,Sunnyside,73
7887412,Williamsburg,46
14336067,East Harlem,76
7082711,Jamaica,198
48963620,Ridgewood,134
14606142,Bedford-Stuyvesant,90
13860537,Long Island City,175
24345952,Arverne,47
24193518,Financial District,56
24020095,Nolita,59
48570935,Bedford-Stuyvesant,142
18881496,Gramercy,79
2058438,Lower East Side,117
7119163,Upper East Side,198
19866799,Clinton Hill,120
7466008,Kensington,147
51543414,East Flatbush,185
4713897,Williamsburg,41
5606966,Lower East Side,114
19605009,East Village,225
20093242,Bedford-Stuyvesant,75
7794626,Lower East Side,31
3418753,Clinton Hill,237
1316699,Lower East Side,46
50005258,DUMBO,45
49723033,Howland Hook,230
6182462,Harlem,172
20416890,Elmhurst,57
2927206,East Village,117
48926616,Washington Heights,15
19121194,Woodhaven,106
1522155,Williamsburg,25
42868438,Greenpoint,109
18695923,South Ozone Park,98
52564616,Upper East Side,140
16633083,Greenpoint,96
1012934,Williamsburg,95
2837734,Crown Heights,107
23808012,Williamsburg,95
26365714,Bedford-Stuyvesant,65
10988577,Nolita,56
14875664,Chelsea,76
47492293,Gramercy,121
7380953,Concourse Village,78
17738235,Bedford-Stuyvesant,40
7903429,Carroll Gardens,153
43143483,Midtown,38
16749066,Windsor Terrace,102
16423209,Upper West Side,84
44940115,Williamsburg,191
26720290,Bedford-Stuyvesant,33
1788916,East Village,163
2174421,Bushwick,14
1623778,Two Bridges,193
5665510,Hell's Kitchen,186
5094431,Murray Hill,103
18177866,East Village,90
10406453,Midtown,163
48401931,Kips Bay,195
53752614,Kips Bay,104
2131894,Greenwich Village,112
12963602,West Village,68
5276138,Williamsburg,73
5479384,Park Slope,40
18055808,Bedford-Stuyvesant,178
12977409,East Flatbush,118
6511633,Richmond Hill,15
47831958,Crown Heights,65
48705144,Greenwich Village,205
46861014,East Flatbush,205
15736148,Harlem,173
43939900,Williamsburg,165
52226056,Upper East Side,105
46624630,Harlem,200
4647621,Bay Ridge,187
24061518,East Village,219
15047982,Upper West Side,183
55803856,Bedford-Stuyvesant,78
45480817,Flushing,31
21078546,Sheepshead Bay,87
24341534,Williamsburg,45
3787137,Harlem,11
9043929,Clinton Hill,178
54362905,East Village,225
8890942,Crown Heights,80
48494165,Chelsea,162
1609418,Williamsburg,115
44968834,Boerum Hill,38
51999613,Midtown,107
8056969,Williamsburg,183
7338979,Morningside Heights,128
53860864,Williamsburg,81
20282129,Springfield Gardens,15
45347712,Sunset Park,222
27363720,Lower East Side,91
25985731,Borough Park,61
45796180,Upper East Side,152
16428180,West Village,160
4595704,Crown Heights,65
7066142,Upper West Side,136
15212015,East Flatbush,213
3342536,Fort Greene,63
52813704,Bedford-Stuyvesant,178
7197590,Ditmars Steinway,136
5791434,Kew Gardens,240
56704657,Crown Heights,159
21829121,Harlem,114
13223183,Crown Heights,225
3501598,Upper East Side,94
53998939,Greenwich Village,210
8710339,Williamsburg,189
6268069,Upper West Side,55
23645636,Woodside,194
44281221,Williamsburg,228
20556622,Concourse,63
55777345,SoHo,66
22279798,Washington Heights,175
47592812,Bedford-Stuyvesant,131
26180141,Midtown,74
44223782,East Flatbush,192
11018953,Hell's Kitchen,225
14366444,Upper West Side,66
44957236,Bushwick,34
21298913,Whitestone,80
49877125,Jamaica,128
49330348,Bedford-Stuyvesant,93
18697028,Nolita,26
17537750,Bushwick,14
5843902,Cobble Hill,178
44071347,Sunset Park,168
55638718,Sunset Park,193
10121466,Bedford-Stuyvesant,149
54146404,Bedford-Stuyvesant,228
6184672,Inwood,89
14002478,Bedford-Stuyvesant,223
44463480,Upper East Side,145
47612142,Upper West Side,239
2068932,Harlem,35
50494596,Jackson Heights,185
42856839,Bedford-Stuyvesant,73
4703403,Fort Greene,93
45780715,Lower East Side,142
2710152,Bushwick,170
14248252,Upper East Side,20
45628833,Upper East Side,99
49972672,Cypress Hills,65
2120848,Briarwood,222
25488109,Bedford-Stuyvesant,201
49587167,Harlem,207
2399207,Kensington,175
2224681,Midtown,26
52596650,Williamsburg,34
43435097,East Village,184
51425774,Brooklyn Heights,96
8805887,Lower East Side,152
1677904,Chelsea,11
17485834,Crown Heights,197
14707213,Sheepshead Bay,102
49611468,Upper East Side,173
2998453,Upper West Side,124
7439497,Long Island City,103
20137426,Flushing,25
20516857,Kensington,87
3466251,East Harlem,122
45907192,Greenwich Village,45
9172615,Kensington,226
45596247,Midtown,156
54483859,Bushwick,60
14892233,Queens Village,53
9486321,Harlem,18
18339138,Chelsea,38
20886898,Bedford-Stuyvesant,145
15290994,Flushing,122
27341075,Greenpoint,202
48416291,Financial District,67
1290189,Crown Heights,185
45657553,Williamsburg,86
1274725,Gramercy,73
17615072,Long Island City,174
9202439,Sunnyside,129
15689202,Red Hook,133
9210723,Greenwich Village,175
43274930,Randall Manor,17
23835075,Long Island City,74
44115531,Harlem,199
21282897,Bedford-Stuyvesant,123
21182378,Harlem,130
23921786,Fresh Meadows,47
26570617,East Village,180
24104045,Stapleton,225
54310989,Sunnyside,122
44639111,Williamsburg,153
18798651,Canarsie,65
22045071,Harlem,30
51899647,Bedford-Stuyvesant,27
18202720,Bedford-Stuyvesant,47
55554216,Bedford-Stuyvesant,135
48011455,Upper East Side,92
3314368,Williamsburg,97
5077310,Hell's Kitchen,157
26547420,Howard Beach,231
45702841,Ridgewood,131
51445657,Chelsea,84
7172736,Boerum Hill,122
7134628,Crown Heights,101
7977990,Jackson Heights,51
18890333,Red Hook,155
54900845,Bedford-Stuyvesant,232
26153078,Long Island City,121
46373333,Inwood,236
1329402,Boerum Hill,79
19540390,Bayswater,237
3414887,Flatbush,224
1289084,Chelsea,88
52475144,Bedford-Stuyvesant,172
57265242,Murray Hill,80
5579351,Marble Hill,169
21854527,Chelsea,212
16266356,Clinton Hill,60
51476585,Midtown,40
8131529,Bushwick,220
10493164,Harlem,135
18662233,Gramercy,88
54023241,Harlem,78
5557259,Bedford-Stuyvesant,24
22830994,Bedford-Stuyvesant,108
3650719,Boerum Hill,151
12576439,East Village,63
7915027,Brownsville,185
48236241,Bedford-Stuyvesant,199
13843968,East Flatbush,81
20849893,Bedford-Stuyvesant,174
19510014,Glendale,105
20942680,Flatlands,40
17778553,Jackson Heights,158
55819320,Crown Heights,118
9893918,East Flatbush,186
18412041,Murray Hill,189
5947735,Harlem,143
20659350,East Harlem,164
23212081,Harlem,130
55266468,East Flatbush,190
21071918,Harlem,175
53367661,Harlem,94
50529391,Midtown,81
15794692,Lighthouse Hill,25
45375880,Vinegar Hill,220
15158994,Cypress Hills,119
24641433,Inwood,141
2190990,Upper West Side,129
22258811,Harlem,22
20538396,Lower East Side,165
9080933,Bedford-Stuyvesant,172
47450318,Washington Heights,235
22354911,Bedford-Stuyvesant,128
19960690,Upper East Side,110
4828223,Eastchester,82
54074052,Bushwick,103
43792988,Great Kills,188
56503068,East Flatbush,229
51372201,Fordham,150
1006307,Upper West Side,58
3635807,Midtown,109
54155793,Upper West Side,239
44461271,Rego Park,97
53125201,Flushing,18
2585332,Lower East Side,165
48115840,Hell's Kitchen,115
17584696,Flatiron District,197
16029971,Prospect-Lefferts Gardens,122
54197767,Harlem,162
43235717,Williamsburg,206
20908990,Ditmars Steinway,240
8964397,Upper West Side,125
8109437,Prospect-Lefferts Gardens,22
18798099,West Village,140
20985207,Williamsburg,201
9391878,Lower East Side,60
3462385,Park Slope,61
3276260,East Village,95
49740154,East Harlem,127
3893179,Upper West Side,91
43322428,Upper West Side,11
3514853,Prospect Heights,56
9673551,Bedford-Stuyvesant,199
45111880,Bedford-Stuyvesant,238
11987688,Astoria,97
7842124,Midtown,123
14666343,Williamsburg,128
2250639,Sunnyside,77
18355154,Harlem,212
49717510,East Flatbush,86
14872903,Mott Haven,84
26342517,Little Italy,83
3956693,Greenpoint,78
22987294,Lower East Side,215
4683520,Midtown,205
51967580,Norwood,174
23874841,Financial District,215
46540680,Greenpoint,164
21433675,Clinton Hill,83
15996833,Chelsea,122
50333877,East Village,99
20564354,Upper West Side,67
1577385,Gowanus,30
53015845,Williamsburg,209
10126437,West Village,137
56816774,Forest Hills,79
19968423,Midtown,98
9716630,Elmhurst,195
23059646,South Slope,192
22724952,Bushwick,145
19398449,Bushwick,221
14337724,Chelsea,29
53976295,Lower East Side,139
57097895,Chelsea,62
1074240,East Village,66
13723014,Harlem,145
2523475,Bedford-Stuyvesant,46
7494175,Bedford-Stuyvesant,185
44507112,Bath Beach,69
23649502,Gowanus,94
46314790,Bedford-Stuyvesant,62
19095236,Hell's Kitchen,189
22828232,Harlem,93
26779386,Harlem,212
9757500,Flushing,121
27143904,Midtown,201
12002600,Bedford-Stuyvesant,198
52153153,Norwood,22
19593963,Midtown,64
2916712,Lower East Side,232
43149006,Harlem,80
57138765,Woodside,40
16686104,Morrisania,172
51527949,St. George,135
24266974,Harlem,42
9521668,Maspeth,133
25664845,Chelsea,120
7994006,Bedford-Stuyvesant,212
21111684,Park Slope,211
47544209,Upper West Side,141
26714215,Washington Heights,158
9469752,Washington Heights,82
51577104,Kips Bay,135
6674562,Midtown,200
3841263,Greenwich Village,50
2451676,Chelsea,207
7650476,Bushwick,130
53188715,East Elmhurst,132
48288157,Long Island City,126
24263660,Bushwick,29
17849800,Bushwick,225
11757931,Maspeth,10
8772749,West Village,139
44925755,St. George,147
2715675,Kips Bay,129
2970286,East Village,237
47387908,East Flatbush,129
26616458,Williamsburg,109
3368494,Greenwich Village,207
6717641,Crown Heights,58
19676808,Bedford-Stuyvesant,232
44066929,Kensington,180
53453819,South Ozone Park,98
2517952,Cypress Hills,11
18815773,West Village,139
18352393,Murray Hill,41
5440171,Williamsburg,127
48276007,Financial District,204
48047907,Greenpoint,138
53210255,Bedford-Stuyvesant,82
47176930,Belmont,31
8121035,Williamsburg,139
43519599,East Harlem,108
9056079,South Slope,65
54931222,Bushwick,79
46558354,Flatiron District,52
44797069,East Harlem,17
22177623,Midtown,93
22167681,Midtown,65
57117778,East Elmhurst,119
24409467,East Flatbush,166
22270409,Williamsburg,211
8957218,West Village,181
54359039,Hell's Kitchen,160
16787175,Harlem,143
53035176,Concourse Village,80
51499782,Williamsburg,20
24370254,Stuyvesant Town,92
55300711,Crown Heights,109
3333699,East Village,87
4816624,Lower East Side,86
52166408,Crown Heights,126
52741352,Greenpoint,65
47814284,Park Slope,134
12585276,Bushwick,84
46012681,East Elmhurst,139
48246735,Hell's Kitchen,65
3797631,Windsor Terrace,29
48392542,Harlem,235
9025703,Greenpoint,150
1987192,Harlem,16
10327474,Upper West Side,217
51428535,Chelsea,62
49355753,Arverne,163
47760159,South Slope,237
49426448,Crown Heights,122
51638409,Midtown,45
11177464,East Harlem,127
3530318,Hell's Kitchen,33
23878707,Financial District,116
49101695,Bushwick,43
46791977,Murray Hill,200
19486817,Far Rockaway,36
4553177,Jackson Heights,54
4700641,Upper West Side,53
23932280,Prospect Heights,207
45103596,Arverne,55
19487922,Woodside,12
51970894,East Harlem,76
55023456,Chelsea,212
19375805,Sunnyside,16
11694416,Hell's Kitchen,102
8444683,Chelsea,128
24523241,Roosevelt Island,124
47507758,Bushwick,69
56784188,Upper East Side,208
53926588,SoHo,198
2966419,Financial District,77
9149418,Gramercy,222
47028361,Flatlands,183
45653686,Greenpoint,140
44934592,Roosevelt Island,16
14364235,Bedford-Stuyvesant,129
50554244,Upper West Side,113
49129863,Bedford-Stuyvesant,63
14102997,Upper East Side,161
17342788,Bushwick,66
16981584,Harlem,29
3716443,East Village,52
48467103,Clinton Hill,219
24744713,Bushwick,130
22976801,Williamsburg,178
26394985,Flushing,172
3362419,Bedford-Stuyvesant,214
47715975,Rockaway Beach,50
13770512,Crown Heights,204
18277832,Upper East Side,27
13672755,Highbridge,182
8257453,Crown Heights,56
48484776,Midtown,200
7082159,East Village,102
12446649,Carroll Gardens,231
46844998,Greenpoint,222
5425259,Bushwick,131
44917471,Crown Heights,129
1386841,Park Slope,193
7170527,Bay Ridge,179
16687208,Upper West Side,19
12779134,Ditmars Steinway,136
9734304,Washington Heights,203
13882629,Carroll Gardens,50
3434770,Upper West Side,35
5889743,Greenpoint,39
7099833,Sunset Park,36
9346589,Chelsea,41
50396287,Williamsburg,142
23443494,Nolita,219
21319348,Williamsburg,67
18435790,Upper East Side,11
4278132,Astoria,236
55906584,Lower East Side,85
15249019,Bedford-Stuyvesant,63
44103933,Harlem,118
20796320,Bedford-Stuyvesant,135
51515246,East Village,178
26958331,Bedford-Stuyvesant,124
4151103,Hell's Kitchen,18
11006251,East Harlem,86
19099655,Upper East Side,190
56388189,Castle Hill,33
55690634,Tompkinsville,231
52204517,East Village,26
51543966,Rego Park,114
50466429,Boerum Hill,157
49998631,Bushwick,131
22346626,Bedford-Stuyvesant,110
46417517,East Elmhurst,183
24826453,Inwood,164
21752352,Harlem,160
56083872,Prospect-Lefferts Gardens,69
22899479,Bedford-Stuyvesant,74
24661868,Upper East Side,46
22259915,SoHo,120
21599917,Bergen Beach,94
1072583,Bedford-Stuyvesant,189
6126680,Flatiron District,200
18467271,East Village,176
48910047,East Village,131
1601134,Chelsea,182
49269595,Clinton Hill,179
5770447,Washington Heights,168
45329486,Brooklyn Heights,20
47618770,South Slope,65
45183127,Harlem,170
19115671,Claremont Village,169
13953323,Jamaica,86
7177155,Bedford-Stuyvesant,96
26814181,Lower East Side,198
26345831,Williamsburg,173
52032199,Upper West Side,50
15402006,Clason Point,204
43538377,Midtown,81
5259017,Harlem,60
14032855,Flatbush,11
45819929,Upper East Side,20
55223941,Crown Heights,62
43273273,Harlem,167
12656523,Park Slope,96
12472607,Crown Heights,159
9867960,Flatbush,119
1093570,Harlem,75
13343584,Bushwick,108
56732272,Midtown,122
7660969,Williamsburg,62
25602987,Ridgewood,21
55152142,Woodhaven,235
21223248,Upper East Side,191
49273461,Park Slope,208
19661896,Hell's Kitchen,193
17943691,Crown Heights,223
17208027,East Flatbush,83
26831855,Hell's Kitchen,83
53690756,Rego Park,89
18916843,Longwood,225
13922395,Washington Heights,143
43416319,Kensington,172
26470651,St. Albans,59
47621531,Midtown,199
21597155,Morningside Heights,24
17089283,Financial District,219
13861642,Nolita,165
48858131,Lower East Side,79
44910843,Chelsea,99
50257107,Hell's Kitchen,102
52345353,Mount Hope,91
6562997,East Harlem,229
5909626,Crown Heights,142
46983625,Crown Heights,127
44956132,Bushwick,129
43245658,Hell's Kitchen,220
4976791,Harlem,190
45453202,Flushing,43
14502310,Bedford-Stuyvesant,152
51864300,Port Morris,143
17584144,NoHo,152
19923134,Crown Heights,84
43532302,Flushing,119
26749562,East Flatbush,230
49466213,Maspeth,55
53527275,East Village,199
53745986,Gowanus,52
44380635,Fordham,149
5265644,Upper East Side,73
9463677,Bushwick,80
56832238,Greenpoint,24
14780669,Bedford-Stuyvesant,46
18206586,Cypress Hills,161
54497114,Williamsburg,194
23311495,Midtown,177
10340177,Hell's Kitchen,183
23381637,Harlem,175
43558260,Upper East Side,216
56692507,Chelsea,102
24633701,Ridgewood,59
46293802,Mount Hope,61
10065131,Washington Heights,28
9105234,Midtown,64
47223323,Flushing,39
46603090,Tribeca,38
2450571,East Village,214
21373474,Bedford-Stuyvesant,228
9840345,Bushwick,184
54065768,West Village,90
56559402,Fort Greene,35
2387609,Williamsburg,125
23652264,Jamaica,58
11965043,Bedford-Stuyvesant,54
48540559,South Slope,68
47456946,Bedford-Stuyvesant,158
25573163,Harlem,231
43607967,Hell's Kitchen,177
6347048,Flatbush,240
52134927,Windsor Terrace,43
8287278,Kips Bay,130
56540072,East Village,130
8562323,Far Rockaway,216
49688790,West Village,55
19105730,Hell's Kitchen,192
9830956,Bedford-Stuyvesant,88
7860902,Williamsburg,54
15135245,Hell's Kitchen,12
49488858,Williamsburg,78
2638906,Murray Hill,23
3138185,Flatbush,110
1898271,Upper West Side,19
50259316,Hell's Kitchen,48
10354537,Gramercy,170
53167728,Midtown,28
51737271,Astoria,218
49030449,Elmhurst,89
10217014,Prospect-Lefferts Gardens,112
16965015,Bedford-Stuyvesant,147
1394574,West Village,176
7828316,Washington Heights,92
49651786,Astoria,164
43363851,Upper West Side,210
53240632,Hell's Kitchen,88
7270493,Washington Heights,34
3223791,Theater District,195
9133401,Greenpoint,138
51918425,Bushwick,21
3242569,Chelsea,164
55167606,Kensington,161
47128327,Bedford-Stuyvesant,101
55409514,Williamsburg,75
5083385,Midtown,25
19872875,Jamaica,97
10301516,Ditmars Steinway,45
23148566,Chelsea,174
21401089,Upper East Side,212
5006616,Clinton Hill,143
11503321,Upper West Side,90
1455327,West Village,202
52012869,Flatbush,63
23072349,SoHo,221
24947959,Chelsea,109
1331611,Clinton Hill,115
46596463,Rosedale,191
5558363,East Village,148
46495944,Harlem,94
27289159,Astoria,81
15337387,East Flatbush,106
11213363,Hell's Kitchen,81
9055527,Upper East Side,204
2788579,East Village,94
17372613,Bushwick,224
12928255,Crown Heights,136
24827006,Chinatown,76
54575541,Williamsburg,169
18310418,Crown Heights,188
6803248,Washington Heights,181
18984224,Harlem,73
11049330,Financial District,142
22833203,Financial District,168
22492986,Bushwick,233
10688678,Ridgewood,140
13276756,Middle Village,87
23780397,Flushing,171
43961992,East Harlem,61
10359507,Harlem,201
24803809,Hell's Kitchen,150
45487444,Canarsie,99
57162514,Bushwick,49
4112994,Bedford-Stuyvesant,108
19245462,Bedford-Stuyvesant,170
1084181,Fort Greene,32
10107106,Williamsburg,40
47498368,Harlem,44
5467786,Cypress Hills,28
4005848,Fort Greene,85
45045052,Woodside,40
6767900,Williamsburg,119
18637380,Crown Heights,115
55451488,Jackson Heights,76
1572967,Crown Heights,190
7160586,Crown Heights,235
16248130,Crown Heights,48
8390005,East Harlem,136
8733536,Williamsburg,176
13899750,Bushwick,64
5534062,Carroll Gardens,175
45897251,Bedford-Stuyvesant,130
56895753,Murray Hill,28
1629853,Fort Greene,122
4909411,Williamsburg,110
55526601,Williamsburg,70
2407492,Bedford-Stuyvesant,179
3799288,Chelsea,196
44066376,Inwood,229
11458584,East Harlem,40
18553982,Bushwick,187
21465156,Hell's Kitchen,14
9370338,Hell's Kitchen,217
9363158,Bedford-Stuyvesant,63
15038041,Financial District,170
48647152,Williamsburg,137
2166137,Williamsburg,87
42841927,Hell's Kitchen,168
1952397,Upper West Side,159
53086540,Harlem,19
47199574,Sunset Park,12
55211238,Ridgewood,225
50136153,Upper West Side,170
2391475,Williamsburg,44
22845353,Crown Heights,66
54597633,East Flatbush,236
48388676,Crown Heights,81
15731729,Lower East Side,129
2401969,Upper West Side,110
23633485,Upper West Side,163
21721975,Bedford-Stuyvesant,220
54311541,Jackson Heights,206
26481697,Bushwick,149
48086016,East Harlem,178
23382189,East Harlem,75
19318366,Crown Heights,181
23698105,Harlem,155
8884866,Williamsburg,230
18887572,Canarsie,115
2795206,Harlem,155
17023007,East Elmhurst,16
47949045,Inwood,232
49365695,Long Island City,211
18985329,Hell's Kitchen,147
19473562,Hell's Kitchen,96
19050500,Crown Heights,136
53658723,West Village,192
14422226,Harlem,101
53054506,Wakefield,149
53619509,Williamsburg,90
15906808,Soundview,186
54790385,Jackson Heights,86
23415879,Bushwick,104
15812917,Bellerose,25
19290751,East Village,228
47553046,Harlem,179
3762836,St. Albans,120
19894414,Williamsburg,19
48465446,East Village,115
4207438,Woodside,12
12736054,Chinatown,213
7427899,Bedford-Stuyvesant,182
44210527,Bedford-Stuyvesant,148
55075924,Washington Heights,125
18492677,East Village,131
48467655,Williamsburg,211
2512981,Midtown,186
55061012,Upper West Side,74
49754514,Hell's Kitchen,189
43571515,Gravesend,113
43034128,Sunnyside,77
56404206,West Village,164
11786098,Bedford-Stuyvesant,46
21366846,St. Albans,204
2382086,Crown Heights,51
16540849,Bushwick,166
26567303,Kips Bay,113
43128019,Midtown,206
9211828,Murray Hill,33
6965071,Upper East Side,162
52842976,Bedford-Stuyvesant,174
7951479,Williamsburg,235
24004631,Bushwick,65
12482548,Upper West Side,194
47142687,Lower East Side,193
11653546,Harlem,202
9159912,City Island,105
47931372,Hell's Kitchen,219
47761816,Greenwich Village,174
2540596,Crown Heights,186
4634918,Park Slope,36
54422554,Williamsburg,78
3434218,Upper East Side,61
18877078,Little Italy,20
24517718,Kips Bay,128
2277701,Bedford-Stuyvesant,203
53016398,Flushing,162
11862316,Bedford-Stuyvesant,103
18753363,Hell's Kitchen,141
8477821,Williamsburg,197
27307937,Midtown,212
5244105,Williamsbridge,129
3645196,Washington Heights,127
46102706,Inwood,185
5394330,Bedford-Stuyvesant,33
54076261,Crown Heights,181
51043582,Greenpoint,60
48522333,Corona,68
21949523,Bedford-Stuyvesant,183
23355126,Hell's Kitchen,187
21046512,Williamsburg,144
11860659,Harlem,78
24987173,Cypress Hills,125
7993454,Bedford-Stuyvesant,87
43670929,Midtown,29
8203880,Astoria,21
12078265,Morris Heights,197
47464126,Gramercy,124
43675900,Concord,191
5651150,Prospect Heights,139
50385241,Long Island City,23
6608838,Crown Heights,169
44525338,Chelsea,83
44082393,East Harlem,182
1824263,Gowanus,234
18324226,Lower East Side,121
22521153,Concourse,29
9207962,Longwood,75
26043723,Crown Heights,199
17704545,East Harlem,63
49265176,Bedford-Stuyvesant,206
13935650,Midtown,191
4539370,Upper West Side,228
13952219,Bensonhurst,82
12677510,Midtown,148
25343406,East New York,128
19986649,Williamsburg,228
47505548,Springfield Gardens,229
48428442,Maspeth,93
5329159,Borough Park,23
54933431,Hell's Kitchen,96
48347254,Midtown,113
51618526,Bedford-Stuyvesant,176
45858037,Astoria,155
4797846,Hell's Kitchen,80
5240239,Upper East Side,98
25377649,Financial District,169
20895182,Harlem,27
8085688,Concourse,226
22732132,Williamsburg,167
22018560,Bedford-Stuyvesant,25
6949607,East Village,238
4629947,East Village,68
53363794,Flushing,119
17161082,West Brighton,166
3382301,Clinton Hill,50
24528764,Rockaway Beach,235
55893328,Whitestone,56
4236709,Ridgewood,144
9102472,Upper West Side,119
10067893,Carroll Gardens,26
43383181,Carroll Gardens,194
5891400,Hell's Kitchen,229
49609259,Flushing,163
46832295,Bedford-Stuyvesant,132
1449804,Carroll Gardens,111
22609521,Williamsburg,233
10550603,South Slope,104
5017662,Park Slope,18
17464847,Hell's Kitchen,122
26879353,Bedford-Stuyvesant,116
44412668,Greenpoint,103
24248748,Upper West Side,44
54721348,Midtown,76
27226749,West Village,42
48712876,Washington Heights,63
17072161,Downtown Brooklyn,125
56219185,Williamsburg,122
13301057,Bensonhurst,123
52461336,Williamsburg,79
5571619,Hell's Kitchen,157
43423499,Prospect-Lefferts Gardens,69
52845737,Maspeth,202
26420944,Hell's Kitchen,208
44752885,Upper East Side,93
46008815,Fordham,72
53614539,Harlem,83
26508759,Chelsea,221
20928320,Canarsie,110
16874990,Bushwick,193
11280191,Financial District,78
51344033,Rego Park,237
2486471,Bedford-Stuyvesant,31
5374447,Bushwick,153
14607799,Middle Village,49
4133982,Bedford-Stuyvesant,207
19395135,Inwood,150
7030795,Gramercy,59
51816250,Greenpoint,115
43421290,Lower East Side,229
8919661,Murray Hill,111
8941753,Richmond Hill,20
6491750,Tribeca,179
23379427,Greenpoint,158
8798155,East Village,49
57127719,East Village,199
55048862,Ditmars Steinway,54
1775108,Williamsburg,181
21850109,Jackson Heights,38
6550846,East Harlem,86
17182069,Howard Beach,41
9882320,Crown Heights,238
20622898,Crown Heights,108
13488839,Chelsea,62
20943784,Greenpoint,125
48129647,East Harlem,198
12549929,East Flatbush,174
22983428,Hunts Point,123
56358917,Bedford-Stuyvesant,236
21265223,Bushwick,178
44740182,Bedford-Stuyvesant,55
6422161,Upper West Side,127
10896343,Flatbush,139
24806571,Ridgewood,65
51895781,Ditmars Steinway,176
19011287,Flushing,84
55617178,Crown Heights,83
47619322,Bedford-Stuyvesant,168
18057465,Boerum Hill,231
4761394,Bedford-Stuyvesant,94
24321099,Boerum Hill,58
17758670,Washington Heights,140
16275745,Williamsburg,201
48626717,Bedford-Stuyvesant,235
17019141,Hell's Kitchen,81
3974919,Chelsea,174
8470641,Bushwick,97
46894152,Bushwick,139
20457208,Bushwick,72
22210761,Harlem,115
23541251,Cobble Hill,161
23579360,Chinatown,69
4135086,Flatbush,170
3469012,Williamsburg,217
21744619,Upper West Side,207
18830132,Bushwick,145
6113425,Bedford-Stuyvesant,88
9398505,Harlem,50
1707728,Upper East Side,225
13330881,Flushing,15
47997648,Williamsburg,73
17366537,Harlem,149
24750236,Hell's Kitchen,102
7493070,Prospect-Lefferts Gardens,200
11421580,Bushwick,220
48820575,Williamsburg,182
20388723,Bushwick,186
48867520,Bushwick,212
21845138,Bushwick,77
6339868,Harlem,219
46619107,Hell's Kitchen,47
17122973,Harlem,205
2545567,East Village,126
5205996,Crown Heights,215
55703890,East Flatbush,174
17890670,Woodlawn,75
52507729,Long Island City,204
53891793,Brighton Beach,24
26536927,Chelsea,46
52543077,Elmhurst,71
11978851,Harlem,186
12916104,Midtown,30
25130218,Prince's Bay,154
49887066,Gravesend,22
4154417,Upper East Side,180
47566301,East Village,220
11527069,Brighton Beach,153
7765906,Two Bridges,76
52462993,Midtown,148
4564776,Vinegar Hill,98
11132727,Bushwick,39
6794963,Williamsburg,140
25282653,Harlem,46
52563512,Bedford-Stuyvesant,95
14964585,Bedford-Stuyvesant,215
44842910,Maspeth,80
1352047,Fort Greene,126
6025609,Astoria,160
14060470,Williamsburg,164
7063933,Bedford-Stuyvesant,155
1022323,Bushwick,219
45954138,Bedford-Stuyvesant,139
4708926,Washington Heights,58
3482820,Bedford-Stuyvesant,41
21026629,Chelsea,170
10091089,Washington Heights,119
49019403,Upper West Side,80
50558110,Clinton Hill,207
21344202,Little Italy,181
23449017,Ozone Park,237
51840551,Prospect Heights,236
56740557,Bedford-Stuyvesant,148
50796152,Arverne,71
21519281,Hell's Kitchen,62
3912509,Prospect-Lefferts Gardens,206
53758137,SoHo,16
56283805,Hell's Kitchen,127
25171641,Prospect-Lefferts Gardens,142
11558551,Jamaica,234
17446621,East Village,26
3324310,Midtown,188
22771897,South Slope,78
43293156,Williamsburg,15
46671023,Long Island City,193
21492218,Harlem,91
25396427,Park Slope,41
17891775,Crown Heights,136
54734051,Crown Heights,19
49572807,Hell's Kitchen,134
18050285,South Ozone Park,199
20672605,East New York,58
13277860,Prospect Heights,236
54813582,Fordham,201
9734856,Upper East Side,107
24130555,East Village,70
54091726,East New York,177
43536721,Bedford-Stuyvesant,54
8588281,Pelham Bay,172
23396549,Greenpoint,32
44898140,Harlem,108
5597577,East Village,28
55565815,Soundview,187
9511727,East Village,70
1221704,East Village,124
6076421,Bedford-Stuyvesant,173
11627588,East Elmhurst,127
12886280,Chelsea,15
13730746,Gowanus,93
19301797,East New York,137
13261844,Kingsbridge,195
18774350,Park Slope,90
4411789,Bedford-Stuyvesant,93
49563418,Inwood,49
2042974,East Village,201
21736887,Bedford-Stuyvesant,188
16560732,Gowanus,56
55234435,Cypress Hills,175
43145140,Upper West Side,170
21543030,Bedford-Stuyvesant,157
19730381,Flatlands,212
20408606,Williamsburg,12
6207316,Fort Hamilton,46
6548085,Sheepshead Bay,57
11422132,Harlem,205
18894199,Edenwald,82
16942371,Upper East Side,176
48018083,Nolita,56
18339690,Upper West Side,106
48685813,East Harlem,163
17871340,Red Hook,164
24022857,Bushwick,134
5859367,Williamsburg,30
6304521,Bushwick,82
4728256,East Harlem,14
2351157,East Harlem,36
23519712,Williamsburg,227
54122655,Bedford-Stuyvesant,191
45294691,Harlem,145
24900462,Bedford-Stuyvesant,102
17806720,Upper East Side,140
46217032,Upper West Side,24
4618901,Windsor Terrace,194
1586222,Upper West Side,111
19254851,Greenwich Village,233
15213672,Crown Heights,114
18913530,West Village,90
24945750,Elmhurst,49
17629432,Woodside,238
5879802,Woodhaven,234
4613378,Harlem,54
44655680,Chelsea,189
21274060,Bay Ridge,92
19547570,Williamsburg,28
55630434,East Village,163
3457414,Ditmars Steinway,79
13692638,Gowanus,174
19746398,Bedford-Stuyvesant,182
24808228,Civic Center,208
43135198,Midtown,227
45198039,Woodside,162
6011249,Boerum Hill,221
4927084,Upper East Side,229
5168440,Upper East Side,136
5184456,Elmhurst,216
52695511,Clinton Hill,60
6583432,Park Slope,163
47701615,Midtown,110
43427917,Midtown,93
54005567,Chelsea,142
3547439,Clinton Hill,130
8763913,Roosevelt Island,222
8668917,Inwood,215
18203824,Sunset Park,202
22550425,Roosevelt Island,26
19608323,Ridgewood,91
53336179,Harlem,234
18824609,Borough Park,224
6590612,Bedford-Stuyvesant,205
3122168,East Harlem,152
18242485,Nolita,25
55987219,Jackson Heights,168
26480040,East Harlem,106
46608613,Lower East Side,141
53535560,Bedford-Stuyvesant,24
54465633,Downtown Brooklyn,125
18909664,Fort Greene,32
23053018,Van Nest,58
10662720,Williamsburg,167
14939731,Sunnyside,185
13461224,Clinton Hill,66
43215834,Hunts Point,170
1675694,Harlem,175
6641424,Crown Heights,190
5824572,Williamsburg,50
49720824,West Village,104
44541907,Crown Heights,75
24526555,Harlem,72
15557755,Nolita,35
24484027,Williamsburg,137
1866238,Lower East Side,130
15487613,East Harlem,18
8447997,Williamsburg,103
52231579,Bedford-Stuyvesant,73
9150523,Lower East Side,13
43079968,Bedford-Stuyvesant,207
4996674,Crown Heights,193
27628824,Hell's Kitchen,195
8451863,Bedford-Stuyvesant,105
53073285,Lower East Side,159
19093579,Harlem,73
54099458,Bedford-Stuyvesant,35
42960119,Hell's Kitchen,84
3904225,Williamsburg,29
53346121,Morningside Heights,78
16459661,Financial District,69
48446668,Lower East Side,132
7785237,Chelsea,23
3763388,Prospect Heights,193
17200847,Midtown,124
56019805,East New York,146
20299250,Harlem,223
23313704,Hell's Kitchen,197
22321773,Upper West Side,102
45946958,Rego Park,127
20772571,Elmhurst,153
4785696,Sunnyside,120
47127223,Flushing,106
21175198,Williamsburg,64
20693593,Jackson Heights,76
45537703,Flatiron District,17
47678418,Boerum Hill,208
55368091,Harlem,91
3605431,Greenpoint,57
6296788,Bedford-Stuyvesant,46
55685111,East New York,121
52293989,Crown Heights,146
2905114,Kips Bay,14
1694473,Upper West Side,115
23805803,Harlem,22
2580362,Harlem,201
54821314,Jackson Heights,73
47197365,Harlem,59
11471839,East New York,81
57226028,Upper West Side,76
3786585,Jackson Heights,139
26296676,East Harlem,224
20704639,Jamaica,55
24541467,Bedford-Stuyvesant,122
3897045,Harlem,178
21182930,Morningside Heights,129
57264689,Murray Hill,224
9377518,Bedford-Stuyvesant,68
4630499,Upper East Side,170
21408269,Dongan Hills,130
48559889,Midtown,105
5531853,East Village,135
50608922,Harlem,145
1701652,Greenwich Village,81
12451620,Greenpoint,41
2870319,Chelsea,117
48531722,Chelsea,193
12912790,Greenpoint,129
51640066,Harlem,116
43318010,Chelsea,173
47960091,Financial District,206
50444889,Prospect Heights,42
48550500,Bushwick,103
50120137,Midtown,29
49698179,Flatbush,223
18197197,Bedford-Stuyvesant,20
3836292,Bedford-Stuyvesant,235
8005605,Kensington,122
54491591,Ditmars Steinway,63
26458500,Concord,125
18904141,Nolita,25
10720711,Briarwood,46
21515967,Bedford-Stuyvesant,135
43500269,Williamsburg,199
7274359,Greenpoint,233
42991600,Bushwick,175
49866631,Hell's Kitchen,195
1401201,Crown Heights,132
9443794,Upper West Side,40
46205986,Elmhurst,15
21184587,Williamsburg,132
50111852,Kew Gardens Hills,200
53036281,Astoria,203
24174739,Prospect Heights,103
22142828,Fort Greene,209
45939226,Washington Heights,105
3639121,Ridgewood,222
23250742,Pelham Gardens,95
22797856,Bedford-Stuyvesant,205
21102847,Bedford-Stuyvesant,165
13109961,Upper East Side,86
43341206,Bedford-Stuyvesant,158
22238376,Chelsea,200
12638297,Bedford-Stuyvesant,147
13135367,Harlem,226
17937616,Clinton Hill,60
15381019,Hell's Kitchen,69
54898636,Midwood,101
12924941,Williamsburg,54
12136256,Harlem,110
12047888,East Harlem,217
5364506,Bedford-Stuyvesant,146
23902456,Financial District,71
15299278,Prospect-Lefferts Gardens,41
13183417,Astoria,80
5060189,Upper West Side,138
21919146,Harlem,41
4298567,Bedford-Stuyvesant,29
54697599,New Brighton,213
6125575,Flatbush,35
20262246,Bushwick,178
4288073,Gramercy,235
26357429,Upper West Side,235
54793699,Canarsie,84
18074586,Bushwick,190
1629301,Hell's Kitchen,157
48658751,East Village,156
52491713,Two Bridges,149
53078255,Upper East Side,57
15603596,Norwood,15
7510744,Harlem,177
17700127,Chelsea,216
13879867,Astoria,54
6537591,Washington Heights,47
6646394,Sunnyside,55
51867061,Brighton Beach,192
1204030,East Village,110
53326238,Harlem,229
49765008,Williamsburg,13
44045389,Park Slope,69
50022932,Bedford-Stuyvesant,238
51641171,Bushwick,81
25900677,Williamsburg,90
12797912,Harlem,228
43452219,Hell's Kitchen,232
20279920,Longwood,190
19881159,Bedford-Stuyvesant,139
55601714,Midtown,223
48510182,Tribeca,73
3754552,Harlem,193
20300907,Chelsea,197
48505764,Cypress Hills,141
49545745,East Village,42
4220693,Bushwick,145
46922872,Rosedale,62
3795422,East Harlem,186
52468516,East Elmhurst,203
55050519,Harlem,100
10410319,Harlem,150
17424529,East Harlem,85
9326154,East Village,100
56516323,Harlem,125
23105487,Harlem,177
7383715,Williamsburg,46
8557905,Forest Hills,199
1913736,Upper West Side,235
55603371,Little Italy,46
56044106,Bedford-Stuyvesant,34
13014966,Greenpoint,76
24338773,East Village,171
45985619,Bushwick,72
50636537,Upper East Side,123
5204339,West Village,84
56492574,Harlem,189
24579575,Bushwick,69
19581260,Battery Park City,115
54131491,Bushwick,162
44737973,DUMBO,45
9825433,Williamsburg,54
47298436,Murray Hill,199
26451320,Fort Greene,76
14561958,Richmond Hill,40
51208168,Fort Greene,124
22566442,Midtown,111
5589292,Bushwick,159
46483793,Flushing,136
54679925,East Harlem,236
20929977,Kips Bay,210
20962563,Tribeca,176
21613724,Crown Heights,70
26629161,Long Island City,26
2806805,Little Italy,59
4004743,Washington Heights,45
22127363,West Village,164
18034820,Financial District,62
10061265,Harlem,23
23242457,Ozone Park,188
25399189,Financial District,120
46630153,Bedford-Stuyvesant,81
14854677,Bedford-Stuyvesant,148
3388377,Flatbush,223
24139945,Williamsburg,93
9305719,East Village,19
5953258,Astoria,94
9800027,Greenpoint,227
13880972,Bushwick,192
18463957,Rockaway Beach,80
21894293,Lower East Side,120
49107771,Long Island City,99
14206277,Gramercy,223
15257304,Bedford-Stuyvesant,147
19249880,Flatiron District,139
56331302,Midtown,29
16240950,Upper West Side,37
15318057,Upper West Side,187
49336423,Theater District,189
48403588,Lower East Side,219
55660810,St. Albans,15
47083591,Ditmars Steinway,133
25461046,Washington Heights,198
20942128,Hollis,156
52619846,Greenwich Village,224
24878370,Financial District,218
8877686,East Village,184
43578695,Bedford-Stuyvesant,92
55323907,Clason Point,54
56951535,Harlem,194
5878145,Flushing,61
18064092,Flushing,237
4986733,Kips Bay,78
7401388,Upper West Side,212
52176349,Long Island City,11
2895725,Upper West Side,166
16523175,Williamsburg,210
18503171,Bushwick,75
21527013,Williamsburg,170
55503405,Bushwick,210
15200417,Murray Hill,229
16888246,Harlem,110
45259897,Harlem,35
3427038,Williamsburg,214
46296011,Concord,75
25124143,Hell's Kitchen,231
53742120,Harlem,73
16617066,Cypress Hills,174
4966850,Bushwick,227
44348049,Gramercy,205
4908306,Williamsburg,110
20226899,Bedford-Stuyvesant,194
1001254,Kensington,193
57295066,East Village,217
1175863,Harlem,145
24852412,Flatbush,70
18009967,Harlem,133
7929387,Bedford-Stuyvesant,136
45268181,Flushing,42
43731130,Lower East Side,107
21818628,Midwood,98
7991245,Fort Greene,177
21085726,Prospect-Lefferts Gardens,212
3578920,Park Slope,21
11751303,Park Slope,39
23694791,Bronxdale,144
16277402,Bedford-Stuyvesant,104
1573519,Washington Heights,98
56399235,Harlem,57
25254486,Harlem,98
44040418,Bedford-Stuyvesant,27
46346271,East Village,157
1670171,Chelsea,179
7152301,Lower East Side,16
12641611,Hell's Kitchen,171
55924257,Mott Haven,181
51170059,Midwood,74
51171716,Red Hook,23
8222106,Murray Hill,114
22352149,Chinatown,206
51351213,Upper East Side,77
23669385,Flushing,159
14949120,Murray Hill,217
25895154,Washington Heights,163
16325452,Bath Beach,89
10356746,Longwood,151
7876919,Upper East Side,227
50074848,Sheepshead Bay,154
56113144,Hell's Kitchen,206
2948746,Murray Hill,231
55291321,East Flatbush,41
5256808,Longwood,91
10017081,Hell's Kitchen,38
15898524,Bedford-Stuyvesant,130
16268013,Bedford-Stuyvesant,52
3711472,Williamsburg,127
20358346,Bushwick,219
23211528,Prospect-Lefferts Gardens,39
45529971,Prospect Heights,107
25391456,Prospect-Lefferts Gardens,87
54949448,Hell's Kitchen,110
50957976,Greenwich Village,119
47673448,Upper East Side,29
45808883,East Harlem,44
10124780,East New York,103
6499483,Prospect Heights,206
15807947,Maspeth,156
17780210,Queens Village,80
21681105,Rego Park,173
17252211,Bayside,226
5622982,Red Hook,129
47739171,Kips Bay,94
21758979,Washington Heights,234
22290844,Williamsburg,150
55512241,Bedford-Stuyvesant,178
57107284,Fresh Meadows,146
52464098,East Village,27
55272543,Greenpoint,41
10777598,Bedford-Stuyvesant,71
50854143,Williamsburg,73
22877939,Ditmars Steinway,82
18903588,Ditmars Steinway,110
15277739,Bushwick,13
53140665,Upper West Side,119
8776615,Flatbush,210
47882769,East Village,212
1210658,Crown Heights,107
11127204,Flushing,150
25822803,East New York,18
53201971,Edenwald,74
4061630,Greenwich Village,143
54355725,Red Hook,80
13184522,Inwood,207
54427524,Crown Heights,145
23113771,Jamaica,184
9270372,Upper West Side,104
18796442,Park Slope,64
10415290,East Flatbush,164
54430838,Sunset Park,228
6332688,Bedford-Stuyvesant,23
8583310,East Village,208
16291762,East Flatbush,111
11518785,Ditmars Steinway,37
47271373,Sunnyside,102
25910066,Bedford-Stuyvesant,113
23603661,Upper West Side,166
1523812,Harlem,170
18213213,East Village,125
25794635,Bushwick,210
21886008,Jackson Heights,140
5847216,Prospect Heights,229
26132643,Port Morris,127
18477765,Ridgewood,229
11072527,Harlem,58
17048413,Midtown,61
21093458,Upper East Side,166
51808518,Harlem,101
55265363,Astoria,180
43704067,Greenwich Village,111
55793914,Maspeth,55
3575054,West Village,156
1657468,East Village,204
11863420,East Village,184
8996983,Morningside Heights,160
13227049,Upper East Side,135
26135404,Ditmars Steinway,239
6932486,Downtown Brooklyn,67
15968114,Harlem,238
2552747,Williamsburg,116
3036009,West Village,200
26142032,Greenpoint,165
7087682,Chinatown,97
22221807,Prospect-Lefferts Gardens,190
23217051,Melrose,86
43504687,East Flatbush,158
6184119,Lower East Side,117
52410525,Crown Heights,148
9517250,Bedford-Stuyvesant,111
7322410,Morningside Heights,134
18742317,Bedford-Stuyvesant,178
24143811,Murray Hill,36
14658610,Midtown,176
48589161,Upper East Side,101
6340972,Washington Heights,213
19715469,Harlem,230
27025160,Williamsburg,144
19598382,East New York,174
1581803,Harlem,11
6492303,Bedford-Stuyvesant,56
19766833,Flushing,154
25582000,Upper East Side,207
17697365,Bushwick,135
4975135,Harlem,53
14707765,Williamsburg,48
6986611,Bushwick,11
50374747,Bedford-Stuyvesant,34
47047139,Harlem,191
15177220,East Flatbush,102
8929050,Bedford-Stuyvesant,219
24899357,Bushwick,26
18354602,Greenpoint,147
48110869,Crown Heights,96
57056472,East Elmhurst,220
3631389,Hell's Kitchen,233
13099468,Bedford-Stuyvesant,194
21546896,East Village,14
17117450,Carroll Gardens,77
25174402,Bedford-Stuyvesant,85
47888292,East Village,21
4920457,East Village,66
1892196,Chelsea,182
50064907,Sunset Park,65
9508965,Park Slope,90
50688453,Williamsburg,60
51014310,Greenpoint,41
23445703,Sheepshead Bay,145
21161943,Jackson Heights,51
14629339,Bedford-Stuyvesant,15
1596715,Greenpoint,90
19718231,Bedford-Stuyvesant,21
2454990,Greenpoint,94
20062866,Murray Hill,92
45987276,Chinatown,135
15839428,East Harlem,22
19987201,Williamsburg,43
54082337,Bedford-Stuyvesant,57
8981519,Upper West Side,141
10986368,Hell's Kitchen,89
52501102,Randall Manor,112
4757528,Flatbush,118
47192947,Bedford-Stuyvesant,34
45386926,Crown Heights,187
15837219,Hell's Kitchen,155
49484439,Jackson Heights,228
11095171,Washington Heights,38
9907726,Flatbush,85
22129020,Upper East Side,21
2582019,Bedford-Stuyvesant,142
5007168,Harlem,42
10960962,SoHo,90
2075007,Greenwich Village,156
19954063,Rockaway Beach,67
24158723,Harlem,80
56569896,Flatbush,48
52118358,Harlem,18
5221460,Upper East Side,144
2974152,Hell's Kitchen,151
48341731,Gowanus,201
2016463,Harlem,39
50352103,Flatlands,44
24194070,Financial District,15
49327034,Morningside Heights,223
15024785,Rosedale,191
14052185,Greenpoint,168
6587298,Chelsea,59
19596725,Upper East Side,43
8017203,East Harlem,170
11379605,Ridgewood,196
54521415,Hollis,94
47260879,Red Hook,133
9083694,Upper East Side,211
47020629,East Village,72
53599627,Woodside,210
13492153,Harlem,169
25816175,Bedford-Stuyvesant,136
13732956,Bushwick,219
5720187,Bedford-Stuyvesant,222
1295160,Chelsea,167
9076514,Park Slope,178
20958697,Sunset Park,238
8274022,South Slope,59
23288298,Hell's Kitchen,73
44742944,Bushwick,127
45198591,Schuylerville,238
55311204,Flushing,200
6869524,Jamaica,221
10003826,Prospect Heights,133
54869364,Middle Village,189
6691131,Williamsburg,144
2058991,Clinton Hill,27
49079603,Flatbush,190
23914054,Financial District,132
6880017,Upper East Side,204
27304624,Kips Bay,96
23602004,Bedford-Stuyvesant,20
7660417,Springfield Gardens,217
1887778,Harlem,213
21189558,Gramercy,49
16319929,Bedford-Stuyvesant,125
24789449,Hell's Kitchen,70
45647611,Park Slope,100
4783486,Harlem,189
43168336,SoHo,206
21115550,Bedford-Stuyvesant,80
47487875,East Village,159
43239583,Harlem,202
2655475,Hell's Kitchen,215
5492087,Williamsburg,183
5133645,Bushwick,155
13510931,Hell's Kitchen,16
3395004,Carroll Gardens,60
51550041,Harlem,63
55120108,East Harlem,201
54692628,Bushwick,150
18751706,Bedford-Stuyvesant,57
16037151,Ridgewood,219
14835346,East New York,177
20876956,Corona,217
6380738,Astoria,142
51978074,Williamsburg,85
46319208,Prospect-Lefferts Gardens,162
23804146,Bushwick,183
56349528,Washington Heights,41
23787025,Greenwich Village,17
26300542,Upper East Side,51
25370469,Greenpoint,239
7422376,West Village,106
43551633,East Village,92
17246136,East Flatbush,173
50712754,Midtown,171
46176715,Bedford-Stuyvesant,32
12152273,Williamsburg,180
54644578,East Village,188
18901931,Red Hook,234
21257491,Downtown Brooklyn,163
7097623,East Village,20
26072442,Port Morris,52
11669011,West Village,126
51212586,Hell's Kitchen,135
22530542,East Flatbush,164
12868606,Bedford-Stuyvesant,106
54267910,Glendale,105
9497919,Williamsburg,47
20933843,Flatbush,152
2735558,Midtown,114
17786285,Bushwick,90
49047570,Bedford-Stuyvesant,127
24454203,Gramercy,237
45904983,Hell's Kitchen,47
3768359,Chinatown,165
20337911,Bedford-Stuyvesant,56
46523007,Sunnyside,223
8807544,Flatlands,89
1551979,East Harlem,37
25454971,Financial District,186
42887768,Williamsburg,20
12429528,Glendale,142
11073631,Ridgewood,218
46691458,East Flatbush,125
53512363,Lower East Side,39
6785574,Upper West Side,238
2576496,East Village,155
6519918,Bedford-Stuyvesant,153
15962591,Upper West Side,59
10033098,Park Slope,111
6357541,Bedford-Stuyvesant,168
56054600,Long Island City,23
55667990,Wakefield,93
8145337,Fort Hamilton,128
42851316,Bedford-Stuyvesant,126
24286304,Bedford-Stuyvesant,154
10078939,Hell's Kitchen,216
7794074,Long Island City,210
4969612,Columbia St,51
6058747,Crown Heights,235
9529953,Upper East Side,190
25346168,Brownsville,26
44839596,Midtown,115
52781118,Kingsbridge,186
16061452,Astoria,158
56957058,East Flatbush,173
22458191,Bushwick,28
44370141,Prospect Heights,171
7185991,Concord,71
44913052,Woodhaven,214
20045745,East New York,139
44007280,Lower East Side,170
4707269,Upper East Side,95
49517577,Chelsea,80
26649043,Rockaway Beach,132
1755778,Williamsburg,79
18335824,South Slope,197
53792379,Upper West Side,92
22590743,Washington Heights,192
3784376,East Harlem,172
22860265,East Harlem,229
3184578,Greenpoint,117
20818412,Crown Heights,148
16529803,East Elmhurst,211
18055255,Hell's Kitchen,41
2540044,Washington Heights,16
20803500,Sunnyside,165
24189652,Financial District,191
2829449,Greenpoint,43
11670115,Gowanus,127
12720590,Cypress Hills,16
5621326,Nolita,52
19336039,Brighton Beach,136
15327998,Ditmars Steinway,103
2826135,Greenwich Village,96
19887235,Fresh Meadows,81
21508787,Williamsburg,68
16055929,Flatbush,62
50204638,Chelsea,233
56298717,Bushwick,42
4080961,Greenpoint,95
13703131,Williamsburg,113
51959296,Harlem,69
4138952,Harlem,192
18211004,Bedford-Stuyvesant,115
10012663,Bedford-Stuyvesant,95
48525646,Flatbush,45
52447529,Washington Heights,143
9336648,Greenwich Village,147
15793587,East Harlem,181
2309182,Harlem,72
24938570,Sheepshead Bay,210
12652105,East Flatbush,192
9663609,Prospect-Lefferts Gardens,232
3829664,Crown Heights,211
3221030,Borough Park,127
14779012,Bushwick,29
15138559,Park Slope,58
1879493,Bedford-Stuyvesant,178
46973683,Clason Point,204
19379119,Port Richmond,103
1520498,Prospect-Lefferts Gardens,150
52826959,Greenpoint,140
43069475,Park Slope,121
45512850,Rosedale,51
10832276,Harlem,82
20196523,Cobble Hill,40
11566283,East Flatbush,221
56837761,Bedford-Stuyvesant,127
20565459,Bedford-Stuyvesant,109
8573369,Crown Heights,124
18274519,Prospect-Lefferts Gardens,22
50031769,East Harlem,18
2628412,Bushwick,201
7114192,East Village,10
54172362,Bergen Beach,95
45307394,Stapleton,177
1374139,Greenpoint,107
25411339,Hell's Kitchen,205
4277580,Fort Greene,151
14821539,Tompkinsville,49
15531797,Williamsburg,164
52546390,Bushwick,215
54045333,Upper East Side,106
1428264,Greenpoint,43
3584443,Chelsea,78
11681713,Washington Heights,224
25024177,Greenpoint,56
53221301,Hell's Kitchen,88
44513739,Harlem,66
52346458,Gravesend,220
51145758,Bedford-Stuyvesant,193
13421458,Williamsburg,89
15336835,Bedford-Stuyvesant,157
10898000,Washington Heights,229
23212633,Tompkinsville,141
8116065,Harlem,80
3200595,Williamsburg,214
22791228,Bedford-Stuyvesant,103
48012007,Hell's Kitchen,90
57125510,Chelsea,173
12959183,Bedford-Stuyvesant,61
53539426,Greenpoint,120
53083226,Greenpoint,153
45855828,Flushing,98
2867005,Upper West Side,135
8646273,Tribeca,228
52546943,Washington Heights,194
46624078,Columbia St,116
50755282,South Slope,98
47963405,Crown Heights,12
1828681,Ridgewood,61
4456525,East Village,77
22323430,Williamsburg,212
2128580,Park Slope,221
43103717,Sunset Park,165
17581934,Upper West Side,112
7132418,Crown Heights,107
43757641,Harlem,82
20451685,Williamsburg,104
27179251,East Village,165
53399142,Jamaica,118
7163347,Queens Village,128
8129320,Bedford-Stuyvesant,100
45410122,Chinatown,28
54212680,Harlem,161
19545361,Bedford-Stuyvesant,112
15815679,Flushing,80
43351700,Lower East Side,135
9101920,Upper West Side,194
7687480,Sunset Park,52
23927861,Sunnyside,22
48870282,Hell's Kitchen,177
8274575,Roosevelt Island,169
47651356,Prospect-Lefferts Gardens,84
11960625,Flushing,119
24933047,Williamsburg,118
22679111,Flushing,127
57233761,Bedford-Stuyvesant,63
8300533,East Village,125
49523653,SoHo,90
14996066,Bensonhurst,47
54141985,Park Slope,107
20558831,Long Island City,20
26753428,Bushwick,153
44057539,Bedford-Stuyvesant,168
1142725,Williamsburg,233
2405835,East Village,228
46288279,Ditmars Steinway,80
27202448,Ozone Park,113
11681161,Sheepshead Bay,194
49074633,East Village,226
49653443,Bedford-Stuyvesant,167
6273592,Fort Greene,215
6784469,Lower East Side,94
10068997,Bushwick,51
8447445,Chelsea,76
51821221,East Village,144
12013646,Astoria,229
23164583,Bushwick,184
1553084,East Village,113
3807572,Williamsburg,132
18125950,Bedford-Stuyvesant,49
56627335,Greenwich Village,119
49615887,Williamsburg,197
6361408,Williamsburg,72
5516389,Cobble Hill,20
10485432,Flatbush,117
56723435,Harlem,48
5862128,Bedford-Stuyvesant,159
5851635,Greenpoint,96
4628290,Williamsburg,128
6542562,East Village,230
48065581,Washington Heights,35
51226393,Murray Hill,28
20301460,Bayside,108
53746538,Midtown,35
14397925,Crown Heights,168
12475921,Chinatown,95
56537863,Washington Heights,143
48546634,Long Island City,151
55179757,Williamsburg,210
51408100,Hell's Kitchen,207
49660623,Kips Bay,78
5011586,DUMBO,197
5101059,Crown Heights,19
6937456,Astoria,80
19763519,Hollis,94
10367239,Upper East Side,222
20892973,Sunset Park,49
20804053,Upper East Side,62
47527088,Upper West Side,125
7541673,East Village,124
47387356,Flushing,80
25813414,Crown Heights,114
42876722,Upper East Side,95
27417293,Williamsburg,42
8095630,SoHo,171
15452266,East Harlem,220
20791350,Midtown,151
45622205,Crown Heights,11
42857944,Hell's Kitchen,91
11158133,West Village,104
25047926,Financial District,112
50103568,Williamsburg,225
22061087,Ridgewood,148
26918566,Hell's Kitchen,127
52060919,Bedford-Stuyvesant,62
7864216,Crown Heights,134
11502216,Sunset Park,65
56249010,Crown Heights,176
26116626,Fort Greene,114
10606938,Astoria,232
42951283,Ridgewood,196
23881468,Financial District,226
16944580,Washington Heights,158
50605056,Upper East Side,195
4575269,Hell's Kitchen,140
55699471,Wakefield,45
4332257,Bushwick,114
43116420,East Harlem,134
3069147,Clinton Hill,63
50557558,Kips Bay,134
52666240,East Village,34
26391672,Hell's Kitchen,233
25353900,Williamsburg,128
19892205,Hell's Kitchen,220
6529859,Upper West Side,191
46950487,Highbridge,178
25313582,Williamsburg,219
21217173,Bedford-Stuyvesant,27
15666558,Upper West Side,25
23370038,Williamsburg,184
22337790,Upper West Side,37
48409111,Bushwick,113
10304830,Bushwick,212
46908512,Bedford-Stuyvesant,157
47160361,Douglaston,58
19102969,Williamsburg,81
7497489,Bedford-Stuyvesant,27
8607612,Murray Hill,134
45749234,Chelsea,178
55772927,Woodside,136
11336526,Upper East Side,128
19650298,Flushing,92
7985170,Williamsburg,51
19672942,Sunset Park,228
8863879,Baychester,22
18841731,Woodside,210
51172268,Sunset Park,212
7299765,Gramercy,210
4183689,Midwood,69
53253334,Ridgewood,61
16044883,Harlem,172
14841974,Hell's Kitchen,71
13117693,East Village,176
23624649,Woodhaven,67
5493192,Hell's Kitchen,108
43949841,East Village,52
52649671,Crown Heights,136
4502366,Bedford-Stuyvesant,154
11067004,Rosedale,127
5149661,East Village,16
44121606,East Flatbush,174
47834167,SoHo,13
13487734,Hell's Kitchen,194
53489719,Bedford-Stuyvesant,164
7723932,Bushwick,135
19797762,Williamsburg,135
6109559,Bushwick,100
7569288,Bushwick,116
20785827,Wakefield,73
3111674,Hell's Kitchen,21
25002637,Chinatown,171
48966934,Kensington,92
24320547,East Village,12
3534736,Boerum Hill,37
9816596,East Village,217
52846289,Inwood,103
55529915,Sunset Park,168
55785078,Williamsburg,181
13156354,Upper East Side,25
21847347,Columbia St,140
3234285,Hell's Kitchen,14
44416534,Sunset Park,182
9125117,Ditmars Steinway,49
48504659,Fort Greene,101
48135170,East Village,213
26989813,Upper West Side,163
44647396,Midtown,45
4280893,Flatlands,114
15588684,Douglaston,58
44567865,South Ozone Park,146
56151253,Bushwick,190
50831499,Harlem,42
15900733,Queens Village,127
25791322,Upper West Side,169
55322250,Upper West Side,67
23071796,Hell's Kitchen,89
55020142,Bushwick,178
49859451,Greenpoint,109
27215151,Borough Park,10
44587195,Clinton Hill,231
25056763,Washington Heights,196
3842920,Bushwick,55
13134262,Bedford-Stuyvesant,77
47453632,Crown Heights,80
47352009,Clinton Hill,219
55765747,SoHo,59
42918697,SoHo,239
17779105,Jackson Heights,152
22672483,Laurelton,63
12506850,Washington Heights,167
12211921,Upper East Side,237
26326500,Midtown,86
1671828,Williamsburg,104
12796807,Astoria,22
13882077,Williamsburg,173
4681863,Washington Heights,170
24892729,Upper East Side,232
47803238,Sunnyside,32
18117665,Elmhurst,71
46102154,Gramercy,136
2510772,Chinatown,136
44100067,Chelsea,155
44746258,Astoria,218
23947744,Prospect Heights,59
21104504,Elmhurst,82
43205893,Flatbush,205
53554338,Park Slope,64
26823018,Astoria,160
9780145,Midtown,119
47776728,Astoria,98
13632989,Park Slope,112
27462029,Sunnyside,151
12323486,East Elmhurst,110
26236475,Prospect-Lefferts Gardens,216
6968938,Upper East Side,155
19613294,Breezy Point,46
21246445,East Village,145
4225663,Harlem,188
26682734,Washington Heights,50
52923611,East Harlem,54
20260037,Bushwick,229
5550631,Greenwich Village,230
50991114,Bushwick,201
25147340,Kew Gardens,25
46155727,Cypress Hills,185
19594516,Bushwick,105
18606451,Little Italy,100
19795553,East Village,96
5103268,Harlem,76
48623956,Harlem,23
8098391,Upper West Side,176
5093327,Hell's Kitchen,224
44124368,Astoria,134
53770287,Kips Bay,125
23687611,Bedford-Stuyvesant,197
16950655,Harlem,201
8334223,Chinatown,117
46447894,East Morrisania,236
7326276,Upper East Side,83
22500166,Hell's Kitchen,154
54107190,South Slope,95
4516173,Hell's Kitchen,229
7568735,Williamsburg,57
20843818,Midtown,223
24908746,Washington Heights,88
8028249,SoHo,189
51569924,Williamsburg,184
14481322,Chelsea,166
52963929,Chinatown,86
49991451,Prospect Heights,21
9203543,Elmhurst,138
3309950,Red Hook,17
3454653,Greenpoint,147
2348948,Williamsburg,169
5935584,Chelsea,25
11485095,Inwood,215
25000980,Astoria,174
46523559,SoHo,228
27129544,Fort Greene,174
2067827,Prospect-Lefferts Gardens,19
10076177,Flatbush,120
21011717,East Village,15
26768893,Pelham Gardens,80
6138278,Upper West Side,238
50137810,Bushwick,177
14541523,East Village,86
8443579,Upper East Side,129
23873736,Financial District,95
23842807,Crown Heights,101
12097043,Sunset Park,67
49793727,Bedford-Stuyvesant,237
57011184,Ditmars Steinway,136
21216621,Forest Hills,142
4750348,Crown Heights,55
53535007,East Harlem,207
14082009,Greenpoint,140
15563278,Queens Village,191
4084275,Park Slope,99
52736382,Two Bridges,210
43133542,Astoria,195
50990009,East Harlem,42
11598316,Springfield Gardens,214
27005277,Williamsburg,21
20364974,East Elmhurst,214
19751921,Williamsburg,139
48027472,Upper East Side,183
12875786,Chinatown,121
9881215,Astoria,228
3407155,Greenpoint,85
50598981,Hell's Kitchen,177
26271270,East Village,175
22958023,Upper East Side,152
13389425,Bedford-Stuyvesant,32
18170686,Flushing,219
51048553,Bedford-Stuyvesant,168
51630677,Huguenot,194
7902325,Morningside Heights,28
10437934,Upper East Side,32
16052616,Bushwick,150
53355510,Jamaica,202
47849631,Crown Heights,26
52258090,Lower East Side,134
1521050,Crown Heights,105
26810315,Kips Bay,23
44541354,East Harlem,211
2937700,NoHo,153
8846205,Harlem,112
4985076,Williamsburg,195
5287184,Williamsburg,239
46709132,East New York,60
42940237,Chelsea,226
16892112,Upper West Side,61
11038284,Washington Heights,194
49406565,Greenwich Village,136
5113762,Upper West Side,34
44270175,Prospect Heights,143
46453969,Upper West Side,151
8820247,Midtown,117
43394227,Long Island City,23
21686628,Financial District,54
55626015,Jamaica,106
53999492,Williamsburg,66
25009265,Washington Heights,212
52340935,Clinton Hill,118
9722153,Williamsburg,26
7065038,Harlem,216
9717182,Flatbush,198
6892168,Upper West Side,140
46314237,Columbia St,123
44167447,Bushwick,54
57173560,Kensington,126
18575522,Kips Bay,76
45921000,Bedford-Stuyvesant,42
21032705,South Slope,27
15888030,Sunset Park,54
6992686,Williamsburg,232
21304989,Jamaica,84
52737486,Hell's Kitchen,62
5785359,Harlem,15
12791284,East Harlem,60
3818618,Williamsburg,77
54354621,Upper East Side,43
53011427,East Flatbush,188
21832987,Greenwich Village,18
19399001,Upper West Side,25
1808246,East Village,196
16013955,Midtown,136
53059477,Long Island City,117
19474666,Hell's Kitchen,156
52258642,Astoria,22
4650382,Crown Heights,233
1983325,Washington Heights,29
50193592,Upper East Side,210
8796498,SoHo,216
48631136,East Village,116
47641414,Kensington,121
13647349,Williamsburg,84
46796395,Williamsburg,105
45110776,Upper West Side,121
13055836,Bedford-Stuyvesant,176
17260496,Harlem,142
49848957,Hell's Kitchen,91
12647686,Harlem,64
9199125,Greenwich Village,174
50584069,Midtown,130
11090752,Bedford-Stuyvesant,167
51172820,Hell's Kitchen,57
9386355,Inwood,232
26914700,Hell's Kitchen,151
25232946,East Harlem,96
9333334,Williamsburg,97
5008273,Upper West Side,171
12182650,Sunset Park,112
1730924,Crown Heights,26
52437587,Hell's Kitchen,139
54698704,Bedford-Stuyvesant,174
26799269,Bedford-Stuyvesant,126
2836077,Upper West Side,189
21712586,Bedford-Stuyvesant,48
5811317,Williamsburg,152
5003302,Washington Heights,123
47103474,Williamsburg,164
47876694,Upper West Side,205
43134646,Midtown,46
8773854,Chelsea,128
4541579,Harlem,177
26431437,Bushwick,147
54614202,Carroll Gardens,161
10054638,Astoria,113
14289122,Carroll Gardens,50
4661980,Midtown,190
10844427,Bedford-Stuyvesant,54
47374653,Bedford-Stuyvesant,216
20853760,Fort Greene,23
21190110,Bushwick,226
5578798,East Village,232
25472644,Lower East Side,141
16820313,Bedford-Stuyvesant,101
52110073,Arden Heights,192
47685046,Kips Bay,145
23641218,Fordham,134
49584958,Upper West Side,78
45714992,Upper West Side,47
3337013,Flatbush,36
12357176,East Harlem,178
11633111,Maspeth,46
16586137,Bedford-Stuyvesant,197
48612358,Williamsburg,108
23727376,Cypress Hills,26
55367539,Crown Heights,203
11225514,Hell's Kitchen,73
13838997,South Slope,199
15925587,Astoria,99
16637501,East Flatbush,98
1284114,Williamsburg,211
5968170,Flatbush,15
25658770,Upper West Side,200
47878351,Crown Heights,222
6523784,Carroll Gardens,216
22819395,Hell's Kitchen,61
55966784,SoHo,184
11561312,Upper East Side,150
44253054,Harlem,111
44840701,Long Island City,93
19609980,Prospect Heights,16
3598803,East Harlem,22
5496506,Williamsburg,189
17146170,Harlem,31
14853572,Crown Heights,60
51437924,Fresh Meadows,146
12309679,Clinton Hill,79
8526424,Bedford-Stuyvesant,97
12165528,Bedford-Stuyvesant,79
6717089,Bushwick,208
45775745,Williamsburg,71
48329028,Flatbush,96
20665425,East Village,181
11609914,Harlem,225
15748851,Chelsea,151
14028436,Sunnyside,191
22004753,Williamsburg,183
51900752,Bushwick,15
22303547,Brooklyn Heights,78
20354480,Flatbush,239
18962684,Greenpoint,15
17641030,Bedford-Stuyvesant,104
3587757,Upper East Side,141
52411077,Chinatown,76
23441837,Bedford-Stuyvesant,216
17616177,Maspeth,160
51662158,Bedford-Stuyvesant,194
55607789,Bedford-Stuyvesant,174
22008619,Chelsea,229
24722621,Astoria,129
49237009,Harlem,45
53311326,Prospect-Lefferts Gardens,148
50744236,Sunset Park,131
12233461,Arverne,71
49883200,East Harlem,146
47485666,Hell's Kitchen,38
22811663,East Harlem,86
25064495,Chelsea,54
50564738,Elmhurst,181
5067921,Bedford-Stuyvesant,93
55964575,Bedford-Stuyvesant,172
16647443,Carroll Gardens,173
1018457,Harlem,154
10526302,Greenpoint,33
8609821,Washington Heights,21
27530514,North Riverdale,69
45040081,Hell's Kitchen,212
9098606,Morningside Heights,78
12803435,Rego Park,229
16027762,Bedford-Stuyvesant,14
22513421,East Flatbush,212
13909692,Throgs Neck,68
8867745,Sunset Park,133
1797200,Nolita,143
47810418,Chelsea,224
6453642,Bushwick,59
3292829,Midtown,61
53568698,Bedford-Stuyvesant,55
55375271,Upper East Side,147
18597062,Bedford-Stuyvesant,152
26138166,Harlem,144
19956272,Bedford-Stuyvesant,166
13864955,Upper West Side,225
13360705,Washington Heights,237
5320322,Inwood,178
54323692,Harlem,105
2735006,Chelsea,52
19676256,Bedford-Stuyvesant,131
47454737,East Harlem,142
14097474,Harlem,88
4877377,Upper West Side,206
6667934,Greenpoint,84
54459005,Woodside,105
23346842,Kensington,171
49404908,Maspeth,98
14241072,Morningside Heights,36
45890071,Bedford-Stuyvesant,53
17532780,Upper East Side,80
47002403,Crown Heights,106
49470632,Williamsburg,29
7052887,East Flatbush,218
8034324,Sunset Park,94
44492200,Washington Heights,95
9048347,Murray Hill,70
55035054,Bedford-Stuyvesant,64
56643352,Williamsburg,188
56392608,Bedford-Stuyvesant,183
14264268,Carroll Gardens,218
4948624,Bedford-Stuyvesant,64
16060348,Long Island City,15
53056163,East Harlem,84
20179954,Hell's Kitchen,114
23448465,Harlem,132
25874719,East Village,68
6829206,Gowanus,227
3237599,Clinton Hill,190
56052943,Williamsburg,175
9763576,Upper West Side,130
47993782,Arverne,142
1707175,East Village,142
5022632,Midtown,238
49678849,Gramercy,185
52821988,Flushing,237
54360696,Sunnyside,236
19026199,Hell's Kitchen,58
55633747,Long Island City,226
24112882,Jamaica Estates,169
5578246,Park Slope,43
18391606,Sunnyside,68
54731842,Midtown,78
3617581,Kips Bay,167
9075962,Hell's Kitchen,235
23967075,Hell's Kitchen,102
12871368,Prospect Heights,147
50262078,Mott Haven,169
52681704,Harlem,178
23738422,Inwood,37
52466859,Bedford-Stuyvesant,229
55684007,Bushwick,37
26323186,Harlem,33
21772787,Long Island City,66
17245584,Bedford-Stuyvesant,215
48260542,Harlem,227
2050154,Bushwick,176
7072218,Bedford-Stuyvesant,167
51252904,East Harlem,187
18245247,Washington Heights,184
24906537,Astoria,17
26437513,Kips Bay,17
14538761,Rockaway Beach,177
8349135,Lower East Side,77
19770147,Williamsburg,188
25529531,Upper East Side,59
47545314,Cobble Hill,40
1470791,Bedford-Stuyvesant,99
16641367,Fort Greene,128
57142079,Crown Heights,239
17549349,Bedford-Stuyvesant,138
9832061,Greenpoint,207
26842901,Williamsburg,176
11331555,Hell's Kitchen,210
5975350,Ditmars Steinway,118
19533763,East Village,183
25380963,Ridgewood,192
6689474,Chelsea,11
1436548,Chinatown,212
2472663,West Village,59
25435088,Chinatown,129
26069128,Crown Heights,55
3433113,Brooklyn Heights,144
19276391,Flatbush,140
25484243,West Village,206
46620764,Bedford-Stuyvesant,83
20891868,Soundview,83
17897850,Midtown,141
7496384,Jamaica,62
9074305,Chinatown,149
49496590,West Village,86
3288963,Williamsburg,165
16945132,Hell's Kitchen,60
44530861,Bedford-Stuyvesant,61
50260973,Flatbush,189
21558494,Kew Gardens Hills,180
52284600,Upper East Side,14
26003405,Chelsea,239
22343865,Rego Park,29
5152975,Chelsea,128
48058953,Upper West Side,232
51842760,Tribeca,17
26092325,Bushwick,116
7786894,Williamsburg,59
55553664,Hell's Kitchen,118
9132849,Kingsbridge,209
12292557,Lower East Side,239
14209038,Lower East Side,142
10532929,Cambria Heights,193
14984467,Crown Heights,162
14686225,Bedford-Stuyvesant,180
13696504,Flushing,42
45286959,Williamsburg,99
27017980,Upper West Side,67
19222818,Sunset Park,18
7309707,Brooklyn Heights,96
44335899,Concourse Village,85
19292960,Hell's Kitchen,43
54642369,Woodside,68
6329926,Greenwich Village,208
51716284,Long Island City,31
46392664,Canarsie,16
9119041,Hell's Kitchen,114
5326397,Cypress Hills,132
12418482,Chelsea,108
9464781,Upper East Side,183
24903223,Washington Heights,151
8520348,Williamsburg,102
6384604,Upper West Side,137
10757716,Greenwich Village,213
12240089,Arverne,72
21464603,Financial District,82
52621503,Upper West Side,82
9041167,Flatiron District,237
6217810,East Village,229
2792997,Fort Greene,63
54660043,Chelsea,45
22309070,Ridgewood,12
52103998,Bay Ridge,64
22754776,Bushwick,104
27565861,Lower East Side,194
51414728,Bushwick,16
12646029,Williamsburg,191
26573378,Bedford-Stuyvesant,99
1717117,Greenwich Village,22
5694781,Crown Heights,167
45247746,Hell's Kitchen,26
47619874,Harlem,219
53031310,Lower East Side,155
55137230,Throgs Neck,184
21501607,Harlem,213
14774593,East Village,157
7558242,Carroll Gardens,169
44543563,South Ozone Park,89
22802826,Woodside,72
17765298,Bedford-Stuyvesant,85
4930951,Chelsea,92
22339447,Downtown Brooklyn,110
14655297,East Village,173
54051408,East Elmhurst,190
53236765,East Village,89
18908559,Harlem,28
43696888,Borough Park,117
49095068,Harlem,94
54367876,Prospect Heights,16
3410469,Bedford-Stuyvesant,204
17372060,Bushwick,179
1941903,Prospect Heights,207
51460016,Concourse,175
19969527,Midtown,170
52758474,Williamsburg,192
46802470,East Flatbush,82
45145570,Upper East Side,80
49507636,Bedford-Stuyvesant,160
54098906,Brownsville,126
52824750,Bushwick,227
3793765,Queens Village,109
10365030,South Slope,126
9120146,East Elmhurst,171
2074455,Bushwick,156
2491994,Nolita,174
45149989,Bedford-Stuyvesant,139
47824225,West Village,76
9834270,Flushing,149
48501898,Williamsburg,74
52081354,Bedford-Stuyvesant,67
10914569,East Village,103
24389032,Bedford-Stuyvesant,23
18838969,Washington Heights,96
3940124,Williamsburg,130
55400677,Bedford-Stuyvesant,87
23969836,Williamsburg,102
13024355,Flatbush,208
19389612,Port Richmond,147
9433852,Bedford-Stuyvesant,120
5487117,Washington Heights,164
49903083,Corona,10
18143623,Chelsea,209
24368597,East Elmhurst,104
2299241,Midtown,148
4929294,Harlem,56
8381169,Bushwick,114
45835945,Carroll Gardens,218
11839119,Williamsburg,131
4913829,Upper East Side,138
48257781,Bedford-Stuyvesant,136
21000671,Bedford-Stuyvesant,202
45120717,Crown Heights,44
22581354,Crown Heights,22
26399956,Sunnyside,138
24360312,Kips Bay,149
11775604,St. Albans,120
7225757,Prospect-Lefferts Gardens,195
55839755,Borough Park,160
7664283,Sunset Park,98
19889996,Canarsie,232
8264081,Lower East Side,194
23199378,Elmhurst,103
43921121,Bayside,144
27470314,Bushwick,235
47378519,Harlem,121
52340383,Washington Heights,79
54704779,Williamsburg,204
13307132,Upper West Side,199
48010903,Upper West Side,88
21267432,Lower East Side,23
8160801,Williamsburg,228
52225504,Midtown,31
11285162,Bedford-Stuyvesant,73
12935987,Harlem,54
15150710,Jamaica,69
47325499,Crown Heights,204
50589039,Lower East Side,218
55691739,Flatbush,152
2681433,Upper East Side,194
17047308,Brownsville,223
44188435,Bedford-Stuyvesant,160
53597417,Bushwick,179
18337481,Chinatown,99
21299466,Kensington,20
55057699,Nolita,212
26603203,Flushing,233
56743870,Chelsea,216
55721563,Greenpoint,187
43498060,East Village,16
8191730,Lower East Side,215
13951666,University Heights,96
26734098,Flatbush,98
10213148,Morningside Heights,205
23328064,Jamaica,56
18757781,East Harlem,216
26894265,Rosedale,120
55535438,Greenpoint,73
55547036,Fort Greene,27
15010426,Hell's Kitchen,196
10351223,Chelsea,89
46520245,Murray Hill,52
10470520,Williamsburg,14
19823168,Bedford-Stuyvesant,126
23218708,Prospect-Lefferts Gardens,191
7391999,Long Island City,124
13393291,Bedford-Stuyvesant,136
52784984,Bedford-Stuyvesant,37
52915327,Woodside,60
17267123,Williamsburg,98
49272356,Ditmars Steinway,78
8729118,Hell's Kitchen,83
2421852,Carroll Gardens,136
2570973,Midtown,12
11004041,Williamsburg,221
53149502,Sunnyside,68
17496880,Bedford-Stuyvesant,55
49302180,East Village,217
12192591,South Slope,98
2596378,Bedford-Stuyvesant,211
18847806,Midtown,92
24094104,Midtown,18
17204161,Upper East Side,164
24465249,SoHo,48
6214496,Bedford-Stuyvesant,13
45105805,Upper West Side,190
15643361,Murray Hill,39
14858543,Sheepshead Bay,200
1600029,Inwood,225
20033594,Bushwick,112
47519908,West Village,181
53885718,Jamaica,185
55991638,Flatbush,59
53849266,East Flatbush,46
23555611,Upper West Side,54
46483241,Harlem,81
19436005,SoHo,109
11261413,East Flatbush,102
25883556,West Village,218
51731196,Bedford-Stuyvesant,55
43212520,Windsor Terrace,139
43129123,Midtown,29
52765654,South Slope,131
44113322,Williamsburg,174
2283224,Lower East Side,221
22263229,Cypress Hills,44
46134187,Crown Heights,128
52645804,Washington Heights,189
6476286,Bedford-Stuyvesant,108
54027659,Bedford-Stuyvesant,82
56411938,Chelsea,238
6975013,Flatbush,226
54751724,East Village,93
10311457,Hell's Kitchen,192
12229595,Williamsburg,199
52968348,Upper East Side,180
4189764,Prospect-Lefferts Gardens,79
8524214,East Harlem,211
4506784,Kew Gardens,78
11250367,Harlem,42
24400630,Long Island City,177
19864038,Bedford-Stuyvesant,89
26275689,Washington Heights,205
51630125,Williamsburg,153
22226225,Roosevelt Island,30
9929818,Crown Heights,44
43063952,Harlem,32
16192900,Bedford-Stuyvesant,89
15716265,Upper East Side,138
54805297,Flushing,53
50774612,Upper East Side,237
56552222,Clinton Hill,126
15548366,Flushing,28
9939207,Williamsburg,74
48316877,Ditmars Steinway,191
15272768,East Village,46
9684044,Hell's Kitchen,65
2631726,Greenpoint,72
51519665,Crown Heights,167
6059852,Prospect-Lefferts Gardens,235
53009218,Nolita,153
48287053,Wakefield,34
5174515,Chelsea,126
46726805,Crown Heights,190
12284273,Harlem,125
46952696,Hell's Kitchen,69
5138615,Harlem,216
56154014,Harlem,240
14349322,Bedford-Stuyvesant,42
53219644,Upper West Side,190
27002515,Midtown,88
9285836,Flatbush,34
52156467,Murray Hill,119
48943738,Harlem,210
23576046,Bushwick,101
43755984,Bedford-Stuyvesant,59
56278834,Chelsea,117
48396408,Harlem,106
18281698,Elmhurst,238
44961102,Bedford-Stuyvesant,32
26853947,Randall Manor,130
49293896,Inwood,23
48611805,Forest Hills,209
54653415,Concourse Village,114
17032948,Cobble Hill,130
17705097,Midtown,148
10644494,Bedford-Stuyvesant,97
55692844,Flatlands,96
3336460,Windsor Terrace,39
44937906,Upper West Side,205
20536187,Washington Heights,76
6433207,Windsor Terrace,120
46326388,Brooklyn Heights,225
55744760,SoHo,217
13829608,Arverne,192
1882807,Crown Heights,76
48270484,Bedford-Stuyvesant,27
2833867,Bushwick,14
6773976,West Village,72
47785012,Nolita,187
5072892,Theater District,205
49630246,Queens Village,55
6694997,Arverne,37
11837462,Wakefield,80
23852749,Financial District,228
9016866,Gowanus,157
26511521,Lower East Side,236
55997713,Fort Greene,58
7204770,Astoria,129
7728350,Hell's Kitchen,30
18565028,Throgs Neck,71
18975387,Upper West Side,151
44711463,Bushwick,95
42904337,Upper West Side,186
44034343,Bedford-Stuyvesant,104
53037385,Ridgewood,209
23907979,Financial District,90
56141863,Lower East Side,57
1914840,Flatbush,178
7552719,Hell's Kitchen,101
43248420,Bedford-Stuyvesant,74
6341525,Flatbush,155
44058092,Long Island City,108
19658030,East Village,183
2889097,NoHo,75
43071684,Holliswood,136
46710236,Park Slope,58
13472270,Chelsea,68
53066105,Sheepshead Bay,80
5700857,Greenwich Village,236
27333343,Long Island City,91
6913708,Greenpoint,137
57041560,Fordham,150
3703740,Ditmars Steinway,188
54371742,Gowanus,124
10082253,Dyker Heights,167
48187087,Upper West Side,34
14291331,Prospect-Lefferts Gardens,216
6856268,Prospect-Lefferts Gardens,11
18072377,South Ozone Park,116
51270577,Windsor Terrace,138
26013346,Harlem,96
5389912,Hell's Kitchen,125
5577142,Upper West Side,240
2606872,Shore Acres,183
7490861,East Village,52
44453539,Williamsburg,219
48340074,Ditmars Steinway,65
17552662,Elmhurst,108
25163909,Crown Heights,128
46103811,Williamsburg,101
43618461,Chelsea,117
1484046,Ridgewood,80
21442511,Harlem,217
3193967,Hell's Kitchen,234
51874794,Longwood,86
3019440,Washington Heights,219
53495794,Upper East Side,134
13987014,Bushwick,142
2693583,West Village,25
8673335,Bushwick,17
3449130,Inwood,222
15978055,Crown Heights,184
43497507,Astoria,161
8383378,Greenpoint,87
53667559,Fort Greene,32
44634693,East Village,217
25497498,Nolita,69
56760439,Chelsea,155
5491535,Bedford-Stuyvesant,69
6608286,Upper East Side,143
12944271,Chelsea,159
55716040,East New York,209
1961233,Prospect-Lefferts Gardens,93
53733283,Upper West Side,151
3944543,Sheepshead Bay,147
14706108,Bay Ridge,173
49750648,East Harlem,177
13676069,Hell's Kitchen,26
14131716,Ridgewood,153
2390371,Greenwich Village,111
2879708,Upper East Side,35
5583769,Bushwick,145
45347160,Upper East Side,80
27412874,Bushwick,209
17232881,Fordham,106
13383902,Hell's Kitchen,12
9585735,Midtown,155
2374906,Bedford-Stuyvesant,15
45955795,Williamsburg,162
11718165,Sunnyside,234
6253709,Bedford-Stuyvesant,167
5339653,Bedford-Stuyvesant,16
11103455,Greenpoint,123
22358225,Carroll Gardens,152
1894957,East Village,189
2926654,Chinatown,127
2378220,Williamsburg,177
18004444,Prospect-Lefferts Gardens,225
6907632,Flatlands,28
51696953,Bedford-Stuyvesant,77
26476174,East Elmhurst,59
25816727,East New York,236
56662130,Bedford-Stuyvesant,180
56762649,Harlem,113
54426420,East Village,115
47080277,Murray Hill,69
9217903,Upper East Side,66
44604316,Murray Hill,224
3291172,Jackson Heights,64
6730344,Bensonhurst,103
56333512,Lower East Side,15
42923668,Tribeca,76
47057633,Allerton,29
26807554,Midtown,45
48022501,Bushwick,131
2081083,Harlem,146
25376544,Financial District,170
55206267,Hell's Kitchen,198
43688603,Midtown,146
1428816,East Village,130
1897719,Upper West Side,67
12348892,Bedford-Stuyvesant,36
47401164,Lower East Side,126
8384482,Crown Heights,16
45949719,Forest Hills,205
47999305,Rockaway Beach,148
47449766,Washington Heights,160
9713869,Midtown,93
9306271,Crown Heights,101
27695100,East Harlem,53
27494062,Midtown,87
18806936,Bensonhurst,74
21637473,Williamsburg,60
15214777,East Flatbush,220
23402072,East Village,122
26672792,East Elmhurst,91
5662748,Chelsea,151
13689324,Downtown Brooklyn,129
48552709,Bedford-Stuyvesant,140
13502094,Harlem,75
3753447,Sunset Park,177
4794532,Crown Heights,51
52578976,Prospect Heights,142
3704292,Nolita,199
46674889,SoHo,93
9096949,Bedford-Stuyvesant,194
1338791,Concourse,72
1925886,Clinton Hill,87
54534670,Williamsburg,173
49771083,Lower East Side,204
19659135,Clinton Hill,30
3857832,Williamsburg,106
19639252,East Elmhurst,31
9559225,Bedford-Stuyvesant,99
11577329,Harlem,80
22932064,Greenpoint,141
44090677,Chinatown,212
15712951,Fort Hamilton,62
16177435,Astoria,142
7340083,Upper West Side,211
15093823,Fort Greene,201
5877593,Upper West Side,11
47410000,Canarsie,77
17389734,Williamsburg,44
21107265,Crown Heights,109
13732403,Bedford-Stuyvesant,41
50989457,Upper East Side,41
25034671,Hell's Kitchen,148
22700651,West Village,13
9273133,Fort Greene,32
14202411,East Village,179
13045894,Inwood,180
47780594,Upper East Side,66
1959577,Lower East Side,86
18765513,Williamsburg,222
7964734,Upper West Side,89
53180431,SoHo,194
57221610,Upper West Side,117
7032452,Crown Heights,209
13469509,Financial District,227
5034231,Bedford-Stuyvesant,83
43914494,Fordham,50
21271851,Bedford-Stuyvesant,100
9056632,Bedford-Stuyvesant,168
54574988,Williamsburg,34
7120268,Cypress Hills,162
26923537,Murray Hill,77
43615147,Downtown Brooklyn,126
23505352,Bedford-Stuyvesant,30
27481360,Flatbush,211
7474844,Upper East Side,161
14902175,Rego Park,54
47245967,Kips Bay,177
26715872,Astoria,55
21181826,Brighton Beach,57
24843022,Park Slope,152
54114922,Greenpoint,200
16847375,Cypress Hills,213
27168758,East Village,130
47990468,East Flatbush,31
2801282,Bushwick,120
24219476,Jackson Heights,172
4449345,Hell's Kitchen,147
8904749,Gowanus,18
2611843,Prospect-Lefferts Gardens,204
45870740,Bedford-Stuyvesant,164
4845344,East Harlem,34
9092531,Bushwick,205
15063446,Carroll Gardens,125
2073350,Williamsburg,18
22203581,Bedford-Stuyvesant,198
56544490,Clinton Hill,111
43831649,Chinatown,124
55274752,Kensington,87
20637258,Crown Heights,221
44859479,Upper East Side,68
49601527,Sunset Park,85
43659883,East Village,25
52317738,Murray Hill,111
13253007,Sheepshead Bay,30
55762433,Williamsburg,143
7411882,Gramercy,239
5512522,Greenpoint,240
46164012,Jamaica,219
15950440,Mott Haven,142
27052775,Financial District,82
9981182,East Village,148
48959754,Bushwick,57
53075494,Upper East Side,201
44391129,Pelham Gardens,124
50118480,Bath Beach,230
6260337,Greenpoint,79
15123095,Harlem,165
5326950,South Slope,110
50716068,Brownsville,84
6630378,Boerum Hill,59
13735717,Stapleton,177
4562014,Lower East Side,13
2625098,Harlem,210
9485216,Greenpoint,138
50247166,Williamsburg,174
18414803,Crown Heights,192
11754617,Midland Beach,55
47972242,Midtown,64
52950122,Prospect Heights,218
25785799,Bedford-Stuyvesant,122
45566975,Battery Park City,196
7205874,Upper East Side,190
26825779,Bushwick,205
26961645,East Flatbush,18
47791087,Columbia St,209
50283065,East Village,53
8834055,Harlem,171
13579416,East New York,213
21409373,Rockaway Beach,112
53525066,Astoria,27
22965202,Upper West Side,194
48617881,Hell's Kitchen,115
54508160,Williamsburg,116
5664957,Sunset Park,27
1357017,Williamsburg,51
22280903,Ditmars Steinway,81
52821436,Flushing,82
50482998,Upper East Side,149
21489457,Williamsburg,49
44478392,Woodside,40
51991329,Williamsburg,198
8596013,Crown Heights,92
51022042,Crown Heights,117
20561593,Harlem,151
52092952,Ridgewood,76
52207831,Kips Bay,223
53415158,Ridgewood,121
26421496,Belmont,72
3151440,Harlem,159
2563793,Maspeth,91
7559899,Midtown,58
1335478,Chinatown,24
15138007,Bushwick,109
23363411,Harlem,81
20210882,Fort Greene,124
3879371,Kips Bay,191
20229661,Chelsea,41
3615372,Chelsea,199
4758081,Elmhurst,238
44415430,East Harlem,39
8951695,Williamsburg,57
25111993,Chinatown,109
47574034,West Village,80
47236578,Howard Beach,237
20735015,Upper East Side,197
18491020,Greenwich Village,78
20413024,Park Slope,184
6336002,Greenpoint,15
9957985,Crown Heights,41
57215535,Long Island City,57
52935762,East Village,90
7776400,East Harlem,118
48704592,Chelsea,236
4776859,Greenwich Village,26
50299634,Nolita,236
2595826,Jackson Heights,55
44267413,Cobble Hill,177
22446593,Harlem,61
26130434,Upper West Side,43
5923434,Chelsea,238
11419371,Park Slope,115
5981977,Greenpoint,79
44301104,Sunnyside,158
11341497,Ridgewood,123
8864983,Flushing,68
13192806,Harlem,174
26001196,Upper East Side,110
49989241,Astoria,91
55155456,Norwood,213
8624733,Bushwick,100
16971091,Bedford-Stuyvesant,52
57144840,Greenpoint,129
13483316,Hell's Kitchen,135
11218886,Tottenville,220
56231888,Gravesend,113
12107537,Midtown,167
7503012,Clinton Hill,37
18508141,Sunset Park,206
21912519,East Harlem,200
9656429,Nolita,122
24958453,Jackson Heights,57
10746670,Hell's Kitchen,168
11849613,Lower East Side,229
2783608,Williamsburg,42
52747428,Harlem,116
7290376,Harlem,51
20883031,Jackson Heights,187
48216358,Bedford-Stuyvesant,58
27016875,East New York,225
54630771,Jamaica,97
22904449,Williamsburg,156
9131192,Washington Heights,27
55906031,Hell's Kitchen,86
50669123,Astoria,102
13301609,Port Morris,143
7391447,Bedford-Stuyvesant,135
20245125,Harlem,58
54223726,Upper East Side,89
6732001,East Harlem,156
21886561,Flatbush,226
20726178,Long Island City,65
57304455,Windsor Terrace,124
52974975,East Harlem,101
4801712,Williamsburg,216
24324413,Middle Village,175
4522801,Bedford-Stuyvesant,92
51958743,Midtown,124
48503554,Brooklyn Heights,119
14481874,Sunset Park,188
7036870,Hell's Kitchen,95
17291425,Inwood,233
25689698,Woodside,24
18123741,East Village,133
9038406,East Village,168
2603006,Greenwich Village,175
48520676,Crown Heights,41
25483690,Hell's Kitchen,61
7555480,Flushing,156
51139130,East Village,63
12968020,Gramercy,157
20616271,Ditmars Steinway,223
54904711,Harlem,201
5855501,Tompkinsville,227
46252380,Bushwick,230
8027144,Harlem,202
12941510,Kensington,126
43450562,Boerum Hill,172
46089451,Prospect Heights,45
10083357,Inwood,82
18427506,Harlem,62
14501205,Queens Village,15
25496946,Howard Beach,21
55672961,Crown Heights,50
19484056,Financial District,110
42896053,Gravesend,22
42815417,Harlem,68
19471905,Sheepshead Bay,144
2075560,Williamsburg,72
52053739,Tompkinsville,40
23425821,Kew Gardens,218
11717613,Sunnyside,96
19041111,Rockaway Beach,235
50054965,Harlem,32
12775820,Midtown,131
5874279,Astoria,33
17628880,Ridgewood,33
47877246,Bedford-Stuyvesant,194
51900199,East Harlem,205
26935687,Harlem,91
14811045,Arverne,88
24677332,Hell's Kitchen,86
51510276,Douglaston,118
1201821,Williamsburg,20
22237271,East New York,238
1989953,Chinatown,236
51381590,Upper West Side,97
53313535,Sunnyside,101
15799662,Harlem,105
26966064,Flushing,58
25612929,Bedford-Stuyvesant,77
54708645,Williamsburg,144
48157262,Upper West Side,238
5368924,Upper West Side,82
6291818,East Village,48
3448025,Williamsburg,181
16029419,Harlem,117
16109503,Upper East Side,223
11391204,Bedford-Stuyvesant,104
18495991,Crown Heights,139
19195755,Kew Gardens Hills,193
10038069,Upper West Side,29
17727742,Harlem,112
3274051,Flatbush,100
10334654,Williamsburg,217
15802976,Bedford-Stuyvesant,216
10489298,East Flatbush,222
20939366,Upper East Side,183
12910029,Crown Heights,239
52982707,SoHo,225
21135433,Whitestone,56
56362783,Harlem,25
6936352,East Harlem,130
25752661,Bedford-Stuyvesant,159
7429556,East Village,39
49225411,Williamsburg,167
24266421,Kips Bay,69
22576936,East Village,45
53928797,Bushwick,51
24984411,Upper West Side,213
2994587,Bushwick,94
44874391,Chinatown,66
11596659,SoHo,206
45779611,University Heights,86
13588253,Flatbush,135
13281174,Bushwick,196
11529831,Chelsea,224
17789047,Washington Heights,194
15556650,Bedford-Stuyvesant,101
6894377,East Village,100
49671669,Flushing,61
15595311,Hell's Kitchen,153
5626296,Sheepshead Bay,177
1137754,East Flatbush,94
54747306,Bushwick,195
15827277,Crown Heights,128
23618573,Murray Hill,178
6485675,Upper West Side,98
43131885,Bedford-Stuyvesant,36
50397943,Bedford-Stuyvesant,220
8319863,Bedford-Stuyvesant,63
53148950,Windsor Terrace,19
26746248,West Village,161
45199696,Williamsburg,238
6588403,Inwood,43
7675329,East Village,106
51653874,Prospect-Lefferts Gardens,52
16456899,East New York,155
7176050,Bushwick,150
14588468,East Village,84
55529363,Upper East Side,106
47582870,Williamsburg,130
3878267,Williamsburg,157
2949298,Bushwick,80
21287867,NoHo,136
10347357,East Village,131
2151225,Harlem,44
24271392,Maspeth,159
45383059,Long Island City,17
52614323,Highbridge,229
20393141,East New York,201
54602051,Washington Heights,135
2638353,Financial District,27
48430651,Flatbush,119
20420204,East Flatbush,22
48397513,Parkchester,96
13033744,Midtown,138
16191243,Harlem,104
11824759,Flushing,192
6376872,Bushwick,132
55978383,East New York,184
26116074,Upper East Side,233
54466185,Crown Heights,31
12569260,Cobble Hill,185
12609577,Sunset Park,212
3783271,Park Slope,206
48900106,Williamsburg,175
53678605,Lower East Side,171
45059412,Hell's Kitchen,194
18582702,Downtown Brooklyn,122
53511259,Hell's Kitchen,141
54478336,Astoria,46
22188116,Astoria,160
54306571,Crown Heights,24
26888742,Williamsburg,184
4819938,Greenpoint,64
10706904,Clinton Hill,179
8686591,Jackson Heights,147
22298024,Harlem,72
47908727,Bedford-Stuyvesant,176
6469658,Bushwick,211
4316241,West Village,12
43443934,Hell's Kitchen,14
6673457,Williamsburg,146
2332931,Ridgewood,82
54951105,Jackson Heights,23
46546203,East Flatbush,199
51034745,Williamsburg,73
57223819,Long Island City,186
2420747,Queens Village,171
18425296,Upper East Side,24
51052971,Williamsburg,215
44545220,East Elmhurst,219
9652563,Bedford-Stuyvesant,111
50000287,Upper East Side,16
20047402,Flushing,53
15450056,Forest Hills,218
17739340,Upper West Side,97
43857607,Harlem,149
26186216,West Village,89
47113968,East Flatbush,58
8508198,Greenpoint,181
8628599,East Harlem,185
14708870,Little Italy,141
53590237,East Village,233
45593486,Williamsburg,99
50648688,College Point,178
13897541,Flushing,31
52676181,West Village,113
25795740,Hell's Kitchen,212
26405479,Midtown,132
56934966,Lower East Side,142
22458743,Bushwick,240
46180581,East Village,230
57064204,Rockaway Beach,61
22236719,Bedford-Stuyvesant,148
10416946,East Flatbush,140
3129348,Crown Heights,191
25118620,Port Morris,119
51747765,Williamsburg,72
4540474,Hell's Kitchen,146
46352898,Bedford-Stuyvesant,183
50194697,Long Island City,72
54754486,Hell's Kitchen,199
44779948,Rockaway Beach,163
24315576,Chelsea,77
6216153,Clinton Hill,86
22906659,Bushwick,174
54819657,Chelsea,26
51870375,Edenwald,142
43268303,Hell's Kitchen,48
55496777,East Elmhurst,108
18762199,East Village,201
22919914,Kips Bay,33
18425849,Fresh Meadows,160
8552382,Crown Heights,187
51640618,Bushwick,166
46011577,Flushing,84
8106123,Chelsea,49
18306552,Hell's Kitchen,168
50372538,Williamsburg,185
17190354,South Slope,218
7581438,Nolita,82
3519272,Crown Heights,237
14919296,Upper East Side,41
18664995,East Village,224
1660230,East Village,219
3580577,Harlem,55
48381496,Bay Ridge,126
42836404,Midtown,52
43675348,Concord,164
5115419,Upper West Side,227
20732806,Greenpoint,213
6751884,Bushwick,88
47519356,Washington Heights,236
55812693,Woodside,39
14957405,Crown Heights,176
6138831,South Slope,194
8019964,Kips Bay,188
4143371,Upper East Side,41
7292033,Jamaica,16
53675844,Prospect-Lefferts Gardens,30
27175938,Prospect-Lefferts Gardens,157
12085997,College Point,178
55452041,Hell's Kitchen,56
4511203,East Village,170
10698619,Bushwick,158
4847553,Crown Heights,37
43259466,Upper West Side,69
24914269,Fordham,207
21113893,Nolita,20
19188023,Bedford-Stuyvesant,114
56878079,Williamsburg,191
15541186,Bedford-Stuyvesant,150
46035878,Sunset Park,54
53629451,Greenwich Village,183
48059505,Greenpoint,34
5178933,Ridgewood,184
55483522,Long Island City,229
17619491,Bedford-Stuyvesant,227
49143670,Forest Hills,191
13157459,Upper East Side,97
10329131,Windsor Terrace,10
56650532,Chelsea,108
2056229,Harlem,106
3374017,Hell's Kitchen,176
27376975,Harlem,167
21948418,Upper West Side,105
2156748,DUMBO,79
42822044,Harlem,42
23136415,East New York,49
53261067,Bushwick,75
54662804,Flatbush,195
49399385,Norwood,176
22765270,Flatlands,22
51563849,Ridgewood,24
21853423,Jamaica,199
12808958,Fordham,149
25126352,Hell's Kitchen,154
10674871,Flatlands,225
47738619,Astoria,167
47587841,Morningside Heights,44
51743346,Brighton Beach,134
9805550,Ridgewood,233
2033585,Clinton Hill,199
1246557,East Village,138
44830207,East Village,144
5359535,Murray Hill,81
49675535,Williamsburg,35
17631641,Greenpoint,224
12865845,Chelsea,62
10034203,Fort Greene,53
8926289,Cobble Hill,163
8038743,Greenpoint,238
17145065,Chinatown,103
16450824,Greenpoint,38
11946265,Crown Heights,22
20346748,Midtown,125
18006101,East Village,88
8853385,Brooklyn Heights,96
23585988,Hell's Kitchen,209
8294458,Morningside Heights,93
26606516,Williamsburg,208
46352346,Bedford-Stuyvesant,46
43269407,Flushing,94
1503929,Hell's Kitchen,152
20895734,Fort Greene,186
4502918,Flatbush,166
54125416,Long Island City,82
16759007,Inwood,187
21540821,Astoria,158
42919249,SoHo,37
21194529,Chelsea,164
11930801,Corona,87
23488231,Melrose,139
17215207,East Harlem,189
9470304,Williamsburg,160
21339231,Crown Heights,206
16476782,Chelsea,231
11056510,St. Albans,238
55166502,Williamsburg,12
7002076,Harlem,60
46521902,South Slope,169
51229155,Bedford-Stuyvesant,120
54273985,Harlem,189
23086156,Jamaica,39
48452743,Harlem,33
27090331,Hell's Kitchen,207
49995317,Forest Hills,37
50215684,Bedford-Stuyvesant,129
43754327,Sunset Park,112
4357663,West Village,34
23319779,Fresh Meadows,107
6217257,Harlem,235
49947267,East New York,203
46496496,Jamaica,84
52161990,Flushing,27
51723463,Washington Heights,145
26256910,Bedford-Stuyvesant,232
5435200,Williamsburg,234
2039660,Lower East Side,121
54186169,East Harlem,38
2474872,Prospect-Lefferts Gardens,120
5360088,Crown Heights,132
12755937,Bedford-Stuyvesant,26
2632278,Greenpoint,229
2421299,West Village,121
20736120,Williamsburg,202
6467449,Nolita,189
15756031,Roosevelt Island,155
48556023,Sunset Park,163
14421121,South Slope,65
54735155,Williamsburg,89
4409027,Washington Heights,114
1776213,East Village,148
19389060,Bedford-Stuyvesant,219
23526339,Crown Heights,159
52017287,Bedford-Stuyvesant,92
22148903,East Village,127
3718652,West Village,183
6197374,Fort Greene,191
46349032,East Harlem,103
5594815,Concourse Village,214
19622683,Harlem,195
49922965,Chelsea,132
7712333,Bushwick,128
12995083,Bushwick,52
1332164,Shore Acres,135
17408512,Crown Heights,126
6139383,West Village,115
25404159,Stuyvesant Town,226
26208308,Williamsburg,208
3597146,Cypress Hills,65
2780294,Williamsburg,23
5717978,Williamsburg,169
47759606,Crown Heights,128
48686366,Bedford-Stuyvesant,45
20517961,Sheepshead Bay,30
53333418,Kips Bay,76
49975986,Bedford-Stuyvesant,118
49761694,Bedford-Stuyvesant,123
4448240,Inwood,204
48106451,Hell's Kitchen,84
25160043,Financial District,20
55543170,Flatbush,217
24373567,Flatlands,31
47532611,Williamsburg,35
25168327,Hell's Kitchen,43
43040203,East Village,96
24634805,Ridgewood,139
6141040,Upper West Side,28
11697178,Nolita,231
21640235,Upper West Side,135
7406359,Greenpoint,94
7131866,St. George,155
14051080,Astoria,65
8618105,Richmond Hill,87
3758970,Windsor Terrace,124
12271018,East Flatbush,229
17302471,Gramercy,150
16092934,Park Slope,103
49131520,Astoria,129
5602547,Williamsburg,24
46445685,Canarsie,97
16327661,Pelham Bay,84
24936361,Hell's Kitchen,100
50055517,Jamaica,164
11380710,Flatbush,25
7769773,Harlem,145
46189970,Woodhaven,128
3705949,Kips Bay,221
19112358,Flatbush,111
49456824,Vinegar Hill,49
21515415,Morningside Heights,180
9078171,Long Island City,126
44402727,Carroll Gardens,163
51621840,Chinatown,158
4307404,Bushwick,158
46204330,East Village,21
1587326,Mott Haven,46
24703291,East Harlem,162
11388994,Park Slope,13
43998996,East Harlem,42
49056959,Upper East Side,123
9041719,Harlem,238
44063062,Harlem,48
7506878,Chelsea,216
9971793,Upper West Side,196
11865629,Bedford-Stuyvesant,107
3709263,Greenpoint,193
24465802,SoHo,54
5402615,SoHo,175
24255375,Arrochar,74
14469724,Harlem,211
1513870,Greenwich Village,33
6102931,Upper West Side,152
21250863,Kips Bay,118
45129001,Harlem,153
53130724,Kensington,183
5951049,Flatbush,190
26077965,Ridgewood,56
48511287,Civic Center,67
23457854,Lower East Side,224
21588871,East Flatbush,124
55920943,St. Albans,118
5761610,Flatbush,11
4806683,East Harlem,167
44447463,Chinatown,121
50400153,Wakefield,80
4930398,East Harlem,12
11723688,Murray Hill,92
11489513,Williamsburg,55
44725822,Long Island City,162
55277514,Springfield Gardens,69
10974769,Kips Bay,237
56368306,Harlem,110
9217351,Midtown,228
20389275,Harlem,78
13504856,South Slope,224
6606629,Bedford-Stuyvesant,148
55181414,Windsor Terrace,184
47609933,Morningside Heights,164
48828307,Morningside Heights,230
21082964,Prospect-Lefferts Gardens,16
19239939,Bushwick,231
53918856,Upper East Side,36
45452649,Bushwick,192
25061181,Upper West Side,220
3665631,Park Slope,105
4789562,Sunnyside,15
6621541,Williamsburg,191
47480695,Midtown,39
1817635,Upper West Side,124
9833718,Harlem,106
12695736,Cobble Hill,177
9621634,Astoria,147
9123460,Sunnyside,37
56953744,Upper West Side,144
12733293,Bay Ridge,17
6715432,Lower East Side,162
44987060,East Flatbush,237
56683670,Greenpoint,41
53823860,Flatbush,29
55696710,Bedford-Stuyvesant,143
47695540,Kingsbridge,209
26069681,Bay Ridge,24
44551296,Washington Heights,32
8502122,Gramercy,194
6666277,Gramercy,76
44089021,Tribeca,209
44375112,Rego Park,229
3963321,Bushwick,187
20537292,Bushwick,116
7537254,East Harlem,38
5388255,Theater District,81
24406153,East Flatbush,81
23365068,East Harlem,210
22189221,Financial District,66
19340458,Harlem,185
45970707,Midwood,36
49146984,Corona,146
3240913,Washington Heights,181
24938018,Sheepshead Bay,146
6929172,Kips Bay,163
47934133,Midtown,166
6560236,Ozone Park,26
1537067,Midtown,129
20085510,Astoria,12
54525281,Rosedale,121
24326070,Upper East Side,239
56503620,Greenpoint,89
25162804,Upper East Side,129
11983269,Williamsburg,239
12728874,Hell's Kitchen,146
5175067,Hell's Kitchen,193
13766094,Rego Park,224
13587148,Crown Heights,215
45438289,Bedford-Stuyvesant,117
7239565,SoHo,184
12840991,Greenpoint,103
47372444,Midtown,65
12125210,Borough Park,117
46716312,Harlem,36
49599870,Midtown,72
12530599,Harlem,113
25940443,Ridgewood,140
15973637,Bushwick,238
21897054,Carroll Gardens,158
13853357,Financial District,177
50338295,St. Albans,120
13972654,Hell's Kitchen,120
1262574,Washington Heights,82
20378782,Woodside,52
1867895,East Village,71
3287306,Bay Ridge,15
55254317,Hell's Kitchen,162
26787671,Williamsburg,43
22739864,Ditmars Steinway,216
8546306,Sunset Park,148
43192085,Park Slope,181
22520601,Arrochar,46
51688669,East Elmhurst,196
11783889,Bedford-Stuyvesant,43
22511764,Lower East Side,98
6792202,Upper West Side,169
11123338,Bushwick,140
54770503,Red Hook,91
50999950,Crown Heights,220
23671594,Washington Heights,211
51018729,Bedford-Stuyvesant,168
1569100,Upper West Side,153
53663141,Little Italy,101
43493641,Harlem,240
23353469,Canarsie,151
23581017,Financial District,211
21876619,East New York,135
21376788,Gramercy,176
52523746,Grant City,91
43392570,Williamsburg,175
51434611,Greenpoint,111
43010931,Ozone Park,218
12092072,Bergen Beach,103
44758408,East Elmhurst,180
5160155,Lower East Side,108
8386692,East Harlem,122
45187545,Williamsburg,24
16355828,Flatbush,200
5444037,Williamsburg,197
43594160,Crown Heights,240
7131314,Chinatown,95
19840289,Upper West Side,107
1284666,Williamsburg,109
19139420,Bayswater,40
57146497,Greenpoint,196
18792024,Chelsea,135
54419792,Hell's Kitchen,193
53717819,Upper West Side,147
15726759,Murray Hill,199
4082065,Bedford-Stuyvesant,224
4088693,Inwood,103
12103671,Concord,164
48939871,SoHo,224
6559683,Harlem,192
46451208,Washington Heights,128
55325564,Financial District,89
18441865,Financial District,203
18544041,Greenpoint,65
21548553,Highbridge,207
2138522,Upper West Side,165
17955841,Williamsburg,120
3573949,Elmhurst,184
20448924,East New York,23
3527556,Williamsburg,199
46175610,Ditmars Steinway,233
22930408,Williamsburg,30
5574380,Lower East Side,93
5593158,Long Island City,30
2657684,East Harlem,124
55797228,Midtown,33
1063194,Clinton Hill,152
48981294,East Village,120
44550191,Borough Park,20
46951591,Washington Heights,31
11565178,Midtown,109
10917330,East Harlem,31
54470604,Clinton Hill,138
6500587,Crown Heights,174
12472055,Williamsburg,73
2083292,Harlem,20
45027378,Washington Heights,27
53257201,Hell's Kitchen,46
54345232,Pelham Gardens,113
2389818,Bedford-Stuyvesant,170
4068810,Concourse Village,194
15068969,Westchester Square,68
25721179,Upper East Side,119
44221573,Hell's Kitchen,135
55454802,Forest Hills,63
47819807,Inwood,137
24384613,Astoria,21
21716452,Hell's Kitchen,200
17199190,Morningside Heights,201
3307189,Greenpoint,39
20163937,Woodhaven,187
22919362,Richmond Hill,206
9077067,Lower East Side,130
20369392,Hell's Kitchen,71
52372968,Long Island City,174
19052157,Park Slope,90
5755534,Bedford-Stuyvesant,52
24697215,Bedford-Stuyvesant,167
1579042,West Village,93
52926925,Upper East Side,97
11000728,Inwood,49
23059093,Chelsea,209
18287221,Kingsbridge,31
13811382,Long Island City,17
55468610,Battery Park City,167
3561247,Park Slope,123
15599730,Brownsville,182
55413932,Elmhurst,57
11221095,Upper West Side,129
48900658,Bedford-Stuyvesant,200
52010107,Bayside,226
3541364,East Harlem,75
26915252,Tottenville,11
9073201,Lower East Side,13
5260674,Upper East Side,70
53630555,Financial District,178
51595330,Murray Hill,224
3412126,Greenwich Village,14
54940611,Woodside,180
5009929,Williamsburg,23
21214411,NoHo,143
6649156,Bedford-Stuyvesant,233
1994924,Williamsburg,28
51785873,Crown Heights,225
5901894,Hell's Kitchen,206
14040587,Gramercy,226
17550453,Bedford-Stuyvesant,74
10755506,Upper West Side,110
22295815,Bushwick,169
11512157,Sheepshead Bay,154
26691571,Long Island City,21
14373624,East Harlem,235
13254112,Upper East Side,90
23972045,Prospect-Lefferts Gardens,165
22454325,Hell's Kitchen,117
3381749,Williamsburg,228
8282859,Lower East Side,20
45355444,Bedford-Stuyvesant,212
54486068,Bedford-Stuyvesant,92
19491788,Greenwich Village,197
49936773,Park Slope,162
10023709,Sunnyside,99
14018495,Midtown,173
49687686,Bedford-Stuyvesant,56
49537460,Kips Bay,237
48486433,Upper East Side,129
4925428,Greenwich Village,126
5148004,Bushwick,131
52992097,Williamsburg,46
43430679,Rosedale,20
1859610,Upper West Side,94
23397101,Washington Heights,69
15013187,Elmhurst,12
14376937,Bedford-Stuyvesant,208
3383406,Williamsburg,119
16716480,West Village,132
15553336,Park Slope,69
26471755,Flushing,53
2691926,Fort Greene,130
1605000,Upper East Side,164
1794991,Harlem,214
43109793,Washington Heights,130
48458818,Chinatown,135
1527126,Williamsburg,122
47365264,East Harlem,181
11571806,Midtown,38
19719888,Brighton Beach,60
10803004,Long Island City,211
24508329,Harlem,214
4246099,Bushwick,24
51971446,Harlem,184
5239134,Williamsburg,150
6962862,Greenwich Village,111
5946630,Lower East Side,164
23497620,Crown Heights,122
11023372,Clinton Hill,105
48784675,DUMBO,134
7440049,Washington Heights,186
52885503,Tribeca,154
55232225,Hell's Kitchen,142
14964032,Ditmars Steinway,166
25765363,Hell's Kitchen,78
5188322,West Village,171
42865676,Hell's Kitchen,129
26688809,East Elmhurst,176
23025955,Williamsburg,168
6953473,West Village,158
52757921,Williamsburg,219
4312375,Williamsburg,180
2108145,Carroll Gardens,52
13515349,Lower East Side,118
24191308,Financial District,161
52532031,Kips Bay,104
43425708,Bedford-Stuyvesant,20
13412069,Chelsea,86
10418051,Crown Heights,33
20422966,Flushing,189
48252258,Jackson Heights,158
20243468,Williamsburg,29
2768696,Bedford-Stuyvesant,191
7932149,Forest Hills,42
23696448,Kips Bay,211
2457751,Greenpoint,134
4014685,East Harlem,137
7257790,Harlem,50
19696691,Castle Hill,77
7321305,Park Slope,154
5835066,East Village,99
48716742,Financial District,111
23683745,Little Italy,190
20018130,Little Italy,123
43649942,Morris Heights,197
51668233,Ditmars Steinway,146
13406546,Hell's Kitchen,54
3623656,South Slope,44
16619275,Hell's Kitchen,203
21303332,Clinton Hill,55
2171107,Upper West Side,153
6942979,Williamsbridge,62
6706595,Lower East Side,164
8913586,Midtown,194
4952490,East Village,20
48469312,Lower East Side,219
2236831,Carroll Gardens,146
49765560,Financial District,50
13312655,Concourse,226
5598129,Forest Hills,75
13256873,Harlem,99
15791930,Upper East Side,29
14613322,East Village,26
21428704,East Village,75
12618967,West Village,194
13688219,Harlem,35
44481706,Crown Heights,239
48590266,Astoria,170
47796610,Midtown,17
44260786,East Harlem,160
55119556,East Harlem,38
43950946,Harlem,231
19930314,Hell's Kitchen,41
43801272,Williamsburg,199
1920363,Upper West Side,211
51922844,Gramercy,36
51157908,Bedford-Stuyvesant,229
16520414,Harlem,200
55856324,City Island,130
4006953,Mott Haven,238
7718409,Boerum Hill,18
26413764,Midtown,46
5697543,Chelsea,204
14341038,Briarwood,17
24436530,Springfield Gardens,150
10366687,Bedford-Stuyvesant,234
20205912,Bushwick,76
13573893,Upper East Side,80
21148688,Lower East Side,85
24760177,Financial District,161
7134075,East Harlem,228
47408896,Hell's Kitchen,155
4130116,Cobble Hill,37
45483578,East Flatbush,122
3702635,Chelsea,108
2092129,Harlem,90
47437063,Hell's Kitchen,36
14310109,Ridgewood,78
56432373,Upper West Side,159
46426354,Bedford-Stuyvesant,148
14357055,East New York,79
5255151,Williamsburg,229
16187929,Midtown,118
21129357,Clinton Hill,188
56042449,Nolita,30
57103418,Prospect Heights,147
9031778,East Village,175
2388161,South Slope,177
3830217,Clinton Hill,42
9708346,Bedford-Stuyvesant,143
5652254,Flatbush,231
6019534,Prospect Heights,121
20105945,Harlem,118
11025029,Williamsburg,108
4685729,Williamsburg,144
52549152,Glendale,76
46123141,East Harlem,180
17990084,Jackson Heights,136
54744544,Williamsburg,228
6023400,Little Italy,19
21084621,Borough Park,178
19616608,East Village,115
53047879,Upper West Side,28
8804783,Washington Heights,165
25050687,Financial District,123
19100207,Chinatown,80
12692975,Williamsburg,184
19565244,Astoria,51
44612049,Woodhaven,176
51125323,Richmond Hill,63
9410104,Ridgewood,93
53205837,Long Island City,229
2524027,Williamsburg,113
52603277,West Village,36
51646141,Kingsbridge,46
4496843,Gramercy,207
51728434,Arrochar,133
11501664,SoHo,137
56149596,Midtown,75
11736943,Nolita,236
12042365,Upper East Side,195
15450609,Concourse Village,131
55545932,Sunnyside,45
54119893,Forest Hills,55
56611318,Harlem,231
44662860,Prospect-Lefferts Gardens,52
23752230,St. Albans,141
53420681,Sunset Park,105
10146872,Flatiron District,86
7643848,Bedford-Stuyvesant,116
16425418,Bedford-Stuyvesant,213
44569522,Williamsburg,164
22092016,Fort Greene,100
7035214,Clinton Hill,96
6935247,Crown Heights,17
22727161,Williamsburg,21
44972148,Boerum Hill,203
44024401,Sunnyside,17
5741175,Midwood,210
17598503,Sunset Park,136
26809763,Bedford-Stuyvesant,44
43528988,Chinatown,135
27294130,Bedford-Stuyvesant,184
9502890,Washington Heights,35
25435640,Upper East Side,79
44655128,Kingsbridge,46
21025525,Bayswater,189
55788391,Canarsie,43
17734369,Bedford-Stuyvesant,107
52884398,Hell's Kitchen,84
43141826,Midtown,95
52205069,Sunnyside,105
20582028,Cypress Hills,19
17575307,Woodlawn,76
53963592,Greenpoint,19
14969003,Greenpoint,164
2589751,Carroll Gardens,74
49590481,Hell's Kitchen,81
48739939,Sheepshead Bay,202
43843247,Greenpoint,89
53245602,East Village,48
4751453,Bushwick,177
12541645,Williamsburg,174
44170209,East Harlem,214
57017259,Upper East Side,36
43550528,Harlem,186
45558139,Washington Heights,57
26634684,Midtown,160
54080680,East Harlem,91
9618873,East Village,87
14316184,Kew Gardens Hills,160
21918042,Howard Beach,230
11264727,Midtown,52
53048431,Richmond Hill,113
25634468,Williamsburg,165
44480049,Sheepshead Bay,84
6756854,Prospect Heights,188
7801806,East Village,41
8884314,Upper West Side,82
1785050,West Village,176
3645748,Greenpoint,59
7621756,Astoria,41
11007907,Bedford-Stuyvesant,122
24922001,Bedford-Stuyvesant,89
53549920,Chelsea,135
7025272,East Village,128
46248514,St. George,142
51819011,Coney Island,13
43665959,Kips Bay,66
53135695,SoHo,102
47717079,Upper West Side,67
13698713,Theater District,208
49051988,East Flatbush,222
9742588,Washington Heights,20
1596163,Clinton Hill,214
19511118,Rockaway Beach,169
44563446,Long Island City,186
53362690,Arrochar,93
7310259,Prospect-Lefferts Gardens,174
8339194,Upper West Side,59
26513178,Corona,217
11762902,East Harlem,57
44921337,Crown Heights,237
55200192,Williamsburg,30
4585763,Chinatown,192
11961730,Greenpoint,231
24947407,Williamsburg,24
55144962,Bushwick,225
18178971,East Village,215
21177960,East Flatbush,164
3544125,Washington Heights,162
1833100,Harlem,112
25533950,Bushwick,21
24113434,East Village,190
14045005,Williamsburg,76
2654370,Williamsburg,183
1410590,Harlem,133
6705490,Financial District,85
48309145,Hell's Kitchen,142
46115409,West Village,94
52185186,Greenpoint,187
19751369,Williamsburg,36
13958294,Prospect Heights,107
1792782,Inwood,151
27109662,Nolita,14
47638653,Hell's Kitchen,235
53917751,Forest Hills,28
6873942,Bedford-Stuyvesant,61
21675030,Carroll Gardens,143
11294551,Prospect-Lefferts Gardens,102
11560207,Bedford-Stuyvesant,36
19287437,Upper East Side,106
17800645,East New York,172
53459895,East Village,58
52017839,Bushwick,20
51214795,East Flatbush,192
6060404,Bushwick,14
22075999,Bedford-Stuyvesant,160
23446808,Bedford-Stuyvesant,61
3170770,Two Bridges,196
48718951,Harlem,21
45264867,Bushwick,91
7089891,Clason Point,134
54369533,Bushwick,25
26155840,Midtown,81
7485890,Bushwick,29
56357813,Williamsburg,60
2683642,Williamsburg,193
51756049,Williamsburg,101
51074511,Chelsea,216
55713279,East Village,92
12021378,Midtown,130
4160492,Lower East Side,229
49498799,Crown Heights,131
5928404,Flatbush,106
10939975,Rosedale,49
11124995,Bedford-Stuyvesant,56
5767685,Prospect-Lefferts Gardens,52
54368980,Upper East Side,14
55490149,Mott Haven,38
8523110,Long Island City,46
5823467,Astoria,71
19598934,East Village,97
1570205,Hell's Kitchen,76
2920579,Crown Heights,182
17359357,Financial District,229
11199003,Bedford-Stuyvesant,123
12266599,Bedford-Stuyvesant,146
1062641,Hell's Kitchen,13
24459174,Harlem,56
3502703,Williamsburg,160
17118002,Carroll Gardens,138
54602603,SoHo,36
18137548,Williamsburg,109
10384361,Bushwick,109
43172755,West Village,86
54950552,Kingsbridge,165
43692469,Arrochar,142
43596369,Clinton Hill,89
2036346,Upper West Side,57
14775698,East Harlem,133
5502029,Washington Heights,108
46271710,Chinatown,226
8723595,East Harlem,150
6686712,Williamsburg,168
4095321,SoHo,230
14874007,Canarsie,97
4473646,Hell's Kitchen,203
46070121,Williamsburg,67
11148744,Hell's Kitchen,124
4995017,Clinton Hill,125
44457405,East Elmhurst,119
4549864,Harlem,129
13014413,Kips Bay,135
49342498,East Flatbush,36
7576468,Greenpoint,211
23383294,Gramercy,154
1491226,South Slope,87
48285948,Ditmars Steinway,141
4224007,Fort Greene,207
5351251,Bedford-Stuyvesant,234
54038705,City Island,160
1862924,Williamsburg,95
51802995,Bedford-Stuyvesant,184
3704845,Upper West Side,48
47337649,East Village,189
10916226,Midtown,171
17395257,Norwood,22
18536309,Prospect-Lefferts Gardens,142
5061846,SoHo,62
17794018,Highbridge,218
7601321,Lower East Side,75
5618564,Hell's Kitchen,188
24894939,Greenpoint,145
48190953,Upper West Side,149
9178690,Greenpoint,216
5851082,Lower East Side,84
47209516,Hell's Kitchen,78
2142940,East Village,108
11843537,Financial District,52
18915187,Washington Heights,179
26085697,Long Island City,225
56355051,Tompkinsville,141
17440546,East Flatbush,69
20578162,East Harlem,11
25915037,Bushwick,108
23943326,East Harlem,201
2021986,Crown Heights,65
44023297,Greenpoint,41
20535082,Financial District,41
23516950,Upper East Side,204
13782663,Boerum Hill,144
44858927,Canarsie,102
19096341,East Village,141
15668215,East Harlem,27
17233433,Williamsburg,198
4935369,Hell's Kitchen,49
24078639,Springfield Gardens,220
8595461,Upper West Side,160
3452443,Chelsea,105
10330235,Upper West Side,92
8945067,Bushwick,69
3770016,Bedford-Stuyvesant,239
8491629,Upper East Side,188
11769529,Bedford-Stuyvesant,158
7733873,Ditmars Steinway,151
52964482,Cypress Hills,161
53878538,Harlem,97
23250189,Williamsburg,155
15368868,Upper East Side,186
1247110,Harlem,139
54873783,Bedford-Stuyvesant,167
1419427,Greenwich Village,128
43982979,Williamsburg,188
11186300,Prospect-Lefferts Gardens,70
54756695,Hell's Kitchen,211
19360893,Hell's Kitchen,211
11438149,Williamsburg,180
19877845,Hell's Kitchen,69
24192965,Financial District,39
2025300,Williamsburg,153
54082889,Park Slope,77
7312468,Bushwick,108
22127916,West Village,161
2308630,Greenpoint,130
48767002,Port Morris,61
14134478,Bedford-Stuyvesant,190
2260580,Bedford-Stuyvesant,126
53570355,Bedford-Stuyvesant,188
54436361,Clinton Hill,31
8391662,Jackson Heights,218
27072105,Woodside,98
2873633,St. Albans,197
55750283,Little Italy,179
45054993,Hell's Kitchen,135
52561855,Bedford-Stuyvesant,78
45259344,Stapleton,71
13198882,Bayside,137
5459502,Upper West Side,93
11234350,Upper East Side,41
50401810,Williamsburg,131
3772225,Kips Bay,178
52719813,Wakefield,59
19253746,Bedford-Stuyvesant,113
5912940,Bedford-Stuyvesant,178
5061293,Flushing,35
52607696,Bushwick,225
56196541,Upper West Side,129
15393722,Bedford-Stuyvesant,121
22268200,Chinatown,213
55745864,Midtown,111
54745097,Williamsburg,43
53120782,Bushwick,125
26654566,Hell's Kitchen,141
16582271,East Harlem,208
53621166,Bedford-Stuyvesant,118
1583460,Prospect-Lefferts Gardens,122
11619856,Williamsburg,183
12584172,Sunnyside,19
16852346,Fort Greene,32
6712118,Clinton Hill,224
16407745,Flatbush,165
24081953,Springfield Gardens,69
25842685,Theater District,162
7746024,Williamsburg,95
57113911,Williamsburg,219
23420850,Bedford-Stuyvesant,181
3996459,Flatbush,172
2965315,Long Island City,160
20882479,Murray Hill,42
3989279,South Slope,158
44630827,Chinatown,158
54298286,Bayswater,237
14634862,Crown Heights,142
53738806,Hell's Kitchen,118
8402708,Williamsburg,161
22316250,Springfield Gardens,118
7657656,Upper East Side,19
2066723,Upper East Side,32
21752904,East Village,131
53951442,Greenwich Village,168
26539136,Bedford-Stuyvesant,88
56652189,Chelsea,196
24212848,East Harlem,23
57028305,Greenpoint,150
4203571,Williamsburg,52
54023793,Inwood,85
26655671,Bedford-Stuyvesant,110
24600563,Williamsburg,108
51531815,Prospect-Lefferts Gardens,136
43086596,Crown Heights,201
1338239,Bedford-Stuyvesant,232
46623525,Harlem,107
51645589,Williamsburg,164
21117207,East Harlem,213
27052222,Williamsburg,173
45336114,Lower East Side,195
25140712,Williamsburg,108
13909139,Flushing,31
3610401,Woodside,200
51472719,Crown Heights,239
2861482,Clinton Hill,141
5588740,Washington Heights,131
19252642,Flatbush,107
13455701,Washington Heights,27
2115325,West Village,52
10350670,Hell's Kitchen,145
4462600,Bedford-Stuyvesant,113
2675910,Bedford-Stuyvesant,196
47105131,Theater District,122
10381599,Fort Greene,125
26730232,Midtown,144
23210424,Williamsburg,126
43202579,Upper East Side,210
6830310,Harlem,138
26171856,Bushwick,16
47693883,Washington Heights,27
52060366,Gramercy,150
48447772,Cobble Hill,73
5526882,Park Slope,67
2511324,Sunnyside,201
24849650,East Elmhurst,204
47090219,Flushing,102
54571675,Bedford-Stuyvesant,23
44722509,South Slope,130
50496253,Bushwick,142
6496169,Williamsburg,91
21553524,Greenwich Village,15
24626521,Mount Hope,92
18928994,Williamsburg,180
3284544,Clinton Hill,169
3560142,Greenpoint,102
21363532,Cypress Hills,60
11022820,East Village,147
15375496,Highbridge,129
55184728,Flushing,217
55275857,Sheepshead Bay,30
20272740,Bedford-Stuyvesant,186
7611815,East Harlem,50
53950889,Upper East Side,141
47486770,Upper East Side,227
51483213,Washington Heights,95
18130921,Mott Haven,152
11216125,Crown Heights,236
16754589,Prospect-Lefferts Gardens,28
25128562,Williamsbridge,175
52007346,Battery Park City,189
20299803,Nolita,212
21360771,Midtown,33
50029559,Midtown,150
54946686,Chinatown,74
13320940,East Harlem,154
53795141,Upper West Side,195
2192647,Fort Greene,84
43698544,Bedford-Stuyvesant,236
5982530,Cobble Hill,102
26950599,Williamsburg,45
5735099,Williamsburg,10
43125257,St. Albans,80
49062482,Bedford-Stuyvesant,99
47848527,Flatbush,34
19446499,Bedford-Stuyvesant,143
53955308,Crown Heights,12
7024168,Greenpoint,104
15046325,Richmond Hill,129
3248092,Bedford-Stuyvesant,202
8051998,Rosedale,13
46219794,Williamsburg,97
24754654,Washington Heights,173
2432345,Bedford-Stuyvesant,104
17852009,Two Bridges,101
46732328,Upper East Side,226
16971643,East Harlem,51
13105543,Ditmars Steinway,146
24330488,West Village,46
12512925,Inwood,184
13836788,Murray Hill,236
11376292,Boerum Hill,240
15226927,Chinatown,208
45026274,Bedford-Stuyvesant,126
54342470,Bedford-Stuyvesant,105
27087570,Chelsea,104
15220852,Greenpoint,137
25139608,Williamsburg,25
23169553,Brownsville,72
43974142,Chelsea,225
51823430,Flatlands,208
48362718,Greenpoint,227
24405049,Cypress Hills,89
2938252,Sunnyside,92
50128421,Midtown,70
25116411,Port Morris,28
47332678,Hell's Kitchen,60
22135096,Flushing,218
4968507,Williamsburg,110
51984149,Upper West Side,64
17647658,East Village,146
48279321,Elmhurst,195
19469696,Concord,19
1947426,East Village,10
5667719,Williamsburg,69
5754430,Harlem,173
43227985,Flatbush,71
3856727,Williamsburg,145
55596743,East New York,98
6905975,Crown Heights,202
45526657,Astoria,197
50147752,Lower East Side,28
25231842,Harlem,82
6483466,Little Italy,205
6124471,East Village,198
3073566,Williamsburg,86
2827792,East Village,145
18256293,Williamsburg,101
50728219,Bedford-Stuyvesant,79
11991554,Upper West Side,113
25553833,Midtown,169
48149530,Upper West Side,111
5373343,Williamsburg,174
20728387,Ditmars Steinway,135
24167560,Rosedale,132
51682041,Rego Park,199
53438907,Highbridge,171
43061743,Chelsea,64
3571740,Carroll Gardens,165
2772010,Harlem,63
23711912,Upper West Side,214
49031001,Upper East Side,191
17314069,East Village,157
43422947,Theater District,230
44634141,Fort Hamilton,41
12160558,Bedford-Stuyvesant,183
2131342,East Village,175
4237814,East Harlem,18
46341852,Sheepshead Bay,168
2794102,City Island,30
47154838,Upper West Side,227
21592737,Harlem,163
18204929,Bushwick,143
53391962,Greenpoint,16
55214552,Chinatown,124
49467318,Kingsbridge,154
49670564,Williamsburg,221
49016641,Harlem,193
57075250,East Harlem,226
15785855,Upper West Side,84
7456618,East Village,186
8963845,Chelsea,202
24898252,Crown Heights,121
21597708,Bedford-Stuyvesant,237
50369224,Woodhaven,204
53117469,Cypress Hills,16
3550201,Gowanus,231
53949785,Washington Heights,117
10008244,Bedford-Stuyvesant,142
20507467,Astoria,180
48116944,Clinton Hill,86
17282035,Harlem,130
25723389,Upper West Side,43
11851822,Prospect-Lefferts Gardens,69
20940471,Bedford-Stuyvesant,102
3423172,West Village,223
1492883,Washington Heights,132
13602613,Borough Park,59
10710770,Park Slope,208
48676424,Bay Ridge,216
7731112,Hell's Kitchen,113
6408353,Lower East Side,156
57124957,Upper East Side,134
7927730,Greenpoint,38
55227255,Hell's Kitchen,124
7985722,Borough Park,222
26039304,Midtown,226
13575550,Hell's Kitchen,232
12461561,Bedford-Stuyvesant,147
25132428,Lower East Side,45
12966916,Astoria,168
13456806,Baychester,31
2852093,Flatbush,95
15928348,Gowanus,78
22633270,Midtown,10
10013215,Clinton Hill,166
45500699,Park Slope,32
2631173,Upper West Side,104
11119472,Prospect-Lefferts Gardens,81
49891484,Upper West Side,154
44217154,Fort Greene,124
2787474,Park Slope,155
51545071,Gramercy,78
46620211,East Morrisania,77
9145000,Crown Heights,237
3156963,Carroll Gardens,129
17944795,Upper West Side,150
4111337,Canarsie,68
21404403,Forest Hills,146
5810764,South Slope,79
7799044,Astoria,123
24273049,Greenpoint,41
25668711,Flatiron District,70
25614033,Crown Heights,57
47790535,Woodside,215
2673700,Murray Hill,117
26921327,Bushwick,204
17653181,Chinatown,76
24387375,Bedford-Stuyvesant,218
57148154,Midtown,30
9257116,Inwood,137
3418201,Hell's Kitchen,18
5773208,Williamsburg,190
4997779,Washington Heights,82
53869149,Hell's Kitchen,144
7413539,Upper East Side,55
53627794,Briarwood,73
5977559,Elmhurst,201
20173878,Bushwick,232
53720580,Greenpoint,15
54481650,Bushwick,169
10264512,Woodhaven,182
5704723,Upper East Side,81
26007823,Bedford-Stuyvesant,135
53526723,Crown Heights,139
2147911,DUMBO,10
52134375,Jamaica,78
48730550,Gowanus,104
23058541,Flushing,63
22356568,Astoria,54
43174412,Woodlawn,33
6883331,Carroll Gardens,55
13166296,DUMBO,45
52190157,Washington Heights,144
10251256,Bensonhurst,28
49585510,East Village,147
57310530,Bushwick,81
6007936,Harlem,173
51506410,Washington Heights,212
55702233,Long Island City,98
44988717,Hell's Kitchen,25
16926354,Tribeca,201
21329842,Bay Ridge,86
5320874,Harlem,72
4815520,Upper East Side,80
8722490,Bedford-Stuyvesant,150
6711013,Bedford-Stuyvesant,29
22533304,Harlem,160
21470679,Washington Heights,223
15922825,Astoria,179
3924108,Astoria,21
53623375,Bedford-Stuyvesant,55
14971212,Harlem,188
9067678,Williamsburg,79
9748111,Upper East Side,64
46166773,West Brighton,157
55216209,Williamsburg,44
8479478,Bedford-Stuyvesant,75
7806224,Greenpoint,87
25206988,Bedford-Stuyvesant,187
6465792,Fort Greene,178
25232394,Hell's Kitchen,233
6987163,South Slope,167
12388105,Midtown,199
12222415,Harlem,211
44085154,Schuylerville,120
14284151,Flushing,98
24275810,Williamsburg,219
20635601,Bedford-Stuyvesant,148
6143249,Williamsburg,233
48219672,Bushwick,215
15052400,Columbia St,116
48704039,Crown Heights,198
49707568,Bushwick,211
44927412,Richmond Hill,219
52534792,Bushwick,104
53710087,Upper West Side,229
22310175,Hell's Kitchen,12
43030261,East Harlem,40
45349369,Williamsburg,90
9776278,Tribeca,229
23993585,Theater District,112
43460503,Crown Heights,165
25263875,West Village,234
57235417,East Village,41
50813825,Harlem,225
55107958,Elmhurst,181
5156841,Midtown,161
6963967,Sheepshead Bay,56
10003274,Claremont Village,188
54745649,Williamsburg,42
24960110,East Flatbush,139
13061911,Longwood,165
52150944,Prospect Heights,149
20709057,Far Rockaway,92
17562052,Murray Hill,222
54954418,Cobble Hill,40
26361295,Williamsburg,124
7231280,Harlem,166
9910487,Crown Heights,191
44476735,St. George,205
43583114,Harlem,40
9163225,Bedford-Stuyvesant,201
51846074,Middle Village,31
1780631,Upper East Side,12
50024589,Sunnyside,198
26429780,Elmhurst,156
47520460,Bedford-Stuyvesant,203
9161016,Upper East Side,81
21153658,Williamsburg,91
49328138,Midtown,222
54147508,Port Richmond,147
48338969,Tribeca,229
26999202,Flatbush,167
55978935,Upper East Side,190
47125566,Harlem,117
11257547,Williamsburg,112
46269501,Upper West Side,50
12424557,Bedford-Stuyvesant,176
10764343,Morningside Heights,223
8784900,Fort Greene,191
5570514,Bushwick,127
4842583,Bedford-Stuyvesant,179
8518691,St. Albans,231
23547327,Astoria,192
46748345,East Village,103
47546419,Greenwich Village,28
1715460,East Village,29
20458313,Williamsburg,44
50695081,Greenwich Village,111
2513533,Nolita,81
7060619,Kips Bay,85
1566891,East Village,160
18063540,Flushing,82
2900696,Upper West Side,94
23917920,Flatbush,113
24480161,Greenpoint,49
18611422,Far Rockaway,166
53810053,Park Slope,90
8688800,Bedford-Stuyvesant,191
5330263,Ridgewood,49
57029410,East Flatbush,165
5645627,Prospect-Lefferts Gardens,27
45674122,Cambria Heights,49
15240735,East Flatbush,71
48222986,Upper West Side,190
25580895,Midtown,180
51557221,Prospect Heights,196
10134721,Williamsburg,17
14249908,South Slope,72
24716546,Bedford-Stuyvesant,90
4050032,Clinton Hill,12
47750770,Midtown,12
50909926,Lower East Side,187
4116860,Bushwick,81
6616570,Bensonhurst,210
24515509,East Village,99
18319255,Washington Heights,132
11957311,Chinatown,135
47676209,Upper West Side,103
53213569,Flatbush,32
49959417,Bedford-Stuyvesant,93
9533819,Jamaica,152
53136799,Hell's Kitchen,153
48660408,Ditmars Steinway,37
2396446,West Village,122
3140946,Civic Center,199
55351522,Springfield Gardens,102
9424463,Brooklyn Heights,23
9579107,East Village,216
9402371,East Village,83
7667597,Bedford-Stuyvesant,77
4086484,Upper West Side,112
20477091,Bushwick,199
50885072,Greenpoint,184
10343491,Financial District,21
12342817,Fordham,50
11666801,Bedford-Stuyvesant,93
11240426,Park Slope,13
22118527,Fort Greene,107
26761713,Midtown,15
46945516,St. Albans,214
13594328,Bushwick,127
5764371,Bedford-Stuyvesant,157
6563549,Bedford-Stuyvesant,112
2228547,Chelsea,197
48770315,Bushwick,122
22671931,Bedford-Stuyvesant,100
8503779,Gravesend,225
18690953,Flushing,48
51045239,Upper West Side,194
56704105,Williamsburg,73
11639186,Harlem,157
7705153,Gravesend,110
46636780,Bedford-Stuyvesant,57
6998209,Flatlands,65
8927946,Civic Center,59
14874560,Ridgewood,190
46706923,Hell's Kitchen,12
54662252,Flatbush,171
25308059,East Village,140
23453988,Bayside,53
19671285,Sunset Park,196
14285808,Williamsburg,118
6538696,Washington Heights,213
1125604,Harlem,165
21018897,Bedford-Stuyvesant,31
54417031,Clinton Hill,30
23151880,Bedford-Stuyvesant,187
47723707,Upper East Side,81
17032396,Greenpoint,43
3378988,South Slope,169
6461926,Harlem,35
44657337,Jamaica,32
54947791,Hell's Kitchen,58
54671089,Chelsea,42
8095077,East Harlem,233
25568745,Hell's Kitchen,74
24970051,Financial District,100
51104335,Williamsburg,174
5165678,Bedford-Stuyvesant,21
4689595,Harlem,16
52033304,Harlem,220
47566854,East Harlem,168
51215900,Park Slope,137
15610776,Chelsea,150
25611272,Financial District,114
3776091,Harlem,177
18389949,Westchester Square,85
8164115,East Village,139
9891709,Clinton Hill,110
25457732,East Harlem,106
7818375,Lower East Side,184
54644026,Downtown Brooklyn,80
19513327,Gowanus,181
7329589,Norwood,167
47053767,Lower East Side,178
3781062,Chelsea,160
3522033,Astoria,87
27830413,Midtown,184
9156046,Park Slope,232
54753934,Bushwick,98
8846758,Hell's Kitchen,97
52916984,Harlem,161
8905301,Wakefield,40
4650934,Williamsburg,20
6596687,Jackson Heights,46
26139823,Hell's Kitchen,133
7139046,Woodside,124
46076748,Midtown,24
7288167,Chelsea,122
21683314,Cypress Hills,138
19281914,Bedford-Stuyvesant,26
12761460,Greenpoint,212
4574165,East Harlem,17
6754645,Washington Heights,222
43014245,DUMBO,45
48248944,Harlem,165
51789739,Upper East Side,135
21996468,East Village,164
12095938,Sunset Park,96
7871396,Gowanus,86
7849856,Chelsea,32
48578667,Williamsburg,104
2503592,Bedford-Stuyvesant,178
23546222,West Village,121
51481004,Fresh Meadows,89
19965661,Midtown,108
2668730,Hell's Kitchen,73
3877162,Bushwick,240
9821015,Williamsburg,208
46371676,Morris Park,53
4368157,East Harlem,12
7720618,Morningside Heights,105
3330385,Washington Heights,33
10351775,Williamsburg,198
15434040,Ditmars Steinway,12
12682481,University Heights,135
1830338,Jamaica,115
25720075,Washington Heights,230
27280322,Bushwick,15
2447810,West Village,208
1586774,Bedford-Stuyvesant,227
3748476,Lower East Side,29
49088992,Greenpoint,33
49360724,Harlem,58
5857158,Upper West Side,77
4760290,Greenpoint,84
10381047,Harlem,210
19796105,Fort Greene,223
5513075,Upper West Side,193
9510070,Flushing,171
20017025,Breezy Point,26
54519206,Hell's Kitchen,156
25920560,Financial District,16
47946284,Midtown,78
47480143,Bedford-Stuyvesant,99
4300776,Greenpoint,33
14951329,Sunnyside,223
50217341,Washington Heights,11
11687236,Carroll Gardens,191
9071544,SoHo,47
14523297,East Harlem,26
11486199,Bedford-Stuyvesant,26
9225635,Elmhurst,138
3492209,East Village,153
24317785,Red Hook,231
44915261,Bushwick,108
8175161,Ditmars Steinway,146
45333905,Crown Heights,180
14650326,East Flatbush,116
15977503,Upper East Side,194
20448371,Hell's Kitchen,198
26795955,East Village,83
1667410,Boerum Hill,89
55827052,Pelham Bay,33
7965287,Dyker Heights,235
7235146,Carroll Gardens,79
7918894,Prospect-Lefferts Gardens,42
22752567,Sheepshead Bay,73
3625313,Chelsea,143
13450178,Glendale,67
56571553,Kingsbridge,146
52573453,Upper East Side,155
23993033,Midtown,96
4282550,Crown Heights,94
24910403,Bedford-Stuyvesant,69
47901547,Upper West Side,199
50332220,Bedford-Stuyvesant,158
22747044,Chelsea,35
16525384,Murray Hill,123
53982370,Greenpoint,195
3357448,Port Morris,70
43258914,Carroll Gardens,191
2196513,Tribeca,14
47144344,Financial District,114
44765588,Williamsburg,225
55998818,Kips Bay,200
2441734,Prospect Heights,97
43324085,Sheepshead Bay,208
47626502,Flushing,163
14351532,Clinton Hill,11
12126867,Bedford-Stuyvesant,236
8853937,Long Island City,179
20720655,Springfield Gardens,156
18502066,Astoria,38
15471044,Long Island City,181
22185355,East Village,196
49255235,Kips Bay,103
9112966,Williamsburg,43
45875711,East Harlem,72
7151749,Lower East Side,204
2177735,West Village,127
49609811,Bedford-Stuyvesant,219
7052335,Bushwick,202
7811195,West Village,41
1003689,East Harlem,41
8466223,Kips Bay,224
51493154,Bushwick,49
8404918,Harlem,161
2727274,East Village,199
5615803,Bushwick,45
56517980,Harlem,149
27163235,Nolita,77
15160651,Upper East Side,226
48773077,Brooklyn Heights,52
51328017,Flatbush,70
55833128,Financial District,121
22215731,Bedford-Stuyvesant,48
12852037,Bushwick,16
1840832,East Elmhurst,225
48908943,Sunnyside,125
50195802,Maspeth,46
7845438,Washington Heights,82
22911077,Midtown,45
20748823,Jamaica,37
52619294,Harlem,32
8762256,Upper East Side,201
46442923,Upper West Side,143
48897897,Upper West Side,144
16503292,Bedford-Stuyvesant,78
46748897,East Flatbush,102
21891531,Harlem,48
50680169,Washington Heights,41
13174028,Prospect Heights,205
16562941,Crown Heights,196
3358000,Greenpoint,220
47446452,Civic Center,145
54678268,Chelsea,91
20202046,Williamsburg,238
17362671,Canarsie,81
57035485,Rego Park,229
4100291,Harlem,221
10557783,Woodlawn,33
19391269,Flatbush,95
52189605,Midwood,164
7049573,East Village,232
1720983,Bedford-Stuyvesant,84
55128945,Fort Greene,81
56994615,Bushwick,205
25396979,East Flatbush,190
25322971,Astoria,156
3572845,Prospect Heights,45
55880626,Crown Heights,219
56364440,Greenwich Village,111
53708430,Longwood,238
5917911,Jackson Heights,79
27441042,Hell's Kitchen,189
15525169,Flatbush,139
16984898,Park Slope,133
48753746,Flushing,25
42972270,Hell's Kitchen,237
9200230,Bushwick,124
1915945,Bedford-Stuyvesant,26
55649764,Soundview,83
6264755,Hell's Kitchen,113
26908072,Financial District,25
3918585,Upper West Side,137
19750816,Williamsburg,31
56062332,Midtown,144
55960157,Astoria,182
24841366,Washington Heights,230
3763941,Fort Greene,237
48971353,Williamsburg,34
45249403,Lower East Side,29
20920036,Bushwick,22
52116149,East Harlem,228
55296844,Washington Heights,159
45523344,University Heights,96
10138035,Crown Heights,100
23782606,Two Bridges,124
55406752,Hell's Kitchen,143
3700978,Williamsburg,227
21562913,Kips Bay,178
7318543,Maspeth,52
50443232,Hell's Kitchen,232
19338801,Woodside,75
49224306,East Village,159
15748298,Ridgewood,83
23219260,Bushwick,221
20228556,South Slope,72
19776775,Williamsburg,173
17142856,Bushwick,15
45147227,Hell's Kitchen,232
48489195,Upper East Side,12
46081719,Lower East Side,35
5254046,Bedford-Stuyvesant,63
3882133,Bedford-Stuyvesant,26
49495485,East Harlem,55
42943550,Midtown,34
52962272,Bedford-Stuyvesant,118
8695980,Bushwick,216
57044874,Harlem,171
45436633,Upper West Side,225
11152610,Hell's Kitchen,145
56092156,Bushwick,225
53654857,Jamaica,154
9660848,Chelsea,42
46963742,Marble Hill,57
56178315,Crown Heights,22
9995542,Midtown,85
14286913,Harlem,50
14443766,Jackson Heights,215
17379793,Richmond Hill,34
9495710,Brownsville,174
2256714,Chelsea,112
53093167,Murray Hill,233
17700679,East New York,30
15259513,Harlem,155
55875103,East Harlem,213
7850408,Lower East Side,46
8732984,Hell's Kitchen,217
8894255,Bedford-Stuyvesant,158
55122870,East Elmhurst,214
12250582,Prospect-Lefferts Gardens,89
1348733,Kips Bay,208
54050856,Hell's Kitchen,43
6993791,Elmhurst,57
21314378,Greenpoint,216
2463826,Red Hook,168
48377078,East Harlem,180
5132540,Greenpoint,213
14513356,Murray Hill,75
20407501,Williamsburg,113
1763510,Bushwick,196
5870965,DUMBO,102
26635788,Corona,21
46350689,Bushwick,29
48977980,East Flatbush,164
53573116,East Village,120
12024692,Clinton Hill,89
45014675,Jackson Heights,60
44279564,Windsor Terrace,138
2549985,Long Island City,147
3520376,Crown Heights,117
12287034,Hell's Kitchen,65
49549058,Hell's Kitchen,89
8738507,Greenwich Village,195
27148323,Bedford-Stuyvesant,114
47084143,Hell's Kitchen,133
19860724,Bedford-Stuyvesant,180
19711051,Midtown,79
5733995,Upper West Side,44
52636968,Midtown,29
23995242,Longwood,101
3596041,East Village,64
1358674,Bedford-Stuyvesant,93
52530926,Bedford-Stuyvesant,193
49988137,Bedford-Stuyvesant,53
48077731,Upper East Side,58
43493089,Hell's Kitchen,236
43841038,Bushwick,162
18912425,Harlem,62
53063896,Jackson Heights,53
10155709,Williamsburg,24
2044078,Long Island City,54
7341740,Sunnyside,53
23072901,Van Nest,58
5006063,Williamsburg,67
55430501,East New York,58
5017109,SoHo,151
11329346,West Brighton,27
45597904,Richmond Hill,32
15820097,Ditmars Steinway,156
5731786,Ditmars Steinway,185
19015153,Greenpoint,174
1155428,Williamsburg,201
26832959,Williamsburg,218
8017755,Astoria,206
8086240,Harlem,116
43645524,Upper East Side,123
24678437,Hell's Kitchen,53
53969115,Williamsburg,15
43157843,Bushwick,226
2649399,Soundview,136
56939937,Windsor Terrace,138
8823561,Hell's Kitchen,178
52170826,Woodside,27
2146254,Vinegar Hill,75
43453876,Prospect Heights,42
52961720,Sunset Park,202
52569587,Nolita,218
18239724,Sunset Park,38
15224718,Williamsburg,105
9902755,East Village,115
5830647,Bedford-Stuyvesant,124
20372154,East Harlem,198
49600975,Washington Heights,194
50750863,Bedford-Stuyvesant,205
5483251,Bedford-Stuyvesant,152
9512831,Williamsburg,107
52924716,Arverne,199
45833184,Wakefield,44
2556613,East Village,187
47633682,Upper East Side,107
24302321,Flushing,29
15273320,Greenpoint,222
2995691,Bushwick,71
21346963,Maspeth,70
43691365,Fort Greene,32
18939488,Upper West Side,142
1599477,East Village,231
21662327,East Flatbush,128
46515827,Sunnyside,183
46069016,Rockaway Beach,85
10498687,West Village,96
19371939,Rossville,49
50028455,East Village,135
52462441,East Harlem,63
4099187,Bedford-Stuyvesant,231
44876600,Mott Haven,72
19754130,Fort Greene,39
13079032,Lower East Side,18
57333175,Chinatown,90
54134253,Williamsburg,36
57065861,Chelsea,25
19970080,Midtown,46
1487912,Harlem,153
19423855,Greenpoint,28
23582674,Williamsburg,65
45150541,Sunnyside,74
10149081,Brooklyn Heights,26
13768303,Glendale,106
51450075,Astoria,215
5094984,Bedford-Stuyvesant,143
15276634,Chinatown,27
45304081,Bedford-Stuyvesant,41
13027116,Washington Heights,192
11239873,Crown Heights,19
4962432,Upper East Side,132
56031403,Prospect-Lefferts Gardens,15
46837265,Lower East Side,93
1319461,Fort Hamilton,105
25715656,Upper East Side,99
54983138,Carroll Gardens,142
20533978,Midwood,54
13113275,Flatiron District,39
50517240,Crown Heights,116
19611085,Upper East Side,14
25556594,Cypress Hills,15
14049424,West Village,28
25776962,Wakefield,175
48136275,Williamsburg,65
18455673,Flatbush,32
48873043,Upper West Side,86
54112713,Hell's Kitchen,82
55333296,Upper West Side,208
7174945,Jackson Heights,160
11135489,Flatbush,223
55993847,Upper West Side,225
21701540,Bushwick,33
56767619,Williamsburg,136
9243861,Williamsburg,238
55661362,Bedford-Stuyvesant,190
3693246,Lower East Side,163
1473000,East New York,37
48317982,Prospect Heights,217
50039501,Midtown,52
6721507,Lower East Side,88
22901688,West Village,184
52164751,Inwood,217
16048750,Williamsburg,26
50837574,Cypress Hills,17
47573481,Jackson Heights,204
9523877,Bergen Beach,211
44084602,Inwood,184
4430014,Harlem,53
56731168,Tribeca,128
7371012,Bedford-Stuyvesant,122
25468778,Chelsea,140
17219073,Brooklyn Heights,209
13119350,Rego Park,199
16170808,Washington Heights,53
43012588,Upper West Side,110
53451058,East Village,123
46822353,Lower East Side,208
57118882,Long Island City,123
18980358,Williamsburg,131
7618995,Williamsburg,143
54439123,Bedford-Stuyvesant,196
46916244,Inwood,38
52998172,Williamsburg,59
23506456,Greenpoint,232
26543554,Arrochar,29
11783337,Arverne,222
17410169,East Flatbush,220
50301843,Hell's Kitchen,158
50052204,Williamsburg,55
45651477,Cypress Hills,198
48079940,Bedford-Stuyvesant,111
51372753,Fordham,151
53881300,Chelsea,39
9638756,Hell's Kitchen,235
25512410,Murray Hill,87
54433047,Sunset Park,19
3523138,Bedford-Stuyvesant,179
16556866,Jamaica,149
43531198,Bushwick,34
15376048,Wakefield,165
8581654,Chelsea,164
50838679,Bedford-Stuyvesant,68
8265738,East Harlem,120
49220440,East Village,149
7910609,East Harlem,156
4879034,Brooklyn Heights,55
13058597,Lower East Side,169
19531001,Washington Heights,67
56975836,Greenpoint,161
9009686,Williamsburg,27
9708898,Williamsburg,95
16822522,Borough Park,18
57210564,Borough Park,20
49752305,East Village,80
44757304,Williamsburg,145
50586278,Lower East Side,183
51506962,Chelsea,159
53426204,Upper East Side,81
19210115,Washington Heights,91
14918744,Bushwick,134
14442109,West Village,94
52152048,Harlem,165
48641629,Hell's Kitchen,216
6047149,Bushwick,156
25475406,Woodside,219
43081625,Harlem,50
56797444,Flatbush,184
14327783,Elmhurst,218
23518607,Kips Bay,202
3272946,Crown Heights,47
21089039,East Village,96
44836282,Crown Heights,81
49847853,Bedford-Stuyvesant,73
47808209,East Village,203
54461215,Long Island City,211
46520797,Murray Hill,217
46857700,East Harlem,96
47782803,Harlem,133
24910955,Windsor Terrace,148
19610532,Financial District,31
2235174,Inwood,85
7638877,Bedford-Stuyvesant,80
10027575,Astoria,170
19553093,Sunnyside,122
3270184,Hell's Kitchen,190
9345484,East Village,189
11533145,Williamsburg,150
43396436,Flushing,192
2755993,Prospect Heights,217
43553290,Harlem,224
8084031,East Harlem,17
23393235,Harlem,157
15292099,Hell's Kitchen,236
22656467,Bedford-Stuyvesant,185
18531890,Hell's Kitchen,195
6495064,Carroll Gardens,104
6670696,East Village,139
25974133,Astoria,112
26232609,Rego Park,55
19353160,Woodside,82
12236223,Cobble Hill,30
3807020,Kensington,128
5651702,Park Slope,125
1820949,Williamsburg,46
24714889,Bedford-Stuyvesant,86
20677024,Hell's Kitchen,196
25237917,West Village,19
5477175,Washington Heights,128
49934564,Midtown,34
4258801,East Harlem,235
50824871,Hell's Kitchen,98
2077216,Washington Heights,176
2674805,Williamsburg,11
45047813,SoHo,89
53245050,Canarsie,110
53866940,Borough Park,106
21422629,Astoria,130
4119622,Hell's Kitchen,71
3169666,Upper West Side,135
55870684,Wakefield,42
45184784,Greenpoint,58
13055284,Upper East Side,170
2852646,Williamsburg,120
6199031,East Village,13
8476717,Bedford-Stuyvesant,143
9481903,Upper West Side,47
1530992,Upper West Side,10
52130509,Bushwick,224
6955130,Prospect Heights,23
11258099,Hell's Kitchen,179
8803126,Harlem,99
56001579,East Elmhurst,82
9964060,Park Slope,70
46896361,Bushwick,12
22655914,Upper West Side,146
47448109,Harlem,20
11637529,Upper West Side,18
10159022,Williamsburg,61
6087467,Williamsburg,129
5472205,Bedford-Stuyvesant,203
9315660,Crown Heights,222
10112629,Upper West Side,78
5102164,Kensington,109
22673036,Harlem,148
26802031,Chinatown,229
48880775,East Village,121
7470978,East Village,219
48591370,West Village,132
43676452,South Beach,64
17969649,Cypress Hills,99
52359713,Flatbush,159
24654688,Williamsburg,63
48354986,Bedford-Stuyvesant,156
52069756,Bushwick,121
54676612,West Village,171
55079791,Williamsburg,144
2877499,Bedford-Stuyvesant,99
26412659,Hell's Kitchen,237
12566498,Harlem,240
56553879,Upper West Side,127
9466438,Williamsburg,151
26773311,Boerum Hill,235
50064354,SoHo,137
27541560,Bushwick,136
23565000,Carroll Gardens,198
3071356,Greenwich Village,108
44253606,Upper East Side,98
23173972,Rosedale,231
55356493,West Village,51
50225074,Bushwick,117
15288785,Arverne,174
15266140,Flatbush,166
3612610,East Harlem,179
9879559,Hell's Kitchen,70
8904197,Bedford-Stuyvesant,79
52539211,Financial District,56
7457171,Bedford-Stuyvesant,28
53516782,Little Italy,218
50510613,East Harlem,108
47321080,Chelsea,181
53652095,Edenwald,82
8647377,Harlem,72
9730990,Chelsea,199
16436464,Harlem,191
57217744,Williamsburg,62
5787568,Bushwick,27
46382722,Arverne,88
6006279,Fort Greene,142
23074006,Bushwick,84
2152329,Crown Heights,102
11323271,Ditmars Steinway,71
43585323,Astoria,229
4612273,Bensonhurst,239
2833315,Ditmars Steinway,51
2128028,East Village,203
13504303,Hell's Kitchen,23
4616692,Williamsburg,14
20848789,Chelsea,77
17791808,Crown Heights,33
1641452,Chinatown,101
10453951,Harlem,193
54148613,Crown Heights,161
22142275,Flatbush,24
4710031,Upper West Side,33
18777664,Bedford-Stuyvesant,24
17431709,Midwood,164
51713522,South Slope,130
45970154,Midwood,30
52194575,Crown Heights,237
1973936,Inwood,222
19538181,South Slope,187
10064027,Bedford-Stuyvesant,235
21609858,Chelsea,112
19178634,Borough Park,205
4948072,Sheepshead Bay,156
52105655,Chelsea,91
13563952,Prospect Heights,159
7634459,Bedford-Stuyvesant,175
50199115,Woodside,150
43378210,Woodhaven,204
23131445,Ditmars Steinway,31
11859554,Little Italy,127
48501345,Astoria,81
55997161,Williamsburg,133
2257819,East Flatbush,116
42932504,Sunset Park,145
7233489,Harlem,85
8847862,East Flatbush,192
48023053,East Village,19
2044631,Sunset Park,14
11925830,Astoria,161
51450627,Sunset Park,106
2744395,Bedford-Stuyvesant,31
5926195,Bedford-Stuyvesant,213
5344623,East Village,147
21073575,Windsor Terrace,196
48790198,Fordham,226
49646263,Maspeth,111
25023072,West Village,28
27095854,Bushwick,80
20397560,Norwood,213
54862737,Bedford-Stuyvesant,131
10021500,Hell's Kitchen,55
4610064,Clason Point,195
21845690,Bushwick,54
3607640,Flatbush,54
24840261,Bushwick,182
5043067,East Harlem,167
5355117,West Village,205
18945011,Hell's Kitchen,210
3089582,Gowanus,188
47661297,Morningside Heights,78
23145252,Lower East Side,28
11979955,East Village,92
11926935,Bushwick,105
46872613,Financial District,113
20903467,Bedford-Stuyvesant,190
8855594,Flatbush,111
49753962,Washington Heights,152
11279639,Bedford-Stuyvesant,126
44440283,Bedford-Stuyvesant,106
3900359,East Village,44
6088571,Williamsburg,78
26263538,East Village,205
19196307,Williamsburg,227
42956253,East New York,203
25350586,Astoria,75
8081270,Flatbush,113
6417190,Upper East Side,159
12810062,Fordham,151
48707353,Upper West Side,44
50126764,Bedford-Stuyvesant,135
45944749,Bedford-Stuyvesant,80
16601050,Randall Manor,18
7133523,East Village,41
7791312,Williamsburg,112
25060629,Upper East Side,179
10718502,Harlem,41
45388030,Bedford-Stuyvesant,23
54998602,Williamsburg,193
26500475,Upper East Side,115
54079023,Chinatown,199
15648332,Upper West Side,133
17887909,Washington Heights,189
45165453,Roosevelt Island,100
54116579,Financial District,16
2963658,Harlem,49
7620652,East Village,127
6257575,Bedford-Stuyvesant,112
12120792,Arrochar,142
25067256,Bedford-Stuyvesant,233
46532948,Washington Heights,57
9801684,Borough Park,57
12082683,Crown Heights,61
47575138,Maspeth,19
45755862,Bedford-Stuyvesant,169
20345091,Hell's Kitchen,227
4095873,Williamsburg,59
21535298,Harlem,57
7232937,Midtown,113
4492424,Fort Greene,60
9389116,Harlem,193
16296180,SoHo,227
25990702,Long Island City,221
25616242,Midtown,166
4866884,East Harlem,66
6844118,East Village,235
18619706,East Elmhurst,223
53031862,Gowanus,225
4209647,Williamsburg,144
55935856,East Flatbush,164
6155952,Civic Center,14
22812215,Prospect-Lefferts Gardens,240
49157478,Washington Heights,117
54251893,Bedford-Stuyvesant,85
43110345,Manhattan Beach,29
8584967,Brooklyn Heights,205
20114230,East Flatbush,216
22166024,Midtown,207
19458097,Hell's Kitchen,62
5029812,East Harlem,185
13848939,SoHo,192
1203478,Greenpoint,14
5045829,East Village,80
54162973,City Island,226
26841244,Upper East Side,23
53343359,Throgs Neck,156
52752398,Crown Heights,211
7393104,Chelsea,124
50407333,Kensington,172
3561799,Harlem,29
5302648,Crown Heights,17
5630715,Williamsburg,127
46330254,Astoria,53
23703075,Harlem,56
13200538,Flushing,138
20993491,Midtown,97
6188538,Murray Hill,229
51055180,Bedford-Stuyvesant,130
24718203,Crown Heights,127
23806355,Astoria,151
8901988,Long Island City,182
25414653,Bedford-Stuyvesant,202
10346252,Sunnyside,125
22302995,Harlem,194
12830497,Ditmars Steinway,120
8944515,Crown Heights,29
52792164,Williamsburg,108
51827296,Crown Heights,81
6581775,Clinton Hill,118
26206651,Midtown,67
7855379,Financial District,66
1469686,Williamsburg,179
26410450,Boerum Hill,96
52018944,Lower East Side,207
9249384,Hell's Kitchen,129
54492143,Bedford-Stuyvesant,164
57110045,East Village,53
11382919,Midtown,46
19668524,East Village,115
53806187,Jamaica,30
50171500,Jamaica,105
56927786,Cobble Hill,177
20799634,Ozone Park,54
19747503,Ridgewood,107
22977905,Astoria,148
2221367,Prospect-Lefferts Gardens,65
6501692,Bedford-Stuyvesant,27
1544247,Briarwood,145
9936445,Greenpoint,11
54341365,Greenwich Village,148
5789777,West Village,181
24264212,Midtown,10
12124658,Cypress Hills,25
27533828,Brighton Beach,24
20542815,Crown Heights,109
50539885,Williamsburg,88
24003526,Upper East Side,135
15656617,Harlem,142
12383687,Williamsburg,66
2475425,Sunset Park,44
53099243,Williamsburg,176
21117759,Clinton Hill,208
42861810,Inwood,57
7096519,Williamsburg,142
53671426,West Village,90
23467243,Bedford-Stuyvesant,153
26934583,Chelsea,109
5868756,Washington Heights,103
6038864,Harlem,91
20934948,Flatlands,96
18720225,Harlem,40
57030514,Prospect Heights,171
20733910,Jackson Heights,57
54694837,Sheepshead Bay,235
24307291,East Harlem,235
22915495,Bedford-Stuyvesant,81
48984055,Harlem,21
47059842,Hell's Kitchen,90
11396727,Bedford-Stuyvesant,93
18293297,Greenpoint,52
7738844,Hell's Kitchen,51
17601265,Allerton,150
26891503,Williamsburg,10
55646450,Ridgewood,126
27013561,SoHo,221
7250611,Upper West Side,65
7752651,Greenwich Village,89
11384576,East New York,203
7008151,Williamsburg,180
16552447,Boerum Hill,239
1871209,Woodside,141
15395931,Bedford-Stuyvesant,197
54651206,Lower East Side,54
3444711,East Flatbush,213
42840823,Harlem,24
10267825,Bedford-Stuyvesant,141
51406443,East Harlem,39
12631669,Bushwick,220
49920756,Jackson Heights,149
4121279,Sunnyside,223
14362578,Williamsburg,54
49674983,Prospect Heights,138
4013580,Theater District,54
52371864,Upper West Side,151
24203459,Hell's Kitchen,181
43507449,Clinton Hill,177
27763033,Upper East Side,221
52398926,Bedford-Stuyvesant,104
44043732,Williamsburg,73
52037722,Crown Heights,213
19630967,Gowanus,125
48041832,Gramercy,102
47413314,Hell's Kitchen,94
46986939,Prospect Heights,11
49201109,Williamsburg,162
50127869,Midtown,109
1120081,Fort Greene,89
5535719,West Village,55
11520442,Bushwick,238
25020863,Midtown,79
12842648,West Village,204
11342601,SoHo,37
21862812,Woodside,59
22675245,East Harlem,22
52120567,Canarsie,81
12952556,East Village,178
25691908,Lower East Side,73
6504453,Harlem,203
11941847,Harlem,110
6903766,Clinton Hill,156
2708495,Gramercy,174
51820116,Williamsburg,114
3844576,Crown Heights,126
44362409,Brooklyn Heights,203
48552157,Downtown Brooklyn,19
4051137,Glendale,180
25234603,Sunnyside,99
6575148,Park Slope,103
14120670,Prospect Heights,32
49574464,Midtown,79
11463003,Sunnyside,25
45433319,Nolita,165
23428582,Greenpoint,108
46541785,Little Neck,239
19876189,Bedford-Stuyvesant,201
19241596,Williamsburg,66
19745293,Park Slope,81
7177707,Williamsburg,166
15542843,East Flatbush,87
13831817,Sunset Park,225
26098953,Bushwick,47
21453005,Harlem,174
51595882,Murray Hill,80
25018102,Midtown,49
1025637,Upper West Side,171
7222443,Williamsburg,114
8410441,Greenpoint,12
21500503,Carroll Gardens,12
55972307,NoHo,143
44811981,Bedford-Stuyvesant,184
48507421,East Village,88
12523971,Far Rockaway,119
51478795,Midtown,30
1747493,Upper East Side,130
15838876,Williamsburg,170
14405657,Long Island City,217
51776484,Nolita,11
22722190,Williamsburg,58
2985750,Upper East Side,211
52943494,Upper East Side,34
45872397,Midtown,130
3200042,Financial District,175
24824797,Jamaica Hills,59
20364422,West Village,16
19608875,Bedford-Stuyvesant,143
48320191,Flushing,121
45339980,Glendale,106
22042861,Dongan Hills,191
56135788,Boerum Hill,157
16096247,Ozone Park,32
13543517,Tremont,29
12691870,Bay Ridge,111
26338651,Chelsea,95
7844885,Downtown Brooklyn,114
7385924,Bedford-Stuyvesant,209
50886729,Prospect-Lefferts Gardens,136
9342171,Crown Heights,25
46784245,Lower East Side,153
3837949,Brownsville,146
24690588,Midtown,86
27668589,Bushwick,72
44207213,Elmhurst,85
3540811,Lower East Side,214
47350904,Long Island City,171
26386701,Sunnyside,57
49909710,SoHo,239
24887206,Crown Heights,152
16531460,Elmhurst,194
4712240,South Slope,64
15638391,SoHo,44
25931053,Jackson Heights,186
54109399,Upper East Side,53
16545820,Theater District,146
52374073,Maspeth,160
9301300,Upper East Side,175
47185214,Long Island City,226
6456955,SoHo,215
6629273,East New York,154
19236625,Bedford-Stuyvesant,148
55088627,Hell's Kitchen,159
25065047,Bedford-Stuyvesant,216
18719672,Ridgewood,162
7416301,Upper West Side,78
44926860,Prospect-Lefferts Gardens,126
48201999,Sunnyside,31
43064504,Jamaica,164
1363645,Washington Heights,197
23944983,East Elmhurst,91
48136827,Chinatown,79
7000419,Upper West Side,142
11269145,Harlem,24
1734790,Arverne,33
13125978,East Elmhurst,196
56799653,Bedford-Stuyvesant,30
8644616,SoHo,223
21404955,Chelsea,74
3707054,Bushwick,44
43204236,St. Albans,83
23820715,Woodside,74
9661400,Harlem,106
6561892,Hell's Kitchen,78
8977100,Bushwick,208
57112255,Bushwick,218
43565440,West Village,137
47727021,Crown Heights,99
4026283,East Village,86
7266627,Hell's Kitchen,210
17352178,Arden Heights,192
25199256,Greenpoint,210
56906799,Soundview,174
6255918,Chinatown,51
47635891,Lower East Side,13
55566919,Bedford-Stuyvesant,183
44515948,Chelsea,159
55719906,Flatbush,168
26682181,Rockaway Beach,140
24127242,Bedford-Stuyvesant,65
6446462,Clinton Hill,207
7005942,Highbridge,65
45850305,Civic Center,230
51483765,Bushwick,122
18466719,Brownsville,121
50092522,Chelsea,224
13027669,Williamsburg,50
49990346,Harlem,156
4992808,Tremont,234
13626362,Woodside,162
8534708,South Slope,153
4648725,Upper East Side,234
23140834,East Village,162
23836732,Long Island City,188
43802377,Jackson Heights,199
22854742,Woodside,63
48012560,Sunset Park,33
21670059,Borough Park,199
25403607,Flatbush,145
18880944,Upper East Side,172
10336863,Williamsburg,80
12403017,Chelsea,14
45270943,Williamsburg,80
1271411,Fort Greene,55
2815089,Upper East Side,227
23801385,Kingsbridge,33
55503957,Bushwick,234
45159930,Flatbush,135
18486602,Clason Point,72
53179879,Clinton Hill,96
51023147,Chelsea,102
5576589,Two Bridges,158
24872847,SoHo,189
7726693,Hell's Kitchen,117
25730569,Glendale,27
20641124,Hell's Kitchen,236
52845185,East Harlem,223
9233920,Midtown,17
18766066,Williamsburg,132
5614146,Upper East Side,20
3304979,Bushwick,116
18588225,Morningside Heights,78
22366509,Chelsea,176
50445994,Bedford-Stuyvesant,102
25292042,East Village,101
2762068,Sunnyside,114
1751359,Williamsburg,171
18927889,Williamsburg,236
44293372,Upper West Side,144
8708683,Bedford-Stuyvesant,93
3576711,East Village,88
2844361,Midtown,151
24955692,Little Italy,129
55157665,Maspeth,40
1336030,Bedford-Stuyvesant,49
12966363,Crown Heights,165
53968011,Washington Heights,91
55065431,East New York,177
53204180,Randall Manor,227
51038611,Chinatown,95
45956347,Prospect Heights,162
24971156,Financial District,53
54036496,Harlem,174
9350455,Columbia St,162
44298895,Williamsburg,112
9692329,Williamsburg,168
48321295,Astoria,178
47607172,Nolita,131
23861585,Hell's Kitchen,24
16876647,Bushwick,142
5756087,Gramercy,37
7327380,Bushwick,18
44519262,Douglaston,118
3850099,East Village,236
44860584,Whitestone,195
13919081,Upper East Side,131
13068539,Park Slope,63
46584864,Elmhurst,12
56930548,Prospect Heights,143
55228359,Bedford-Stuyvesant,26
49629694,Rosedale,127
21598812,East Harlem,75
3296695,Clinton Hill,152
43073341,SoHo,137
55247690,Hell's Kitchen,33
54268462,Sheepshead Bay,109
19324441,Bedford-Stuyvesant,57
16499979,SoHo,99
12719485,Harlem,194
6047701,Flatbush,115
13351316,Harlem,123
23900246,Financial District,39
14734276,Nolita,48
54862184,Kips Bay,168
24790554,Longwood,54
3185683,Astoria,73
55028979,East Village,95
51615765,Bedford-Stuyvesant,74
45275913,Jamaica,239
23067378,Harlem,158
57260823,Hell's Kitchen,80
22113004,Harlem,114
26080174,Lower East Side,121
2237383,Upper East Side,191
6947950,Hell's Kitchen,63
1376900,Greenpoint,144
10305382,Hell's Kitchen,134
15931110,Upper East Side,231
53234556,Midwood,54
43304755,Hell's Kitchen,219
25470988,Murray Hill,167
51252352,Bushwick,160
53211912,Ridgewood,86
24975574,Greenwich Village,122
13239752,Kingsbridge,143
4778516,Long Island City,212
56083320,Theater District,230
3562351,Williamsburg,88
5411452,Kips Bay,192
13648454,Pelham Gardens,42
3965530,Clinton Hill,144
27571384,East Harlem,41
9013552,Carroll Gardens,138
13387768,East Village,91
4771888,Williamsburg,31
55130050,East Harlem,198
50013543,Upper West Side,20
9226740,Upper West Side,101
27199687,East Elmhurst,14
48232927,Hell's Kitchen,166
56677594,Williamsburg,207
14261507,Wakefield,44
46940545,Upper East Side,186
4307956,Bedford-Stuyvesant,48
23097754,Upper East Side,81
21483382,Bay Ridge,164
43137960,East Flatbush,221
51403129,East Village,237
50016856,Harlem,115
6450880,South Slope,219
1473553,Greenpoint,100
6915917,Washington Heights,56
43305307,Crown Heights,12
24650270,Todt Hill,205
14551464,East Harlem,180
10466101,Bedford-Stuyvesant,116
10349014,Bushwick,24
47952359,West Village,23
52018392,Harlem,142
5916806,Bedford-Stuyvesant,178
4077647,Bedford-Stuyvesant,64
17198638,Upper East Side,239
23544565,Morningside Heights,175
55751940,East Flatbush,230
48256676,Harlem,196
22165472,Midtown,189
23485469,Bedford-Stuyvesant,227
55127288,Hell's Kitchen,71
54181751,Greenpoint,28
10702486,Bedford-Stuyvesant,206
25251172,Nolita,134
23858824,Financial District,124
49779920,Bedford-Stuyvesant,152
19602248,Flushing,144
8697084,East New York,199
22497957,Bedford-Stuyvesant,192
5768790,Midtown,79
46955458,Hell's Kitchen,49
13916319,Elmhurst,46
22254945,Ridgewood,156
3939572,Fieldston,49
46061284,Fresh Meadows,186
20418547,Bedford-Stuyvesant,237
27189193,Sunnyside,221
6940770,Upper West Side,142
6338211,Long Island City,72
1673485,Bedford-Stuyvesant,95
25975237,Ridgewood,59
6826444,South Slope,87
3344745,Williamsburg,121
12812272,East Flatbush,134
24916478,Elmhurst,197
7825555,Greenpoint,177
26233714,Rego Park,88
2579809,Bedford-Stuyvesant,132
15506943,Lower East Side,210
24860696,Astoria,163
9272029,Crown Heights,227
24476848,Kingsbridge,192
48098166,Inwood,170
24072564,Clinton Hill,86
26264643,Clinton Hill,219
43915046,Gramercy,212
1957920,Bedford-Stuyvesant,58
51673756,Coney Island,184
19815436,Jamaica,131
16117235,Flushing,220
18240276,Williamsburg,59
51243515,Sheepshead Bay,127
8433637,Upper West Side,38
19331621,East Village,215
49530832,East Elmhurst,98
2484262,Upper West Side,194
25340645,Crown Heights,226
47887188,Crown Heights,69
4739855,Crown Heights,166
23916263,Fresh Meadows,212
25243992,Bushwick,140
18861613,Williamsburg,90
25092110,Borough Park,23
49482230,East Village,43
18265682,Canarsie,30
20433459,Harlem,21
50528839,Astoria,83
24786136,Fort Greene,76
6249291,Chelsea,183
8480030,Harlem,165
22349388,Bedford-Stuyvesant,144
7071113,Upper East Side,78
23433553,Upper East Side,58
2621232,Greenpoint,133
46280547,Little Italy,141
53430623,Great Kills,45
46173953,Chelsea,55
53602940,Bedford-Stuyvesant,221
48124677,Sunset Park,38
43657674,College Point,178
11139355,Flushing,230
25157833,Financial District,21
52617085,Bushwick,92
13480002,Hell's Kitchen,176
9323945,Sunset Park,49
9019627,Bedford-Stuyvesant,144
54604260,Bushwick,29
11154267,East Village,14
11620408,Park Slope,181
43296470,Tribeca,125
18166820,Arverne,199
55116795,Flatbush,82
49504322,East Village,221
26393881,Bushwick,41
21317139,Bushwick,67
57019468,Upper East Side,11
52778356,Ridgewood,172
52676733,Williamsburg,175
5414213,East Flatbush,25
50428320,Bedford-Stuyvesant,107
2485918,Harlem,143
24773985,Hell's Kitchen,30
1818188,Chelsea,67
4002534,Greenpoint,103
19946883,Williamsburg,204
56922263,East Harlem,187
24232731,Upper East Side,154
25320210,Financial District,86
44964416,East Harlem,75
24756311,East Harlem,87
48391990,Lower East Side,78
13551249,Hell's Kitchen,93
6860687,Tribeca,156
52618742,Jamaica,178
48184877,East Harlem,91
53723894,Flatbush,22
20329075,Hell's Kitchen,13
3934601,Ditmars Steinway,50
21276269,Harlem,58
52261404,Gowanus,236
52635863,Upper West Side,65
43226880,Bedford-Stuyvesant,146
46865985,Cypress Hills,160
44765036,Williamsburg,101
55857429,Crown Heights,97
23407595,Brownsville,66
6611599,Bushwick,120
54463976,Elmhurst,203
9676864,Bedford-Stuyvesant,35
8957770,Bedford-Stuyvesant,203
52858440,Bedford-Stuyvesant,91
47672895,Murray Hill,178
17555976,Richmond Hill,84
9640965,Harlem,218
52451395,Cypress Hills,32
18410937,East Harlem,18
3990936,Prospect Heights,221
47805447,Kensington,88
1876732,Upper West Side,134
26835721,Hell's Kitchen,193
54461767,Hell's Kitchen,192
55515555,Fort Greene,114
1778422,Fort Greene,31
21708168,Edgemere,134
45705050,Astoria,41
44262443,Washington Heights,50
46072882,Queens Village,15
46355107,Prospect-Lefferts Gardens,208
24366940,Bedford-Stuyvesant,34
6470211,Sheepshead Bay,118
1735343,Greenpoint,162
1499511,Kips Bay,102
5461711,Bay Ridge,20
51962057,Upper East Side,164
46052999,Chelsea,166
10941631,East Village,221
49931802,Harlem,51
2141283,East Village,170
55706099,Hell's Kitchen,151
11195689,Midtown,10
44939010,Bedford-Stuyvesant,213
1222256,Upper West Side,231
16692731,Carroll Gardens,232
47936342,Bedford-Stuyvesant,203
9311242,Midtown,113
45149437,Ditmars Steinway,188
53739911,Midwood,46
45271495,Bedford-Stuyvesant,39
11309463,East New York,119
45632147,Williamsburg,164
15679261,Prospect-Lefferts Gardens,101
3007842,East Village,233
9977868,South Slope,68
25380410,East Village,222
45028483,Baychester,31
51360050,East Flatbush,165
50282513,Bedford-Stuyvesant,90
49830731,West Village,210
23891410,Financial District,223
22634375,Bedford-Stuyvesant,130
15681470,Bushwick,89
48969696,Flatbush,108
23799728,Bushwick,197
7422928,Bedford-Stuyvesant,37
7525104,Forest Hills,56
13016070,Upper West Side,168
1487360,Kensington,177
55567471,Belmont,194
14531029,Inwood,185
53790722,Upper East Side,152
46028146,Bushwick,164
15542290,East Flatbush,58
55843621,Prospect-Lefferts Gardens,212
53928245,Washington Heights,58
51748317,Williamsburg,145
4023522,Upper West Side,60
23771560,Williamsburg,54
3952275,Sunset Park,225
13540203,Bedford-Stuyvesant,238
54370637,Bedford-Stuyvesant,86
22277037,East Harlem,88
23898037,Financial District,53
1241034,Woodlawn,162
57042112,Fordham,151
43242897,Lower East Side,156
23482708,East Harlem,81
10893581,Astoria,225
47112863,Bedford-Stuyvesant,150
5243000,Midtown,153
13776587,Upper West Side,82
1210105,Fort Greene,172
24204564,Hell's Kitchen,44
2703525,Bedford-Stuyvesant,132
17533332,Bedford-Stuyvesant,96
14699481,Financial District,207
12546063,Middle Village,184
54787624,Bedford-Stuyvesant,204
4580240,Sunnyside,47
5522464,Lower East Side,65
5556706,Flatlands,229
50056070,Bushwick,30
5447351,Washington Heights,196
18642903,Williamsburg,84
12964706,Upper West Side,80
14301825,Murray Hill,94
7180468,Midtown,52
12104775,South Beach,64
50823214,Harlem,189
17872444,Crown Heights,82
22937587,Williamsburg,141
51297088,Maspeth,10
7797388,East Village,195
4807788,Crown Heights,11
18960475,Bedford-Stuyvesant,58
45918790,Bedford-Stuyvesant,99
6898795,Chelsea,237
15172802,East Village,21
9028464,Chelsea,134
6706043,Clinton Hill,229
14857991,Richmond Hill,180
9641517,Flatbush,236
20485928,South Ozone Park,81
47711556,Bedford-Stuyvesant,53
51516351,Chelsea,83
17768612,Flushing,145
1782841,Upper West Side,210
20927768,Williamsburg,55
8180684,Upper West Side,175
52630340,Crown Heights,82
44061958,Williamsburg,215
23905217,Financial District,216
45622758,Astoria,65
1455879,Hell's Kitchen,70
14301272,Chelsea,24
6624302,East Village,169
48057848,Washington Heights,143
23070692,Bedford-Stuyvesant,80
25026386,Bedford-Stuyvesant,20
6108454,West Village,82
5052457,Ridgewood,12
57157543,West Village,63
10949916,Prospect-Lefferts Gardens,172
51738928,Hell's Kitchen,219
5027603,Washington Heights,156
1917602,Chinatown,50
9157150,Upper East Side,184
24401735,Upper East Side,72
53705116,Crown Heights,33
51524083,Williamsburg,151
19961243,Williamsburg,79
26400508,Richmond Hill,205
44848433,Middle Village,87
55848040,East Village,211
6944636,Great Kills,238
6575700,Inwood,192
14546494,Brooklyn Heights,47
12535569,Williamsburg,136
46503676,Richmond Hill,233
7062829,Crown Heights,151
6322194,Lower East Side,158
23882020,Financial District,237
11065899,Financial District,219
13336404,Bedford-Stuyvesant,21
21477306,Prospect Heights,228
1929200,Upper West Side,82
2664311,Bushwick,238
2596931,Bedford-Stuyvesant,184
48916123,Morningside Heights,73
17398571,Murray Hill,119
48506316,West Village,224
55677931,Bushwick,22
25278235,Flatbush,95
47467992,Wakefield,40
21926326,Forest Hills,92
9299091,Hell's Kitchen,224
56833895,East Harlem,131
18331405,East New York,97
24239911,Theater District,104
26563437,South Slope,63
8950038,Washington Heights,69
22801722,SoHo,35
15933319,Woodside,73
14063783,Elmhurst,148
11622617,Crown Heights,14
55756358,Midtown,145
11778366,East Flatbush,111
45923209,Clinton Hill,11
6681742,Williamsburg,227
8055864,Clinton Hill,221
17512345,Brighton Beach,129
26858365,Chinatown,84
26164124,East Flatbush,127
24885550,Bushwick,55
7957002,Murray Hill,67
21353591,Flatbush,15
23869870,Financial District,203
51548384,Williamsburg,62
3739087,Clinton Hill,19
19567453,Harlem,222
19282466,East Elmhurst,61
24605533,East Harlem,124
50041158,Greenwich Village,155
7683061,Chelsea,36
7814509,Roosevelt Island,190
12616757,Bedford-Stuyvesant,160
55298501,Bedford-Stuyvesant,79
44672802,Chinatown,90
22542693,Bushwick,35
53987341,Prospect-Lefferts Gardens,233
57247016,Greenpoint,76
3344193,Nolita,195
3166904,Bushwick,73
6452537,Long Island City,143
22856952,Midtown,69
23229202,Longwood,127
44340317,Hell's Kitchen,11
1549218,Bushwick,188
20487585,Hell's Kitchen,171
26423153,Harlem,216
53669769,Bedford-Stuyvesant,85
53151711,Greenpoint,219
54477784,Brighton Beach,60
12322381,Greenpoint,184
25433431,Springfield Gardens,72
13721910,Astoria,210
6310596,Midtown,175
47159256,Ozone Park,75
6150429,Fort Greene,108
52403897,Tompkinsville,58
47598887,Greenpoint,117
13795366,Williamsburg,176
9265401,Bedford-Stuyvesant,201
11492827,Jamaica,164
15721788,Lower East Side,198
53082674,Bushwick,235
25890736,Kensington,211
17743206,Randall Manor,112
10978636,Woodhaven,21
25674234,Hell's Kitchen,215
50320621,Maspeth,10
44682743,Coney Island,184
23339110,NoHo,178
24898805,Upper East Side,190
5759401,South Slope,220
19637595,Bedford-Stuyvesant,117
52407763,West Village,52
48453295,Harlem,127
7561003,Greenwich Village,130
9560329,Williamsburg,172
50492939,Windsor Terrace,125
6894929,Williamsburg,55
9115175,Two Bridges,79
7595798,Bedford-Stuyvesant,202
17679691,Hell's Kitchen,139
50077057,Hell's Kitchen,137
25862016,Theater District,222
19841946,Brownsville,123
5148557,Bedford-Stuyvesant,165
3041532,Kingsbridge,157
17775792,Williamsburg,115
24312814,Forest Hills,187
22116317,Bushwick,13
17243927,Greenpoint,154
45005286,West Village,114
8649586,Bedford-Stuyvesant,116
50057727,St. Albans,113
22137305,Hell's Kitchen,59
5102716,Harlem,159
1744180,SoHo,231
26324291,Woodside,184
53422338,Jamaica,118
6224437,Hell's Kitchen,42
43008722,East Flatbush,36
23806908,Financial District,131
54259073,Lower East Side,136
52238759,Forest Hills,113
48932692,West Village,32
5253494,Clinton Hill,217
25373783,Williamsburg,164
51953773,Upper East Side,46
24606086,East Harlem,97
18608660,Washington Heights,212
16112264,Bedford-Stuyvesant,164
2896830,East Harlem,152
42998228,Astoria,91
25723941,Hunts Point,28
13787633,East Harlem,231
9230606,Harlem,73
49567837,Williamsburg,134
8563980,Sunnyside,172
4092559,East Flatbush,21
48666483,Harlem,171
9669685,Harlem,15
1386289,Clinton Hill,152
51199331,Midtown,204
19250985,Rockaway Beach,66
2904562,Upper East Side,206
26382283,Upper West Side,181
5596472,Williamsburg,34
54541298,Chelsea,138
55741446,Harlem,67
23116533,Bedford-Stuyvesant,86
51844969,East Village,170
10731205,Inwood,23
19273629,Gowanus,82
15514123,Elmhurst,13
6585089,Harlem,169
12785209,Upper East Side,36
21096219,East Harlem,157
1931962,Ditmars Steinway,61
47318319,Jamaica,160
48929930,Upper East Side,222
23296582,Bedford-Stuyvesant,224
52736934,Washington Heights,132
54214336,Williamsburg,58
2149015,Hell's Kitchen,145
9515041,Upper East Side,58
12274884,Cypress Hills,17
56239068,Bedford-Stuyvesant,92
50523316,Flushing,119
7739948,East Village,107
50498462,Clinton Hill,177
13218212,East Village,184
22576383,Washington Heights,120
53621719,Upper East Side,73
44620333,Flushing,69
52234893,East Harlem,212
4150551,Ridgewood,37
55512794,Morningside Heights,52
53323477,Brighton Beach,96
13176237,Hell's Kitchen,219
8735193,Inwood,54
55975069,Bedford-Stuyvesant,27
21226562,Rego Park,213
47161465,Hell's Kitchen,143
18823505,Hell's Kitchen,83
24502253,Hell's Kitchen,30
20195418,Vinegar Hill,151
50813273,Prospect-Lefferts Gardens,89
5187770,Clinton Hill,163
4899469,Flatbush,154
42962881,Bedford-Stuyvesant,104
50216237,Harlem,202
9901651,Williamsburg,199
1495092,Upper West Side,167
11045464,Long Island City,53
57314396,East New York,126
15475462,Harlem,191
11992106,Oakwood,126
19463620,Upper West Side,161
54574436,Williamsburg,97
55029531,Harlem,51
24215057,Hell's Kitchen,223
53658170,Gowanus,171
26320425,Bushwick,188
21380101,Greenpoint,201
26048141,Maspeth,147
21969406,Crown Heights,29
53097034,Chelsea,38
15674290,Kips Bay,177
55227807,Flatbush,232
1124499,East Village,22
2972495,Bedford-Stuyvesant,69
9866303,Maspeth,41
47907623,Theater District,235
53174356,Harlem,100
4370918,Upper West Side,109
51318628,Bedford-Stuyvesant,26
16428732,Marble Hill,164
50154379,Williamsburg,160
8491076,Bedford-Stuyvesant,169
23444599,East Harlem,103
23349051,Bushwick,202
48449981,Two Bridges,11
1964547,Nolita,156
6381290,Financial District,76
8028801,Harlem,65
44117740,Middle Village,184
43092119,Bushwick,238
2807357,Long Island City,229
52815361,Boerum Hill,231
47688360,Ditmars Steinway,15
11790517,Windsor Terrace,124
52384567,Greenwich Village,27
56515771,West Brighton,205
5386046,Long Island City,239
12921075,Bushwick,122
44246426,Soundview,174
7126343,Flatbush,174
8540783,Springfield Gardens,203
49459033,Flatbush,139
10704142,Ridgewood,13
56885259,Park Slope,137
1920916,Bedford-Stuyvesant,29
6660754,Crown Heights,90
48317429,Bedford-Stuyvesant,173
45355997,Rosedale,142
9368129,Sheepshead Bay,77
3988727,Kensington,77
15202074,Lower East Side,225
25171089,East Harlem,81
10448980,Morningside Heights,44
48359956,Bushwick,146
2980779,SoHo,75
55489597,Upper West Side,181
44574492,Upper West Side,12
2263894,Bushwick,62
10487089,Bedford-Stuyvesant,183
11630902,Upper East Side,210
46438505,Sheepshead Bay,19
15352852,Inwood,75
2437868,East Village,59
46397635,Canarsie,81
2911189,Murray Hill,237
3609849,Upper West Side,197
18612526,East Village,129
26303304,Nolita,101
15448952,East Village,72
3288410,Claremont Village,187
16278506,Prospect-Lefferts Gardens,199
45821586,South Slope,72
2082187,Lower East Side,209
18429715,East Harlem,104
3322101,Bedford-Stuyvesant,156
3682753,East Harlem,98
54588796,Morris Park,163
49000624,Upper East Side,32
47681180,Murray Hill,219
1493988,Williamsburg,141
8002843,Theater District,80
47102922,Bushwick,151
7564869,Midtown,94
6945741,Hell's Kitchen,143
2915608,Bedford-Stuyvesant,231
53853132,Hell's Kitchen,189
9112414,Long Island City,233
47720393,Kips Bay,49
26076308,Upper West Side,102
54593214,Williamsburg,37
9138924,Midtown,110
54018822,Clinton Hill,122
54046990,Middle Village,225
56095470,East Village,184
7679748,Mott Haven,169
10393198,Borough Park,100
47686703,Cobble Hill,61
25939338,Bedford-Stuyvesant,93
1996581,Harlem,40
5860471,Williamsburg,69
44614258,Downtown Brooklyn,174
53206389,Midwood,24
5894162,Sunnyside,144
22231196,Flatiron District,109
57238179,Williamsburg,22
19234416,West Village,224
13562295,Crown Heights,218
8653453,Wakefield,97
20598597,West Village,51
20321895,Williamsburg,144
16671744,Upper West Side,122
46581550,Harlem,133
7182678,Sunset Park,159
52536449,Jackson Heights,158
24185233,East New York,73
26604307,Hell's Kitchen,59
52378491,Bedford-Stuyvesant,129
46321417,East Flatbush,214
46015995,Bedford-Stuyvesant,16
46988043,Flatlands,222
4363186,Harlem,95
20459417,Clifton,69
13911349,Sunset Park,163
23820163,Chelsea,123
4983971,Fort Greene,12
3227657,Astoria,105
16175779,Vinegar Hill,89
46226974,East Village,173
19675151,Sunset Park,19
47525431,East Harlem,83
54150270,Crown Heights,78
17635507,Briarwood,184
55582384,Upper West Side,94
45061621,Washington Heights,232
26402165,Hell's Kitchen,12
42835300,Flatlands,173
19735904,Bedford-Stuyvesant,196
27331686,Long Island City,52
43537825,Astoria,83
56092709,Harlem,78
11687789,Upper West Side,69
12796255,Greenpoint,150
12004809,Cypress Hills,162
9983943,Long Island City,151
20302012,Laurelton,53
19355370,Bedford-Stuyvesant,147
21080755,Prospect-Lefferts Gardens,233
53965249,Bushwick,115
26515387,Corona,44
56735586,Hell's Kitchen,55
16021687,Canarsie,89
46898571,Chinatown,223
48948156,Astoria,190
23756096,Rego Park,155
20747166,Harlem,47
26946181,Bedford-Stuyvesant,226
1576280,Clinton Hill,203
15612985,SoHo,126
8215479,East Harlem,230
26697094,Ridgewood,51
16258624,Bushwick,193
5119837,Washington Heights,122
26498266,Hell's Kitchen,70
2524579,Williamsburg,29
25716761,Bushwick,164
2741633,Upper East Side,87
45880682,Williamsburg,154
19217295,Inwood,15
2235727,Williamsburg,72
47763472,Bushwick,227
3734116,East Flatbush,200
1665753,Crown Heights,160
2435659,Bedford-Stuyvesant,98
15529588,Canarsie,194
55190251,Bedford-Stuyvesant,79
15423546,Astoria,98
3411573,Battery Park City,194
8400499,Greenpoint,181
1342657,Ridgewood,135
17378688,East New York,41
6887749,Harlem,114
20945441,Washington Heights,229
23772113,Hell's Kitchen,227
52739143,East Flatbush,63
46679308,Claremont Village,37
44586643,Greenpoint,76
13527500,Nolita,43
4109680,Bushwick,231
16482857,Pelham Gardens,63
4564223,East Village,90
47683941,Harlem,199
20331836,Upper East Side,52
47676761,Bedford-Stuyvesant,142
5483803,East Village,103
18470585,Hell's Kitchen,140
1533201,Harlem,169
5684288,Arverne,134
12892907,Upper East Side,134
27920990,Brooklyn Heights,24
4174300,Bedford-Stuyvesant,48
5922881,Fort Greene,236
13253559,Greenpoint,115
4858047,Upper East Side,92
25110336,Sea Gate,202
8354658,Midtown,88
20922245,Bedford-Stuyvesant,148
20281577,Bedford-Stuyvesant,71
25689146,Gowanus,113
48185430,Clifton,31
16034390,Cypress Hills,156
4120726,Carroll Gardens,126
19278600,Harlem,174
2082739,Upper West Side,13
45471427,Bushwick,64
19817645,Williamsburg,169
23935041,East Harlem,77
14093608,Bushwick,172
53444983,Kingsbridge,78
22804483,Midtown,169
54962151,East Harlem,93
49439703,East New York,209
6841356,West Village,49
21615381,East Flatbush,194
8032115,Greenpoint,99
18764409,East Harlem,180
6391232,Bedford-Stuyvesant,113
49114398,Greenpoint,187
9818806,Bay Ridge,126
21955598,Bedford-Stuyvesant,223
5203234,Prospect-Lefferts Gardens,239
19138868,East Harlem,107
1103512,Park Slope,65
55021247,Bedford-Stuyvesant,208
55209581,Williamsburg,104
48492508,Crown Heights,44
50083132,Bushwick,238
51855463,Long Island City,192
8140918,Upper West Side,120
45790657,Lower East Side,190
20992387,Little Italy,179
23573285,Woodhaven,14
18704208,Sunset Park,193
44692684,Williamsburg,216
5025946,University Heights,169
11981060,East Village,163
22085941,Bedford-Stuyvesant,46
1907660,Little Italy,93
16630321,Harlem,19
52344249,Gowanus,51
22487463,Rosedale,59
19042768,East Flatbush,200
6985507,Silver Lake,19
1797753,Harlem,89
13663366,Clinton Hill,131
9088665,Prospect-Lefferts Gardens,84
47493398,Longwood,232
26143137,Maspeth,91
24321651,Murray Hill,233
48006484,Upper West Side,40
52129404,Bedford-Stuyvesant,224
3091239,Hell's Kitchen,69
23823477,Williamsburg,89
47781146,Crown Heights,65
48792960,Harlem,213
48435622,Windsor Terrace,29
8544097,Washington Heights,92
46763809,Fort Greene,190
9079828,Hell's Kitchen,56
17274303,Upper West Side,50
55982801,Hell's Kitchen,236
46973131,Astoria,133
9078724,Kensington,121
9683492,Washington Heights,53
26360191,Harlem,52
54603156,Clinton Hill,70
20796873,Hell's Kitchen,214
20367736,Crown Heights,168
9602304,Upper East Side,97
50392973,Midtown,144
44517605,Astoria,11
3663974,Long Island City,226
3927421,Canarsie,137
21649072,Midtown,68
9482455,Windsor Terrace,210
12500222,Midtown,122
53179326,Hell's Kitchen,100
26123254,West Village,170
19498968,East Flatbush,82
55816006,Bedford-Stuyvesant,176
46542889,Harlem,188
8703712,Williamsburg,137
50992218,Glendale,142
51375514,Harlem,171
4218484,West Village,28
24797182,East Harlem,52
24802705,Williamsburg,200
10855473,Hell's Kitchen,198
23653921,Bushwick,40
3297799,Harlem,140
7509087,Hell's Kitchen,163
7359966,Astoria,201
5953810,Chelsea,64
19601143,Hell's Kitchen,160
3672811,Harlem,231
55460878,Jackson Heights,48
9393535,Crown Heights,22
15931662,Williamsburg,39
4232843,Astoria,230
11174150,Fort Hamilton,210
14934760,Midtown,202
12765326,Flatbush,70
10308696,Hell's Kitchen,210
12655971,Richmond Hill,29
49950580,Forest Hills,180
44575045,East Village,41
46766019,Prospect Heights,14
45281989,Bedford-Stuyvesant,140
22213522,Bedford-Stuyvesant,52
18968207,Graniteville,99
55293531,Washington Heights,118
18758333,Bedford-Stuyvesant,164
54249684,Greenwich Village,197
4397981,Upper West Side,134
9238338,Financial District,64
8565637,Cypress Hills,207
11976642,Upper East Side,208
54193349,Williamsburg,72
17427843,East Village,136
4868541,Williamsburg,27
15890239,Woodside,211
51521874,Bedford-Stuyvesant,61
26774968,Williamsburg,174
21659565,East Harlem,161
22595714,East Village,77
2976913,Richmond Hill,161
48042384,Hell's Kitchen,134
25462703,Chelsea,169
21678343,Bedford-Stuyvesant,176
47393984,Bedford-Stuyvesant,82
23069587,Long Island City,120
5466682,Bedford-Stuyvesant,154
5219251,Tremont,46
6037760,Clinton Hill,164
3594937,Gramercy,40
8938439,Midtown,33
8227629,East Flatbush,140
12899535,East New York,39
46482689,Williamsburg,160
6299550,East Harlem,75
18841178,Canarsie,38
18631304,SoHo,133
6386813,Bushwick,187
9184765,Harlem,142
19280809,City Island,160
48200342,Kensington,109
19925343,East Village,23
43224671,Bedford-Stuyvesant,129
49869392,Harlem,57
3559590,Upper East Side,143
55648660,Astoria,177
55238853,Hell's Kitchen,126
11374082,Park Slope,162
54991423,Flushing,64
51326912,Concourse Village,85
26729127,Lower East Side,96
50239433,Bedford-Stuyvesant,74
48253363,Bedford-Stuyvesant,22
10252361,Lower East Side,225
4830432,Morris Park,17
4694014,Midtown,108
18941697,Washington Heights,109
57051502,Pelham Gardens,124
48009246,Midtown,221
9957433,Hell's Kitchen,41
18949429,Clinton Hill,81
51990777,Fordham,106
54637951,Williamsburg,201
43928854,East Harlem,178
9725467,Long Island City,126
8499361,Greenpoint,36
20704086,Lower East Side,121
19628206,Bedford-Stuyvesant,57
25164461,Crown Heights,28
27279770,Canarsie,28
11293999,Hell's Kitchen,129
44554057,Gramercy,78
55289665,Hell's Kitchen,219
20982998,Fort Hamilton,226
21993707,Tompkinsville,29
11266384,Bedford-Stuyvesant,223
3067490,Bedford-Stuyvesant,193
19290198,East Elmhurst,166
17985666,Greenpoint,153
6609390,Bushwick,124
6794411,Williamsburg,200
2583123,Williamsburg,141
52812599,Harlem,63
8362390,Gowanus,74
11652994,Bedford-Stuyvesant,129
47134955,Queens Village,191
2434002,Harlem,33
45105253,Downtown Brooklyn,205
10686469,Bedford-Stuyvesant,181
47356427,East Harlem,117
47286285,East Harlem,14
25639991,Cypress Hills,133
25613481,Williamsburg,62
1666305,Long Island City,108
24761834,Brownsville,106
3972710,Prospect Heights,226
21578377,Canarsie,192
19033379,Long Island City,166
18135891,East Village,157
9949701,Bedford-Stuyvesant,98
23275595,Upper West Side,206
3116093,Chinatown,133
47682284,Williamsburg,159
46016548,East Village,132
54419240,Hell's Kitchen,123
2531207,Fort Greene,219
7103699,Jamaica,236
55665781,Financial District,223
54093383,Williamsburg,113
25183239,Williamsburg,30
27131754,Borough Park,187
4962984,Woodside,44
53523409,Williamsburg,222
42993810,Harlem,205
6289609,Park Slope,163
13078480,Bushwick,81
2496964,Rego Park,220
50085342,Bushwick,141
15144634,Harlem,36
21342545,Bushwick,177
52292332,Williamsburg,214
56673176,Bedford-Stuyvesant,198
18901379,Boerum Hill,57
15197103,East Flatbush,55
21027182,Williamsburg,181
4580792,Bedford-Stuyvesant,161
18785948,Bushwick,146
22560367,Williamsburg,98
11925278,Castleton Corners,67
1555845,Nolita,19
43223566,Williamsburg,196
13741792,Hell's Kitchen,134
19003555,Crown Heights,124
3476745,Crown Heights,21
20747718,Harlem,27
13545726,Bedford-Stuyvesant,237
47861782,Hell's Kitchen,224
9853600,Financial District,67
21792117,Bedford-Stuyvesant,131
26828541,Hell's Kitchen,73
46733433,Bedford-Stuyvesant,177
12312992,Bedford-Stuyvesant,138
11739153,Hell's Kitchen,158
55405648,Tribeca,132
48350015,West Village,220
54598185,Upper West Side,107
10616879,Springfield Gardens,98
10467758,Elmhurst,89
46085033,Murray Hill,75
23790339,Maspeth,116
21572302,Harlem,82
19376357,Williamsburg,36
22772450,Upper East Side,131
46819592,Bedford-Stuyvesant,102
10833933,Kips Bay,79
54445198,Chelsea,212
54296077,South Slope,187
21934611,Williamsburg,82
1693920,Prospect Heights,65
47016211,Bedford-Stuyvesant,222
18455121,Lower East Side,149
25083825,Briarwood,96
14335515,Greenwich Village,45
55890015,Midtown,128
52336516,Bedford-Stuyvesant,180
4032358,Crown Heights,114
6728687,East Village,126
13081794,Crown Heights,66
47613799,Midtown,72
10944393,Carroll Gardens,153
53157234,Bedford-Stuyvesant,151
6788888,Williamsburg,183
2797416,East Village,148
7366594,Crown Heights,150
16652966,Harlem,129
17583591,Crown Heights,91
48968591,Harlem,128
12600188,Greenpoint,24
27355435,Fordham,182
17930436,East Harlem,223
12099252,Midtown,29
9696747,Flatlands,182
54323140,Astoria,51
19161512,Gowanus,30
57160305,Crown Heights,136
5256255,Upper East Side,132
46048029,Forest Hills,127
27764689,Financial District,69
5878697,Springfield Gardens,90
3614820,Chelsea,171
26392776,Flushing,220
10457817,Chinatown,56
18699790,Hell's Kitchen,46
9022941,Upper West Side,119
19921477,Williamsburg,18
19722649,Elmhurst,148
22769136,Kips Bay,186
9786220,Murray Hill,175
10823992,Forest Hills,142
14510594,Stapleton,154
13558981,East Village,227
50099701,Greenpoint,23
50875683,Bedford-Stuyvesant,138
9883977,Lower East Side,132
22301338,Chelsea,230
55458116,Bushwick,45
5895819,Hell's Kitchen,40
47466887,Bedford-Stuyvesant,79
3932944,Canarsie,228
15511914,Ditmars Steinway,133
49724137,Upper West Side,237
26238132,Washington Heights,132
6936904,Windsor Terrace,187
53678053,Sheepshead Bay,230
24116196,Crown Heights,57
11686684,Corona,212
53705668,Williamsburg,188
55788944,Sunnyside,116
13062463,Fort Hamilton,41
7452200,SoHo,36
9695643,Williamsburg,162
43390913,Kensington,47
16854555,East New York,219
9997198,Midtown,105
20825592,Upper West Side,89
53840429,Williamsburg,184
3179055,Crown Heights,127
22579697,Woodside,143
22739312,Clinton Hill,130
44160820,Bedford-Stuyvesant,49
52575662,Midtown,65
4453211,Midtown,171
27651468,Hell's Kitchen,67
6050463,Bedford-Stuyvesant,12
46463911,Queens Village,53
19164274,Prospect-Lefferts Gardens,70
7280987,Williamsburg,219
6077525,Morningside Heights,88
45039529,East Flatbush,189
49899217,Upper East Side,128
17781315,Financial District,56
25970819,Astoria,157
5999099,Kips Bay,187
5871517,West Village,168
23403176,Long Island City,126
6038312,Carroll Gardens,156
5821258,Sunnyside,69
53489167,Bedford-Stuyvesant,46
5071235,East Harlem,75
19653612,University Heights,195
12824422,East Elmhurst,220
22023531,Williamsburg,45
9096397,Chinatown,41
46338538,Lower East Side,185
11054853,Midtown,91
18257950,Williamsburg,209
50426111,East Village,184
14325574,Bedford-Stuyvesant,130
20419652,Bedford-Stuyvesant,227
17360462,Harlem,18
3389481,Flushing,112
55216761,West Village,161
5178381,Astoria,45
20532321,Prospect-Lefferts Gardens,155
53616748,Bushwick,232
5540690,Nolita,207
16071946,Williamsburg,114
47574586,Ridgewood,206
9143343,Flatbush,114
53340598,Downtown Brooklyn,122
21572854,Midtown,32
44925203,St. George,194
49396624,Kips Bay,79
10927824,Hell's Kitchen,227
52627579,Corona,205
53722789,Harlem,79
8582758,Williamsburg,234
43039098,Murray Hill,208
56357260,Borough Park,117
49867735,Upper East Side,95
16530907,Bedford-Stuyvesant,151
4885662,Bedford-Stuyvesant,116
11748542,South Slope,142
1912631,Flushing,180
7543330,Upper East Side,140
11431522,Elmhurst,178
22014142,Bushwick,125
27601761,Bedford-Stuyvesant,182
11950131,Hell's Kitchen,115
49764455,Upper East Side,195
51224737,Bedford-Stuyvesant,62
7543882,Harlem,79
22616701,Park Slope,204
8732431,Midwood,212
51710761,South Slope,177
56268340,Hell's Kitchen,177
43220253,Williamsburg,160
42862915,Park Slope,70
55496225,Chelsea,82
43277140,Gramercy,203
11074736,Williamsburg,86
53761450,Crown Heights,124
23371143,Mount Hope,213
8812515,Fort Greene,227
6517156,Neponsit,39
10653883,Flushing,218
25789665,Chelsea,139
20029728,Bedford-Stuyvesant,204
51112620,East Flatbush,174
56574867,Fordham,50
9542656,Ridgewood,195
14102444,Cambria Heights,49
53013636,Upper East Side,182
24328831,Bedford-Stuyvesant,193
24322204,Williamsburg,47
20181058,Flushing,67
18447941,Long Island City,229
57173008,Williamsburg,106
15431830,Williamsburg,194
23001654,NoHo,104
50094731,Sunset Park,165
3531422,Flatbush,33
48605178,Bedford-Stuyvesant,57
25868644,Midtown,134
18723538,Upper East Side,160
3425933,Hell's Kitchen,113
2173869,East Village,196
13947248,West Village,235
43381524,Williamsburg,185
46145786,Upper East Side,221
11364693,East Village,191
25670920,Hollis,18
11563521,Midtown,227
47549180,Hell's Kitchen,145
20063418,Jackson Heights,73
46485450,Sunnyside,76
24907642,Flatbush,221
17444412,Upper East Side,127
3383958,Morningside Heights,108
54096697,Woodside,75
5782597,Canarsie,152
23465034,Harlem,199
20646647,Astoria,55
44849538,Prospect Heights,236
21264671,Washington Heights,85
19106282,Bushwick,47
50003601,Upper West Side,110
51382142,Pelham Gardens,124
1090809,Sunnyside,71
43884117,Clinton Hill,111
17553767,Williamsburg,49
13783215,Bedford-Stuyvesant,215
6890511,Harlem,29
23410909,Woodhaven,149
52704901,Flushing,81
55291874,Midwood,54
14450393,Jamaica,176
14061022,Flatlands,185
21221039,Upper East Side,190
2158405,Williamsburg,163
16726974,Chelsea,141
47608828,Marble Hill,22
19599486,Lower East Side,105
11493931,Flatlands,231
55014619,Greenpoint,167
43594712,Bedford-Stuyvesant,216
18294401,Upper West Side,159
27066582,East Harlem,44
2353919,Ditmars Steinway,19
52073622,Upper East Side,208
10912360,Flatbush,139
47995991,Bedford-Stuyvesant,81
6095199,Astoria,212
3261900,Fort Greene,203
18214870,Chelsea,98
46910169,Washington Heights,206
4871302,Upper West Side,188
6327165,NoHo,39
15712399,East New York,67
5706932,Lower East Side,144
17947557,East Village,48
25099842,Hell's Kitchen,93
14532134,Williamsburg,101
3135976,Greenwich Village,59
16179645,Upper East Side,139
50253241,Brooklyn Heights,214
23456749,Williamsburg,72
50315098,Sheepshead Bay,208
50086999,Ridgewood,53
50902746,East New York,191
9411760,Upper East Side,16
45621101,West Village,28
6026714,Upper East Side,57
18969864,Canarsie,123
56669310,Crown Heights,220
21540268,Astoria,70
12043470,Downtown Brooklyn,126
55754701,Jackson Heights,237
55493463,Sunnyside,231
14455916,Williamsburg,55
43238479,Bedford-Stuyvesant,93
16898187,Bedford-Stuyvesant,232
20812337,Woodside,219
10788644,Upper East Side,163
24162589,Murray Hill,231
7031900,Bedford-Stuyvesant,151
25023625,Williamsburg,13
18834551,Harlem,92
47410553,Williamsburg,170
8501570,Financial District,215
18899722,Boerum Hill,82
7145121,Hell's Kitchen,73
15437906,Dyker Heights,231
1912079,East Village,65
6233274,Bushwick,224
53265485,Bushwick,145
11211154,West Village,198
16350305,Flatbush,76
43432336,Harlem,78
26322082,Prospect Heights,171
22161606,Midtown,183
10551708,Greenpoint,187
19262031,Greenwich Village,172
18013833,East Flatbush,92
10249047,Clinton Hill,193
21260252,Gramercy,138
7695764,West Village,27
6640319,Greenpoint,11
2100413,Kensington,77
2683090,East Village,79
2588094,West Village,201
43256704,Greenpoint,96
20860387,Bushwick,48
24150438,Murray Hill,145
42898262,Bushwick,137
55401781,Bedford-Stuyvesant,35
8651796,Flatbush,161
56292641,Williamsburg,79
51973103,East Harlem,189
18262368,East Harlem,159
9702823,Williamsburg,24
43295365,Murray Hill,92
46201016,Bedford-Stuyvesant,15
11811504,Carroll Gardens,194
4436642,East Harlem,73
43009826,Williamsburg,180
26625295,Bushwick,180
8478373,Washington Heights,140
43959782,Midtown,199
20240707,Williamsburg,193
14067649,Upper East Side,83
54326453,Upper West Side,53
1946874,West Village,157
5430782,Kips Bay,29
7741605,Williamsburg,54
15454475,Upper East Side,171
24363626,Williamsburg,105
43050144,Greenwich Village,155
9977316,Hell's Kitchen,170
51939965,Howard Beach,41
19607218,East Harlem,130
54763323,Ridgewood,85
21944000,Far Rockaway,74
6591717,Harlem,168
48508525,West Village,127
7763697,Two Bridges,81
4642650,Prospect Heights,165
20905123,Clinton Hill,19
1658573,Bushwick,228
51325255,Bushwick,205
43699097,Bushwick,171
10360060,SoHo,16
20624555,Bensonhurst,57
53269351,Hell's Kitchen,30
45665285,Bushwick,172
25253381,East Flatbush,121
11514919,Crown Heights,201
49320406,Greenwich Village,213
12060591,Williamsburg,79
25594703,Crown Heights,150
19380223,Rego Park,144
18099992,Harlem,148
55426083,Bedford-Stuyvesant,75
23879811,Financial District,217
4758633,Boerum Hill,148
9519459,Chinatown,53
13045342,Bedford-Stuyvesant,216
16190138,Bushwick,189
11634216,Flatbush,205
1672381,Ridgewood,15
7757622,Upper East Side,199
20572087,Mott Haven,126
1679008,East Village,143
24867324,Hell's Kitchen,188
25035775,Hell's Kitchen,182
48240660,Williamsburg,165
47605515,Midtown,198
51940517,Upper East Side,217
22859713,Hell's Kitchen,28
55642584,Bedford-Stuyvesant,12
54138119,Rego Park,144
55756910,East Flatbush,206
8687695,Greenpoint,187
9349351,Bedford-Stuyvesant,77
8858356,East Village,235
5933375,Washington Heights,105
48063371,Fort Greene,143
2181601,Fort Greene,33
18204376,Bedford-Stuyvesant,118
17406855,Inwood,217
2665416,Chelsea,25
23120951,East Elmhurst,211
24824244,Williamsburg,91
3647405,Washington Heights,41
21498846,Bedford-Stuyvesant,26
57277945,Inwood,180
24183024,Astoria,178
16249234,Flatbush,186
51147967,Bushwick,84
49855033,Upper West Side,207
55875655,Clinton Hill,208
11779471,Williamsburg,75
5021528,Bay Ridge,161
23205453,East Village,216
6687817,Williamsburg,123
1295712,Upper West Side,36
7753204,SoHo,62
7113640,Hell's Kitchen,53
55152694,Williamsburg,33
14133373,Astoria,41
48145112,Hell's Kitchen,64
4066601,Flatbush,187
46548412,Bronxdale,211
46828981,Bedford-Stuyvesant,147
55590668,Williamsburg,230
53680815,Greenpoint,190
52022258,East Village,233
14921505,Williamsbridge,48
1704414,Brooklyn Heights,131
18630752,Bushwick,99
10123675,Bedford-Stuyvesant,45
5251837,Ridgewood,191
3947304,Upper East Side,72
11457480,Gowanus,193
3499941,Crown Heights,159
23165687,Battery Park City,118
4428910,Astoria,173
53864178,Bushwick,47
57248120,Upper West Side,168
17718905,Tribeca,190
53132381,Financial District,129
10635657,Clifton,138
14886710,Bedford-Stuyvesant,141
9580212,Flushing,23
44892617,East Harlem,154
9732647,Gramercy,26
7822793,East Harlem,53
20553308,Flushing,200
10331892,Upper West Side,144
54244161,Jackson Heights,227
8163562,East Village,109
11993763,West Village,137
5504238,Crown Heights,91
53191477,Washington Heights,43
17897298,Midtown,31
49053093,Midtown,184
53236213,Randall Manor,96
52161437,Bedford-Stuyvesant,206
3608744,Middle Village,29
1678456,South Slope,169
50497357,Williamsburg,42
10318085,East Village,121
56898514,Bedford-Stuyvesant,120
50661943,Midtown,29
6654127,Williamsburg,12
15499211,Bedford-Stuyvesant,50
22807797,Flatlands,210
20943232,Upper West Side,167
9294673,Hell's Kitchen,200
22160501,Midtown,102
18136444,Bushwick,16
17131810,Williamsburg,81
9564748,Bedford-Stuyvesant,202
23621335,Upper East Side,24
3553514,Sunset Park,39
19265345,Harlem,78
56575419,Gramercy,212
9776831,Midtown,23
15220300,Murray Hill,200
56082215,East Harlem,216
51413623,Springfield Gardens,129
9219560,Upper East Side,122
7773086,Cobble Hill,13
23990271,Ridgewood,34
15698591,West Village,215
57161409,Clinton Hill,238
21148135,Hell's Kitchen,86
26884876,Jackson Heights,232
6017877,Bushwick,172
22814977,Fort Greene,115
19032826,Upper East Side,152
46124798,Upper West Side,115
4462048,Prospect Heights,86
56112592,Hell's Kitchen,232
8843996,East Harlem,210
55116242,Bushwick,219
20290966,Ditmars Steinway,54
56752707,Upper East Side,186
5772103,Upper East Side,172
15622926,Hell's Kitchen,232
17109166,Sunnyside,49
20856521,Rockaway Beach,30
24177501,East New York,161
46839475,East New York,38
47957330,Midtown,50
2167794,Bushwick,120
51198226,Elmhurst,85
8603746,Chinatown,205
51578209,Clinton Hill,231
49572255,Murray Hill,121
49673878,Bedford-Stuyvesant,11
14647012,Harlem,44
6510529,Richmond Hill,172
54810268,Williamsburg,32
13994746,Murray Hill,81
44059196,East Elmhurst,92
18260711,Bedford-Stuyvesant,227
18317598,Upper East Side,201
48643839,Washington Heights,178
17815005,Gramercy,133
22325087,Elmhurst,198
19895519,Concourse Village,114
2085501,East Harlem,236
52634206,West Village,223
23594824,Harlem,148
56663787,Hell's Kitchen,88
7026929,Upper West Side,51
52458022,Chelsea,216
23901903,Financial District,149
47529850,Prospect Heights,228
20289861,Bedford-Stuyvesant,127
53969668,Williamsburg,129
55728743,Borough Park,86
10895238,Sheepshead Bay,160
7064485,Morningside Heights,127
52357504,Kips Bay,183
7518476,East Village,120
5798062,East Village,208
22090912,Bushwick,121
26227639,Midtown,62
16075812,Upper West Side,53
10457264,Midwood,217
11512710,Bedford-Stuyvesant,30
19786164,Harlem,37
20673157,Crown Heights,159
10415842,Upper West Side,186
55824843,East Elmhurst,54
25335674,Financial District,100
6823683,Midtown,200
46857148,Bushwick,210
50717725,Financial District,174
1154875,East Village,170
4451002,Lower East Side,115
11059271,Prospect-Lefferts Gardens,147
18868793,Greenpoint,157
15888583,Williamsburg,89
48284844,Williamsburg,26
24113986,Midtown,167
22823261,Bay Ridge,238
17306889,Sunnyside,192
3070804,Kips Bay,104
44889303,Stapleton,70
24680094,Hell's Kitchen,41
10049667,Williamsburg,108
18456778,Bedford-Stuyvesant,76
18157983,Harlem,126
16789936,Elmhurst,159
56678699,Carroll Gardens,231
1956263,Lower East Side,113
47014001,Wakefield,207
3171323,Hell's Kitchen,19
45864665,Crown Heights,200
20888554,Ridgewood,126
24799391,Bedford-Stuyvesant,238
14333306,Hell's Kitchen,47
13919633,East Flatbush,191
3264661,Bushwick,120
1918706,SoHo,34
19843051,Upper West Side,237
18283355,Greenwich Village,162
52289571,Upper East Side,184
2117534,Bedford-Stuyvesant,57
9797266,Bushwick,146
27018532,Harlem,73
53213017,Lower East Side,149
45434423,East Elmhurst,107
56952640,Cypress Hills,16
45369252,Prospect Heights,194
46506438,Midtown,202
15774256,Upper East Side,194
5753878,Flatbush,164
46083928,Murray Hill,112
22921018,Washington Heights,221
50311232,South Slope,142
21294495,Lower East Side,54
2717884,Midtown,15
50101358,Manhattan Beach,29
54007776,Flatiron District,139
44462375,Williamsburg,26
50025141,Sunnyside,77
10867071,Bushwick,29
13001158,Ridgewood,24
17771926,Upper West Side,217
23330273,East Harlem,73
1072030,Washington Heights,147
26907520,Astoria,135
23683192,Park Slope,185
12005361,SoHo,83
11146535,Bedford-Stuyvesant,98
3468460,Greenpoint,140
5425811,Harlem,19
21682210,Williamsburg,134
19265897,Inwood,85
2557165,Upper West Side,26
23854958,Hell's Kitchen,146
16861735,Borough Park,119
1474105,Harlem,173
53016950,Bedford-Stuyvesant,89
6923097,Williamsburg,238
53851475,Harlem,73
43614043,Upper East Side,195
1755226,Clinton Hill,55
19001898,Williamsburg,81
6132755,Greenpoint,153
20823383,Williamsburg,192
51751078,Chelsea,193
2247325,Chelsea,223
9005820,Bedford-Stuyvesant,102
8122140,SoHo,46
21728603,East Flatbush,134
55928676,Corona,150
2172212,Brooklyn Heights,22
20699668,Harlem,82
50280856,Sunnyside,234
3279021,Two Bridges,206
25411891,Hell's Kitchen,225
53965801,Washington Heights,55
7352786,Borough Park,238
4773545,Inwood,222
11425446,Bedford-Stuyvesant,53
17139542,Astoria,187
54435809,Clinton Hill,96
6600553,Chelsea,215
45043395,Bushwick,132
46575475,Bedford-Stuyvesant,15
13418145,Bedford-Stuyvesant,228
25031909,Hell's Kitchen,113
47742485,Harlem,217
21058111,Bedford-Stuyvesant,176
13758361,East Village,214
47438168,Harlem,190
46867090,Unionport,207
19830900,Morris Park,163
4593495,Clinton Hill,18
53343912,Williamsburg,166
11372425,Bedford-Stuyvesant,174
7041841,Upper West Side,112
55243824,South Ozone Park,81
48170518,Financial District,111
19454784,Harlem,161
1946321,Flushing,80
46837818,Flatbush,166
1397887,East Village,203
5159603,Bedford-Stuyvesant,206
9965717,Midtown,105
9025150,Morningside Heights,44
26189530,Clinton Hill,216
56002132,Bushwick,69
22185907,Bushwick,34
18911320,Ridgewood,179
27090883,Throgs Neck,238
3269080,Lower East Side,19
22971830,Murray Hill,11
47125014,Park Slope,69
7048469,Upper East Side,57
5967065,Bushwick,121
8976548,Hell's Kitchen,178
13417040,Hell's Kitchen,25
5215937,Gowanus,119
53921617,Tribeca,28
52544181,Bushwick,90
4844792,Astoria,189
50177576,Midtown,147
17412378,Williamsburg,34
16524280,Gowanus,52
45873502,Murray Hill,94
25224662,Bedford-Stuyvesant,47
46383275,Bushwick,124
25541682,Bedford-Stuyvesant,109
26281764,Upper East Side,82
45536599,Williamsburg,170
53662036,Nolita,25
5630162,Williamsburg,86
20896839,Bushwick,107
1366406,Harlem,206
25969162,Upper East Side,84
2311392,East Village,101
23194959,Hell's Kitchen,39
52168065,East Flatbush,220
44401622,Bedford-Stuyvesant,68
54198320,Hell's Kitchen,48
9741484,Lower East Side,117
5718530,Bedford-Stuyvesant,98
42926429,Flushing,216
48072760,Flushing,171
14224503,Upper East Side,152
19794448,Jackson Heights,80
23461168,Harlem,154
7831078,Prospect Heights,108
50722144,Lower East Side,107
43082178,Murray Hill,55
10235792,Bedford-Stuyvesant,17
23003863,Williamsburg,174
53919408,Gowanus,30
27238348,Bedford-Stuyvesant,115
54589348,Harlem,38
53158339,Sheepshead Bay,28
20369945,Bedford-Stuyvesant,148
18664442,Jamaica,118
10332445,Bedford-Stuyvesant,161
18280594,Astoria,213
54044780,Morningside Heights,73
21815866,Bedford-Stuyvesant,152
47668477,Midtown,81
21604335,Williamsburg,117
14825957,Canarsie,81
21090144,East Village,211
13327015,Flushing,190
11418819,Canarsie,107
43099851,Washington Heights,216
4732675,Little Italy,25
53639392,Gramercy,79
11081363,Williamsburg,19
23289955,Bushwick,87
2492546,Bedford-Stuyvesant,187
55745312,Crown Heights,34
46849416,Bushwick,13
20753793,Bushwick,38
14676836,St. George,142
51702476,Bushwick,95
3343640,Chelsea,157
23688715,Williamsburg,198
14781221,Bedford-Stuyvesant,183
2186572,Harlem,46
21423181,Upper West Side,214
55693948,Bushwick,23
18668861,Sunnyside,151
7620099,Kingsbridge,16
56756021,Far Rockaway,119
51288251,East New York,185
43367164,East Village,128
49430866,Astoria,119
5421393,Williamsburg,35
5136958,Greenpoint,240
45635461,Elmhurst,148
15814574,Greenpoint,84
48811738,Clinton Hill,193
46036983,Jamaica,185
54420897,Hell's Kitchen,188
6625959,Long Island City,100
11096828,Upper East Side,233
4449897,Hell's Kitchen,202
1898824,Long Island City,49
43657122,Chelsea,180
19444842,Bedford-Stuyvesant,55
55522183,Bedford-Stuyvesant,37
51062913,Midtown,122
14618845,East Harlem,80
24871190,Bedford-Stuyvesant,94
6448671,Greenpoint,197
17561499,Crown Heights,121
7662074,Williamsburg,157
1510004,Hell's Kitchen,135
26001748,Bushwick,30
25095976,Inwood,139
48812290,Harlem,119
21534193,Bedford-Stuyvesant,12
3619238,Chelsea,19
2051258,Chelsea,194
9943625,West Village,224
18090603,Upper West Side,155
22231748,Greenpoint,229
47379624,Maspeth,156
19174768,Harlem,139
25191524,Bedford-Stuyvesant,156
45032901,Clinton Hill,66
8112751,Williamsburg,20
12573126,Upper West Side,39
2453333,SoHo,156
55556978,Queens Village,152
7115297,Upper West Side,181
52400031,Upper East Side,101
53145084,Sheepshead Bay,220
26343622,Williamsburg,141
14534343,East Flatbush,130
19153780,Midtown,154
47146001,Fort Greene,104
24556931,Upper East Side,53
19830348,Civic Center,53
10484879,Bedford-Stuyvesant,127
3538050,East Village,109
4220140,Financial District,64
21318796,Bay Ridge,236
15441772,Carroll Gardens,205
17258287,Tribeca,150
7851513,Upper East Side,138
19796657,South Slope,78
17347759,Chelsea,91
17003676,Gravesend,215
49923518,Sunset Park,145
46724596,Queens Village,30
53185402,Harlem,62
6637558,Bedford-Stuyvesant,231
18272862,Rego Park,160
7232385,Upper East Side,209
9446555,Midtown,221
24630939,Upper East Side,126
2616814,Prospect-Lefferts Gardens,22
1202373,Upper West Side,10
46659977,East Village,29
11099589,Throgs Neck,183
16713166,Clinton Hill,147
46213166,Queens Village,184
21913071,Bedford-Stuyvesant,164
6052672,Upper East Side,98
53794588,Briarwood,101
25028595,Dongan Hills,210
43441725,Murray Hill,70
15073940,Harlem,206
3441397,Bedford-Stuyvesant,203
56580942,Bedford-Stuyvesant,36
20019787,Flushing,109
17555424,East Village,14
45243328,Chelsea,60
16742991,Bedford-Stuyvesant,67
1392917,West Village,59
11812056,Bedford-Stuyvesant,34
20712371,Jamaica,107
16152582,Upper West Side,123
54529700,East Harlem,217
2507458,Long Island City,201
17981247,East Flatbush,63
13040371,Woodhaven,176
48021397,East Village,17
54356278,East New York,174
56817326,Bushwick,84
52001823,Greenpoint,154
45955242,Sheepshead Bay,138
10830619,Flatbush,138
50892252,Bushwick,75
21509340,Fort Greene,37
9036196,Greenpoint,117
55516108,Elmhurst,193
27106348,East Harlem,213
47093533,Belmont,144
52528165,Chelsea,111
15761001,Hell's Kitchen,60
45557034,Astoria,61
6147115,Prospect-Lefferts Gardens,230
13124873,Williamsburg,114
4874064,Fort Greene,169
12766983,Harlem,18
2025853,Park Slope,97
7754860,Williamsburg,203
20998462,Midtown,145
55739237,East Harlem,36
18941145,Williamsburg,134
54737365,East Village,136
17427290,Greenpoint,187
50946377,Williamsburg,66
10426336,Midtown,181
24979993,Financial District,61
54277851,Sunset Park,52
11695521,Sunnyside,48
46486555,Woodhaven,208
26855604,Hell's Kitchen,148
17297500,Queens Village,163
24381300,Bedford-Stuyvesant,172
26545211,Chelsea,150
45513402,Bedford-Stuyvesant,80
3719204,Bedford-Stuyvesant,199
43447248,Williamsburg,157
17476997,East Harlem,212
49344155,Hell's Kitchen,111
9222322,Nolita,187
55040025,Springfield Gardens,15
8605402,Bushwick,164
48614567,Jackson Heights,148
2081635,East Village,28
9304614,Fort Hamilton,121
9269819,Tribeca,118
8979310,Williamsburg,78
2684746,Crown Heights,18
5358983,Bedford-Stuyvesant,65
55917630,Bushwick,147
20539501,Gowanus,78
49958313,Bushwick,114
14475247,Washington Heights,83
23050257,Fort Greene,189
1732581,South Slope,164
57095133,Brooklyn Heights,96
14562510,Crown Heights,128
19818197,Bedford-Stuyvesant,137
11129413,Williamsburg,180
45240566,Bedford-Stuyvesant,158
2635592,Harlem,24
55984458,Rego Park,213
15103212,SoHo,93
52685018,Chinatown,11
48058401,Brownsville,174
15951545,Hell's Kitchen,51
1533753,Harlem,229
4106367,Bushwick,156
42833090,East Flatbush,102
25389247,Hell's Kitchen,188
49207185,Bedford-Stuyvesant,97
2812328,Williamsburg,52
56976389,Bedford-Stuyvesant,60
55167054,Prospect-Lefferts Gardens,90
9874588,Upper East Side,43
22817186,Midtown,183
25802368,Williamsburg,203
18938383,Williamsburg,166
49605393,Bushwick,73
3914719,Forest Hills,157
2608529,Upper West Side,60
5191084,Gowanus,143
26778834,Jackson Heights,147
3398318,East Flatbush,29
47150419,East New York,183
6395098,Hunts Point,192
7374878,Sheepshead Bay,205
52185739,East Village,136
10779808,East Flatbush,36
57171903,West Village,12
56555536,East Elmhurst,110
23490440,Upper West Side,44
10902418,Hell's Kitchen,232
22613387,Upper East Side,163
47912593,Bushwick,175
44261338,Bushwick,160
22340551,Upper West Side,137
15327446,College Point,143
2288195,Harlem,24
53315744,Williamsburg,162
48775838,Morningside Heights,205
27270381,Jamaica,166
45953033,Upper West Side,73
14631548,Williamsburg,59
3384511,Ridgewood,96
3861145,Midtown,209
51504753,Harlem,66
55770718,Bedford-Stuyvesant,99
15054057,East Harlem,222
9665818,Hell's Kitchen,100
21710377,Williamsburg,188
19404524,St. Albans,26
23398758,Upper East Side,239
16356381,Canarsie,177
18655606,Upper West Side,47
43897372,East Elmhurst,178
56472139,Arverne,72
6896034,Bushwick,114
51749974,Bay Ridge,188
21965539,Upper East Side,129
17574754,Woodhaven,43
56667653,Lower East Side,170
42927534,Bedford-Stuyvesant,219
9755291,Prospect Heights,217
22732684,Upper East Side,177
52720365,Concourse Village,158
2467693,Williamsburg,164
52449186,Harlem,67
2907323,Bedford-Stuyvesant,220
8956665,Washington Heights,236
21069709,Hell's Kitchen,224
10863757,Crown Heights,122
16994287,Greenpoint,116
52289019,Pelham Gardens,126
1460297,Upper West Side,125
6806561,Bedford-Stuyvesant,181
2516847,Crown Heights,70
9653668,Bedford-Stuyvesant,58
1938589,Williamsburg,112
21345307,East Village,152
20303669,Borough Park,77
7004837,Harlem,66
48830516,Bedford-Stuyvesant,141
42937475,Midtown,69
27152741,Bushwick,177
20612404,Ozone Park,193
25075541,Astoria,161
46995223,Astoria,98
23958238,Astoria,136
7217473,Williamsburg,15
11096275,Greenwich Village,192
24802152,East Village,16
47591155,Chelsea,134
6067584,Midtown,171
25781932,Flatbush,204
20979132,East Flatbush,216
3105599,Riverdale,24
27401276,Williamsburg,167
15980264,Bedford-Stuyvesant,162
17911657,Civic Center,187
18730718,Hell's Kitchen,54
55635957,Far Rockaway,211
18994165,Williamsburg,27
14899966,Arverne,183
14849706,Crown Heights,93
5790882,East Village,169
20656036,Elmhurst,57
48672558,Long Island City,237
25088244,Corona,19
3943438,Lower East Side,10
46968160,West Village,188
43759850,Bedford-Stuyvesant,205
25112545,East Flatbush,228
18679354,East Harlem,216
48850951,Chelsea,33
23537385,Long Island City,141
50784001,Great Kills,188
26589947,Jamaica,125
16948446,East Harlem,179
55459773,Hell's Kitchen,126
16895978,Flatiron District,186
51717388,Crown Heights,149
20768705,Williamsburg,70
47987154,Brooklyn Heights,23
48470969,Midtown,216
23270624,East Flatbush,114
6393993,Hunts Point,34
15790273,Prospect-Lefferts Gardens,157
46271158,Financial District,207
5334130,Bushwick,117
7036318,East Village,15
10099374,Williamsburg,221
47543657,Williamsburg,180
44959445,East Village,91
3618686,Midtown,164
20041326,Upper East Side,150
4029597,Greenwich Village,126
50827633,Bedford-Stuyvesant,16
5883668,Williamsburg,96
7142912,Bedford-Stuyvesant,154
3420962,Harlem,199
52812047,Midtown,179
54388863,Gowanus,125
22258258,West Village,29
24503358,Theater District,108
47572929,Financial District,184
7325723,Hell's Kitchen,126
55584593,Flatbush,67
9607827,Financial District,111
5852739,Williamsburg,157
49617544,Midtown,91
22822157,Astoria,197
21254177,Bay Terrace,69
3360762,Harlem,145
22659781,East New York,110
12352206,West Village,220
24348162,Greenpoint,164
17587457,Mount Hope,91
46951039,Highbridge,14
6739733,Harlem,201
57018364,Harlem,33
13995298,Battery Park City,196
6718746,Bedford-Stuyvesant,26
16886036,Bushwick,183
9392982,Longwood,200
5614698,Bedford-Stuyvesant,196
8424800,Williamsburg,59
24062623,Cypress Hills,76
1613284,Crown Heights,65
1653050,SoHo,81
27062164,Hell's Kitchen,48
45323963,Williamsburg,84
16031076,Hell's Kitchen,68
18624124,Ridgewood,120
49220992,Crown Heights,111
55842517,Borough Park,178
3789346,Upper East Side,239
9705032,Upper East Side,141
1816531,Hell's Kitchen,169
27135620,Upper East Side,27
53082121,Lower East Side,121
48581981,Gowanus,230
27101929,Lower East Side,196
1209001,Harlem,189
27173728,Jamaica,115
47775623,Prospect-Lefferts Gardens,239
51448970,Chelsea,15
51614660,East Village,163
3724175,Harlem,214
26205547,Sunset Park,82
1522707,Midtown,123
46471090,Sunnyside,95
12185963,Harlem,82
3377331,Fort Greene,235
3994802,East Harlem,37
51387665,Pelham Gardens,90
1077001,Flatlands,19
3463489,Upper East Side,38
21036019,Maspeth,55
18836760,Sunnyside,217
51376619,Chelsea,38
50568052,SoHo,83
53858103,Chinatown,80
42992153,Harlem,44
13549040,Crown Heights,44
48564307,Prospect Heights,224
7090444,Williamsburg,165
25439506,Midtown,102
2494203,Bushwick,152
1005202,Bedford-Stuyvesant,212
2814537,Williamsburg,130
54468947,Midtown,79
47669029,Fort Hamilton,213
55307338,Fort Greene,54
53661484,Ditmars Steinway,110
42999333,Harlem,156
19956824,Wakefield,240
13864403,Gravesend,158
47435959,Lower East Side,152
18268443,Financial District,23
55877312,Port Morris,171
3489448,Crown Heights,132
25611824,Jamaica,21
23886439,Financial District,33
18644560,Chelsea,95
18458434,Upper West Side,222
43409139,Wakefield,80
15378810,Highbridge,178
21733021,Chelsea,80
5336339,Prospect Heights,192
48094852,Bedford-Stuyvesant,130
13261291,Chelsea,146
3967187,Upper West Side,98
43592503,Harlem,107
16889902,Hell's Kitchen,77
1841384,Upper West Side,21
8047027,Upper East Side,173
46053552,Sunset Park,188
51532920,Crown Heights,75
2677567,Tribeca,144
46432429,Forest Hills,153
49837911,Theater District,58
8615896,Bedford-Stuyvesant,180
1632063,Clinton Hill,197
8758390,Gramercy,110
20864253,Harlem,50
22734893,Ditmars Steinway,44
44966073,Williamsburg,16
16335393,NoHo,161
47533163,Inwood,158
9572480,East Village,213
17104747,Bushwick,83
4211304,East Harlem,102
11801563,Midtown,38
57179635,Douglaston,118
43043517,East New York,81
56519084,Hell's Kitchen,65
18476108,Bushwick,106
27319536,Bushwick,194
4501813,Financial District,195
2866453,East Harlem,15
44588300,Gramercy,224
53573668,West Village,139
11048225,East Village,62
6331583,Crown Heights,142
50124003,Upper East Side,150
9671341,Sunnyside,34
8394424,Williamsburg,70
43454980,Bedford-Stuyvesant,102
43557708,Kew Gardens Hills,61
26821361,Williamsburg,122
8714758,Crown Heights,237
49637426,Williamsburg,86
56010416,East Flatbush,111
54064663,Bayswater,43
22253288,Upper East Side,168
8239228,Midtown,173
18668308,Upper East Side,81
13480555,Grant City,210
50596771,Bedford-Stuyvesant,103
50637642,Inwood,144
47417180,East Village,153
9208514,Hell's Kitchen,150
15962038,Bedford-Stuyvesant,174
47712109,Gramercy,222
17349416,Bedford-Stuyvesant,31
19870113,East Harlem,81
50169291,Woodside,220
3757865,Harlem,55
47603305,Gowanus,146
42940789,Harlem,51
25252829,Lower East Side,195
12943719,Washington Heights,212
20502497,Hell's Kitchen,33
22891747,Kips Bay,219
6920335,Brownsville,229
25482586,Bedford-Stuyvesant,167
20401978,Williamsburg,145
12056173,Greenpoint,224
50512822,Hell's Kitchen,115
8109989,East Village,193
55572442,Hell's Kitchen,36
15468282,Chinatown,90
11950684,Upper West Side,123
53631108,East Elmhurst,177
16846271,Theater District,170
45156616,Hell's Kitchen,233
24646956,Williamsburg,121
53670321,Harlem,62
10648912,Arverne,89
18924576,Hell's Kitchen,221
52377939,Lower East Side,95
22214074,Bedford-Stuyvesant,99
55494568,Theater District,219
8144784,Bedford-Stuyvesant,98
25051792,Murray Hill,131
20765944,Bedford-Stuyvesant,62
3083507,Sunset Park,57
13815248,Crown Heights,187
4545445,Clinton Hill,35
25372126,East Harlem,120
1204582,Rockaway Beach,88
21149240,Chinatown,227
52648566,Woodlawn,75
43847665,Bedford-Stuyvesant,68
17583039,Clinton Hill,118
24411676,Theater District,124
9427777,East Flatbush,31
13287250,Canarsie,102
49020507,Chinatown,56
50015752,Nolita,205
19637043,West Village,132
4944758,Harlem,130
19159855,Forest Hills,28
24807123,Lower East Side,82
16962806,Upper East Side,53
13136472,Williamsburg,11
7241221,Bedford-Stuyvesant,45
26131538,East Village,87
4040643,Harlem,130
53580848,Borough Park,44
10299859,Tompkinsville,14
12753175,Chinatown,92
48667035,Upper West Side,20
27546531,Williamsburg,210
6148220,Upper West Side,168
44446359,Bushwick,145
4549311,Bushwick,219
7609606,Chinatown,111
48922198,Harlem,201
5932270,Williamsburg,137
10919539,East Village,43
8070224,Harlem,214
27780706,Forest Hills,40
18487154,Canarsie,110
8494390,Chelsea,45
13160221,Bedford-Stuyvesant,104
3707606,Brooklyn Heights,223
56987987,Bedford-Stuyvesant,26
24181367,Bushwick,39
10918987,Nolita,178
18605899,Flushing,119
49462347,Crown Heights,160
52070308,Williamsburg,86
20987416,Crown Heights,34
7519581,East Village,82
25030252,East Flatbush,191
48994549,Midtown,184
21351382,Harlem,218
2637249,West Village,209
16936848,East Village,53
11632559,St. Albans,83
45899460,Elmhurst,218
6117291,Bushwick,193
24765148,Hell's Kitchen,20
3029934,Upper West Side,222
45379193,Forest Hills,95
49369009,Midtown,205
2626755,Park Slope,183
57334279,Sunnyside,214
55866818,SoHo,83
1581251,Harlem,18
47222771,Upper West Side,158
50407885,East Flatbush,44
26161363,East Flatbush,193
16718137,East Village,100
15390408,Crown Heights,183
16838539,Kew Gardens,26
42967299,Bushwick,114
24183576,East New York,119
56928339,Lower East Side,134
53689099,Williamsburg,106
15947679,Upper East Side,206
21903682,Greenpoint,124
18832894,Little Italy,110
48596341,Crown Heights,139
12595218,Bedford-Stuyvesant,229
55104644,Midtown,125
9703375,Williamsburg,196
11076945,Ridgewood,173
52099027,Longwood,90
55608894,Flushing,28
3840710,Prospect Heights,190
49616991,Nolita,213
42915383,Morningside Heights,98
19687302,Chelsea,212
21938477,Fort Greene,101
1850221,Park Slope,233
2242906,Lower East Side,80
8517034,Williamsburg,134
48094300,Midtown,193
5367268,Astoria,157
43057324,Long Island City,40
21853975,East Flatbush,224
4081513,Greenpoint,142
19110148,East Flatbush,29
12634983,Hell's Kitchen,170
7681957,Upper West Side,206
